GEOID,NAMELSAD,COUNTYFP,county_name,current_total_evse,predicted_target_evse_count,baseline_target_evse_count,planning_gap_evse_non_benchmark_only,baseline_gap_evse,target_difference_final_minus_baseline,gap_difference_final_minus_baseline
06001442700,Census Tract 4427,1,Alameda,0.0,64.0,11.0,64.0,11.0,53.0,53.0
06001442800,Census Tract 4428,1,Alameda,7.0,68.0,11.0,61.0,4.0,57.0,57.0
06037204920,Census Tract 2049.20,37,Los Angeles,0.0,45.0,13.0,45.0,13.0,32.0,32.0
06037205110,Census Tract 2051.10,37,Los Angeles,0.0,57.0,24.0,57.0,24.0,33.0,33.0
06037205120,Census Tract 2051.20,37,Los Angeles,0.0,54.0,11.0,54.0,11.0,43.0,43.0
06037206010,Census Tract 2060.10,37,Los Angeles,16.0,66.0,11.0,50.0,0.0,55.0,50.0
06037206020,Census Tract 2060.20,37,Los Angeles,58.0,176.0,14.0,118.0,0.0,162.0,118.0
06037206050,Census Tract 2060.50,37,Los Angeles,2.0,46.0,10.0,44.0,8.0,36.0,36.0
06037111402,Census Tract 1114.02,37,Los Angeles,4.0,148.0,13.0,144.0,9.0,135.0,135.0
06037111303,Census Tract 1113.03,37,Los Angeles,0.0,99.0,10.0,99.0,10.0,89.0,89.0
06037104321,Census Tract 1043.21,37,Los Angeles,0.0,59.0,18.0,59.0,18.0,41.0,41.0
06037104322,Census Tract 1043.22,37,Los Angeles,1.0,46.0,15.0,45.0,14.0,31.0,31.0
06037108203,Census Tract 1082.03,37,Los Angeles,0.0,73.0,11.0,73.0,11.0,62.0,62.0
06037320101,Census Tract 3201.01,37,Los Angeles,0.0,68.0,16.0,68.0,16.0,52.0,52.0
06037920121,Census Tract 9201.21,37,Los Angeles,38.0,601.0,4.0,563.0,0.0,597.0,563.0
06037231901,Census Tract 2319.01,37,Los Angeles,0.0,48.0,26.0,48.0,26.0,22.0,22.0
06037232402,Census Tract 2324.02,37,Los Angeles,0.0,56.0,17.0,56.0,17.0,39.0,39.0
06037135204,Census Tract 1352.04,37,Los Angeles,0.0,117.0,9.0,117.0,9.0,108.0,108.0
06037460101,Census Tract 4601.01,37,Los Angeles,0.0,115.0,5.0,115.0,5.0,110.0,110.0
06037132302,Census Tract 1323.02,37,Los Angeles,0.0,60.0,16.0,60.0,16.0,44.0,44.0
06037135115,Census Tract 1351.15,37,Los Angeles,18.0,87.0,22.0,69.0,4.0,65.0,65.0
06037132301,Census Tract 1323.01,37,Los Angeles,0.0,72.0,16.0,72.0,16.0,56.0,56.0
06037134907,Census Tract 1349.07,37,Los Angeles,5.0,74.0,21.0,69.0,16.0,53.0,53.0
06037119003,Census Tract 1190.03,37,Los Angeles,0.0,69.0,14.0,69.0,14.0,55.0,55.0
06037111401,Census Tract 1114.01,37,Los Angeles,0.0,52.0,14.0,52.0,14.0,38.0,38.0
06037103401,Census Tract 1034.01,37,Los Angeles,0.0,58.0,11.0,58.0,11.0,47.0,47.0
06001442900,Census Tract 4429,1,Alameda,0.0,245.0,9.0,245.0,9.0,236.0,236.0
06037192410,Census Tract 1924.10,37,Los Angeles,0.0,65.0,16.0,65.0,16.0,49.0,49.0
06037192510,Census Tract 1925.10,37,Los Angeles,0.0,61.0,22.0,61.0,22.0,39.0,39.0
06037192520,Census Tract 1925.20,37,Los Angeles,0.0,71.0,23.0,71.0,23.0,48.0,48.0
06037192610,Census Tract 1926.10,37,Los Angeles,0.0,62.0,20.0,62.0,20.0,42.0,42.0
06037192700,Census Tract 1927,37,Los Angeles,0.0,51.0,18.0,51.0,18.0,33.0,33.0
06037194500,Census Tract 1945,37,Los Angeles,10.0,48.0,16.0,38.0,6.0,32.0,32.0
06037195100,Census Tract 1951,37,Los Angeles,2.0,96.0,9.0,94.0,7.0,87.0,87.0
06037195300,Census Tract 1953,37,Los Angeles,3.0,52.0,17.0,49.0,14.0,35.0,35.0
06095252204,Census Tract 2522.04,95,Solano,5.0,178.0,3.0,173.0,0.0,175.0,173.0
06095252203,Census Tract 2522.03,95,Solano,35.0,109.0,4.0,74.0,0.0,105.0,74.0
06095253501,Census Tract 2535.01,95,Solano,0.0,302.0,1.0,302.0,1.0,301.0,301.0
06095252205,Census Tract 2522.05,95,Solano,0.0,371.0,4.0,371.0,4.0,367.0,367.0
06095252206,Census Tract 2522.06,95,Solano,0.0,149.0,6.0,149.0,6.0,143.0,143.0
06095253207,Census Tract 2532.07,95,Solano,0.0,63.0,12.0,63.0,12.0,51.0,51.0
06095253502,Census Tract 2535.02,95,Solano,4.0,170.0,2.0,166.0,0.0,168.0,166.0
06095253208,Census Tract 2532.08,95,Solano,0.0,111.0,20.0,111.0,20.0,91.0,91.0
06001443001,Census Tract 4430.01,1,Alameda,0.0,64.0,14.0,64.0,14.0,50.0,50.0
06001443002,Census Tract 4430.02,1,Alameda,0.0,173.0,10.0,173.0,10.0,163.0,163.0
06001443102,Census Tract 4431.02,1,Alameda,10.0,116.0,8.0,106.0,0.0,108.0,106.0
06001443301,Census Tract 4433.01,1,Alameda,0.0,99.0,10.0,99.0,10.0,89.0,89.0
06037137501,Census Tract 1375.01,37,Los Angeles,1.0,122.0,8.0,121.0,7.0,114.0,114.0
06037137502,Census Tract 1375.02,37,Los Angeles,0.0,101.0,9.0,101.0,9.0,92.0,92.0
06001444100,Census Tract 4441,1,Alameda,0.0,193.0,7.0,193.0,7.0,186.0,186.0
06001444200,Census Tract 4442,1,Alameda,13.0,161.0,9.0,148.0,0.0,152.0,148.0
06037195500,Census Tract 1955,37,Los Angeles,4.0,82.0,12.0,78.0,8.0,70.0,70.0
06037195600,Census Tract 1956,37,Los Angeles,1.0,51.0,18.0,50.0,17.0,33.0,33.0
06037195710,Census Tract 1957.10,37,Los Angeles,0.0,62.0,18.0,62.0,18.0,44.0,44.0
06037195720,Census Tract 1957.20,37,Los Angeles,0.0,41.0,24.0,41.0,24.0,17.0,17.0
06001444400,Census Tract 4444,1,Alameda,12.0,110.0,12.0,98.0,0.0,98.0,98.0
06037195802,Census Tract 1958.02,37,Los Angeles,6.0,51.0,20.0,45.0,14.0,31.0,31.0
06001444500,Census Tract 4445,1,Alameda,9.0,182.0,9.0,173.0,0.0,173.0,173.0
06001450200,Census Tract 4502,1,Alameda,0.0,164.0,10.0,164.0,10.0,154.0,154.0
06001450300,Census Tract 4503,1,Alameda,45.0,126.0,7.0,81.0,0.0,119.0,81.0
06105000500,Census Tract 5,105,Trinity,0.0,77.0,15.0,77.0,15.0,62.0,62.0
06037137504,Census Tract 1375.04,37,Los Angeles,0.0,49.0,7.0,49.0,7.0,42.0,42.0
06037138000,Census Tract 1380,37,Los Angeles,0.0,99.0,6.0,99.0,6.0,93.0,93.0
06037139200,Census Tract 1392,37,Los Angeles,2.0,108.0,12.0,106.0,10.0,96.0,96.0
06087120901,Census Tract 1209.01,87,Santa Cruz,18.0,92.0,5.0,74.0,0.0,87.0,74.0
06087120902,Census Tract 1209.02,87,Santa Cruz,0.0,131.0,9.0,131.0,9.0,122.0,122.0
06087121601,Census Tract 1216.01,87,Santa Cruz,0.0,50.0,15.0,50.0,15.0,35.0,35.0
06087122401,Census Tract 1224.01,87,Santa Cruz,0.0,57.0,3.0,57.0,3.0,54.0,54.0
06087121602,Census Tract 1216.02,87,Santa Cruz,0.0,47.0,18.0,47.0,18.0,29.0,29.0
06087110503,Census Tract 1105.03,87,Santa Cruz,0.0,77.0,24.0,77.0,24.0,53.0,53.0
06087110506,Census Tract 1105.06,87,Santa Cruz,3.0,72.0,26.0,69.0,23.0,46.0,46.0
06087110202,Census Tract 1102.02,87,Santa Cruz,4.0,87.0,15.0,83.0,11.0,72.0,72.0
06087110505,Census Tract 1105.05,87,Santa Cruz,6.0,114.0,23.0,108.0,17.0,91.0,91.0
06087110201,Census Tract 1102.01,87,Santa Cruz,0.0,70.0,30.0,70.0,30.0,40.0,40.0
06087110302,Census Tract 1103.02,87,Santa Cruz,6.0,71.0,35.0,65.0,29.0,36.0,36.0
06087110301,Census Tract 1103.01,87,Santa Cruz,17.0,89.0,27.0,72.0,10.0,62.0,62.0
06087110401,Census Tract 1104.01,87,Santa Cruz,0.0,74.0,12.0,74.0,12.0,62.0,62.0
06087121701,Census Tract 1217.01,87,Santa Cruz,4.0,103.0,21.0,99.0,17.0,82.0,82.0
06087121702,Census Tract 1217.02,87,Santa Cruz,26.0,79.0,19.0,53.0,0.0,60.0,53.0
06087110102,Census Tract 1101.02,87,Santa Cruz,0.0,95.0,22.0,95.0,22.0,73.0,73.0
06087110601,Census Tract 1106.01,87,Santa Cruz,0.0,152.0,18.0,152.0,18.0,134.0,134.0
06087122205,Census Tract 1222.05,87,Santa Cruz,4.0,51.0,11.0,47.0,7.0,40.0,40.0
06087100801,Census Tract 1008.01,87,Santa Cruz,21.0,89.0,22.0,68.0,1.0,67.0,67.0
06087101002,Census Tract 1010.02,87,Santa Cruz,16.0,60.0,16.0,44.0,0.0,44.0,44.0
06087121802,Census Tract 1218.02,87,Santa Cruz,1.0,57.0,23.0,56.0,22.0,34.0,34.0
06067002300,Census Tract 23,67,Sacramento,6.0,66.0,25.0,60.0,19.0,41.0,41.0
06067002400,Census Tract 24,67,Sacramento,0.0,95.0,15.0,95.0,15.0,80.0,80.0
06037143200,Census Tract 1432,37,Los Angeles,0.0,77.0,13.0,77.0,13.0,64.0,64.0
06037201301,Census Tract 2013.01,37,Los Angeles,0.0,59.0,14.0,59.0,14.0,45.0,45.0
06037201302,Census Tract 2013.02,37,Los Angeles,0.0,71.0,13.0,71.0,13.0,58.0,58.0
06037201401,Census Tract 2014.01,37,Los Angeles,0.0,71.0,11.0,71.0,11.0,60.0,60.0
06037236001,Census Tract 2360.01,37,Los Angeles,0.0,70.0,9.0,70.0,9.0,61.0,61.0
06037236102,Census Tract 2361.02,37,Los Angeles,0.0,58.0,18.0,58.0,18.0,40.0,40.0
06037409100,Census Tract 4091,37,Los Angeles,0.0,132.0,10.0,132.0,10.0,122.0,122.0
06037234301,Census Tract 2343.01,37,Los Angeles,4.0,43.0,18.0,39.0,14.0,25.0,25.0
06037231601,Census Tract 2316.01,37,Los Angeles,1.0,47.0,23.0,46.0,22.0,24.0,24.0
06037231603,Census Tract 2316.03,37,Los Angeles,0.0,51.0,23.0,51.0,23.0,28.0,28.0
06037234001,Census Tract 2340.01,37,Los Angeles,0.0,48.0,16.0,48.0,16.0,32.0,32.0
06037236205,Census Tract 2362.05,37,Los Angeles,0.0,52.0,31.0,52.0,31.0,21.0,21.0
06037231301,Census Tract 2313.01,37,Los Angeles,0.0,53.0,27.0,53.0,27.0,26.0,26.0
06037231302,Census Tract 2313.02,37,Los Angeles,7.0,54.0,20.0,47.0,13.0,34.0,34.0
06037532607,Census Tract 5326.07,37,Los Angeles,0.0,82.0,12.0,82.0,12.0,70.0,70.0
06037275604,Census Tract 2756.04,37,Los Angeles,47.0,229.0,10.0,182.0,0.0,219.0,182.0
06037530007,Census Tract 5300.07,37,Los Angeles,4.0,141.0,6.0,137.0,2.0,135.0,135.0
06037271804,Census Tract 2718.04,37,Los Angeles,0.0,50.0,22.0,50.0,22.0,28.0,28.0
06037551002,Census Tract 5510.02,37,Los Angeles,0.0,85.0,13.0,85.0,13.0,72.0,72.0
06037502700,Census Tract 5027,37,Los Angeles,4.0,224.0,5.0,220.0,1.0,219.0,219.0
06037502901,Census Tract 5029.01,37,Los Angeles,0.0,117.0,12.0,117.0,12.0,105.0,105.0
06037550801,Census Tract 5508.01,37,Los Angeles,2.0,103.0,10.0,101.0,8.0,93.0,93.0
06037502604,Census Tract 5026.04,37,Los Angeles,0.0,73.0,13.0,73.0,13.0,60.0,60.0
06037276608,Census Tract 2766.08,37,Los Angeles,0.0,61.0,21.0,61.0,21.0,40.0,40.0
06037550502,Census Tract 5505.02,37,Los Angeles,12.0,89.0,10.0,77.0,0.0,79.0,77.0
06037276102,Census Tract 2761.02,37,Los Angeles,5.0,228.0,16.0,223.0,11.0,212.0,212.0
06037408707,Census Tract 4087.07,37,Los Angeles,4.0,203.0,6.0,199.0,2.0,197.0,197.0
06037275312,Census Tract 2753.12,37,Los Angeles,0.0,48.0,14.0,48.0,14.0,34.0,34.0
06037275605,Census Tract 2756.05,37,Los Angeles,32.0,56.0,13.0,24.0,0.0,43.0,24.0
06037533108,Census Tract 5331.08,37,Los Angeles,0.0,80.0,16.0,80.0,16.0,64.0,64.0
06037276101,Census Tract 2761.01,37,Los Angeles,1.0,479.0,22.0,478.0,21.0,457.0,457.0
06047002403,Census Tract 24.03,47,Merced,0.0,66.0,9.0,66.0,9.0,57.0,57.0
06047002404,Census Tract 24.04,47,Merced,0.0,120.0,19.0,120.0,19.0,101.0,101.0
06047000404,Census Tract 4.04,47,Merced,0.0,108.0,5.0,108.0,5.0,103.0,103.0
06047001007,Census Tract 10.07,47,Merced,4.0,107.0,16.0,103.0,12.0,91.0,91.0
06047002305,Census Tract 23.05,47,Merced,0.0,130.0,30.0,130.0,30.0,100.0,100.0
06047002203,Census Tract 22.03,47,Merced,0.0,113.0,15.0,113.0,15.0,98.0,98.0
06047002303,Census Tract 23.03,47,Merced,6.0,180.0,17.0,174.0,11.0,163.0,163.0
06047002002,Census Tract 20.02,47,Merced,0.0,340.0,3.0,340.0,3.0,337.0,337.0
06047002306,Census Tract 23.06,47,Merced,0.0,63.0,40.0,63.0,40.0,23.0,23.0
06047002601,Census Tract 26.01,47,Merced,0.0,59.0,8.0,59.0,8.0,51.0,51.0
06047000305,Census Tract 3.05,47,Merced,0.0,146.0,20.0,146.0,20.0,126.0,126.0
06047002304,Census Tract 23.04,47,Merced,0.0,61.0,8.0,61.0,8.0,53.0,53.0
06047002001,Census Tract 20.01,47,Merced,0.0,41.0,2.0,41.0,2.0,39.0,39.0
06047000904,Census Tract 9.04,47,Merced,0.0,99.0,14.0,99.0,14.0,85.0,85.0
06047000903,Census Tract 9.03,47,Merced,0.0,76.0,12.0,76.0,12.0,64.0,64.0
06047001008,Census Tract 10.08,47,Merced,0.0,188.0,15.0,188.0,15.0,173.0,173.0
06047001604,Census Tract 16.04,47,Merced,0.0,79.0,18.0,79.0,18.0,61.0,61.0
06047000204,Census Tract 2.04,47,Merced,10.0,110.0,26.0,100.0,16.0,84.0,84.0
06047002602,Census Tract 26.02,47,Merced,0.0,77.0,9.0,77.0,9.0,68.0,68.0
06047002204,Census Tract 22.04,47,Merced,0.0,177.0,20.0,177.0,20.0,157.0,157.0
06047000403,Census Tract 4.03,47,Merced,0.0,91.0,7.0,91.0,7.0,84.0,84.0
06047001006,Census Tract 10.06,47,Merced,0.0,88.0,31.0,88.0,31.0,57.0,57.0
06047000205,Census Tract 2.05,47,Merced,0.0,107.0,29.0,107.0,29.0,78.0,78.0
06037139301,Census Tract 1393.01,37,Los Angeles,1.0,83.0,8.0,82.0,7.0,75.0,75.0
06037139302,Census Tract 1393.02,37,Los Angeles,0.0,117.0,22.0,117.0,22.0,95.0,95.0
06037139502,Census Tract 1395.02,37,Los Angeles,9.0,66.0,13.0,57.0,4.0,53.0,53.0
06037139600,Census Tract 1396,37,Los Angeles,3.0,90.0,8.0,87.0,5.0,82.0,82.0
06037139701,Census Tract 1397.01,37,Los Angeles,22.0,144.0,7.0,122.0,0.0,137.0,122.0
06037139801,Census Tract 1398.01,37,Los Angeles,0.0,75.0,7.0,75.0,7.0,68.0,68.0
06013324002,Census Tract 3240.02,13,Contra Costa,10.0,116.0,15.0,106.0,5.0,101.0,101.0
06013320004,Census Tract 3200.04,13,Contra Costa,2.0,155.0,9.0,153.0,7.0,146.0,146.0
06013336201,Census Tract 3362.01,13,Contra Costa,0.0,74.0,19.0,74.0,19.0,55.0,55.0
06013338203,Census Tract 3382.03,13,Contra Costa,20.0,129.0,17.0,109.0,0.0,112.0,109.0
06013338204,Census Tract 3382.04,13,Contra Costa,0.0,143.0,13.0,143.0,13.0,130.0,130.0
06013345204,Census Tract 3452.04,13,Contra Costa,0.0,83.0,6.0,83.0,6.0,77.0,77.0
06013345203,Census Tract 3452.03,13,Contra Costa,9.0,245.0,4.0,236.0,0.0,241.0,236.0
06013345112,Census Tract 3451.12,13,Contra Costa,0.0,252.0,7.0,252.0,7.0,245.0,245.0
06013345113,Census Tract 3451.13,13,Contra Costa,0.0,131.0,9.0,131.0,9.0,122.0,122.0
06037143500,Census Tract 1435,37,Los Angeles,3.0,116.0,12.0,113.0,9.0,104.0,104.0
06037181000,Census Tract 1810,37,Los Angeles,0.0,109.0,6.0,109.0,6.0,103.0,103.0
06037181500,Census Tract 1815,37,Los Angeles,0.0,69.0,12.0,69.0,12.0,57.0,57.0
06037181600,Census Tract 1816,37,Los Angeles,10.0,76.0,11.0,66.0,1.0,65.0,65.0
06037183101,Census Tract 1831.01,37,Los Angeles,0.0,59.0,13.0,59.0,13.0,46.0,46.0
06001441402,Census Tract 4414.02,1,Alameda,0.0,108.0,10.0,108.0,10.0,98.0,98.0
06001441501,Census Tract 4415.01,1,Alameda,0.0,120.0,7.0,120.0,7.0,113.0,113.0
06001441521,Census Tract 4415.21,1,Alameda,0.0,130.0,10.0,130.0,10.0,120.0,120.0
06001441522,Census Tract 4415.22,1,Alameda,0.0,106.0,11.0,106.0,11.0,95.0,95.0
06001441601,Census Tract 4416.01,1,Alameda,0.0,96.0,11.0,96.0,11.0,85.0,85.0
06037406103,Census Tract 4061.03,37,Los Angeles,2.0,244.0,9.0,242.0,7.0,235.0,235.0
06037920339,Census Tract 9203.39,37,Los Angeles,23.0,519.0,2.0,496.0,0.0,517.0,496.0
06037482521,Census Tract 4825.21,37,Los Angeles,0.0,126.0,10.0,126.0,10.0,116.0,116.0
06067001102,Census Tract 11.02,67,Sacramento,9.0,51.0,43.0,42.0,34.0,8.0,8.0
06067001201,Census Tract 12.01,67,Sacramento,0.0,63.0,43.0,63.0,43.0,20.0,20.0
06067006902,Census Tract 69.02,67,Sacramento,2.0,55.0,22.0,53.0,20.0,33.0,33.0
06067006802,Census Tract 68.02,67,Sacramento,0.0,43.0,35.0,43.0,35.0,8.0,8.0
06001441602,Census Tract 4416.02,1,Alameda,0.0,179.0,10.0,179.0,10.0,169.0,169.0
06037183220,Census Tract 1832.20,37,Los Angeles,0.0,56.0,18.0,56.0,18.0,38.0,38.0
06037183300,Census Tract 1833,37,Los Angeles,0.0,54.0,17.0,54.0,17.0,37.0,37.0
06037183510,Census Tract 1835.10,37,Los Angeles,0.0,49.0,18.0,49.0,18.0,31.0,31.0
06037183520,Census Tract 1835.20,37,Los Angeles,2.0,65.0,20.0,63.0,18.0,45.0,45.0
06037183610,Census Tract 1836.10,37,Los Angeles,2.0,53.0,21.0,51.0,19.0,32.0,32.0
06037192300,Census Tract 1923,37,Los Angeles,5.0,48.0,14.0,43.0,9.0,34.0,34.0
06001441800,Census Tract 4418,1,Alameda,0.0,152.0,9.0,152.0,9.0,143.0,143.0
06001441921,Census Tract 4419.21,1,Alameda,0.0,84.0,14.0,84.0,14.0,70.0,70.0
06037195400,Census Tract 1954,37,Los Angeles,1.0,67.0,13.0,66.0,12.0,54.0,54.0
06113010104,Census Tract 101.04,113,Yolo,0.0,281.0,14.0,281.0,14.0,267.0,267.0
06113010610,Census Tract 106.10,113,Yolo,2.0,92.0,17.0,90.0,15.0,75.0,75.0
06113011208,Census Tract 112.08,113,Yolo,24.0,165.0,2.0,141.0,0.0,163.0,141.0
06113011301,Census Tract 113.01,113,Yolo,0.0,56.0,1.0,56.0,1.0,55.0,55.0
06113010313,Census Tract 103.13,113,Yolo,2.0,105.0,12.0,103.0,10.0,93.0,93.0
06113010103,Census Tract 101.03,113,Yolo,4.0,210.0,14.0,206.0,10.0,196.0,196.0
06113010105,Census Tract 101.05,113,Yolo,2.0,57.0,20.0,55.0,18.0,37.0,37.0
06113010315,Census Tract 103.15,113,Yolo,0.0,41.0,11.0,41.0,11.0,30.0,30.0
06001441923,Census Tract 4419.23,1,Alameda,67.0,142.0,10.0,75.0,0.0,132.0,75.0
06001442100,Census Tract 4421,1,Alameda,1.0,133.0,9.0,132.0,8.0,124.0,124.0
06001442400,Census Tract 4424,1,Alameda,0.0,161.0,10.0,161.0,10.0,151.0,151.0
06037183820,Census Tract 1838.20,37,Los Angeles,0.0,65.0,23.0,65.0,23.0,42.0,42.0
06037185202,Census Tract 1852.02,37,Los Angeles,0.0,75.0,12.0,75.0,12.0,63.0,63.0
06037185310,Census Tract 1853.10,37,Los Angeles,0.0,57.0,20.0,57.0,20.0,37.0,37.0
06037405101,Census Tract 4051.01,37,Los Angeles,0.0,121.0,12.0,121.0,12.0,109.0,109.0
06037185320,Census Tract 1853.20,37,Los Angeles,0.0,54.0,17.0,54.0,17.0,37.0,37.0
06037481603,Census Tract 4816.03,37,Los Angeles,0.0,70.0,16.0,70.0,16.0,54.0,54.0
06037481001,Census Tract 4810.01,37,Los Angeles,6.0,80.0,13.0,74.0,7.0,67.0,67.0
06037404600,Census Tract 4046,37,Los Angeles,19.0,43.0,3.0,24.0,0.0,40.0,24.0
06037800406,Census Tract 8004.06,37,Los Angeles,0.0,47.0,1.0,47.0,1.0,46.0,46.0
06037800506,Census Tract 8005.06,37,Los Angeles,0.0,59.0,2.0,59.0,2.0,57.0,57.0
06067009409,Census Tract 94.09,67,Sacramento,0.0,95.0,13.0,95.0,13.0,82.0,82.0
06067009643,Census Tract 96.43,67,Sacramento,0.0,148.0,18.0,148.0,18.0,130.0,130.0
06067007604,Census Tract 76.04,67,Sacramento,8.0,74.0,23.0,66.0,15.0,51.0,51.0
06067009652,Census Tract 96.52,67,Sacramento,54.0,149.0,8.0,95.0,0.0,141.0,95.0
06067009336,Census Tract 93.36,67,Sacramento,1.0,94.0,4.0,93.0,3.0,90.0,90.0
06067007111,Census Tract 71.11,67,Sacramento,0.0,108.0,26.0,108.0,26.0,82.0,82.0
06067009647,Census Tract 96.47,67,Sacramento,0.0,151.0,22.0,151.0,22.0,129.0,129.0
06067009649,Census Tract 96.49,67,Sacramento,0.0,123.0,20.0,123.0,20.0,103.0,103.0
06067009648,Census Tract 96.48,67,Sacramento,0.0,83.0,26.0,83.0,26.0,57.0,57.0
06067009650,Census Tract 96.50,67,Sacramento,15.0,64.0,17.0,49.0,2.0,47.0,47.0
06067008803,Census Tract 88.03,67,Sacramento,0.0,52.0,7.0,52.0,7.0,45.0,45.0
06067009333,Census Tract 93.33,67,Sacramento,2.0,60.0,29.0,58.0,27.0,31.0,31.0
06067004018,Census Tract 40.18,67,Sacramento,2.0,62.0,29.0,60.0,27.0,33.0,33.0
06067004017,Census Tract 40.17,67,Sacramento,0.0,53.0,27.0,53.0,27.0,26.0,26.0
06067004908,Census Tract 49.08,67,Sacramento,0.0,88.0,22.0,88.0,22.0,66.0,66.0
06067007023,Census Tract 70.23,67,Sacramento,0.0,85.0,24.0,85.0,24.0,61.0,61.0
06067007439,Census Tract 74.39,67,Sacramento,0.0,99.0,20.0,99.0,20.0,79.0,79.0
06067008601,Census Tract 86.01,67,Sacramento,0.0,152.0,5.0,152.0,5.0,147.0,147.0
06067004301,Census Tract 43.01,67,Sacramento,0.0,71.0,26.0,71.0,26.0,45.0,45.0
06067001202,Census Tract 12.02,67,Sacramento,10.0,52.0,51.0,42.0,41.0,1.0,1.0
06067004020,Census Tract 40.20,67,Sacramento,0.0,51.0,31.0,51.0,31.0,20.0,20.0
06067004302,Census Tract 43.02,67,Sacramento,6.0,59.0,17.0,53.0,11.0,42.0,42.0
06067009642,Census Tract 96.42,67,Sacramento,1.0,46.0,36.0,45.0,35.0,10.0,10.0
06067006704,Census Tract 67.04,67,Sacramento,0.0,68.0,24.0,68.0,24.0,44.0,44.0
06067007024,Census Tract 70.24,67,Sacramento,0.0,45.0,32.0,45.0,32.0,13.0,13.0
06067009644,Census Tract 96.44,67,Sacramento,0.0,74.0,22.0,74.0,22.0,52.0,52.0
06067009410,Census Tract 94.10,67,Sacramento,22.0,159.0,16.0,137.0,0.0,143.0,137.0
06067007025,Census Tract 70.25,67,Sacramento,0.0,68.0,24.0,68.0,24.0,44.0,44.0
06067004604,Census Tract 46.04,67,Sacramento,0.0,83.0,22.0,83.0,22.0,61.0,61.0
06067007026,Census Tract 70.26,67,Sacramento,0.0,159.0,13.0,159.0,13.0,146.0,146.0
06067007110,Census Tract 71.10,67,Sacramento,0.0,116.0,25.0,116.0,25.0,91.0,91.0
06067009334,Census Tract 93.34,67,Sacramento,0.0,139.0,17.0,139.0,17.0,122.0,122.0
06067009646,Census Tract 96.46,67,Sacramento,0.0,78.0,25.0,78.0,25.0,53.0,53.0
06067008707,Census Tract 87.07,67,Sacramento,0.0,238.0,13.0,238.0,13.0,225.0,225.0
06067008708,Census Tract 87.08,67,Sacramento,0.0,116.0,6.0,116.0,6.0,110.0,110.0
06067007108,Census Tract 71.08,67,Sacramento,0.0,184.0,16.0,184.0,16.0,168.0,168.0
06067009651,Census Tract 96.51,67,Sacramento,4.0,123.0,18.0,119.0,14.0,105.0,105.0
06067007436,Census Tract 74.36,67,Sacramento,0.0,53.0,18.0,53.0,18.0,35.0,35.0
06067004907,Census Tract 49.07,67,Sacramento,0.0,48.0,48.0,48.0,48.0,0.0,0.0
06067007028,Census Tract 70.28,67,Sacramento,27.0,133.0,17.0,106.0,0.0,116.0,106.0
06067004910,Census Tract 49.10,67,Sacramento,0.0,73.0,29.0,73.0,29.0,44.0,44.0
06067005003,Census Tract 50.03,67,Sacramento,0.0,94.0,22.0,94.0,22.0,72.0,72.0
06067007022,Census Tract 70.22,67,Sacramento,0.0,68.0,38.0,68.0,38.0,30.0,30.0
06067009641,Census Tract 96.41,67,Sacramento,4.0,68.0,19.0,64.0,15.0,49.0,49.0
06067009645,Census Tract 96.45,67,Sacramento,11.0,88.0,21.0,77.0,10.0,67.0,67.0
06067004909,Census Tract 49.09,67,Sacramento,0.0,50.0,29.0,50.0,29.0,21.0,21.0
06067008706,Census Tract 87.06,67,Sacramento,3.0,55.0,3.0,52.0,0.0,52.0,52.0
06067008602,Census Tract 86.02,67,Sacramento,3.0,51.0,2.0,48.0,0.0,49.0,48.0
06001440337,Census Tract 4403.37,1,Alameda,0.0,60.0,12.0,60.0,12.0,48.0,48.0
06001440338,Census Tract 4403.38,1,Alameda,12.0,83.0,14.0,71.0,2.0,69.0,69.0
06001451103,Census Tract 4511.03,1,Alameda,0.0,42.0,2.0,42.0,2.0,40.0,40.0
06001432602,Census Tract 4326.02,1,Alameda,6.0,65.0,16.0,59.0,10.0,49.0,49.0
06001451104,Census Tract 4511.04,1,Alameda,2.0,159.0,1.0,157.0,0.0,158.0,157.0
06001441928,Census Tract 4419.28,1,Alameda,2.0,89.0,8.0,87.0,6.0,81.0,81.0
06001441929,Census Tract 4419.29,1,Alameda,8.0,73.0,18.0,65.0,10.0,55.0,55.0
06001441701,Census Tract 4417.01,1,Alameda,0.0,71.0,12.0,71.0,12.0,59.0,59.0
06001444304,Census Tract 4443.04,1,Alameda,0.0,230.0,3.0,230.0,3.0,227.0,227.0
06001436301,Census Tract 4363.01,1,Alameda,2.0,111.0,12.0,109.0,10.0,99.0,99.0
06001450400,Census Tract 4504,1,Alameda,44.0,262.0,7.0,218.0,0.0,255.0,218.0
06037186401,Census Tract 1864.01,37,Los Angeles,1.0,52.0,13.0,51.0,12.0,39.0,39.0
06113011304,Census Tract 113.04,113,Yolo,4.0,48.0,23.0,44.0,19.0,25.0,25.0
06113010609,Census Tract 106.09,113,Yolo,0.0,61.0,22.0,61.0,22.0,39.0,39.0
06113010611,Census Tract 106.11,113,Yolo,0.0,40.0,31.0,40.0,31.0,9.0,9.0
06113011302,Census Tract 113.02,113,Yolo,2.0,88.0,11.0,86.0,9.0,77.0,77.0
06113011211,Census Tract 112.11,113,Yolo,0.0,49.0,32.0,49.0,32.0,17.0,17.0
06113010314,Census Tract 103.14,113,Yolo,0.0,55.0,12.0,55.0,12.0,43.0,43.0
06113011207,Census Tract 112.07,113,Yolo,2.0,57.0,2.0,55.0,0.0,55.0,55.0
06113011210,Census Tract 112.10,113,Yolo,2.0,56.0,25.0,54.0,23.0,31.0,31.0
06113011209,Census Tract 112.09,113,Yolo,3.0,75.0,18.0,72.0,15.0,57.0,57.0
06113011303,Census Tract 113.03,113,Yolo,3.0,48.0,14.0,45.0,11.0,34.0,34.0
06037197200,Census Tract 1972,37,Los Angeles,0.0,63.0,15.0,63.0,15.0,48.0,48.0
06037197300,Census Tract 1973,37,Los Angeles,3.0,60.0,16.0,57.0,13.0,44.0,44.0
06039000511,Census Tract 5.11,39,Madera,4.0,138.0,25.0,134.0,21.0,113.0,113.0
06039000110,Census Tract 1.10,39,Madera,27.0,97.0,5.0,70.0,0.0,92.0,70.0
06039000517,Census Tract 5.17,39,Madera,12.0,65.0,6.0,53.0,0.0,59.0,53.0
06039000901,Census Tract 9.01,39,Madera,0.0,62.0,50.0,62.0,50.0,12.0,12.0
06039000802,Census Tract 8.02,39,Madera,5.0,72.0,44.0,67.0,39.0,28.0,28.0
06039000801,Census Tract 8.01,39,Madera,4.0,49.0,58.0,45.0,54.0,-9.0,-9.0
06039000903,Census Tract 9.03,39,Madera,0.0,80.0,59.0,80.0,59.0,21.0,21.0
06039000516,Census Tract 5.16,39,Madera,0.0,81.0,18.0,81.0,18.0,63.0,63.0
06039000515,Census Tract 5.15,39,Madera,0.0,74.0,19.0,74.0,19.0,55.0,55.0
06031000402,Census Tract 4.02,31,Kings,0.0,139.0,6.0,139.0,6.0,133.0,133.0
06031001300,Census Tract 13,31,Kings,0.0,55.0,7.0,55.0,7.0,48.0,48.0
06031000200,Census Tract 2,31,Kings,0.0,46.0,4.0,46.0,4.0,42.0,42.0
06031000100,Census Tract 1,31,Kings,0.0,60.0,3.0,60.0,3.0,57.0,57.0
06045010601,Census Tract 106.01,45,Mendocino,0.0,59.0,7.0,59.0,7.0,52.0,52.0
06031001200,Census Tract 12,31,Kings,0.0,52.0,2.0,52.0,2.0,50.0,50.0
06045011003,Census Tract 110.03,45,Mendocino,0.0,80.0,13.0,80.0,13.0,67.0,67.0
06045011004,Census Tract 110.04,45,Mendocino,33.0,96.0,8.0,63.0,0.0,88.0,63.0
06031000403,Census Tract 4.03,31,Kings,0.0,102.0,23.0,102.0,23.0,79.0,79.0
06045010602,Census Tract 106.02,45,Mendocino,3.0,96.0,5.0,93.0,2.0,91.0,91.0
06045011502,Census Tract 115.02,45,Mendocino,26.0,70.0,58.0,44.0,32.0,12.0,12.0
06045011501,Census Tract 115.01,45,Mendocino,0.0,87.0,87.0,87.0,87.0,0.0,0.0
06001441702,Census Tract 4417.02,1,Alameda,12.0,104.0,12.0,92.0,0.0,92.0,92.0
06001433801,Census Tract 4338.01,1,Alameda,0.0,63.0,16.0,63.0,16.0,47.0,47.0
06001433802,Census Tract 4338.02,1,Alameda,0.0,84.0,13.0,84.0,13.0,71.0,71.0
06001436302,Census Tract 4363.02,1,Alameda,0.0,74.0,14.0,74.0,14.0,60.0,60.0
06001436403,Census Tract 4364.03,1,Alameda,11.0,83.0,10.0,72.0,0.0,73.0,72.0
06001436404,Census Tract 4364.04,1,Alameda,0.0,69.0,10.0,69.0,10.0,59.0,59.0
06001442502,Census Tract 4425.02,1,Alameda,0.0,86.0,13.0,86.0,13.0,73.0,73.0
06001442501,Census Tract 4425.01,1,Alameda,0.0,71.0,13.0,71.0,13.0,58.0,58.0
06001450609,Census Tract 4506.09,1,Alameda,31.0,109.0,8.0,78.0,0.0,101.0,78.0
06001450608,Census Tract 4506.08,1,Alameda,0.0,98.0,7.0,98.0,7.0,91.0,91.0
06001432601,Census Tract 4326.01,1,Alameda,12.0,80.0,12.0,68.0,0.0,68.0,68.0
06001403401,Census Tract 4034.01,1,Alameda,1.0,49.0,12.0,48.0,11.0,37.0,37.0
06001403302,Census Tract 4033.02,1,Alameda,0.0,46.0,14.0,46.0,14.0,32.0,32.0
06001982100,Census Tract 9821,1,Alameda,0.0,31.0,10.0,31.0,10.0,21.0,21.0
06001420302,Census Tract 4203.02,1,Alameda,0.0,35.0,9.0,35.0,9.0,26.0,26.0
06001420401,Census Tract 4204.01,1,Alameda,2.0,41.0,28.0,39.0,26.0,13.0,13.0
06001403301,Census Tract 4033.01,1,Alameda,0.0,40.0,28.0,40.0,28.0,12.0,12.0
06001422901,Census Tract 4229.01,1,Alameda,7.0,34.0,32.0,27.0,25.0,2.0,2.0
06001420402,Census Tract 4204.02,1,Alameda,2.0,32.0,8.0,30.0,6.0,24.0,24.0
06001420301,Census Tract 4203.01,1,Alameda,0.0,51.0,19.0,51.0,19.0,32.0,32.0
06037197410,Census Tract 1974.10,37,Los Angeles,0.0,70.0,11.0,70.0,11.0,59.0,59.0
06047001603,Census Tract 16.03,47,Merced,0.0,75.0,26.0,75.0,26.0,49.0,49.0
06047000306,Census Tract 3.06,47,Merced,0.0,66.0,25.0,66.0,25.0,41.0,41.0
06007002402,Census Tract 24.02,7,Butte,0.0,50.0,2.0,50.0,2.0,48.0,48.0
06007002401,Census Tract 24.01,7,Butte,0.0,34.0,3.0,34.0,3.0,31.0,31.0
06007001601,Census Tract 16.01,7,Butte,0.0,53.0,4.0,53.0,4.0,49.0,49.0
06007001602,Census Tract 16.02,7,Butte,0.0,69.0,4.0,69.0,4.0,65.0,65.0
06007000404,Census Tract 4.04,7,Butte,0.0,70.0,29.0,70.0,29.0,41.0,41.0
06007000403,Census Tract 4.03,7,Butte,0.0,60.0,47.0,60.0,47.0,13.0,13.0
06037197420,Census Tract 1974.20,37,Los Angeles,1.0,56.0,16.0,55.0,15.0,40.0,40.0
06037197500,Census Tract 1975,37,Los Angeles,1.0,60.0,16.0,59.0,15.0,44.0,44.0
06037197600,Census Tract 1976,37,Los Angeles,0.0,48.0,21.0,48.0,21.0,27.0,27.0
06037197700,Census Tract 1977,37,Los Angeles,5.0,84.0,15.0,79.0,10.0,69.0,69.0
06031000405,Census Tract 4.05,31,Kings,0.0,171.0,23.0,171.0,23.0,148.0,148.0
06031000500,Census Tract 5,31,Kings,0.0,225.0,9.0,225.0,9.0,216.0,216.0
06031000602,Census Tract 6.02,31,Kings,0.0,114.0,30.0,114.0,30.0,84.0,84.0
06031000701,Census Tract 7.01,31,Kings,2.0,111.0,26.0,109.0,24.0,85.0,85.0
06031000702,Census Tract 7.02,31,Kings,1.0,89.0,23.0,88.0,22.0,66.0,66.0
06037199110,Census Tract 1991.10,37,Los Angeles,0.0,49.0,14.0,49.0,14.0,35.0,35.0
06031000800,Census Tract 8,31,Kings,6.0,95.0,15.0,89.0,9.0,80.0,80.0
06037187102,Census Tract 1871.02,37,Los Angeles,0.0,85.0,9.0,85.0,9.0,76.0,76.0
06037187200,Census Tract 1872,37,Los Angeles,3.0,60.0,13.0,57.0,10.0,47.0,47.0
06037187300,Census Tract 1873,37,Los Angeles,0.0,73.0,12.0,73.0,12.0,61.0,61.0
06053014110,Census Tract 141.10,53,Monterey,0.0,67.0,4.0,67.0,4.0,63.0,63.0
06053014109,Census Tract 141.09,53,Monterey,4.0,78.0,3.0,74.0,0.0,75.0,74.0
06037670702,Census Tract 6707.02,37,Los Angeles,2.0,159.0,5.0,157.0,3.0,154.0,154.0
06037670201,Census Tract 6702.01,37,Los Angeles,0.0,105.0,6.0,105.0,6.0,99.0,99.0
06031001001,Census Tract 10.01,31,Kings,6.0,109.0,18.0,103.0,12.0,91.0,91.0
06087122204,Census Tract 1222.04,87,Santa Cruz,2.0,76.0,9.0,74.0,7.0,67.0,67.0
06087100802,Census Tract 1008.02,87,Santa Cruz,0.0,70.0,27.0,70.0,27.0,43.0,43.0
06087121501,Census Tract 1215.01,87,Santa Cruz,2.0,51.0,16.0,49.0,14.0,35.0,35.0
06087122402,Census Tract 1224.02,87,Santa Cruz,0.0,96.0,4.0,96.0,4.0,92.0,92.0
06087121502,Census Tract 1215.02,87,Santa Cruz,0.0,59.0,31.0,59.0,31.0,28.0,28.0
06087122005,Census Tract 1220.05,87,Santa Cruz,0.0,116.0,15.0,116.0,15.0,101.0,101.0
06087121801,Census Tract 1218.01,87,Santa Cruz,0.0,40.0,20.0,40.0,20.0,20.0,20.0
06087110402,Census Tract 1104.02,87,Santa Cruz,26.0,116.0,16.0,90.0,0.0,100.0,90.0
06087110504,Census Tract 1105.04,87,Santa Cruz,0.0,68.0,32.0,68.0,32.0,36.0,36.0
06087110602,Census Tract 1106.02,87,Santa Cruz,0.0,78.0,28.0,78.0,28.0,50.0,50.0
06087122004,Census Tract 1220.04,87,Santa Cruz,8.0,69.0,13.0,61.0,5.0,56.0,56.0
06087101001,Census Tract 1010.01,87,Santa Cruz,0.0,81.0,23.0,81.0,23.0,58.0,58.0
06087110101,Census Tract 1101.01,87,Santa Cruz,0.0,60.0,20.0,60.0,20.0,40.0,40.0
06031001002,Census Tract 10.02,31,Kings,11.0,75.0,27.0,64.0,16.0,48.0,48.0
06075020602,Census Tract 206.02,75,San Francisco,0.0,45.0,7.0,45.0,7.0,38.0,38.0
06031001003,Census Tract 10.03,31,Kings,1.0,156.0,21.0,155.0,20.0,135.0,135.0
06031001100,Census Tract 11,31,Kings,1.0,141.0,15.0,140.0,14.0,126.0,126.0
06031001500,Census Tract 15,31,Kings,0.0,60.0,28.0,60.0,28.0,32.0,32.0
06037236400,Census Tract 2364,37,Los Angeles,0.0,67.0,11.0,67.0,11.0,56.0,56.0
06037237500,Census Tract 2375,37,Los Angeles,0.0,48.0,22.0,48.0,22.0,26.0,26.0
06065042212,Census Tract 422.12,65,Riverside,2.0,200.0,17.0,198.0,15.0,183.0,183.0
06065042719,Census Tract 427.19,65,Riverside,1.0,111.0,6.0,110.0,5.0,105.0,105.0
06065042723,Census Tract 427.23,65,Riverside,0.0,183.0,6.0,183.0,6.0,177.0,177.0
06065043218,Census Tract 432.18,65,Riverside,0.0,113.0,15.0,113.0,15.0,98.0,98.0
06065040807,Census Tract 408.07,65,Riverside,0.0,56.0,23.0,56.0,23.0,33.0,33.0
06065040808,Census Tract 408.08,65,Riverside,0.0,107.0,25.0,107.0,25.0,82.0,82.0
06037213201,Census Tract 2132.01,37,Los Angeles,1.0,60.0,22.0,59.0,21.0,38.0,38.0
06037213202,Census Tract 2132.02,37,Los Angeles,0.0,55.0,22.0,55.0,22.0,33.0,33.0
06037502303,Census Tract 5023.03,37,Los Angeles,16.0,189.0,8.0,173.0,0.0,181.0,173.0
06037533204,Census Tract 5332.04,37,Los Angeles,0.0,67.0,15.0,67.0,15.0,52.0,52.0
06037703003,Census Tract 7030.03,37,Los Angeles,87.0,139.0,9.0,52.0,0.0,130.0,52.0
06037930400,Census Tract 9304,37,Los Angeles,0.0,38.0,0.0,38.0,0.0,38.0,38.0
06037242202,Census Tract 2422.02,37,Los Angeles,1.0,51.0,20.0,50.0,19.0,31.0,31.0
06037128302,Census Tract 1283.02,37,Los Angeles,0.0,78.0,15.0,78.0,15.0,63.0,63.0
06037134306,Census Tract 1343.06,37,Los Angeles,0.0,69.0,16.0,69.0,16.0,53.0,53.0
06037119320,Census Tract 1193.20,37,Los Angeles,40.0,75.0,18.0,35.0,0.0,57.0,35.0
06037920326,Census Tract 9203.26,37,Los Angeles,4.0,221.0,1.0,217.0,0.0,220.0,217.0
06037294520,Census Tract 2945.20,37,Los Angeles,1.0,65.0,18.0,64.0,17.0,47.0,47.0
06037573202,Census Tract 5732.02,37,Los Angeles,0.0,113.0,16.0,113.0,16.0,97.0,97.0
06037599100,Census Tract 5991,37,Los Angeles,0.0,31.0,0.0,31.0,0.0,31.0,31.0
06037460001,Census Tract 4600.01,37,Los Angeles,0.0,48.0,6.0,48.0,6.0,42.0,42.0
06037554511,Census Tract 5545.11,37,Los Angeles,21.0,87.0,8.0,66.0,0.0,79.0,66.0
06037408503,Census Tract 4085.03,37,Los Angeles,4.0,180.0,6.0,176.0,2.0,174.0,174.0
06037243001,Census Tract 2430.01,37,Los Angeles,0.0,60.0,22.0,60.0,22.0,38.0,38.0
06037242201,Census Tract 2422.01,37,Los Angeles,0.0,65.0,20.0,65.0,20.0,45.0,45.0
06037533504,Census Tract 5335.04,37,Los Angeles,0.0,64.0,20.0,64.0,20.0,44.0,44.0
06037403328,Census Tract 4033.28,37,Los Angeles,0.0,140.0,8.0,140.0,8.0,132.0,132.0
06037131021,Census Tract 1310.21,37,Los Angeles,0.0,65.0,17.0,65.0,17.0,48.0,48.0
06037113238,Census Tract 1132.38,37,Los Angeles,0.0,80.0,15.0,80.0,15.0,65.0,65.0
06037113428,Census Tract 1134.28,37,Los Angeles,0.0,82.0,11.0,82.0,11.0,71.0,71.0
06037113423,Census Tract 1134.23,37,Los Angeles,0.0,58.0,15.0,58.0,15.0,43.0,43.0
06037119801,Census Tract 1198.01,37,Los Angeles,0.0,57.0,16.0,57.0,16.0,41.0,41.0
06037119004,Census Tract 1190.04,37,Los Angeles,0.0,58.0,14.0,58.0,14.0,44.0,44.0
06037134906,Census Tract 1349.06,37,Los Angeles,0.0,55.0,31.0,55.0,31.0,24.0,24.0
06037101222,Census Tract 1012.22,37,Los Angeles,0.0,56.0,24.0,56.0,24.0,32.0,32.0
06037103201,Census Tract 1032.01,37,Los Angeles,0.0,92.0,9.0,92.0,9.0,83.0,83.0
06037320102,Census Tract 3201.02,37,Los Angeles,3.0,74.0,12.0,71.0,9.0,62.0,62.0
06037501301,Census Tract 5013.01,37,Los Angeles,0.0,62.0,14.0,62.0,14.0,48.0,48.0
06037408213,Census Tract 4082.13,37,Los Angeles,2.0,147.0,10.0,145.0,8.0,137.0,137.0
06001450603,Census Tract 4506.03,1,Alameda,40.0,104.0,6.0,64.0,0.0,98.0,64.0
06067008910,Census Tract 89.10,67,Sacramento,0.0,72.0,21.0,72.0,21.0,51.0,51.0
06067009004,Census Tract 90.04,67,Sacramento,0.0,84.0,23.0,84.0,23.0,61.0,61.0
06037213310,Census Tract 2133.10,37,Los Angeles,10.0,47.0,23.0,37.0,13.0,24.0,24.0
06037213320,Census Tract 2133.20,37,Los Angeles,0.0,45.0,23.0,45.0,23.0,22.0,22.0
06067008911,Census Tract 89.11,67,Sacramento,0.0,61.0,37.0,61.0,37.0,24.0,24.0
06067008913,Census Tract 89.13,67,Sacramento,0.0,101.0,13.0,101.0,13.0,88.0,88.0
06037213401,Census Tract 2134.01,37,Los Angeles,0.0,64.0,29.0,64.0,29.0,35.0,35.0
06037214700,Census Tract 2147,37,Los Angeles,0.0,54.0,17.0,54.0,17.0,37.0,37.0
06037214800,Census Tract 2148,37,Los Angeles,0.0,58.0,17.0,58.0,17.0,41.0,41.0
06037216100,Census Tract 2161,37,Los Angeles,0.0,46.0,16.0,46.0,16.0,30.0,30.0
06037216700,Census Tract 2167,37,Los Angeles,0.0,60.0,15.0,60.0,15.0,45.0,45.0
06067009503,Census Tract 95.03,67,Sacramento,4.0,60.0,14.0,56.0,10.0,46.0,46.0
06067009502,Census Tract 95.02,67,Sacramento,0.0,223.0,8.0,223.0,8.0,215.0,215.0
06067009504,Census Tract 95.04,67,Sacramento,0.0,69.0,18.0,69.0,18.0,51.0,51.0
06037980031,Census Tract 9800.31,37,Los Angeles,10.0,36.0,3.0,26.0,0.0,33.0,26.0
06037408703,Census Tract 4087.03,37,Los Angeles,0.0,139.0,3.0,139.0,3.0,136.0,136.0
06037408722,Census Tract 4087.22,37,Los Angeles,0.0,95.0,9.0,95.0,9.0,86.0,86.0
06037980036,Census Tract 9800.36,37,Los Angeles,0.0,34.0,4.0,34.0,4.0,30.0,30.0
06037980023,Census Tract 9800.23,37,Los Angeles,0.0,30.0,6.0,30.0,6.0,24.0,24.0
06037910214,Census Tract 9102.14,37,Los Angeles,2.0,127.0,6.0,125.0,4.0,121.0,121.0
06037910218,Census Tract 9102.18,37,Los Angeles,60.0,89.0,3.0,29.0,0.0,86.0,29.0
06037910216,Census Tract 9102.16,37,Los Angeles,0.0,102.0,8.0,102.0,8.0,94.0,94.0
06031981800,Census Tract 9818,31,Kings,0.0,65.0,32.0,65.0,32.0,33.0,33.0
06001450604,Census Tract 4506.04,1,Alameda,6.0,139.0,9.0,133.0,3.0,130.0,130.0
06001450605,Census Tract 4506.05,1,Alameda,37.0,114.0,9.0,77.0,0.0,105.0,77.0
06065030400,Census Tract 304,65,Riverside,2.0,104.0,20.0,102.0,18.0,84.0,84.0
06065030501,Census Tract 305.01,65,Riverside,0.0,82.0,24.0,82.0,24.0,58.0,58.0
06035040200,Census Tract 402,35,Lassen,0.0,56.0,4.0,56.0,4.0,52.0,52.0
06035040500,Census Tract 405,35,Lassen,0.0,69.0,14.0,69.0,14.0,55.0,55.0
06035040100,Census Tract 401,35,Lassen,0.0,46.0,2.0,46.0,2.0,44.0,44.0
06035040400,Census Tract 404,35,Lassen,0.0,52.0,8.0,52.0,8.0,44.0,44.0
06035040302,Census Tract 403.02,35,Lassen,1.0,102.0,11.0,101.0,10.0,91.0,91.0
06035040600,Census Tract 406,35,Lassen,0.0,56.0,4.0,56.0,4.0,52.0,52.0
06011000302,Census Tract 3.02,11,Colusa,0.0,61.0,15.0,61.0,15.0,46.0,46.0
06011000301,Census Tract 3.01,11,Colusa,18.0,104.0,41.0,86.0,23.0,63.0,63.0
06037532102,Census Tract 5321.02,37,Los Angeles,0.0,72.0,13.0,72.0,13.0,59.0,59.0
06037480201,Census Tract 4802.01,37,Los Angeles,0.0,74.0,10.0,74.0,10.0,64.0,64.0
06037430501,Census Tract 4305.01,37,Los Angeles,0.0,92.0,6.0,92.0,6.0,86.0,86.0
06065040901,Census Tract 409.01,65,Riverside,0.0,195.0,23.0,195.0,23.0,172.0,172.0
06065040903,Census Tract 409.03,65,Riverside,0.0,59.0,36.0,59.0,36.0,23.0,23.0
06065040904,Census Tract 409.04,65,Riverside,0.0,72.0,29.0,72.0,29.0,43.0,43.0
06037213402,Census Tract 2134.02,37,Los Angeles,3.0,63.0,21.0,60.0,18.0,42.0,42.0
06037214000,Census Tract 2140,37,Los Angeles,1.0,65.0,13.0,64.0,12.0,52.0,52.0
06037214100,Census Tract 2141,37,Los Angeles,0.0,68.0,12.0,68.0,12.0,56.0,56.0
06037214400,Census Tract 2144,37,Los Angeles,0.0,56.0,22.0,56.0,22.0,34.0,34.0
06067009005,Census Tract 90.05,67,Sacramento,12.0,57.0,7.0,45.0,0.0,50.0,45.0
06067009006,Census Tract 90.06,67,Sacramento,2.0,129.0,16.0,127.0,14.0,113.0,113.0
06037216800,Census Tract 2168,37,Los Angeles,3.0,59.0,15.0,56.0,12.0,44.0,44.0
06037551203,Census Tract 5512.03,37,Los Angeles,0.0,78.0,15.0,78.0,15.0,63.0,63.0
06037551001,Census Tract 5510.01,37,Los Angeles,19.0,64.0,11.0,45.0,0.0,53.0,45.0
06037550501,Census Tract 5505.01,37,Los Angeles,0.0,82.0,14.0,82.0,14.0,68.0,68.0
06037276605,Census Tract 2766.05,37,Los Angeles,1.0,53.0,26.0,52.0,25.0,27.0,27.0
06037276607,Census Tract 2766.07,37,Los Angeles,17.0,266.0,19.0,249.0,2.0,247.0,247.0
06037550802,Census Tract 5508.02,37,Los Angeles,8.0,50.0,11.0,42.0,3.0,39.0,39.0
06037217200,Census Tract 2172,37,Los Angeles,3.0,66.0,13.0,63.0,10.0,53.0,53.0
06037218110,Census Tract 2181.10,37,Los Angeles,0.0,58.0,17.0,58.0,17.0,41.0,41.0
06037218210,Census Tract 2182.10,37,Los Angeles,0.0,71.0,21.0,71.0,21.0,50.0,50.0
06037218220,Census Tract 2182.20,37,Los Angeles,0.0,66.0,16.0,66.0,16.0,50.0,50.0
06037218300,Census Tract 2183,37,Los Angeles,0.0,78.0,14.0,78.0,14.0,64.0,64.0
06037650607,Census Tract 6506.07,37,Los Angeles,0.0,63.0,18.0,63.0,18.0,45.0,45.0
06037131023,Census Tract 1310.23,37,Los Angeles,1.0,56.0,17.0,55.0,16.0,39.0,39.0
06037131801,Census Tract 1318.01,37,Los Angeles,0.0,64.0,16.0,64.0,16.0,48.0,48.0
06037240301,Census Tract 2403.01,37,Los Angeles,1.0,52.0,19.0,51.0,18.0,33.0,33.0
06037500100,Census Tract 5001,37,Los Angeles,0.0,79.0,4.0,79.0,4.0,75.0,75.0
06037240302,Census Tract 2403.02,37,Los Angeles,0.0,52.0,22.0,52.0,22.0,30.0,30.0
06037502603,Census Tract 5026.03,37,Los Angeles,0.0,67.0,13.0,67.0,13.0,54.0,54.0
06037408725,Census Tract 4087.25,37,Los Angeles,0.0,166.0,9.0,166.0,9.0,157.0,157.0
06037218400,Census Tract 2184,37,Los Angeles,0.0,74.0,16.0,74.0,16.0,58.0,58.0
06037218500,Census Tract 2185,37,Los Angeles,0.0,53.0,18.0,53.0,18.0,35.0,35.0
06037218600,Census Tract 2186,37,Los Angeles,1.0,56.0,20.0,55.0,19.0,36.0,36.0
06037218900,Census Tract 2189,37,Los Angeles,0.0,85.0,15.0,85.0,15.0,70.0,70.0
06037219020,Census Tract 2190.20,37,Los Angeles,0.0,67.0,15.0,67.0,15.0,52.0,52.0
06037271702,Census Tract 2717.02,37,Los Angeles,6.0,84.0,15.0,78.0,9.0,69.0,69.0
06037531202,Census Tract 5312.02,37,Los Angeles,0.0,69.0,19.0,69.0,19.0,50.0,50.0
06037224410,Census Tract 2244.10,37,Los Angeles,1.0,43.0,19.0,42.0,18.0,24.0,24.0
06037267404,Census Tract 2674.04,37,Los Angeles,24.0,62.0,24.0,38.0,0.0,38.0,38.0
06037267300,Census Tract 2673,37,Los Angeles,13.0,77.0,20.0,64.0,7.0,57.0,57.0
06037218800,Census Tract 2188,37,Los Angeles,0.0,50.0,20.0,50.0,20.0,30.0,30.0
06037209401,Census Tract 2094.01,37,Los Angeles,0.0,56.0,28.0,56.0,28.0,28.0,28.0
06037232701,Census Tract 2327.01,37,Los Angeles,1.0,44.0,24.0,43.0,23.0,20.0,20.0
06037920106,Census Tract 9201.06,37,Los Angeles,16.0,79.0,2.0,63.0,0.0,77.0,63.0
06037232602,Census Tract 2326.02,37,Los Angeles,0.0,75.0,18.0,75.0,18.0,57.0,57.0
06037232601,Census Tract 2326.01,37,Los Angeles,0.0,43.0,25.0,43.0,25.0,18.0,18.0
06037273403,Census Tract 2734.03,37,Los Angeles,0.0,40.0,14.0,40.0,14.0,26.0,26.0
06037232702,Census Tract 2327.02,37,Los Angeles,1.0,65.0,19.0,64.0,18.0,46.0,46.0
06001450606,Census Tract 4506.06,1,Alameda,0.0,219.0,9.0,219.0,9.0,210.0,210.0
06093001300,Census Tract 13,93,Siskiyou,0.0,58.0,3.0,58.0,3.0,55.0,55.0
06009000220,Census Tract 2.20,9,Calaveras,0.0,201.0,12.0,201.0,12.0,189.0,189.0
06009000400,Census Tract 4,9,Calaveras,0.0,109.0,9.0,109.0,9.0,100.0,100.0
06093000902,Census Tract 9.02,93,Siskiyou,0.0,91.0,12.0,91.0,12.0,79.0,79.0
06065030502,Census Tract 305.02,65,Riverside,0.0,43.0,24.0,43.0,24.0,19.0,19.0
06065030503,Census Tract 305.03,65,Riverside,0.0,67.0,44.0,67.0,44.0,23.0,23.0
06065030700,Census Tract 307,65,Riverside,0.0,160.0,21.0,160.0,21.0,139.0,139.0
06001451701,Census Tract 4517.01,1,Alameda,0.0,70.0,11.0,70.0,11.0,59.0,59.0
06065030800,Census Tract 308,65,Riverside,0.0,205.0,16.0,205.0,16.0,189.0,189.0
06065031702,Census Tract 317.02,65,Riverside,0.0,52.0,16.0,52.0,16.0,36.0,36.0
06065031703,Census Tract 317.03,65,Riverside,6.0,87.0,22.0,81.0,16.0,65.0,65.0
06067009108,Census Tract 91.08,67,Sacramento,4.0,67.0,22.0,63.0,18.0,45.0,45.0
06067009109,Census Tract 91.09,67,Sacramento,0.0,97.0,20.0,97.0,20.0,77.0,77.0
06037219500,Census Tract 2195,37,Los Angeles,0.0,46.0,17.0,46.0,17.0,29.0,29.0
06037219800,Census Tract 2198,37,Los Angeles,1.0,61.0,19.0,60.0,18.0,42.0,42.0
06037220000,Census Tract 2200,37,Los Angeles,2.0,95.0,13.0,93.0,11.0,82.0,82.0
06037220100,Census Tract 2201,37,Los Angeles,9.0,50.0,13.0,41.0,4.0,37.0,37.0
06037221120,Census Tract 2211.20,37,Los Angeles,1.0,49.0,23.0,48.0,22.0,26.0,26.0
06037221210,Census Tract 2212.10,37,Los Angeles,0.0,48.0,21.0,48.0,21.0,27.0,27.0
06037221220,Census Tract 2212.20,37,Los Angeles,0.0,51.0,16.0,51.0,16.0,35.0,35.0
06015000106,Census Tract 1.06,15,Del Norte,0.0,54.0,9.0,54.0,9.0,45.0,45.0
06015000107,Census Tract 1.07,15,Del Norte,0.0,48.0,26.0,48.0,26.0,22.0,22.0
06001451501,Census Tract 4515.01,1,Alameda,4.0,96.0,6.0,92.0,2.0,90.0,90.0
06037232300,Census Tract 2323,37,Los Angeles,0.0,69.0,16.0,69.0,16.0,53.0,53.0
06037232500,Census Tract 2325,37,Los Angeles,0.0,79.0,15.0,79.0,15.0,64.0,64.0
06037232800,Census Tract 2328,37,Los Angeles,0.0,57.0,20.0,57.0,20.0,37.0,37.0
06037234200,Census Tract 2342,37,Los Angeles,20.0,47.0,14.0,27.0,0.0,33.0,27.0
06067007603,Census Tract 76.03,67,Sacramento,0.0,59.0,22.0,59.0,22.0,37.0,37.0
06067006204,Census Tract 62.04,67,Sacramento,28.0,60.0,24.0,32.0,0.0,36.0,32.0
06067004019,Census Tract 40.19,67,Sacramento,0.0,60.0,29.0,60.0,29.0,31.0,31.0
06067006502,Census Tract 65.02,67,Sacramento,0.0,52.0,18.0,52.0,18.0,34.0,34.0
06067004015,Census Tract 40.15,67,Sacramento,0.0,84.0,21.0,84.0,21.0,63.0,63.0
06067006706,Census Tract 67.06,67,Sacramento,0.0,68.0,22.0,68.0,22.0,46.0,46.0
06067007027,Census Tract 70.27,67,Sacramento,28.0,52.0,17.0,24.0,0.0,35.0,24.0
06067009640,Census Tract 96.40,67,Sacramento,0.0,80.0,33.0,80.0,33.0,47.0,47.0
06067008802,Census Tract 88.02,67,Sacramento,0.0,59.0,8.0,59.0,8.0,51.0,51.0
06057000107,Census Tract 1.07,57,Nevada,0.0,144.0,10.0,144.0,10.0,134.0,134.0
06057000404,Census Tract 4.04,57,Nevada,0.0,130.0,8.0,130.0,8.0,122.0,122.0
06057000601,Census Tract 6.01,57,Nevada,0.0,69.0,40.0,69.0,40.0,29.0,29.0
06057000403,Census Tract 4.03,57,Nevada,0.0,58.0,9.0,58.0,9.0,49.0,49.0
06057001207,Census Tract 12.07,57,Nevada,19.0,108.0,21.0,89.0,2.0,87.0,87.0
06057000503,Census Tract 5.03,57,Nevada,0.0,49.0,33.0,49.0,33.0,16.0,16.0
06057000504,Census Tract 5.04,57,Nevada,24.0,134.0,29.0,110.0,5.0,105.0,105.0
06057000602,Census Tract 6.02,57,Nevada,0.0,124.0,21.0,124.0,21.0,103.0,103.0
06057001208,Census Tract 12.08,57,Nevada,0.0,47.0,16.0,47.0,16.0,31.0,31.0
06057000106,Census Tract 1.06,57,Nevada,0.0,55.0,15.0,55.0,15.0,40.0,40.0
06057001211,Census Tract 12.11,57,Nevada,0.0,38.0,22.0,38.0,22.0,16.0,16.0
06057001210,Census Tract 12.10,57,Nevada,0.0,45.0,22.0,45.0,22.0,23.0,23.0
06037404402,Census Tract 4044.02,37,Los Angeles,0.0,91.0,7.0,91.0,7.0,84.0,84.0
06037500300,Census Tract 5003,37,Los Angeles,4.0,58.0,4.0,54.0,0.0,54.0,54.0
06037403325,Census Tract 4033.25,37,Los Angeles,30.0,119.0,3.0,89.0,0.0,116.0,89.0
06037670405,Census Tract 6704.05,37,Los Angeles,1.0,64.0,10.0,63.0,9.0,54.0,54.0
06037543305,Census Tract 5433.05,37,Los Angeles,0.0,65.0,4.0,65.0,4.0,61.0,61.0
06037543321,Census Tract 5433.21,37,Los Angeles,21.0,141.0,6.0,120.0,0.0,135.0,120.0
06037543100,Census Tract 5431,37,Los Angeles,8.0,179.0,8.0,171.0,0.0,171.0,171.0
06037542200,Census Tract 5422,37,Los Angeles,0.0,149.0,11.0,149.0,11.0,138.0,138.0
06037540201,Census Tract 5402.01,37,Los Angeles,0.0,47.0,25.0,47.0,25.0,22.0,22.0
06037240600,Census Tract 2406,37,Los Angeles,0.0,75.0,16.0,75.0,16.0,59.0,59.0
06037534102,Census Tract 5341.02,37,Los Angeles,0.0,99.0,14.0,99.0,14.0,85.0,85.0
06037239310,Census Tract 2393.10,37,Los Angeles,0.0,60.0,18.0,60.0,18.0,42.0,42.0
06037532800,Census Tract 5328,37,Los Angeles,0.0,62.0,17.0,62.0,17.0,45.0,45.0
06037501302,Census Tract 5013.02,37,Los Angeles,0.0,94.0,12.0,94.0,12.0,82.0,82.0
06037273404,Census Tract 2734.04,37,Los Angeles,0.0,42.0,28.0,42.0,28.0,14.0,14.0
06037232401,Census Tract 2324.01,37,Los Angeles,0.0,65.0,17.0,65.0,17.0,48.0,48.0
06037231902,Census Tract 2319.02,37,Los Angeles,1.0,49.0,23.0,48.0,22.0,26.0,26.0
06037234302,Census Tract 2343.02,37,Los Angeles,1.0,48.0,21.0,47.0,20.0,27.0,27.0
06037231602,Census Tract 2316.02,37,Los Angeles,0.0,41.0,23.0,41.0,23.0,18.0,18.0
06037236101,Census Tract 2361.01,37,Los Angeles,1.0,49.0,16.0,48.0,15.0,33.0,33.0
06037234002,Census Tract 2340.02,37,Los Angeles,1.0,50.0,17.0,49.0,16.0,33.0,33.0
06037236206,Census Tract 2362.06,37,Los Angeles,2.0,52.0,24.0,50.0,22.0,28.0,28.0
06037265701,Census Tract 2657.01,37,Los Angeles,2.0,38.0,14.0,36.0,12.0,24.0,24.0
06037216301,Census Tract 2163.01,37,Los Angeles,8.0,41.0,17.0,33.0,9.0,24.0,24.0
06037265203,Census Tract 2652.03,37,Los Angeles,2.0,40.0,23.0,38.0,21.0,17.0,17.0
06001408000,Census Tract 4080,1,Alameda,0.0,52.0,9.0,52.0,9.0,43.0,43.0
06001441401,Census Tract 4414.01,1,Alameda,0.0,211.0,9.0,211.0,9.0,202.0,202.0
06065040202,Census Tract 402.02,65,Riverside,0.0,64.0,27.0,64.0,27.0,37.0,37.0
06065031704,Census Tract 317.04,65,Riverside,3.0,109.0,20.0,106.0,17.0,89.0,89.0
06031001402,Census Tract 14.02,31,Kings,0.0,41.0,42.0,41.0,42.0,-1.0,-1.0
06031001401,Census Tract 14.01,31,Kings,0.0,43.0,33.0,43.0,33.0,10.0,10.0
06069000502,Census Tract 5.02,69,San Benito,2.0,297.0,25.0,295.0,23.0,272.0,272.0
06069000802,Census Tract 8.02,69,San Benito,4.0,46.0,1.0,42.0,0.0,45.0,42.0
06069000702,Census Tract 7.02,69,San Benito,33.0,208.0,13.0,175.0,0.0,195.0,175.0
06069000501,Census Tract 5.01,69,San Benito,0.0,152.0,29.0,152.0,29.0,123.0,123.0
06069000701,Census Tract 7.01,69,San Benito,0.0,110.0,36.0,110.0,36.0,74.0,74.0
06065043505,Census Tract 435.05,65,Riverside,0.0,73.0,29.0,73.0,29.0,44.0,44.0
06065044104,Census Tract 441.04,65,Riverside,0.0,60.0,5.0,60.0,5.0,55.0,55.0
06065044403,Census Tract 444.03,65,Riverside,6.0,87.0,1.0,81.0,0.0,86.0,81.0
06065042007,Census Tract 420.07,65,Riverside,0.0,250.0,3.0,250.0,3.0,247.0,247.0
06069000801,Census Tract 8.01,69,San Benito,2.0,81.0,16.0,79.0,14.0,65.0,65.0
06067009111,Census Tract 91.11,67,Sacramento,0.0,111.0,22.0,111.0,22.0,89.0,89.0
06087122100,Census Tract 1221,87,Santa Cruz,0.0,55.0,12.0,55.0,12.0,43.0,43.0
06087122500,Census Tract 1225,87,Santa Cruz,0.0,198.0,6.0,198.0,6.0,192.0,192.0
06087100100,Census Tract 1001,87,Santa Cruz,0.0,52.0,13.0,52.0,13.0,39.0,39.0
06087100600,Census Tract 1006,87,Santa Cruz,0.0,66.0,23.0,66.0,23.0,43.0,43.0
06001432400,Census Tract 4324,1,Alameda,11.0,127.0,4.0,116.0,0.0,123.0,116.0
06029002819,Census Tract 28.19,29,Kern,0.0,71.0,23.0,71.0,23.0,48.0,48.0
06029002821,Census Tract 28.21,29,Kern,0.0,100.0,22.0,100.0,22.0,78.0,78.0
06029003112,Census Tract 31.12,29,Kern,6.0,108.0,17.0,102.0,11.0,91.0,91.0
06029003113,Census Tract 31.13,29,Kern,0.0,77.0,20.0,77.0,20.0,57.0,57.0
06001404300,Census Tract 4043,1,Alameda,0.0,71.0,9.0,71.0,9.0,62.0,62.0
06065040203,Census Tract 402.03,65,Riverside,0.0,70.0,34.0,70.0,34.0,36.0,36.0
06065040204,Census Tract 402.04,65,Riverside,0.0,68.0,28.0,68.0,28.0,40.0,40.0
06065040303,Census Tract 403.03,65,Riverside,0.0,70.0,19.0,70.0,19.0,51.0,51.0
06065040402,Census Tract 404.02,65,Riverside,1.0,103.0,15.0,102.0,14.0,88.0,88.0
06033001000,Census Tract 10,33,Lake,2.0,261.0,6.0,259.0,4.0,255.0,255.0
06033001200,Census Tract 12,33,Lake,0.0,70.0,4.0,70.0,4.0,66.0,66.0
06111003011,Census Tract 30.11,111,Ventura,0.0,142.0,29.0,142.0,29.0,113.0,113.0
06111005801,Census Tract 58.01,111,Ventura,0.0,136.0,12.0,136.0,12.0,124.0,124.0
06111007405,Census Tract 74.05,111,Ventura,0.0,48.0,4.0,48.0,4.0,44.0,44.0
06111007511,Census Tract 75.11,111,Ventura,0.0,46.0,5.0,46.0,5.0,41.0,41.0
06111007512,Census Tract 75.12,111,Ventura,5.0,62.0,5.0,57.0,0.0,57.0,57.0
06111000303,Census Tract 3.03,111,Ventura,2.0,140.0,4.0,138.0,2.0,136.0,136.0
06029000300,Census Tract 3,29,Kern,12.0,70.0,24.0,58.0,12.0,46.0,46.0
06037552700,Census Tract 5527,37,Los Angeles,0.0,146.0,11.0,146.0,11.0,135.0,135.0
06037552800,Census Tract 5528,37,Los Angeles,0.0,118.0,11.0,118.0,11.0,107.0,107.0
06037553000,Census Tract 5530,37,Los Angeles,0.0,107.0,11.0,107.0,11.0,96.0,96.0
06107003501,Census Tract 35.01,107,Tulare,0.0,52.0,11.0,52.0,11.0,41.0,41.0
06059062649,Census Tract 626.49,59,Orange,0.0,72.0,13.0,72.0,13.0,59.0,59.0
06059032058,Census Tract 320.58,59,Orange,0.0,194.0,9.0,194.0,9.0,185.0,185.0
06059032061,Census Tract 320.61,59,Orange,11.0,159.0,8.0,148.0,0.0,151.0,148.0
06041109002,Census Tract 1090.02,41,Marin,16.0,99.0,14.0,83.0,0.0,85.0,83.0
06041130201,Census Tract 1302.01,41,Marin,1.0,71.0,18.0,70.0,17.0,53.0,53.0
06041112202,Census Tract 1122.02,41,Marin,23.0,157.0,8.0,134.0,0.0,149.0,134.0
06041131100,Census Tract 1311,41,Marin,8.0,42.0,2.0,34.0,0.0,40.0,34.0
06111007406,Census Tract 74.06,111,Ventura,0.0,75.0,14.0,75.0,14.0,61.0,61.0
06111007509,Census Tract 75.09,111,Ventura,21.0,84.0,11.0,63.0,0.0,73.0,63.0
06111007510,Census Tract 75.10,111,Ventura,0.0,151.0,9.0,151.0,9.0,142.0,142.0
06111007613,Census Tract 76.13,111,Ventura,3.0,112.0,9.0,109.0,6.0,103.0,103.0
06111007614,Census Tract 76.14,111,Ventura,12.0,100.0,3.0,88.0,0.0,97.0,88.0
06037601502,Census Tract 6015.02,37,Los Angeles,0.0,62.0,18.0,62.0,18.0,44.0,44.0
06037601600,Census Tract 6016,37,Los Angeles,0.0,74.0,13.0,74.0,13.0,61.0,61.0
06025011500,Census Tract 115,25,Imperial,4.0,115.0,36.0,111.0,32.0,79.0,79.0
06037602002,Census Tract 6020.02,37,Los Angeles,0.0,59.0,18.0,59.0,18.0,41.0,41.0
06037602003,Census Tract 6020.03,37,Los Angeles,0.0,74.0,16.0,74.0,16.0,58.0,58.0
06037602103,Census Tract 6021.03,37,Los Angeles,0.0,103.0,14.0,103.0,14.0,89.0,89.0
06037602104,Census Tract 6021.04,37,Los Angeles,5.0,99.0,15.0,94.0,10.0,84.0,84.0
06037530700,Census Tract 5307,37,Los Angeles,0.0,53.0,12.0,53.0,12.0,41.0,41.0
06107001901,Census Tract 19.01,107,Tulare,0.0,62.0,34.0,62.0,34.0,28.0,28.0
06107001902,Census Tract 19.02,107,Tulare,2.0,78.0,28.0,76.0,26.0,50.0,50.0
06107002002,Census Tract 20.02,107,Tulare,0.0,85.0,27.0,85.0,27.0,58.0,58.0
06107002003,Census Tract 20.03,107,Tulare,8.0,99.0,26.0,91.0,18.0,73.0,73.0
06107002004,Census Tract 20.04,107,Tulare,0.0,95.0,26.0,95.0,26.0,69.0,69.0
06037530801,Census Tract 5308.01,37,Los Angeles,0.0,140.0,15.0,140.0,15.0,125.0,125.0
06037530802,Census Tract 5308.02,37,Los Angeles,0.0,69.0,17.0,69.0,17.0,52.0,52.0
06037530901,Census Tract 5309.01,37,Los Angeles,0.0,81.0,19.0,81.0,19.0,62.0,62.0
06037531000,Census Tract 5310,37,Los Angeles,0.0,94.0,13.0,94.0,13.0,81.0,81.0
06037531102,Census Tract 5311.02,37,Los Angeles,0.0,58.0,18.0,58.0,18.0,40.0,40.0
06037531201,Census Tract 5312.01,37,Los Angeles,0.0,88.0,17.0,88.0,17.0,71.0,71.0
06037531301,Census Tract 5313.01,37,Los Angeles,0.0,83.0,14.0,83.0,14.0,69.0,69.0
06037531302,Census Tract 5313.02,37,Los Angeles,0.0,83.0,14.0,83.0,14.0,69.0,69.0
06037541401,Census Tract 5414.01,37,Los Angeles,0.0,59.0,17.0,59.0,17.0,42.0,42.0
06037402503,Census Tract 4025.03,37,Los Angeles,0.0,101.0,14.0,101.0,14.0,87.0,87.0
06037433506,Census Tract 4335.06,37,Los Angeles,0.0,73.0,10.0,73.0,10.0,63.0,63.0
06037209202,Census Tract 2092.02,37,Los Angeles,1.0,36.0,26.0,35.0,25.0,10.0,10.0
06037980017,Census Tract 9800.17,37,Los Angeles,0.0,34.0,8.0,34.0,8.0,26.0,26.0
06037602801,Census Tract 6028.01,37,Los Angeles,0.0,65.0,11.0,65.0,11.0,54.0,54.0
06037577800,Census Tract 5778,37,Los Angeles,3.0,95.0,10.0,92.0,7.0,85.0,85.0
06037551204,Census Tract 5512.04,37,Los Angeles,0.0,68.0,16.0,68.0,16.0,52.0,52.0
06037536201,Census Tract 5362.01,37,Los Angeles,0.0,66.0,10.0,66.0,10.0,56.0,56.0
06037406300,Census Tract 4063,37,Los Angeles,44.0,136.0,6.0,92.0,0.0,130.0,92.0
06037462900,Census Tract 4629,37,Los Angeles,26.0,81.0,8.0,55.0,0.0,73.0,55.0
06037542105,Census Tract 5421.05,37,Los Angeles,0.0,83.0,16.0,83.0,16.0,67.0,67.0
06037543000,Census Tract 5430,37,Los Angeles,0.0,93.0,11.0,93.0,11.0,82.0,82.0
06037602302,Census Tract 6023.02,37,Los Angeles,3.0,84.0,9.0,81.0,6.0,75.0,75.0
06037602301,Census Tract 6023.01,37,Los Angeles,0.0,139.0,10.0,139.0,10.0,129.0,129.0
06037541200,Census Tract 5412,37,Los Angeles,0.0,102.0,9.0,102.0,9.0,93.0,93.0
06037602700,Census Tract 6027,37,Los Angeles,32.0,67.0,8.0,35.0,0.0,59.0,35.0
06037503103,Census Tract 5031.03,37,Los Angeles,0.0,122.0,12.0,122.0,12.0,110.0,110.0
06037540800,Census Tract 5408,37,Los Angeles,2.0,87.0,9.0,85.0,7.0,78.0,78.0
06037602106,Census Tract 6021.06,37,Los Angeles,16.0,113.0,14.0,97.0,0.0,99.0,97.0
06037602105,Census Tract 6021.05,37,Los Angeles,0.0,77.0,16.0,77.0,16.0,61.0,61.0
06037503502,Census Tract 5035.02,37,Los Angeles,0.0,77.0,12.0,77.0,12.0,65.0,65.0
06037601700,Census Tract 6017,37,Los Angeles,0.0,94.0,15.0,94.0,15.0,79.0,79.0
06037542106,Census Tract 5421.06,37,Los Angeles,0.0,48.0,14.0,48.0,14.0,34.0,34.0
06037503402,Census Tract 5034.02,37,Los Angeles,12.0,88.0,10.0,76.0,0.0,78.0,76.0
06037502005,Census Tract 5020.05,37,Los Angeles,0.0,95.0,13.0,95.0,13.0,82.0,82.0
06037601402,Census Tract 6014.02,37,Los Angeles,2.0,311.0,13.0,309.0,11.0,298.0,298.0
06107002008,Census Tract 20.08,107,Tulare,11.0,58.0,37.0,47.0,26.0,21.0,21.0
06107002009,Census Tract 20.09,107,Tulare,2.0,88.0,31.0,86.0,29.0,57.0,57.0
06107002302,Census Tract 23.02,107,Tulare,3.0,91.0,26.0,88.0,23.0,65.0,65.0
06107002303,Census Tract 23.03,107,Tulare,3.0,115.0,21.0,112.0,18.0,94.0,94.0
06065045124,Census Tract 451.24,65,Riverside,16.0,43.0,4.0,27.0,0.0,39.0,27.0
06065045217,Census Tract 452.17,65,Riverside,0.0,166.0,19.0,166.0,19.0,147.0,147.0
06065046602,Census Tract 466.02,65,Riverside,1.0,78.0,15.0,77.0,14.0,63.0,63.0
06065046700,Census Tract 467,65,Riverside,44.0,89.0,6.0,45.0,0.0,83.0,45.0
06065047000,Census Tract 470,65,Riverside,0.0,39.0,3.0,39.0,3.0,36.0,36.0
06037501900,Census Tract 5019,37,Los Angeles,0.0,89.0,11.0,89.0,11.0,78.0,78.0
06037462500,Census Tract 4625,37,Los Angeles,0.0,169.0,8.0,169.0,8.0,161.0,161.0
06037501600,Census Tract 5016,37,Los Angeles,4.0,176.0,4.0,172.0,0.0,172.0,172.0
06037501002,Census Tract 5010.02,37,Los Angeles,0.0,82.0,11.0,82.0,11.0,71.0,71.0
06037408629,Census Tract 4086.29,37,Los Angeles,0.0,68.0,10.0,68.0,10.0,58.0,58.0
06037504200,Census Tract 5042,37,Los Angeles,1.0,225.0,5.0,224.0,4.0,220.0,220.0
06037601802,Census Tract 6018.02,37,Los Angeles,0.0,62.0,18.0,62.0,18.0,44.0,44.0
06037601202,Census Tract 6012.02,37,Los Angeles,0.0,215.0,16.0,215.0,16.0,199.0,199.0
06037408628,Census Tract 4086.28,37,Los Angeles,0.0,132.0,8.0,132.0,8.0,124.0,124.0
06037408626,Census Tract 4086.26,37,Los Angeles,0.0,89.0,8.0,89.0,8.0,81.0,81.0
06037501501,Census Tract 5015.01,37,Los Angeles,0.0,52.0,5.0,52.0,5.0,47.0,47.0
06037501200,Census Tract 5012,37,Los Angeles,0.0,106.0,11.0,106.0,11.0,95.0,95.0
06037408141,Census Tract 4081.41,37,Los Angeles,0.0,87.0,12.0,87.0,12.0,75.0,75.0
06037408135,Census Tract 4081.35,37,Los Angeles,0.0,82.0,12.0,82.0,12.0,70.0,70.0
06037408137,Census Tract 4081.37,37,Los Angeles,0.0,75.0,14.0,75.0,14.0,61.0,61.0
06037500403,Census Tract 5004.03,37,Los Angeles,0.0,77.0,9.0,77.0,9.0,68.0,68.0
06037530202,Census Tract 5302.02,37,Los Angeles,38.0,85.0,10.0,47.0,0.0,75.0,47.0
06037530302,Census Tract 5303.02,37,Los Angeles,0.0,107.0,14.0,107.0,14.0,93.0,93.0
06037530301,Census Tract 5303.01,37,Los Angeles,0.0,46.0,17.0,46.0,17.0,29.0,29.0
06037409000,Census Tract 4090,37,Los Angeles,3.0,171.0,5.0,168.0,2.0,166.0,166.0
06037408301,Census Tract 4083.01,37,Los Angeles,2.0,131.0,8.0,129.0,6.0,123.0,123.0
06037702202,Census Tract 7022.02,37,Los Angeles,4.0,73.0,13.0,69.0,9.0,60.0,60.0
06065940100,Census Tract 9401,65,Riverside,0.0,31.0,4.0,31.0,4.0,27.0,27.0
06065941200,Census Tract 9412,65,Riverside,6.0,59.0,9.0,53.0,3.0,50.0,50.0
06065941500,Census Tract 9415,65,Riverside,0.0,64.0,5.0,64.0,5.0,59.0,59.0
06065042744,Census Tract 427.44,65,Riverside,0.0,81.0,5.0,81.0,5.0,76.0,76.0
06065043235,Census Tract 432.35,65,Riverside,0.0,553.0,8.0,553.0,8.0,545.0,545.0
06065043278,Census Tract 432.78,65,Riverside,10.0,145.0,11.0,135.0,1.0,134.0,134.0
06065045120,Census Tract 451.20,65,Riverside,25.0,88.0,17.0,63.0,0.0,71.0,63.0
06065940400,Census Tract 9404,65,Riverside,2.0,117.0,10.0,115.0,8.0,107.0,107.0
06065940600,Census Tract 9406,65,Riverside,20.0,106.0,6.0,86.0,0.0,100.0,86.0
06065043279,Census Tract 432.79,65,Riverside,21.0,128.0,7.0,107.0,0.0,121.0,107.0
06071002602,Census Tract 26.02,71,San Bernardino,0.0,184.0,23.0,184.0,23.0,161.0,161.0
06009000301,Census Tract 3.01,9,Calaveras,0.0,112.0,14.0,112.0,14.0,98.0,98.0
06009000124,Census Tract 1.24,9,Calaveras,12.0,59.0,10.0,47.0,0.0,49.0,47.0
06009000221,Census Tract 2.21,9,Calaveras,0.0,517.0,15.0,517.0,15.0,502.0,502.0
06009000302,Census Tract 3.02,9,Calaveras,0.0,61.0,12.0,61.0,12.0,49.0,49.0
06009000222,Census Tract 2.22,9,Calaveras,0.0,165.0,20.0,165.0,20.0,145.0,145.0
06009000505,Census Tract 5.05,9,Calaveras,1.0,50.0,68.0,49.0,67.0,-18.0,-18.0
06009000506,Census Tract 5.06,9,Calaveras,0.0,37.0,31.0,37.0,31.0,6.0,6.0
06009000123,Census Tract 1.23,9,Calaveras,0.0,123.0,37.0,123.0,37.0,86.0,86.0
06037408302,Census Tract 4083.02,37,Los Angeles,28.0,72.0,7.0,44.0,0.0,65.0,44.0
06037530500,Census Tract 5305,37,Los Angeles,0.0,72.0,14.0,72.0,14.0,58.0,58.0
06037530400,Census Tract 5304,37,Los Angeles,8.0,78.0,10.0,70.0,2.0,68.0,68.0
06037408004,Census Tract 4080.04,37,Los Angeles,0.0,51.0,16.0,51.0,16.0,35.0,35.0
06037407601,Census Tract 4076.01,37,Los Angeles,4.0,91.0,15.0,87.0,11.0,76.0,76.0
06037408003,Census Tract 4080.03,37,Los Angeles,0.0,97.0,11.0,97.0,11.0,86.0,86.0
06037434004,Census Tract 4340.04,37,Los Angeles,0.0,64.0,16.0,64.0,16.0,48.0,48.0
06037433804,Census Tract 4338.04,37,Los Angeles,0.0,102.0,10.0,102.0,10.0,92.0,92.0
06037482002,Census Tract 4820.02,37,Los Angeles,8.0,176.0,8.0,168.0,0.0,168.0,168.0
06037407902,Census Tract 4079.02,37,Los Angeles,0.0,43.0,19.0,43.0,19.0,24.0,24.0
06037482522,Census Tract 4825.22,37,Los Angeles,0.0,93.0,10.0,93.0,10.0,83.0,83.0
06037407501,Census Tract 4075.01,37,Los Angeles,0.0,91.0,12.0,91.0,12.0,79.0,79.0
06037434100,Census Tract 4341,37,Los Angeles,1.0,146.0,8.0,145.0,7.0,138.0,138.0
06037434003,Census Tract 4340.03,37,Los Angeles,0.0,76.0,13.0,76.0,13.0,63.0,63.0
06037406602,Census Tract 4066.02,37,Los Angeles,0.0,96.0,10.0,96.0,10.0,86.0,86.0
06037402403,Census Tract 4024.03,37,Los Angeles,0.0,92.0,9.0,92.0,9.0,83.0,83.0
06037403500,Census Tract 4035,37,Los Angeles,0.0,42.0,6.0,42.0,6.0,36.0,36.0
06037800202,Census Tract 8002.02,37,Los Angeles,0.0,168.0,2.0,168.0,2.0,166.0,166.0
06037406101,Census Tract 4061.01,37,Los Angeles,26.0,77.0,11.0,51.0,0.0,66.0,51.0
06077005004,Census Tract 50.04,77,San Joaquin,12.0,147.0,6.0,135.0,0.0,141.0,135.0
06071000201,Census Tract 2.01,71,San Bernardino,17.0,129.0,19.0,112.0,2.0,110.0,110.0
06071000808,Census Tract 8.08,71,San Bernardino,5.0,118.0,21.0,113.0,16.0,97.0,97.0
06077004701,Census Tract 47.01,77,San Joaquin,1.0,79.0,7.0,78.0,6.0,72.0,72.0
06077003110,Census Tract 31.10,77,San Joaquin,0.0,70.0,22.0,70.0,22.0,48.0,48.0
06077003215,Census Tract 32.15,77,San Joaquin,0.0,73.0,8.0,73.0,8.0,65.0,65.0
06077005122,Census Tract 51.22,77,San Joaquin,8.0,307.0,8.0,299.0,0.0,299.0,299.0
06077003700,Census Tract 37,77,San Joaquin,7.0,69.0,4.0,62.0,0.0,65.0,62.0
06077003803,Census Tract 38.03,77,San Joaquin,5.0,110.0,4.0,105.0,0.0,106.0,105.0
06077004001,Census Tract 40.01,77,San Joaquin,0.0,57.0,1.0,57.0,1.0,56.0,56.0
06077003308,Census Tract 33.08,77,San Joaquin,0.0,39.0,35.0,39.0,35.0,4.0,4.0
06077003900,Census Tract 39,77,San Joaquin,0.0,40.0,1.0,40.0,1.0,39.0,39.0
06097151405,Census Tract 1514.05,97,Sonoma,2.0,202.0,11.0,200.0,9.0,191.0,191.0
06097153302,Census Tract 1533.02,97,Sonoma,8.0,136.0,13.0,128.0,5.0,123.0,123.0
06097153708,Census Tract 1537.08,97,Sonoma,0.0,57.0,4.0,57.0,4.0,53.0,53.0
06097152401,Census Tract 1524.01,97,Sonoma,0.0,82.0,9.0,82.0,9.0,73.0,73.0
06097154308,Census Tract 1543.08,97,Sonoma,0.0,36.0,5.0,36.0,5.0,31.0,31.0
06097153405,Census Tract 1534.05,97,Sonoma,2.0,82.0,10.0,80.0,8.0,72.0,72.0
06097154304,Census Tract 1543.04,97,Sonoma,2.0,51.0,1.0,49.0,0.0,50.0,49.0
06037113239,Census Tract 1132.39,37,Los Angeles,1.0,48.0,19.0,47.0,18.0,29.0,29.0
06037113427,Census Tract 1134.27,37,Los Angeles,0.0,53.0,25.0,53.0,25.0,28.0,28.0
06037226702,Census Tract 2267.02,37,Los Angeles,1.0,63.0,20.0,62.0,19.0,43.0,43.0
06037800338,Census Tract 8003.38,37,Los Angeles,34.0,182.0,5.0,148.0,0.0,177.0,148.0
06037143402,Census Tract 1434.02,37,Los Angeles,1.0,48.0,16.0,47.0,15.0,32.0,32.0
06037141305,Census Tract 1413.05,37,Los Angeles,41.0,65.0,15.0,24.0,0.0,50.0,24.0
06037128703,Census Tract 1287.03,37,Los Angeles,2.0,69.0,14.0,67.0,12.0,55.0,55.0
06037800205,Census Tract 8002.05,37,Los Angeles,0.0,91.0,11.0,91.0,11.0,80.0,80.0
06037406000,Census Tract 4060,37,Los Angeles,0.0,120.0,9.0,120.0,9.0,111.0,111.0
06037297002,Census Tract 2970.02,37,Los Angeles,0.0,78.0,15.0,78.0,15.0,63.0,63.0
06037297001,Census Tract 2970.01,37,Los Angeles,0.0,45.0,16.0,45.0,16.0,29.0,29.0
06037403326,Census Tract 4033.26,37,Los Angeles,3.0,57.0,9.0,54.0,6.0,48.0,48.0
06037405701,Census Tract 4057.01,37,Los Angeles,2.0,80.0,13.0,78.0,11.0,67.0,67.0
06037670604,Census Tract 6706.04,37,Los Angeles,4.0,117.0,3.0,113.0,0.0,114.0,113.0
06037403305,Census Tract 4033.05,37,Los Angeles,0.0,57.0,11.0,57.0,11.0,46.0,46.0
06037670603,Census Tract 6706.03,37,Los Angeles,0.0,51.0,7.0,51.0,7.0,44.0,44.0
06037405800,Census Tract 4058,37,Los Angeles,0.0,129.0,9.0,129.0,9.0,120.0,120.0
06037480202,Census Tract 4802.02,37,Los Angeles,3.0,59.0,10.0,56.0,7.0,49.0,49.0
06037577605,Census Tract 5776.05,37,Los Angeles,0.0,88.0,10.0,88.0,10.0,78.0,78.0
06037901007,Census Tract 9010.07,37,Los Angeles,0.0,48.0,6.0,48.0,6.0,42.0,42.0
06037901101,Census Tract 9011.01,37,Los Angeles,0.0,113.0,6.0,113.0,6.0,107.0,107.0
06037901102,Census Tract 9011.02,37,Los Angeles,0.0,112.0,6.0,112.0,6.0,106.0,106.0
06037276601,Census Tract 2766.01,37,Los Angeles,1.0,130.0,9.0,129.0,8.0,121.0,121.0
06037277000,Census Tract 2770,37,Los Angeles,0.0,2947.0,8.0,2947.0,8.0,2939.0,2939.0
06073008331,Census Tract 83.31,73,San Diego,0.0,61.0,22.0,61.0,22.0,39.0,39.0
06073008336,Census Tract 83.36,73,San Diego,0.0,51.0,23.0,51.0,23.0,28.0,28.0
06073008337,Census Tract 83.37,73,San Diego,0.0,111.0,17.0,111.0,17.0,94.0,94.0
06073011601,Census Tract 116.01,73,San Diego,1.0,117.0,25.0,116.0,24.0,92.0,92.0
06073011602,Census Tract 116.02,73,San Diego,0.0,77.0,21.0,77.0,21.0,56.0,56.0
06073011700,Census Tract 117,73,San Diego,6.0,183.0,16.0,177.0,10.0,167.0,167.0
06073011801,Census Tract 118.01,73,San Diego,0.0,66.0,26.0,66.0,26.0,40.0,40.0
06073013307,Census Tract 133.07,73,San Diego,5.0,99.0,18.0,94.0,13.0,81.0,81.0
06037480102,Census Tract 4801.02,37,Los Angeles,1.0,78.0,12.0,77.0,11.0,66.0,66.0
06037404501,Census Tract 4045.01,37,Los Angeles,0.0,55.0,14.0,55.0,14.0,41.0,41.0
06037480012,Census Tract 4800.12,37,Los Angeles,0.0,100.0,11.0,100.0,11.0,89.0,89.0
06037480002,Census Tract 4800.02,37,Los Angeles,0.0,74.0,11.0,74.0,11.0,63.0,63.0
06037431200,Census Tract 4312,37,Los Angeles,0.0,167.0,11.0,167.0,11.0,156.0,156.0
06037431800,Census Tract 4318,37,Los Angeles,0.0,109.0,11.0,109.0,11.0,98.0,98.0
06037431300,Census Tract 4313,37,Los Angeles,0.0,58.0,14.0,58.0,14.0,44.0,44.0
06037430802,Census Tract 4308.02,37,Los Angeles,8.0,84.0,9.0,76.0,1.0,75.0,75.0
06107002304,Census Tract 23.04,107,Tulare,0.0,43.0,43.0,43.0,43.0,0.0,0.0
06071002901,Census Tract 29.01,71,San Bernardino,0.0,105.0,29.0,105.0,29.0,76.0,76.0
06073013308,Census Tract 133.08,73,San Diego,1.0,82.0,17.0,81.0,16.0,65.0,65.0
06073013309,Census Tract 133.09,73,San Diego,22.0,187.0,13.0,165.0,0.0,174.0,165.0
06073013312,Census Tract 133.12,73,San Diego,0.0,64.0,22.0,64.0,22.0,42.0,42.0
06107002601,Census Tract 26.01,107,Tulare,0.0,90.0,18.0,90.0,18.0,72.0,72.0
06107002602,Census Tract 26.02,107,Tulare,0.0,101.0,25.0,101.0,25.0,76.0,76.0
06107002901,Census Tract 29.01,107,Tulare,12.0,63.0,20.0,51.0,8.0,43.0,43.0
06107001400,Census Tract 14,107,Tulare,0.0,98.0,4.0,98.0,4.0,94.0,94.0
06107001502,Census Tract 15.02,107,Tulare,0.0,117.0,12.0,117.0,12.0,105.0,105.0
06107002500,Census Tract 25,107,Tulare,12.0,77.0,4.0,65.0,0.0,73.0,65.0
06107002800,Census Tract 28,107,Tulare,6.0,72.0,15.0,66.0,9.0,57.0,57.0
06107004200,Census Tract 42,107,Tulare,0.0,258.0,2.0,258.0,2.0,256.0,256.0
06081610700,Census Tract 6107,81,San Mateo,4.0,169.0,13.0,165.0,9.0,156.0,156.0
06081610800,Census Tract 6108,81,San Mateo,0.0,99.0,20.0,99.0,20.0,79.0,79.0
06081611000,Census Tract 6110,81,San Mateo,6.0,174.0,12.0,168.0,6.0,162.0,162.0
06081611200,Census Tract 6112,81,San Mateo,0.0,64.0,13.0,64.0,13.0,51.0,51.0
06037920040,Census Tract 9200.40,37,Los Angeles,0.0,65.0,7.0,65.0,7.0,58.0,58.0
06095250701,Census Tract 2507.01,95,Solano,5.0,69.0,15.0,64.0,10.0,54.0,54.0
06095251000,Census Tract 2510,95,Solano,0.0,53.0,29.0,53.0,29.0,24.0,24.0
06095251300,Census Tract 2513,95,Solano,0.0,67.0,22.0,67.0,22.0,45.0,45.0
06077005106,Census Tract 51.06,77,San Joaquin,0.0,1988.0,3.0,1988.0,3.0,1985.0,1985.0
06077005119,Census Tract 51.19,77,San Joaquin,8.0,1086.0,4.0,1078.0,0.0,1082.0,1078.0
06077004202,Census Tract 42.02,77,San Joaquin,0.0,45.0,21.0,45.0,21.0,24.0,24.0
06077002800,Census Tract 28,77,San Joaquin,0.0,156.0,9.0,156.0,9.0,147.0,147.0
06077003602,Census Tract 36.02,77,San Joaquin,0.0,87.0,4.0,87.0,4.0,83.0,83.0
06077003109,Census Tract 31.09,77,San Joaquin,6.0,77.0,14.0,71.0,8.0,63.0,63.0
06077001800,Census Tract 18,77,San Joaquin,2.0,67.0,18.0,65.0,16.0,49.0,49.0
06077005124,Census Tract 51.24,77,San Joaquin,0.0,70.0,24.0,70.0,24.0,46.0,46.0
06077003406,Census Tract 34.06,77,San Joaquin,0.0,56.0,27.0,56.0,27.0,29.0,29.0
06077003305,Census Tract 33.05,77,San Joaquin,0.0,75.0,18.0,75.0,18.0,57.0,57.0
06001435104,Census Tract 4351.04,1,Alameda,8.0,212.0,5.0,204.0,0.0,207.0,204.0
06001405301,Census Tract 4053.01,1,Alameda,0.0,49.0,26.0,49.0,26.0,23.0,23.0
06061023502,Census Tract 235.02,61,Placer,2.0,199.0,11.0,197.0,9.0,188.0,188.0
06061023501,Census Tract 235.01,61,Placer,0.0,39.0,18.0,39.0,18.0,21.0,21.0
06107001705,Census Tract 17.05,107,Tulare,0.0,68.0,28.0,68.0,28.0,40.0,40.0
06001982000,Census Tract 9820,1,Alameda,0.0,30.0,10.0,30.0,10.0,20.0,20.0
06001450102,Census Tract 4501.02,1,Alameda,52.0,337.0,4.0,285.0,0.0,333.0,285.0
06017030902,Census Tract 309.02,17,El Dorado,58.0,134.0,8.0,76.0,0.0,126.0,76.0
06017031302,Census Tract 313.02,17,El Dorado,6.0,110.0,10.0,104.0,4.0,100.0,100.0
06017031404,Census Tract 314.04,17,El Dorado,4.0,59.0,9.0,55.0,5.0,50.0,50.0
06017031100,Census Tract 311,17,El Dorado,4.0,149.0,9.0,145.0,5.0,140.0,140.0
06017030502,Census Tract 305.02,17,El Dorado,0.0,51.0,14.0,51.0,14.0,37.0,37.0
06017030601,Census Tract 306.01,17,El Dorado,0.0,133.0,4.0,133.0,4.0,129.0,129.0
06017031503,Census Tract 315.03,17,El Dorado,0.0,76.0,6.0,76.0,6.0,70.0,70.0
06017030801,Census Tract 308.01,17,El Dorado,0.0,97.0,7.0,97.0,7.0,90.0,90.0
06017030603,Census Tract 306.03,17,El Dorado,4.0,58.0,2.0,54.0,0.0,56.0,54.0
06037431100,Census Tract 4311,37,Los Angeles,20.0,197.0,7.0,177.0,0.0,190.0,177.0
06037800101,Census Tract 8001.01,37,Los Angeles,1.0,149.0,5.0,148.0,4.0,144.0,144.0
06037430724,Census Tract 4307.24,37,Los Angeles,1.0,111.0,17.0,110.0,16.0,94.0,94.0
06037430902,Census Tract 4309.02,37,Los Angeles,4.0,109.0,12.0,105.0,8.0,97.0,97.0
06037800328,Census Tract 8003.28,37,Los Angeles,0.0,44.0,4.0,44.0,4.0,40.0,40.0
06071003401,Census Tract 34.01,71,San Bernardino,0.0,176.0,21.0,176.0,21.0,155.0,155.0
06107002903,Census Tract 29.03,107,Tulare,0.0,112.0,28.0,112.0,28.0,84.0,84.0
06107002904,Census Tract 29.04,107,Tulare,0.0,128.0,30.0,128.0,30.0,98.0,98.0
06071003403,Census Tract 34.03,71,San Bernardino,0.0,91.0,24.0,91.0,24.0,67.0,67.0
06071003700,Census Tract 37,71,San Bernardino,4.0,73.0,29.0,69.0,25.0,44.0,44.0
06037670500,Census Tract 6705,37,Los Angeles,0.0,48.0,5.0,48.0,5.0,43.0,43.0
06037670701,Census Tract 6707.01,37,Los Angeles,0.0,167.0,8.0,167.0,8.0,159.0,159.0
06037700200,Census Tract 7002,37,Los Angeles,9.0,126.0,15.0,117.0,6.0,111.0,111.0
06107003001,Census Tract 30.01,107,Tulare,0.0,77.0,35.0,77.0,35.0,42.0,42.0
06107003002,Census Tract 30.02,107,Tulare,0.0,73.0,16.0,73.0,16.0,57.0,57.0
06107000502,Census Tract 5.02,107,Tulare,0.0,75.0,11.0,75.0,11.0,64.0,64.0
06107000302,Census Tract 3.02,107,Tulare,16.0,72.0,4.0,56.0,0.0,68.0,56.0
06107004500,Census Tract 45,107,Tulare,0.0,136.0,2.0,136.0,2.0,134.0,134.0
06107000600,Census Tract 6,107,Tulare,0.0,161.0,6.0,161.0,6.0,155.0,155.0
06107001602,Census Tract 16.02,107,Tulare,0.0,105.0,6.0,105.0,6.0,99.0,99.0
06107000401,Census Tract 4.01,107,Tulare,2.0,153.0,12.0,151.0,10.0,141.0,141.0
06107003902,Census Tract 39.02,107,Tulare,0.0,119.0,5.0,119.0,5.0,114.0,114.0
06107000701,Census Tract 7.01,107,Tulare,0.0,66.0,7.0,66.0,7.0,59.0,59.0
06107002006,Census Tract 20.06,107,Tulare,2.0,81.0,9.0,79.0,7.0,72.0,72.0
06107004000,Census Tract 40,107,Tulare,0.0,30.0,38.0,30.0,38.0,-8.0,-8.0
06107000202,Census Tract 2.02,107,Tulare,0.0,59.0,4.0,59.0,4.0,55.0,55.0
06107002100,Census Tract 21,107,Tulare,0.0,51.0,4.0,51.0,4.0,47.0,47.0
06073008343,Census Tract 83.43,73,San Diego,0.0,68.0,24.0,68.0,24.0,44.0,44.0
06073008344,Census Tract 83.44,73,San Diego,0.0,59.0,15.0,59.0,15.0,44.0,44.0
06073008345,Census Tract 83.45,73,San Diego,4.0,69.0,15.0,65.0,11.0,54.0,54.0
06037700300,Census Tract 7003,37,Los Angeles,14.0,110.0,16.0,96.0,2.0,94.0,94.0
06107003100,Census Tract 31,107,Tulare,1.0,58.0,3.0,57.0,2.0,55.0,55.0
06017032002,Census Tract 320.02,17,El Dorado,0.0,31.0,4.0,31.0,4.0,27.0,27.0
06017031409,Census Tract 314.09,17,El Dorado,2.0,51.0,2.0,49.0,0.0,49.0,49.0
06017030606,Census Tract 306.06,17,El Dorado,0.0,132.0,5.0,132.0,5.0,127.0,127.0
06017030712,Census Tract 307.12,17,El Dorado,0.0,115.0,5.0,115.0,5.0,110.0,110.0
06017030812,Census Tract 308.12,17,El Dorado,5.0,160.0,12.0,155.0,7.0,148.0,148.0
06017031407,Census Tract 314.07,17,El Dorado,0.0,55.0,7.0,55.0,7.0,48.0,48.0
06017031408,Census Tract 314.08,17,El Dorado,3.0,48.0,6.0,45.0,3.0,42.0,42.0
06017032001,Census Tract 320.01,17,El Dorado,0.0,38.0,18.0,38.0,18.0,20.0,20.0
06017030605,Census Tract 306.05,17,El Dorado,0.0,57.0,9.0,57.0,9.0,48.0,48.0
06017030506,Census Tract 305.06,17,El Dorado,0.0,36.0,8.0,36.0,8.0,28.0,28.0
06017030604,Census Tract 306.04,17,El Dorado,0.0,42.0,4.0,42.0,4.0,38.0,38.0
06017030201,Census Tract 302.01,17,El Dorado,11.0,46.0,25.0,35.0,14.0,21.0,21.0
06017030507,Census Tract 305.07,17,El Dorado,8.0,39.0,6.0,31.0,0.0,33.0,31.0
06017031601,Census Tract 316.01,17,El Dorado,23.0,46.0,41.0,23.0,18.0,5.0,5.0
06017030202,Census Tract 302.02,17,El Dorado,0.0,44.0,27.0,44.0,27.0,17.0,17.0
06017030403,Census Tract 304.03,17,El Dorado,0.0,39.0,30.0,39.0,30.0,9.0,9.0
06017031506,Census Tract 315.06,17,El Dorado,0.0,74.0,16.0,74.0,16.0,58.0,58.0
06017030404,Census Tract 304.04,17,El Dorado,0.0,49.0,39.0,49.0,39.0,10.0,10.0
06017030711,Census Tract 307.11,17,El Dorado,7.0,320.0,12.0,313.0,5.0,308.0,308.0
06017031602,Census Tract 316.02,17,El Dorado,2.0,43.0,23.0,41.0,21.0,20.0,20.0
06017031505,Census Tract 315.05,17,El Dorado,5.0,82.0,16.0,77.0,11.0,66.0,66.0
06017030811,Census Tract 308.11,17,El Dorado,0.0,44.0,47.0,44.0,47.0,-3.0,-3.0
06073013401,Census Tract 134.01,73,San Diego,0.0,105.0,14.0,105.0,14.0,91.0,91.0
06073013409,Census Tract 134.09,73,San Diego,16.0,145.0,13.0,129.0,0.0,132.0,129.0
06073015601,Census Tract 156.01,73,San Diego,0.0,146.0,17.0,146.0,17.0,129.0,129.0
06073015701,Census Tract 157.01,73,San Diego,10.0,150.0,21.0,140.0,11.0,129.0,129.0
06081611300,Census Tract 6113,81,San Mateo,0.0,110.0,10.0,110.0,10.0,100.0,100.0
06081611500,Census Tract 6115,81,San Mateo,8.0,70.0,7.0,62.0,0.0,63.0,62.0
06081611600,Census Tract 6116,81,San Mateo,0.0,60.0,15.0,60.0,15.0,45.0,45.0
06095251400,Census Tract 2514,95,Solano,0.0,152.0,16.0,152.0,16.0,136.0,136.0
06095251500,Census Tract 2515,95,Solano,0.0,70.0,21.0,70.0,21.0,49.0,49.0
06095251600,Census Tract 2516,95,Solano,0.0,58.0,23.0,58.0,23.0,35.0,35.0
06037920030,Census Tract 9200.30,37,Los Angeles,2.0,156.0,8.0,154.0,6.0,148.0,148.0
06071000304,Census Tract 3.04,71,San Bernardino,3.0,172.0,18.0,169.0,15.0,154.0,154.0
06095251701,Census Tract 2517.01,95,Solano,1.0,58.0,17.0,57.0,16.0,41.0,41.0
06095251702,Census Tract 2517.02,95,Solano,0.0,59.0,32.0,59.0,32.0,27.0,27.0
06095251803,Census Tract 2518.03,95,Solano,0.0,70.0,11.0,70.0,11.0,59.0,59.0
06095251804,Census Tract 2518.04,95,Solano,0.0,50.0,15.0,50.0,15.0,35.0,35.0
06037271600,Census Tract 2716,37,Los Angeles,3.0,101.0,13.0,98.0,10.0,88.0,88.0
06037400209,Census Tract 4002.09,37,Los Angeles,0.0,106.0,5.0,106.0,5.0,101.0,101.0
06037577606,Census Tract 5776.06,37,Los Angeles,0.0,72.0,12.0,72.0,12.0,60.0,60.0
06037900901,Census Tract 9009.01,37,Los Angeles,0.0,58.0,1.0,58.0,1.0,57.0,57.0
06037900902,Census Tract 9009.02,37,Los Angeles,0.0,42.0,1.0,42.0,1.0,41.0,41.0
06037137202,Census Tract 1372.02,37,Los Angeles,1.0,67.0,14.0,66.0,13.0,53.0,53.0
06037276606,Census Tract 2766.06,37,Los Angeles,0.0,64.0,28.0,64.0,28.0,36.0,36.0
06037269908,Census Tract 2699.08,37,Los Angeles,2.0,45.0,31.0,43.0,29.0,14.0,14.0
06037206303,Census Tract 2063.03,37,Los Angeles,0.0,43.0,19.0,43.0,19.0,24.0,24.0
06037267503,Census Tract 2675.03,37,Los Angeles,4.0,49.0,29.0,45.0,25.0,20.0,20.0
06037267406,Census Tract 2674.06,37,Los Angeles,1.0,46.0,28.0,45.0,27.0,18.0,18.0
06037206053,Census Tract 2060.53,37,Los Angeles,0.0,51.0,17.0,51.0,17.0,34.0,34.0
06037670417,Census Tract 6704.17,37,Los Angeles,16.0,68.0,9.0,52.0,0.0,59.0,52.0
06037670101,Census Tract 6701.01,37,Los Angeles,0.0,76.0,12.0,76.0,12.0,64.0,64.0
06037670418,Census Tract 6704.18,37,Los Angeles,0.0,106.0,8.0,106.0,8.0,98.0,98.0
06037980011,Census Tract 9800.11,37,Los Angeles,0.0,30.0,11.0,30.0,11.0,19.0,19.0
06037578000,Census Tract 5780,37,Los Angeles,3.0,93.0,9.0,90.0,6.0,84.0,84.0
06071003900,Census Tract 39,71,San Bernardino,0.0,109.0,26.0,109.0,26.0,83.0,83.0
06065044505,Census Tract 445.05,65,Riverside,0.0,168.0,10.0,168.0,10.0,158.0,158.0
06037571202,Census Tract 5712.02,37,Los Angeles,0.0,81.0,11.0,81.0,11.0,70.0,70.0
06037555107,Census Tract 5551.07,37,Los Angeles,0.0,100.0,11.0,100.0,11.0,89.0,89.0
06037480101,Census Tract 4801.01,37,Los Angeles,0.0,92.0,12.0,92.0,12.0,80.0,80.0
06037555105,Census Tract 5551.05,37,Los Angeles,2.0,119.0,12.0,117.0,10.0,107.0,107.0
06037650606,Census Tract 6506.06,37,Los Angeles,9.0,86.0,15.0,77.0,6.0,71.0,71.0
06037292002,Census Tract 2920.02,37,Los Angeles,0.0,52.0,19.0,52.0,19.0,33.0,33.0
06037570703,Census Tract 5707.03,37,Los Angeles,0.0,64.0,13.0,64.0,13.0,51.0,51.0
06037650801,Census Tract 6508.01,37,Los Angeles,2.0,84.0,15.0,82.0,13.0,69.0,69.0
06037461300,Census Tract 4613,37,Los Angeles,0.0,136.0,9.0,136.0,9.0,127.0,127.0
06037620703,Census Tract 6207.03,37,Los Angeles,0.0,70.0,17.0,70.0,17.0,53.0,53.0
06037620704,Census Tract 6207.04,37,Los Angeles,0.0,74.0,15.0,74.0,15.0,59.0,59.0
06037570503,Census Tract 5705.03,37,Los Angeles,0.0,65.0,17.0,65.0,17.0,48.0,48.0
06037570306,Census Tract 5703.06,37,Los Angeles,0.0,59.0,19.0,59.0,19.0,40.0,40.0
06037543203,Census Tract 5432.03,37,Los Angeles,0.0,81.0,7.0,81.0,7.0,74.0,74.0
06037620801,Census Tract 6208.01,37,Los Angeles,2.0,85.0,12.0,83.0,10.0,73.0,73.0
06037620802,Census Tract 6208.02,37,Los Angeles,7.0,78.0,11.0,71.0,4.0,67.0,67.0
06037604102,Census Tract 6041.02,37,Los Angeles,0.0,54.0,18.0,54.0,18.0,36.0,36.0
06037901300,Census Tract 9013,37,Los Angeles,0.0,44.0,1.0,44.0,1.0,43.0,43.0
06037570305,Census Tract 5703.05,37,Los Angeles,0.0,87.0,15.0,87.0,15.0,72.0,72.0
06037621005,Census Tract 6210.05,37,Los Angeles,18.0,107.0,9.0,89.0,0.0,98.0,89.0
06037570504,Census Tract 5705.04,37,Los Angeles,2.0,58.0,13.0,56.0,11.0,45.0,45.0
06037604101,Census Tract 6041.01,37,Los Angeles,0.0,75.0,19.0,75.0,19.0,56.0,56.0
06071002501,Census Tract 25.01,71,San Bernardino,0.0,108.0,17.0,108.0,17.0,91.0,91.0
06037920028,Census Tract 9200.28,37,Los Angeles,0.0,386.0,8.0,386.0,8.0,378.0,378.0
06107002702,Census Tract 27.02,107,Tulare,0.0,91.0,1.0,91.0,1.0,90.0,90.0
06107002701,Census Tract 27.01,107,Tulare,0.0,45.0,1.0,45.0,1.0,44.0,44.0
06107000102,Census Tract 1.02,107,Tulare,2.0,41.0,1.0,39.0,0.0,40.0,39.0
06107000303,Census Tract 3.03,107,Tulare,4.0,92.0,5.0,88.0,1.0,87.0,87.0
06107000902,Census Tract 9.02,107,Tulare,0.0,87.0,4.0,87.0,4.0,83.0,83.0
06107000304,Census Tract 3.04,107,Tulare,0.0,77.0,5.0,77.0,5.0,72.0,72.0
06107000901,Census Tract 9.01,107,Tulare,19.0,153.0,5.0,134.0,0.0,148.0,134.0
06107000801,Census Tract 8.01,107,Tulare,0.0,82.0,16.0,82.0,16.0,66.0,66.0
06107000802,Census Tract 8.02,107,Tulare,0.0,55.0,4.0,55.0,4.0,51.0,51.0
06107002402,Census Tract 24.02,107,Tulare,0.0,90.0,4.0,90.0,4.0,86.0,86.0
06107002403,Census Tract 24.03,107,Tulare,6.0,168.0,17.0,162.0,11.0,151.0,151.0
06107000101,Census Tract 1.01,107,Tulare,0.0,81.0,2.0,81.0,2.0,79.0,79.0
06107001010,Census Tract 10.10,107,Tulare,4.0,72.0,38.0,68.0,34.0,34.0,34.0
06107001009,Census Tract 10.09,107,Tulare,0.0,89.0,29.0,89.0,29.0,60.0,60.0
06107001008,Census Tract 10.08,107,Tulare,0.0,98.0,9.0,98.0,9.0,89.0,89.0
06107003202,Census Tract 32.02,107,Tulare,0.0,46.0,8.0,46.0,8.0,38.0,38.0
06107001306,Census Tract 13.06,107,Tulare,0.0,102.0,16.0,102.0,16.0,86.0,86.0
06107001011,Census Tract 10.11,107,Tulare,0.0,177.0,26.0,177.0,26.0,151.0,151.0
06107002010,Census Tract 20.10,107,Tulare,8.0,121.0,10.0,113.0,2.0,111.0,111.0
06107002401,Census Tract 24.01,107,Tulare,5.0,116.0,8.0,111.0,3.0,108.0,108.0
06107003904,Census Tract 39.04,107,Tulare,0.0,59.0,26.0,59.0,26.0,33.0,33.0
06107003401,Census Tract 34.01,107,Tulare,8.0,171.0,5.0,163.0,0.0,166.0,163.0
06107003201,Census Tract 32.01,107,Tulare,0.0,87.0,3.0,87.0,3.0,84.0,84.0
06107003302,Census Tract 33.02,107,Tulare,0.0,56.0,4.0,56.0,4.0,52.0,52.0
06107000203,Census Tract 2.03,107,Tulare,0.0,101.0,16.0,101.0,16.0,85.0,85.0
06107003601,Census Tract 36.01,107,Tulare,2.0,157.0,26.0,155.0,24.0,131.0,131.0
06097153406,Census Tract 1534.06,97,Sonoma,6.0,62.0,18.0,56.0,12.0,44.0,44.0
06097153710,Census Tract 1537.10,97,Sonoma,3.0,52.0,7.0,49.0,4.0,45.0,45.0
06097152601,Census Tract 1526.01,97,Sonoma,0.0,154.0,4.0,154.0,4.0,150.0,150.0
06097153709,Census Tract 1537.09,97,Sonoma,4.0,58.0,5.0,54.0,1.0,53.0,53.0
06071002902,Census Tract 29.02,71,San Bernardino,0.0,149.0,24.0,149.0,24.0,125.0,125.0
06037920035,Census Tract 9200.35,37,Los Angeles,3.0,307.0,8.0,304.0,5.0,299.0,299.0
06037670102,Census Tract 6701.02,37,Los Angeles,4.0,75.0,17.0,71.0,13.0,58.0,58.0
06037543704,Census Tract 5437.04,37,Los Angeles,0.0,67.0,16.0,67.0,16.0,51.0,51.0
06037543605,Census Tract 5436.05,37,Los Angeles,0.0,82.0,13.0,82.0,13.0,69.0,69.0
06037573101,Census Tract 5731.01,37,Los Angeles,0.0,76.0,18.0,76.0,18.0,58.0,58.0
06037573102,Census Tract 5731.02,37,Los Angeles,0.0,57.0,16.0,57.0,16.0,41.0,41.0
06037543705,Census Tract 5437.05,37,Los Angeles,0.0,66.0,16.0,66.0,16.0,50.0,50.0
06037577700,Census Tract 5777,37,Los Angeles,0.0,79.0,11.0,79.0,11.0,68.0,68.0
06037543607,Census Tract 5436.07,37,Los Angeles,4.0,114.0,11.0,110.0,7.0,103.0,103.0
06037141306,Census Tract 1413.06,37,Los Angeles,3.0,68.0,17.0,65.0,14.0,51.0,51.0
06037128704,Census Tract 1287.04,37,Los Angeles,12.0,56.0,14.0,44.0,2.0,42.0,42.0
06037301901,Census Tract 3019.01,37,Los Angeles,24.0,77.0,19.0,53.0,0.0,58.0,53.0
06037139506,Census Tract 1395.06,37,Los Angeles,0.0,60.0,30.0,60.0,30.0,30.0,30.0
06037650904,Census Tract 6509.04,37,Los Angeles,1.0,61.0,13.0,60.0,12.0,48.0,48.0
06037571201,Census Tract 5712.01,37,Los Angeles,0.0,84.0,11.0,84.0,11.0,73.0,73.0
06037293204,Census Tract 2932.04,37,Los Angeles,0.0,102.0,17.0,102.0,17.0,85.0,85.0
06037555106,Census Tract 5551.06,37,Los Angeles,35.0,54.0,14.0,19.0,0.0,40.0,19.0
06037603007,Census Tract 6030.07,37,Los Angeles,0.0,73.0,16.0,73.0,16.0,57.0,57.0
06037602202,Census Tract 6022.02,37,Los Angeles,0.0,62.0,18.0,62.0,18.0,44.0,44.0
06037275313,Census Tract 2753.13,37,Los Angeles,6.0,70.0,13.0,64.0,7.0,57.0,57.0
06037297501,Census Tract 2975.01,37,Los Angeles,0.0,51.0,7.0,51.0,7.0,44.0,44.0
06037297502,Census Tract 2975.02,37,Los Angeles,2.0,48.0,13.0,46.0,11.0,35.0,35.0
06037261104,Census Tract 2611.04,37,Los Angeles,0.0,46.0,6.0,46.0,6.0,40.0,40.0
06037543606,Census Tract 5436.06,37,Los Angeles,0.0,76.0,16.0,76.0,16.0,60.0,60.0
06037293206,Census Tract 2932.06,37,Los Angeles,0.0,61.0,20.0,61.0,20.0,41.0,41.0
06037650903,Census Tract 6509.03,37,Los Angeles,0.0,123.0,12.0,123.0,12.0,111.0,111.0
06037577900,Census Tract 5779,37,Los Angeles,0.0,146.0,10.0,146.0,10.0,136.0,136.0
06037543803,Census Tract 5438.03,37,Los Angeles,9.0,101.0,15.0,92.0,6.0,86.0,86.0
06037293203,Census Tract 2932.03,37,Los Angeles,1.0,71.0,19.0,70.0,18.0,52.0,52.0
06037910213,Census Tract 9102.13,37,Los Angeles,4.0,46.0,2.0,42.0,0.0,44.0,42.0
06037920038,Census Tract 9200.38,37,Los Angeles,6.0,119.0,13.0,113.0,7.0,106.0,106.0
06037115204,Census Tract 1152.04,37,Los Angeles,0.0,89.0,15.0,89.0,15.0,74.0,74.0
06037113324,Census Tract 1133.24,37,Los Angeles,0.0,65.0,23.0,65.0,23.0,42.0,42.0
06037113323,Census Tract 1133.23,37,Los Angeles,6.0,72.0,15.0,66.0,9.0,57.0,57.0
06037104823,Census Tract 1048.23,37,Los Angeles,0.0,66.0,18.0,66.0,18.0,48.0,48.0
06037111304,Census Tract 1113.04,37,Los Angeles,0.0,69.0,19.0,69.0,19.0,50.0,50.0
06037103202,Census Tract 1032.02,37,Los Angeles,0.0,52.0,6.0,52.0,6.0,46.0,46.0
06037101221,Census Tract 1012.21,37,Los Angeles,0.0,81.0,22.0,81.0,22.0,59.0,59.0
06037103402,Census Tract 1034.02,37,Los Angeles,0.0,78.0,12.0,78.0,12.0,66.0,66.0
06037910607,Census Tract 9106.07,37,Los Angeles,0.0,75.0,12.0,75.0,12.0,63.0,63.0
06037910717,Census Tract 9107.17,37,Los Angeles,2.0,51.0,10.0,49.0,8.0,41.0,41.0
06037910608,Census Tract 9106.08,37,Los Angeles,0.0,71.0,11.0,71.0,11.0,60.0,60.0
06037910718,Census Tract 9107.18,37,Los Angeles,0.0,105.0,9.0,105.0,9.0,96.0,96.0
06037911100,Census Tract 9111,37,Los Angeles,2.0,174.0,1.0,172.0,0.0,173.0,172.0
06037910405,Census Tract 9104.05,37,Los Angeles,0.0,111.0,8.0,111.0,8.0,103.0,103.0
06037910215,Census Tract 9102.15,37,Los Angeles,24.0,188.0,7.0,164.0,0.0,181.0,164.0
06037910212,Census Tract 9102.12,37,Los Angeles,0.0,69.0,3.0,69.0,3.0,66.0,66.0
06037901214,Census Tract 9012.14,37,Los Angeles,0.0,101.0,6.0,101.0,6.0,95.0,95.0
06037901014,Census Tract 9010.14,37,Los Angeles,2.0,101.0,5.0,99.0,3.0,96.0,96.0
06037901216,Census Tract 9012.16,37,Los Angeles,0.0,61.0,2.0,61.0,2.0,59.0,59.0
06037901012,Census Tract 9010.12,37,Los Angeles,0.0,145.0,7.0,145.0,7.0,138.0,138.0
06037900509,Census Tract 9005.09,37,Los Angeles,0.0,84.0,10.0,84.0,10.0,74.0,74.0
06037900611,Census Tract 9006.11,37,Los Angeles,0.0,78.0,9.0,78.0,9.0,69.0,69.0
06037900510,Census Tract 9005.10,37,Los Angeles,0.0,76.0,8.0,76.0,8.0,68.0,68.0
06037920041,Census Tract 9200.41,37,Los Angeles,4.0,97.0,10.0,93.0,6.0,87.0,87.0
06107003602,Census Tract 36.02,107,Tulare,0.0,169.0,19.0,169.0,19.0,150.0,150.0
06107003700,Census Tract 37,107,Tulare,1.0,123.0,17.0,122.0,16.0,106.0,106.0
06107003801,Census Tract 38.01,107,Tulare,0.0,73.0,34.0,73.0,34.0,39.0,39.0
06037125102,Census Tract 1251.02,37,Los Angeles,2.0,48.0,16.0,46.0,14.0,32.0,32.0
06037920109,Census Tract 9201.09,37,Los Angeles,0.0,147.0,9.0,147.0,9.0,138.0,138.0
06037125404,Census Tract 1254.04,37,Los Angeles,9.0,60.0,27.0,51.0,18.0,33.0,33.0
06037460002,Census Tract 4600.02,37,Los Angeles,0.0,64.0,10.0,64.0,10.0,54.0,54.0
06037137203,Census Tract 1372.03,37,Los Angeles,0.0,56.0,12.0,56.0,12.0,44.0,44.0
06037125101,Census Tract 1251.01,37,Los Angeles,0.0,80.0,16.0,80.0,16.0,64.0,64.0
06037125403,Census Tract 1254.03,37,Los Angeles,3.0,56.0,31.0,53.0,28.0,25.0,25.0
06037125321,Census Tract 1253.21,37,Los Angeles,2.0,57.0,25.0,55.0,23.0,32.0,32.0
06037125322,Census Tract 1253.22,37,Los Angeles,1.0,54.0,21.0,53.0,20.0,33.0,33.0
06037139505,Census Tract 1395.05,37,Los Angeles,1.0,53.0,31.0,52.0,30.0,22.0,22.0
06037133101,Census Tract 1331.01,37,Los Angeles,1.0,45.0,16.0,44.0,15.0,29.0,29.0
06037310704,Census Tract 3107.04,37,Los Angeles,22.0,92.0,18.0,70.0,0.0,74.0,70.0
06037133102,Census Tract 1331.02,37,Los Angeles,0.0,72.0,14.0,72.0,14.0,58.0,58.0
06037131024,Census Tract 1310.24,37,Los Angeles,1.0,73.0,14.0,72.0,13.0,59.0,59.0
06037135205,Census Tract 1352.05,37,Los Angeles,0.0,54.0,8.0,54.0,8.0,46.0,46.0
06037134801,Census Tract 1348.01,37,Los Angeles,0.0,60.0,13.0,60.0,13.0,47.0,47.0
06037134802,Census Tract 1348.02,37,Los Angeles,0.0,62.0,13.0,62.0,13.0,49.0,49.0
06037131802,Census Tract 1318.02,37,Los Angeles,0.0,52.0,16.0,52.0,16.0,36.0,36.0
06037300602,Census Tract 3006.02,37,Los Angeles,0.0,79.0,10.0,79.0,10.0,69.0,69.0
06037131022,Census Tract 1310.22,37,Los Angeles,0.0,60.0,18.0,60.0,18.0,42.0,42.0
06037113424,Census Tract 1134.24,37,Los Angeles,0.0,61.0,10.0,61.0,10.0,51.0,51.0
06037119802,Census Tract 1198.02,37,Los Angeles,0.0,65.0,16.0,65.0,16.0,49.0,49.0
06037293205,Census Tract 2932.05,37,Los Angeles,2.0,83.0,16.0,81.0,14.0,67.0,67.0
06037650802,Census Tract 6508.02,37,Los Angeles,0.0,75.0,17.0,75.0,17.0,58.0,58.0
06037571505,Census Tract 5715.05,37,Los Angeles,0.0,57.0,16.0,57.0,16.0,41.0,41.0
06037543804,Census Tract 5438.04,37,Los Angeles,0.0,104.0,17.0,104.0,17.0,87.0,87.0
06037292001,Census Tract 2920.01,37,Los Angeles,41.0,97.0,7.0,56.0,0.0,90.0,56.0
06037603902,Census Tract 6039.02,37,Los Angeles,8.0,67.0,15.0,59.0,7.0,52.0,52.0
06037541003,Census Tract 5410.03,37,Los Angeles,13.0,82.0,5.0,69.0,0.0,77.0,69.0
06037603008,Census Tract 6030.08,37,Los Angeles,0.0,80.0,19.0,80.0,19.0,61.0,61.0
06037603705,Census Tract 6037.05,37,Los Angeles,0.0,56.0,25.0,56.0,25.0,31.0,31.0
06037541402,Census Tract 5414.02,37,Los Angeles,0.0,55.0,22.0,55.0,22.0,33.0,33.0
06037503704,Census Tract 5037.04,37,Los Angeles,4.0,96.0,10.0,92.0,6.0,86.0,86.0
06037602602,Census Tract 6026.02,37,Los Angeles,0.0,66.0,16.0,66.0,16.0,50.0,50.0
06037551801,Census Tract 5518.01,37,Los Angeles,41.0,64.0,12.0,23.0,0.0,52.0,23.0
06037602511,Census Tract 6025.11,37,Los Angeles,0.0,79.0,22.0,79.0,22.0,57.0,57.0
06037536202,Census Tract 5362.02,37,Los Angeles,0.0,78.0,13.0,78.0,13.0,65.0,65.0
06037703200,Census Tract 7032,37,Los Angeles,0.0,97.0,9.0,97.0,9.0,88.0,88.0
06037800325,Census Tract 8003.25,37,Los Angeles,1.0,110.0,8.0,109.0,7.0,102.0,102.0
06103000500,Census Tract 5,103,Tehama,3.0,118.0,46.0,115.0,43.0,72.0,72.0
06103000900,Census Tract 9,103,Tehama,0.0,105.0,8.0,105.0,8.0,97.0,97.0
06103001000,Census Tract 10,103,Tehama,0.0,255.0,10.0,255.0,10.0,245.0,245.0
06073008348,Census Tract 83.48,73,San Diego,0.0,132.0,15.0,132.0,15.0,117.0,117.0
06073008349,Census Tract 83.49,73,San Diego,7.0,84.0,21.0,77.0,14.0,63.0,63.0
06073008351,Census Tract 83.51,73,San Diego,23.0,132.0,20.0,109.0,0.0,112.0,109.0
06073008352,Census Tract 83.52,73,San Diego,0.0,89.0,25.0,89.0,25.0,64.0,64.0
06073008353,Census Tract 83.53,73,San Diego,0.0,106.0,15.0,106.0,15.0,91.0,91.0
06083001001,Census Tract 10.01,83,Santa Barbara,0.0,74.0,30.0,74.0,30.0,44.0,44.0
06083001403,Census Tract 14.03,83,Santa Barbara,12.0,54.0,14.0,42.0,2.0,40.0,40.0
06083002410,Census Tract 24.10,83,Santa Barbara,4.0,139.0,8.0,135.0,4.0,131.0,131.0
06083002937,Census Tract 29.37,83,Santa Barbara,4.0,50.0,15.0,46.0,11.0,35.0,35.0
06083002935,Census Tract 29.35,83,Santa Barbara,19.0,58.0,24.0,39.0,5.0,34.0,34.0
06083001910,Census Tract 19.10,83,Santa Barbara,9.0,69.0,13.0,60.0,4.0,56.0,56.0
06083002406,Census Tract 24.06,83,Santa Barbara,0.0,88.0,34.0,88.0,34.0,54.0,54.0
06083002308,Census Tract 23.08,83,Santa Barbara,5.0,68.0,20.0,63.0,15.0,48.0,48.0
06083002503,Census Tract 25.03,83,Santa Barbara,0.0,55.0,2.0,55.0,2.0,53.0,53.0
06083002934,Census Tract 29.34,83,Santa Barbara,18.0,54.0,13.0,36.0,0.0,41.0,36.0
06083002407,Census Tract 24.07,83,Santa Barbara,0.0,107.0,29.0,107.0,29.0,78.0,78.0
06083002409,Census Tract 24.09,83,Santa Barbara,0.0,379.0,9.0,379.0,9.0,370.0,370.0
06083002310,Census Tract 23.10,83,Santa Barbara,0.0,85.0,29.0,85.0,29.0,56.0,56.0
06083002309,Census Tract 23.09,83,Santa Barbara,0.0,80.0,29.0,80.0,29.0,51.0,51.0
06083002405,Census Tract 24.05,83,Santa Barbara,0.0,81.0,26.0,81.0,26.0,55.0,55.0
06083002710,Census Tract 27.10,83,Santa Barbara,0.0,99.0,28.0,99.0,28.0,71.0,71.0
06083000805,Census Tract 8.05,83,Santa Barbara,15.0,42.0,17.0,27.0,2.0,25.0,25.0
06083001307,Census Tract 13.07,83,Santa Barbara,0.0,64.0,14.0,64.0,14.0,50.0,50.0
06083000806,Census Tract 8.06,83,Santa Barbara,3.0,139.0,23.0,136.0,20.0,116.0,116.0
06083002933,Census Tract 29.33,83,Santa Barbara,46.0,116.0,14.0,70.0,0.0,102.0,70.0
06083001308,Census Tract 13.08,83,Santa Barbara,0.0,60.0,15.0,60.0,15.0,45.0,45.0
06083001002,Census Tract 10.02,83,Santa Barbara,0.0,63.0,30.0,63.0,30.0,33.0,33.0
06083002936,Census Tract 29.36,83,Santa Barbara,0.0,53.0,30.0,53.0,30.0,23.0,23.0
06083000201,Census Tract 2.01,83,Santa Barbara,2.0,55.0,24.0,53.0,22.0,31.0,31.0
06083980300,Census Tract 9803,83,Santa Barbara,20.0,56.0,15.0,36.0,0.0,41.0,36.0
06083001404,Census Tract 14.04,83,Santa Barbara,4.0,50.0,16.0,46.0,12.0,34.0,34.0
06083002307,Census Tract 23.07,83,Santa Barbara,0.0,128.0,5.0,128.0,5.0,123.0,123.0
06073015801,Census Tract 158.01,73,San Diego,31.0,82.0,27.0,51.0,0.0,55.0,51.0
06073015901,Census Tract 159.01,73,San Diego,0.0,72.0,34.0,72.0,34.0,38.0,38.0
06073015902,Census Tract 159.02,73,San Diego,0.0,125.0,20.0,125.0,20.0,105.0,105.0
06037900607,Census Tract 9006.07,37,Los Angeles,0.0,86.0,10.0,86.0,10.0,76.0,76.0
06037900703,Census Tract 9007.03,37,Los Angeles,0.0,75.0,8.0,75.0,8.0,67.0,67.0
06073016000,Census Tract 160,73,San Diego,0.0,56.0,15.0,56.0,15.0,41.0,41.0
06081612500,Census Tract 6125,81,San Mateo,9.0,92.0,10.0,83.0,1.0,82.0,82.0
06095251901,Census Tract 2519.01,95,Solano,6.0,151.0,13.0,145.0,7.0,138.0,138.0
06095251903,Census Tract 2519.03,95,Solano,0.0,152.0,15.0,152.0,15.0,137.0,137.0
06107003802,Census Tract 38.02,107,Tulare,16.0,78.0,31.0,62.0,15.0,47.0,47.0
06107004102,Census Tract 41.02,107,Tulare,0.0,49.0,23.0,49.0,23.0,26.0,26.0
06025011803,Census Tract 118.03,25,Imperial,8.0,218.0,15.0,210.0,7.0,203.0,203.0
06025010600,Census Tract 106,25,Imperial,8.0,224.0,18.0,216.0,10.0,206.0,206.0
06025011201,Census Tract 112.01,25,Imperial,3.0,378.0,14.0,375.0,11.0,364.0,364.0
06025012302,Census Tract 123.02,25,Imperial,0.0,80.0,2.0,80.0,2.0,78.0,78.0
06037920039,Census Tract 9200.39,37,Los Angeles,2.0,48.0,13.0,46.0,11.0,35.0,35.0
06071001200,Census Tract 12,71,San Bernardino,0.0,92.0,27.0,92.0,27.0,65.0,65.0
06037920110,Census Tract 9201.10,37,Los Angeles,0.0,79.0,13.0,79.0,13.0,66.0,66.0
06099003300,Census Tract 33,99,Stanislaus,18.0,163.0,1.0,145.0,0.0,162.0,145.0
06099002801,Census Tract 28.01,99,Stanislaus,2.0,327.0,2.0,325.0,0.0,325.0,325.0
06099003603,Census Tract 36.03,99,Stanislaus,12.0,86.0,3.0,74.0,0.0,83.0,74.0
06099001604,Census Tract 16.04,99,Stanislaus,0.0,71.0,41.0,71.0,41.0,30.0,30.0
06097153301,Census Tract 1533.01,97,Sonoma,10.0,165.0,6.0,155.0,0.0,159.0,155.0
06097151702,Census Tract 1517.02,97,Sonoma,4.0,100.0,15.0,96.0,11.0,85.0,85.0
06097152602,Census Tract 1526.02,97,Sonoma,1.0,38.0,3.0,37.0,2.0,35.0,35.0
06097151506,Census Tract 1515.06,97,Sonoma,0.0,150.0,19.0,150.0,19.0,131.0,131.0
06097152402,Census Tract 1524.02,97,Sonoma,0.0,75.0,9.0,75.0,9.0,66.0,66.0
06097151404,Census Tract 1514.04,97,Sonoma,0.0,61.0,27.0,61.0,27.0,34.0,34.0
06097153711,Census Tract 1537.11,97,Sonoma,0.0,84.0,6.0,84.0,6.0,78.0,78.0
06097154305,Census Tract 1543.05,97,Sonoma,0.0,70.0,3.0,70.0,3.0,67.0,67.0
06097152803,Census Tract 1528.03,97,Sonoma,11.0,122.0,25.0,111.0,14.0,97.0,97.0
06097152204,Census Tract 1522.04,97,Sonoma,0.0,114.0,22.0,114.0,22.0,92.0,92.0
06097152804,Census Tract 1528.04,97,Sonoma,0.0,71.0,35.0,71.0,35.0,36.0,36.0
06097150501,Census Tract 1505.01,97,Sonoma,6.0,64.0,4.0,58.0,0.0,60.0,58.0
06097154306,Census Tract 1543.06,97,Sonoma,2.0,63.0,4.0,61.0,2.0,59.0,59.0
06097152205,Census Tract 1522.05,97,Sonoma,0.0,61.0,31.0,61.0,31.0,30.0,30.0
06097153905,Census Tract 1539.05,97,Sonoma,14.0,106.0,4.0,92.0,0.0,102.0,92.0
06097151403,Census Tract 1514.03,97,Sonoma,4.0,81.0,9.0,77.0,5.0,72.0,72.0
06097153712,Census Tract 1537.12,97,Sonoma,2.0,54.0,8.0,52.0,6.0,46.0,46.0
06097153601,Census Tract 1536.01,97,Sonoma,2.0,65.0,9.0,63.0,7.0,56.0,56.0
06097153810,Census Tract 1538.10,97,Sonoma,2.0,107.0,5.0,105.0,3.0,102.0,102.0
06097153904,Census Tract 1539.04,97,Sonoma,7.0,51.0,7.0,44.0,0.0,44.0,44.0
06097153811,Census Tract 1538.11,97,Sonoma,4.0,155.0,11.0,151.0,7.0,144.0,144.0
06099001100,Census Tract 11,99,Stanislaus,0.0,97.0,27.0,97.0,27.0,70.0,70.0
06099000907,Census Tract 9.07,99,Stanislaus,0.0,68.0,26.0,68.0,26.0,42.0,42.0
06099003400,Census Tract 34,99,Stanislaus,0.0,46.0,1.0,46.0,1.0,45.0,45.0
06099002302,Census Tract 23.02,99,Stanislaus,8.0,79.0,26.0,71.0,18.0,53.0,53.0
06099000908,Census Tract 9.08,99,Stanislaus,0.0,99.0,26.0,99.0,26.0,73.0,73.0
06099000102,Census Tract 1.02,99,Stanislaus,0.0,74.0,2.0,74.0,2.0,72.0,72.0
06099003908,Census Tract 39.08,99,Stanislaus,0.0,61.0,35.0,61.0,35.0,26.0,26.0
06099000302,Census Tract 3.02,99,Stanislaus,0.0,67.0,31.0,67.0,31.0,36.0,36.0
06099000501,Census Tract 5.01,99,Stanislaus,35.0,200.0,6.0,165.0,0.0,194.0,165.0
06099002603,Census Tract 26.03,99,Stanislaus,0.0,71.0,32.0,71.0,32.0,39.0,39.0
06099000101,Census Tract 1.01,99,Stanislaus,0.0,85.0,2.0,85.0,2.0,83.0,83.0
06037900501,Census Tract 9005.01,37,Los Angeles,0.0,144.0,7.0,144.0,7.0,137.0,137.0
06037900504,Census Tract 9005.04,37,Los Angeles,5.0,122.0,4.0,117.0,0.0,118.0,117.0
06037800412,Census Tract 8004.12,37,Los Angeles,6.0,66.0,4.0,60.0,0.0,62.0,60.0
06037270102,Census Tract 2701.02,37,Los Angeles,3.0,50.0,29.0,47.0,26.0,21.0,21.0
06037271703,Census Tract 2717.03,37,Los Angeles,2.0,55.0,19.0,53.0,17.0,36.0,36.0
06037407802,Census Tract 4078.02,37,Los Angeles,4.0,71.0,7.0,67.0,3.0,64.0,64.0
06037269909,Census Tract 2699.09,37,Los Angeles,0.0,48.0,31.0,48.0,31.0,17.0,17.0
06037271704,Census Tract 2717.04,37,Los Angeles,0.0,58.0,17.0,58.0,17.0,41.0,41.0
06107001007,Census Tract 10.07,107,Tulare,0.0,111.0,25.0,111.0,25.0,86.0,86.0
06107000204,Census Tract 2.04,107,Tulare,4.0,84.0,26.0,80.0,22.0,58.0,58.0
06107001012,Census Tract 10.12,107,Tulare,4.0,451.0,16.0,447.0,12.0,435.0,435.0
06107003301,Census Tract 33.01,107,Tulare,0.0,82.0,6.0,82.0,6.0,76.0,76.0
06107004302,Census Tract 43.02,107,Tulare,4.0,49.0,2.0,45.0,0.0,47.0,45.0
06107004402,Census Tract 44.02,107,Tulare,0.0,69.0,15.0,69.0,15.0,54.0,54.0
06107004104,Census Tract 41.04,107,Tulare,0.0,88.0,28.0,88.0,28.0,60.0,60.0
06107002011,Census Tract 20.11,107,Tulare,0.0,63.0,13.0,63.0,13.0,50.0,50.0
06107001303,Census Tract 13.03,107,Tulare,0.0,83.0,30.0,83.0,30.0,53.0,53.0
06073008355,Census Tract 83.55,73,San Diego,0.0,73.0,22.0,73.0,22.0,51.0,51.0
06073008356,Census Tract 83.56,73,San Diego,0.0,95.0,27.0,95.0,27.0,68.0,68.0
06073008357,Census Tract 83.57,73,San Diego,5.0,114.0,22.0,109.0,17.0,92.0,92.0
06073008358,Census Tract 83.58,73,San Diego,0.0,162.0,15.0,162.0,15.0,147.0,147.0
06073008359,Census Tract 83.59,73,San Diego,9.0,105.0,20.0,96.0,11.0,85.0,85.0
06073016401,Census Tract 164.01,73,San Diego,10.0,108.0,14.0,98.0,4.0,94.0,94.0
06073016100,Census Tract 161,73,San Diego,0.0,146.0,13.0,146.0,13.0,133.0,133.0
06073016202,Census Tract 162.02,73,San Diego,26.0,73.0,8.0,47.0,0.0,65.0,47.0
06073016301,Census Tract 163.01,73,San Diego,0.0,108.0,20.0,108.0,20.0,88.0,88.0
06073016302,Census Tract 163.02,73,San Diego,8.0,122.0,19.0,114.0,11.0,103.0,103.0
06037910301,Census Tract 9103.01,37,Los Angeles,0.0,88.0,6.0,88.0,6.0,82.0,82.0
06037910302,Census Tract 9103.02,37,Los Angeles,0.0,131.0,6.0,131.0,6.0,125.0,125.0
06071000804,Census Tract 8.04,71,San Bernardino,0.0,86.0,13.0,86.0,13.0,73.0,73.0
06021010401,Census Tract 104.01,21,Glenn,4.0,43.0,29.0,39.0,25.0,14.0,14.0
06081602100,Census Tract 6021,81,San Mateo,0.0,132.0,20.0,132.0,20.0,112.0,112.0
06021010101,Census Tract 101.01,21,Glenn,6.0,84.0,43.0,78.0,37.0,41.0,41.0
06021010402,Census Tract 104.02,21,Glenn,2.0,171.0,38.0,169.0,36.0,133.0,133.0
06021010102,Census Tract 101.02,21,Glenn,0.0,103.0,36.0,103.0,36.0,67.0,67.0
06081602400,Census Tract 6024,81,San Mateo,6.0,830.0,8.0,824.0,2.0,822.0,822.0
06081602500,Census Tract 6025,81,San Mateo,0.0,336.0,13.0,336.0,13.0,323.0,323.0
06037910401,Census Tract 9104.01,37,Los Angeles,0.0,128.0,4.0,128.0,4.0,124.0,124.0
06095252000,Census Tract 2520,95,Solano,6.0,56.0,9.0,50.0,3.0,47.0,47.0
06095252103,Census Tract 2521.03,95,Solano,0.0,127.0,16.0,127.0,16.0,111.0,111.0
06095252105,Census Tract 2521.05,95,Solano,0.0,83.0,15.0,83.0,15.0,68.0,68.0
06095252106,Census Tract 2521.06,95,Solano,0.0,123.0,14.0,123.0,14.0,109.0,109.0
06071009714,Census Tract 97.14,71,San Bernardino,0.0,86.0,10.0,86.0,10.0,76.0,76.0
06071010009,Census Tract 100.09,71,San Bernardino,18.0,109.0,8.0,91.0,0.0,101.0,91.0
06071010015,Census Tract 100.15,71,San Bernardino,0.0,114.0,14.0,114.0,14.0,100.0,100.0
06071010021,Census Tract 100.21,71,San Bernardino,0.0,209.0,13.0,209.0,13.0,196.0,196.0
06071010402,Census Tract 104.02,71,San Bernardino,0.0,44.0,1.0,44.0,1.0,43.0,43.0
06071011500,Census Tract 115,71,San Bernardino,0.0,52.0,1.0,52.0,1.0,51.0,51.0
06071011700,Census Tract 117,71,San Bernardino,0.0,42.0,2.0,42.0,2.0,40.0,40.0
06115041102,Census Tract 411.02,115,Yuba,0.0,46.0,5.0,46.0,5.0,41.0,41.0
06115041101,Census Tract 411.01,115,Yuba,0.0,68.0,2.0,68.0,2.0,66.0,66.0
06063000100,Census Tract 1,63,Plumas,0.0,211.0,37.0,211.0,37.0,174.0,174.0
06063000400,Census Tract 4,63,Plumas,0.0,61.0,11.0,61.0,11.0,50.0,50.0
06063000300,Census Tract 3,63,Plumas,11.0,157.0,11.0,146.0,0.0,146.0,146.0
06063000201,Census Tract 2.01,63,Plumas,3.0,65.0,24.0,62.0,21.0,41.0,41.0
06063000202,Census Tract 2.02,63,Plumas,0.0,37.0,12.0,37.0,12.0,25.0,25.0
06115041002,Census Tract 410.02,115,Yuba,0.0,83.0,4.0,83.0,4.0,79.0,79.0
06115040702,Census Tract 407.02,115,Yuba,0.0,164.0,9.0,164.0,9.0,155.0,155.0
06115040701,Census Tract 407.01,115,Yuba,0.0,284.0,6.0,284.0,6.0,278.0,278.0
06115041001,Census Tract 410.01,115,Yuba,0.0,66.0,3.0,66.0,3.0,63.0,63.0
06115040304,Census Tract 403.04,115,Yuba,0.0,138.0,31.0,138.0,31.0,107.0,107.0
06115040202,Census Tract 402.02,115,Yuba,0.0,66.0,32.0,66.0,32.0,34.0,34.0
06115040201,Census Tract 402.01,115,Yuba,0.0,78.0,36.0,78.0,36.0,42.0,42.0
06115040305,Census Tract 403.05,115,Yuba,0.0,59.0,31.0,59.0,31.0,28.0,28.0
06037920111,Census Tract 9201.11,37,Los Angeles,0.0,85.0,12.0,85.0,12.0,73.0,73.0
06037920112,Census Tract 9201.12,37,Los Angeles,0.0,124.0,10.0,124.0,10.0,114.0,114.0
06037920200,Census Tract 9202,37,Los Angeles,0.0,78.0,4.0,78.0,4.0,74.0,74.0
06037920313,Census Tract 9203.13,37,Los Angeles,1.0,102.0,8.0,101.0,7.0,94.0,94.0
06037920322,Census Tract 9203.22,37,Los Angeles,0.0,56.0,13.0,56.0,13.0,43.0,43.0
06027000300,Census Tract 3,27,Inyo,0.0,59.0,54.0,59.0,54.0,5.0,5.0
06099000201,Census Tract 2.01,99,Stanislaus,4.0,178.0,18.0,174.0,14.0,160.0,160.0
06099000301,Census Tract 3.01,99,Stanislaus,0.0,58.0,33.0,58.0,33.0,25.0,25.0
06099000303,Census Tract 3.03,99,Stanislaus,0.0,176.0,23.0,176.0,23.0,153.0,153.0
06099000304,Census Tract 3.04,99,Stanislaus,0.0,130.0,23.0,130.0,23.0,107.0,107.0
06099000202,Census Tract 2.02,99,Stanislaus,2.0,260.0,17.0,258.0,15.0,243.0,243.0
06099000403,Census Tract 4.03,99,Stanislaus,0.0,73.0,18.0,73.0,18.0,55.0,55.0
06099000404,Census Tract 4.04,99,Stanislaus,5.0,120.0,18.0,115.0,13.0,102.0,102.0
06099000503,Census Tract 5.03,99,Stanislaus,18.0,109.0,24.0,91.0,6.0,85.0,85.0
06099000505,Census Tract 5.05,99,Stanislaus,0.0,107.0,19.0,107.0,19.0,88.0,88.0
06099000601,Census Tract 6.01,99,Stanislaus,0.0,82.0,12.0,82.0,12.0,70.0,70.0
06107001305,Census Tract 13.05,107,Tulare,6.0,54.0,21.0,48.0,15.0,33.0,33.0
06107001706,Census Tract 17.06,107,Tulare,0.0,88.0,13.0,88.0,13.0,75.0,75.0
06107001102,Census Tract 11.02,107,Tulare,0.0,76.0,36.0,76.0,36.0,40.0,40.0
06107003504,Census Tract 35.04,107,Tulare,0.0,110.0,20.0,110.0,20.0,90.0,90.0
06107003503,Census Tract 35.03,107,Tulare,0.0,88.0,24.0,88.0,24.0,64.0,64.0
06107004103,Census Tract 41.03,107,Tulare,0.0,68.0,29.0,68.0,29.0,39.0,39.0
06107003903,Census Tract 39.03,107,Tulare,0.0,57.0,27.0,57.0,27.0,30.0,30.0
06107004401,Census Tract 44.01,107,Tulare,0.0,74.0,14.0,74.0,14.0,60.0,60.0
06107001101,Census Tract 11.01,107,Tulare,0.0,58.0,51.0,58.0,51.0,7.0,7.0
06107001304,Census Tract 13.04,107,Tulare,6.0,91.0,10.0,85.0,4.0,81.0,81.0
06107004301,Census Tract 43.01,107,Tulare,0.0,80.0,3.0,80.0,3.0,77.0,77.0
06107003402,Census Tract 34.02,107,Tulare,0.0,53.0,5.0,53.0,5.0,48.0,48.0
06073003209,Census Tract 32.09,73,San Diego,6.0,119.0,18.0,113.0,12.0,101.0,101.0
06073003211,Census Tract 32.11,73,San Diego,0.0,66.0,23.0,66.0,23.0,43.0,43.0
06073003212,Census Tract 32.12,73,San Diego,0.0,77.0,19.0,77.0,19.0,58.0,58.0
06073003213,Census Tract 32.13,73,San Diego,0.0,83.0,19.0,83.0,19.0,64.0,64.0
06037206301,Census Tract 2063.01,37,Los Angeles,0.0,38.0,35.0,38.0,35.0,3.0,3.0
06037207901,Census Tract 2079.01,37,Los Angeles,26.0,57.0,28.0,31.0,2.0,29.0,29.0
06037264306,Census Tract 2643.06,37,Los Angeles,2.0,46.0,22.0,44.0,20.0,24.0,24.0
06037267202,Census Tract 2672.02,37,Los Angeles,8.0,69.0,17.0,61.0,9.0,52.0,52.0
06037207308,Census Tract 2073.08,37,Los Angeles,3.0,34.0,60.0,31.0,57.0,-26.0,-26.0
06037206052,Census Tract 2060.52,37,Los Angeles,18.0,55.0,13.0,37.0,0.0,42.0,37.0
06037206302,Census Tract 2063.02,37,Los Angeles,0.0,35.0,60.0,35.0,60.0,-25.0,-25.0
06037206201,Census Tract 2062.01,37,Los Angeles,7.0,43.0,29.0,36.0,22.0,14.0,14.0
06037402504,Census Tract 4025.04,37,Los Angeles,0.0,54.0,17.0,54.0,17.0,37.0,37.0
06037271803,Census Tract 2718.03,37,Los Angeles,1.0,63.0,27.0,62.0,26.0,36.0,36.0
06037216901,Census Tract 2169.01,37,Los Angeles,0.0,56.0,15.0,56.0,15.0,41.0,41.0
06037207305,Census Tract 2073.05,37,Los Angeles,8.0,35.0,29.0,27.0,21.0,6.0,6.0
06037265524,Census Tract 2655.24,37,Los Angeles,8.0,54.0,20.0,46.0,12.0,34.0,34.0
06037203601,Census Tract 2036.01,37,Los Angeles,0.0,48.0,22.0,48.0,22.0,26.0,26.0
06037207306,Census Tract 2073.06,37,Los Angeles,12.0,43.0,32.0,31.0,20.0,11.0,11.0
06037264304,Census Tract 2643.04,37,Los Angeles,3.0,51.0,28.0,48.0,25.0,23.0,23.0
06037206054,Census Tract 2060.54,37,Los Angeles,1.0,44.0,20.0,43.0,19.0,24.0,24.0
06037267101,Census Tract 2671.01,37,Los Angeles,0.0,58.0,18.0,58.0,18.0,40.0,40.0
06037203602,Census Tract 2036.02,37,Los Angeles,0.0,43.0,27.0,43.0,27.0,16.0,16.0
06037407202,Census Tract 4072.02,37,Los Angeles,0.0,69.0,14.0,69.0,14.0,55.0,55.0
06037226701,Census Tract 2267.01,37,Los Angeles,0.0,47.0,21.0,47.0,21.0,26.0,26.0
06037224701,Census Tract 2247.01,37,Los Angeles,4.0,41.0,26.0,37.0,22.0,15.0,15.0
06037800411,Census Tract 8004.11,37,Los Angeles,6.0,53.0,4.0,47.0,0.0,49.0,47.0
06037482404,Census Tract 4824.04,37,Los Angeles,4.0,74.0,13.0,70.0,9.0,61.0,61.0
06037482801,Census Tract 4828.01,37,Los Angeles,16.0,80.0,7.0,64.0,0.0,73.0,64.0
06037267201,Census Tract 2672.01,37,Los Angeles,9.0,53.0,17.0,44.0,8.0,36.0,36.0
06037267405,Census Tract 2674.05,37,Los Angeles,2.0,51.0,28.0,49.0,26.0,23.0,23.0
06037407901,Census Tract 4079.01,37,Los Angeles,0.0,92.0,13.0,92.0,13.0,79.0,79.0
06037207303,Census Tract 2073.03,37,Los Angeles,1.0,43.0,31.0,42.0,30.0,12.0,12.0
06037207902,Census Tract 2079.02,37,Los Angeles,15.0,89.0,15.0,74.0,0.0,74.0,74.0
06037267504,Census Tract 2675.04,37,Los Angeles,0.0,64.0,25.0,64.0,25.0,39.0,39.0
06037433803,Census Tract 4338.03,37,Los Angeles,0.0,71.0,12.0,71.0,12.0,59.0,59.0
06037407201,Census Tract 4072.01,37,Los Angeles,0.0,73.0,16.0,73.0,16.0,57.0,57.0
06037407502,Census Tract 4075.02,37,Los Angeles,0.0,79.0,13.0,79.0,13.0,66.0,66.0
06037264305,Census Tract 2643.05,37,Los Angeles,0.0,88.0,11.0,88.0,11.0,77.0,77.0
06037403409,Census Tract 4034.09,37,Los Angeles,63.0,89.0,6.0,26.0,0.0,83.0,26.0
06073008360,Census Tract 83.60,73,San Diego,0.0,202.0,13.0,202.0,13.0,189.0,189.0
06073008502,Census Tract 85.02,73,San Diego,0.0,174.0,12.0,174.0,12.0,162.0,162.0
06073008504,Census Tract 85.04,73,San Diego,8.0,143.0,12.0,135.0,4.0,131.0,131.0
06073008505,Census Tract 85.05,73,San Diego,3.0,130.0,12.0,127.0,9.0,118.0,118.0
06073016502,Census Tract 165.02,73,San Diego,0.0,204.0,15.0,204.0,15.0,189.0,189.0
06073017104,Census Tract 171.04,73,San Diego,0.0,94.0,14.0,94.0,14.0,80.0,80.0
06073017107,Census Tract 171.07,73,San Diego,3.0,74.0,15.0,71.0,12.0,59.0,59.0
06081603700,Census Tract 6037,81,San Mateo,0.0,123.0,10.0,123.0,10.0,113.0,113.0
06081612600,Census Tract 6126,81,San Mateo,26.0,102.0,12.0,76.0,0.0,90.0,76.0
06081612700,Census Tract 6127,81,San Mateo,4.0,54.0,12.0,50.0,8.0,42.0,42.0
06081612800,Census Tract 6128,81,San Mateo,2.0,73.0,11.0,71.0,9.0,62.0,62.0
06095252107,Census Tract 2521.07,95,Solano,0.0,85.0,15.0,85.0,15.0,70.0,70.0
06095252108,Census Tract 2521.08,95,Solano,2.0,75.0,19.0,73.0,17.0,56.0,56.0
06095252306,Census Tract 2523.06,95,Solano,12.0,73.0,18.0,61.0,6.0,55.0,55.0
06095252401,Census Tract 2524.01,95,Solano,0.0,96.0,21.0,96.0,21.0,75.0,75.0
06037461200,Census Tract 4612,37,Los Angeles,0.0,99.0,8.0,99.0,8.0,91.0,91.0
06037503501,Census Tract 5035.01,37,Los Angeles,0.0,155.0,10.0,155.0,10.0,145.0,145.0
06037503104,Census Tract 5031.04,37,Los Angeles,0.0,54.0,17.0,54.0,17.0,37.0,37.0
06037601501,Census Tract 6015.01,37,Los Angeles,0.0,67.0,19.0,67.0,19.0,48.0,48.0
06037500204,Census Tract 5002.04,37,Los Angeles,1.0,56.0,6.0,55.0,5.0,50.0,50.0
06037482403,Census Tract 4824.03,37,Los Angeles,0.0,74.0,13.0,74.0,13.0,61.0,61.0
06037405702,Census Tract 4057.02,37,Los Angeles,0.0,117.0,11.0,117.0,11.0,106.0,106.0
06037431400,Census Tract 4314,37,Los Angeles,0.0,77.0,10.0,77.0,10.0,67.0,67.0
06037404503,Census Tract 4045.03,37,Los Angeles,0.0,62.0,16.0,62.0,16.0,46.0,46.0
06095252402,Census Tract 2524.02,95,Solano,31.0,138.0,6.0,107.0,0.0,132.0,107.0
06095252501,Census Tract 2525.01,95,Solano,2.0,61.0,23.0,59.0,21.0,38.0,38.0
06021010200,Census Tract 102,21,Glenn,0.0,97.0,10.0,97.0,10.0,87.0,87.0
06021010501,Census Tract 105.01,21,Glenn,0.0,118.0,9.0,118.0,9.0,109.0,109.0
06021010502,Census Tract 105.02,21,Glenn,0.0,45.0,5.0,45.0,5.0,40.0,40.0
06021010300,Census Tract 103,21,Glenn,0.0,49.0,2.0,49.0,2.0,47.0,47.0
06037920328,Census Tract 9203.28,37,Los Angeles,15.0,47.0,8.0,32.0,0.0,39.0,32.0
06037920329,Census Tract 9203.29,37,Los Angeles,20.0,99.0,9.0,79.0,0.0,90.0,79.0
06037920330,Census Tract 9203.30,37,Los Angeles,10.0,85.0,7.0,75.0,0.0,78.0,75.0
06037920334,Census Tract 9203.34,37,Los Angeles,4.0,129.0,8.0,125.0,4.0,121.0,121.0
06037141500,Census Tract 1415,37,Los Angeles,3.0,66.0,7.0,63.0,4.0,59.0,59.0
06037209201,Census Tract 2092.01,37,Los Angeles,10.0,49.0,31.0,39.0,21.0,18.0,18.0
06037264303,Census Tract 2643.03,37,Los Angeles,0.0,56.0,28.0,56.0,28.0,28.0,28.0
06037217102,Census Tract 2171.02,37,Los Angeles,1.0,52.0,18.0,51.0,17.0,34.0,34.0
06037265523,Census Tract 2655.23,37,Los Angeles,5.0,42.0,22.0,37.0,17.0,20.0,20.0
06037433903,Census Tract 4339.03,37,Los Angeles,0.0,115.0,13.0,115.0,13.0,102.0,102.0
06037216902,Census Tract 2169.02,37,Los Angeles,1.0,48.0,21.0,47.0,20.0,27.0,27.0
06037216202,Census Tract 2162.02,37,Los Angeles,1.0,52.0,18.0,51.0,17.0,34.0,34.0
06037265522,Census Tract 2655.22,37,Los Angeles,5.0,40.0,26.0,35.0,21.0,14.0,14.0
06037216302,Census Tract 2163.02,37,Los Angeles,12.0,58.0,15.0,46.0,3.0,43.0,43.0
06037406801,Census Tract 4068.01,37,Los Angeles,0.0,100.0,10.0,100.0,10.0,90.0,90.0
06037209105,Census Tract 2091.05,37,Los Angeles,0.0,46.0,45.0,46.0,45.0,1.0,1.0
06037406903,Census Tract 4069.03,37,Los Angeles,0.0,245.0,9.0,245.0,9.0,236.0,236.0
06037208001,Census Tract 2080.01,37,Los Angeles,1.0,57.0,17.0,56.0,16.0,40.0,40.0
06037406413,Census Tract 4064.13,37,Los Angeles,4.0,202.0,7.0,198.0,3.0,195.0,195.0
06037433505,Census Tract 4335.05,37,Los Angeles,0.0,86.0,15.0,86.0,15.0,71.0,71.0
06037216201,Census Tract 2162.01,37,Los Angeles,10.0,52.0,19.0,42.0,9.0,33.0,33.0
06037402601,Census Tract 4026.01,37,Los Angeles,0.0,59.0,13.0,59.0,13.0,46.0,46.0
06037265307,Census Tract 2653.07,37,Los Angeles,4.0,46.0,28.0,42.0,24.0,18.0,18.0
06037214505,Census Tract 2145.05,37,Los Angeles,1.0,43.0,36.0,42.0,35.0,7.0,7.0
06037199801,Census Tract 1998.01,37,Los Angeles,0.0,64.0,22.0,64.0,22.0,42.0,42.0
06037265702,Census Tract 2657.02,37,Los Angeles,6.0,46.0,21.0,40.0,15.0,25.0,25.0
06037265306,Census Tract 2653.06,37,Los Angeles,0.0,39.0,42.0,39.0,42.0,-3.0,-3.0
06037404806,Census Tract 4048.06,37,Los Angeles,16.0,149.0,10.0,133.0,0.0,139.0,133.0
06037214504,Census Tract 2145.04,37,Los Angeles,0.0,59.0,35.0,59.0,35.0,24.0,24.0
06037433103,Census Tract 4331.03,37,Los Angeles,0.0,133.0,9.0,133.0,9.0,124.0,124.0
06037402602,Census Tract 4026.02,37,Los Angeles,2.0,85.0,12.0,83.0,10.0,73.0,73.0
06037199802,Census Tract 1998.02,37,Los Angeles,0.0,45.0,23.0,45.0,23.0,22.0,22.0
06037208002,Census Tract 2080.02,37,Los Angeles,0.0,63.0,20.0,63.0,20.0,43.0,43.0
06037211124,Census Tract 2111.24,37,Los Angeles,4.0,62.0,20.0,58.0,16.0,42.0,42.0
06037199002,Census Tract 1990.02,37,Los Angeles,2.0,53.0,11.0,51.0,9.0,42.0,42.0
06037214903,Census Tract 2149.03,37,Los Angeles,2.0,44.0,35.0,42.0,33.0,9.0,9.0
06037214904,Census Tract 2149.04,37,Los Angeles,0.0,42.0,31.0,42.0,31.0,11.0,11.0
06037406201,Census Tract 4062.01,37,Los Angeles,0.0,74.0,14.0,74.0,14.0,60.0,60.0
06037403601,Census Tract 4036.01,37,Los Angeles,6.0,167.0,6.0,161.0,0.0,161.0,161.0
06037800104,Census Tract 8001.04,37,Los Angeles,2.0,76.0,2.0,74.0,0.0,74.0,74.0
06037217101,Census Tract 2171.01,37,Los Angeles,0.0,53.0,20.0,53.0,20.0,33.0,33.0
06037207304,Census Tract 2073.04,37,Los Angeles,0.0,41.0,57.0,41.0,57.0,-16.0,-16.0
06037192420,Census Tract 1924.20,37,Los Angeles,0.0,52.0,23.0,52.0,23.0,29.0,29.0
06037221302,Census Tract 2213.02,37,Los Angeles,0.0,63.0,19.0,63.0,19.0,44.0,44.0
06037231500,Census Tract 2315,37,Los Angeles,0.0,82.0,13.0,82.0,13.0,69.0,69.0
06037430723,Census Tract 4307.23,37,Los Angeles,0.0,98.0,18.0,98.0,18.0,80.0,80.0
06037432901,Census Tract 4329.01,37,Los Angeles,17.0,98.0,12.0,81.0,0.0,86.0,81.0
06037700400,Census Tract 7004,37,Los Angeles,31.0,85.0,11.0,54.0,0.0,74.0,54.0
06099000602,Census Tract 6.02,99,Stanislaus,10.0,61.0,18.0,51.0,8.0,43.0,43.0
06099000805,Census Tract 8.05,99,Stanislaus,0.0,109.0,26.0,109.0,26.0,83.0,83.0
06099000806,Census Tract 8.06,99,Stanislaus,0.0,78.0,31.0,78.0,31.0,47.0,47.0
06099000807,Census Tract 8.07,99,Stanislaus,0.0,66.0,32.0,66.0,32.0,34.0,34.0
06099000801,Census Tract 8.01,99,Stanislaus,0.0,132.0,20.0,132.0,20.0,112.0,112.0
06099000803,Census Tract 8.03,99,Stanislaus,0.0,91.0,25.0,91.0,25.0,66.0,66.0
06099000905,Census Tract 9.05,99,Stanislaus,0.0,144.0,23.0,144.0,23.0,121.0,121.0
06099000906,Census Tract 9.06,99,Stanislaus,0.0,160.0,23.0,160.0,23.0,137.0,137.0
06099000909,Census Tract 9.09,99,Stanislaus,2.0,80.0,28.0,78.0,26.0,52.0,52.0
06079012708,Census Tract 127.08,79,San Luis Obispo,0.0,33.0,1.0,33.0,1.0,32.0,32.0
06079012705,Census Tract 127.05,79,San Luis Obispo,2.0,82.0,3.0,80.0,1.0,79.0,79.0
06079012601,Census Tract 126.01,79,San Luis Obispo,0.0,215.0,15.0,215.0,15.0,200.0,200.0
06079012706,Census Tract 127.06,79,San Luis Obispo,1.0,114.0,5.0,113.0,4.0,109.0,109.0
06079013100,Census Tract 131,79,San Luis Obispo,3.0,116.0,3.0,113.0,0.0,113.0,113.0
06079010506,Census Tract 105.06,79,San Luis Obispo,0.0,56.0,20.0,56.0,20.0,36.0,36.0
06079010301,Census Tract 103.01,79,San Luis Obispo,3.0,57.0,1.0,54.0,0.0,56.0,54.0
06079011505,Census Tract 115.05,79,San Luis Obispo,51.0,123.0,3.0,72.0,0.0,120.0,72.0
06073003214,Census Tract 32.14,73,San Diego,0.0,94.0,19.0,94.0,19.0,75.0,75.0
06073003301,Census Tract 33.01,73,San Diego,6.0,70.0,17.0,64.0,11.0,53.0,53.0
06073003303,Census Tract 33.03,73,San Diego,0.0,86.0,27.0,86.0,27.0,59.0,59.0
06073003403,Census Tract 34.03,73,San Diego,4.0,69.0,18.0,65.0,14.0,51.0,51.0
06073008506,Census Tract 85.06,73,San Diego,0.0,89.0,19.0,89.0,19.0,70.0,70.0
06073008507,Census Tract 85.07,73,San Diego,0.0,179.0,14.0,179.0,14.0,165.0,165.0
06073008509,Census Tract 85.09,73,San Diego,22.0,181.0,15.0,159.0,0.0,166.0,159.0
06029001105,Census Tract 11.05,29,Kern,0.0,67.0,31.0,67.0,31.0,36.0,36.0
06019002501,Census Tract 25.01,19,Fresno,0.0,68.0,31.0,68.0,31.0,37.0,37.0
06019004703,Census Tract 47.03,19,Fresno,0.0,67.0,31.0,67.0,31.0,36.0,36.0
06019006900,Census Tract 69,19,Fresno,2.0,61.0,5.0,59.0,3.0,56.0,56.0
06019007700,Census Tract 77,19,Fresno,0.0,120.0,3.0,120.0,3.0,117.0,117.0
06029002501,Census Tract 25.01,29,Kern,0.0,68.0,19.0,68.0,19.0,49.0,49.0
06029002304,Census Tract 23.04,29,Kern,0.0,58.0,25.0,58.0,25.0,33.0,33.0
06029003002,Census Tract 30.02,29,Kern,0.0,58.0,25.0,58.0,25.0,33.0,33.0
06029003125,Census Tract 31.25,29,Kern,0.0,56.0,25.0,56.0,25.0,31.0,31.0
06029003127,Census Tract 31.27,29,Kern,0.0,64.0,25.0,64.0,25.0,39.0,39.0
06029003219,Census Tract 32.19,29,Kern,0.0,108.0,18.0,108.0,18.0,90.0,90.0
06029004606,Census Tract 46.06,29,Kern,0.0,49.0,4.0,49.0,4.0,45.0,45.0
06029001104,Census Tract 11.04,29,Kern,0.0,53.0,28.0,53.0,28.0,25.0,25.0
06019001700,Census Tract 17,19,Fresno,6.0,150.0,4.0,144.0,0.0,146.0,144.0
06019007004,Census Tract 70.04,19,Fresno,0.0,134.0,8.0,134.0,8.0,126.0,126.0
06019005904,Census Tract 59.04,19,Fresno,0.0,194.0,5.0,194.0,5.0,189.0,189.0
06073008510,Census Tract 85.10,73,San Diego,5.0,148.0,15.0,143.0,10.0,133.0,133.0
06073008512,Census Tract 85.12,73,San Diego,0.0,93.0,15.0,93.0,15.0,78.0,78.0
06073017108,Census Tract 171.08,73,San Diego,4.0,101.0,15.0,97.0,11.0,86.0,86.0
06073017303,Census Tract 173.03,73,San Diego,2.0,97.0,11.0,95.0,9.0,86.0,86.0
06099003201,Census Tract 32.01,99,Stanislaus,0.0,124.0,14.0,124.0,14.0,110.0,110.0
06081604000,Census Tract 6040,81,San Mateo,0.0,73.0,15.0,73.0,15.0,58.0,58.0
06081604102,Census Tract 6041.02,81,San Mateo,44.0,67.0,9.0,23.0,0.0,58.0,23.0
06037900804,Census Tract 9008.04,37,Los Angeles,0.0,56.0,11.0,56.0,11.0,45.0,45.0
06037900805,Census Tract 9008.05,37,Los Angeles,0.0,87.0,8.0,87.0,8.0,79.0,79.0
06037900806,Census Tract 9008.06,37,Los Angeles,11.0,64.0,10.0,53.0,0.0,54.0,53.0
06037301100,Census Tract 3011,37,Los Angeles,0.0,284.0,11.0,284.0,11.0,273.0,273.0
06037301204,Census Tract 3012.04,37,Los Angeles,4.0,91.0,20.0,87.0,16.0,71.0,71.0
06095252605,Census Tract 2526.05,95,Solano,0.0,117.0,19.0,117.0,19.0,98.0,98.0
06037301300,Census Tract 3013,37,Los Angeles,0.0,48.0,12.0,48.0,12.0,36.0,36.0
06037302102,Census Tract 3021.02,37,Los Angeles,4.0,105.0,13.0,101.0,9.0,92.0,92.0
06037302104,Census Tract 3021.04,37,Los Angeles,4.0,67.0,17.0,63.0,13.0,50.0,50.0
06037302201,Census Tract 3022.01,37,Los Angeles,4.0,62.0,18.0,58.0,14.0,44.0,44.0
06019004301,Census Tract 43.01,19,Fresno,0.0,86.0,15.0,86.0,15.0,71.0,71.0
06019007300,Census Tract 73,19,Fresno,0.0,72.0,3.0,72.0,3.0,69.0,69.0
06019001600,Census Tract 16,19,Fresno,5.0,190.0,5.0,185.0,0.0,185.0,185.0
06019000400,Census Tract 4,19,Fresno,0.0,78.0,19.0,78.0,19.0,59.0,59.0
06019005403,Census Tract 54.03,19,Fresno,12.0,71.0,31.0,59.0,19.0,40.0,40.0
06095252606,Census Tract 2526.06,95,Solano,8.0,131.0,21.0,123.0,13.0,110.0,110.0
06095252607,Census Tract 2526.07,95,Solano,0.0,84.0,28.0,84.0,28.0,56.0,56.0
06095252608,Census Tract 2526.08,95,Solano,0.0,104.0,26.0,104.0,26.0,78.0,78.0
06095252703,Census Tract 2527.03,95,Solano,0.0,98.0,21.0,98.0,21.0,77.0,77.0
06095252704,Census Tract 2527.04,95,Solano,0.0,117.0,21.0,117.0,21.0,96.0,96.0
06095252705,Census Tract 2527.05,95,Solano,0.0,176.0,19.0,176.0,19.0,157.0,157.0
06095252706,Census Tract 2527.06,95,Solano,0.0,101.0,12.0,101.0,12.0,89.0,89.0
06095252707,Census Tract 2527.07,95,Solano,0.0,97.0,13.0,97.0,13.0,84.0,84.0
06037700600,Census Tract 7006,37,Los Angeles,0.0,113.0,5.0,113.0,5.0,108.0,108.0
06037910502,Census Tract 9105.02,37,Los Angeles,0.0,75.0,9.0,75.0,9.0,66.0,66.0
06037302302,Census Tract 3023.02,37,Los Angeles,0.0,107.0,16.0,107.0,16.0,91.0,91.0
06019004100,Census Tract 41,19,Fresno,0.0,88.0,4.0,88.0,4.0,84.0,84.0
06019008301,Census Tract 83.01,19,Fresno,0.0,143.0,6.0,143.0,6.0,137.0,137.0
06019005503,Census Tract 55.03,19,Fresno,3.0,291.0,8.0,288.0,5.0,283.0,283.0
06037920042,Census Tract 9200.42,37,Los Angeles,0.0,187.0,7.0,187.0,7.0,180.0,180.0
06083002014,Census Tract 20.14,83,Santa Barbara,38.0,143.0,14.0,105.0,0.0,129.0,105.0
06037700700,Census Tract 7007,37,Los Angeles,4.0,68.0,7.0,64.0,3.0,61.0,61.0
06019001500,Census Tract 15,19,Fresno,0.0,44.0,6.0,44.0,6.0,38.0,38.0
06019007600,Census Tract 76,19,Fresno,0.0,79.0,2.0,79.0,2.0,77.0,77.0
06019008402,Census Tract 84.02,19,Fresno,0.0,35.0,2.0,35.0,2.0,33.0,33.0
06029001106,Census Tract 11.06,29,Kern,0.0,52.0,35.0,52.0,35.0,17.0,17.0
06019005505,Census Tract 55.05,19,Fresno,0.0,112.0,22.0,112.0,22.0,90.0,90.0
06019003900,Census Tract 39,19,Fresno,0.0,109.0,2.0,109.0,2.0,107.0,107.0
06019008100,Census Tract 81,19,Fresno,0.0,90.0,13.0,90.0,13.0,77.0,77.0
06019007400,Census Tract 74,19,Fresno,0.0,75.0,3.0,75.0,3.0,72.0,72.0
06029001002,Census Tract 10.02,29,Kern,0.0,55.0,29.0,55.0,29.0,26.0,26.0
06029002702,Census Tract 27.02,29,Kern,0.0,55.0,27.0,55.0,27.0,28.0,28.0
06029002901,Census Tract 29.01,29,Kern,0.0,60.0,25.0,60.0,25.0,35.0,35.0
06029002902,Census Tract 29.02,29,Kern,0.0,62.0,25.0,62.0,25.0,37.0,37.0
06029003133,Census Tract 31.33,29,Kern,14.0,54.0,20.0,40.0,6.0,34.0,34.0
06029003131,Census Tract 31.31,29,Kern,0.0,59.0,18.0,59.0,18.0,41.0,41.0
06029003130,Census Tract 31.30,29,Kern,0.0,92.0,25.0,92.0,25.0,67.0,67.0
06029003128,Census Tract 31.28,29,Kern,0.0,70.0,25.0,70.0,25.0,45.0,45.0
06019006802,Census Tract 68.02,19,Fresno,4.0,70.0,6.0,66.0,2.0,64.0,64.0
06079010904,Census Tract 109.04,79,San Luis Obispo,0.0,43.0,11.0,43.0,11.0,32.0,32.0
06079011201,Census Tract 112.01,79,San Luis Obispo,0.0,57.0,16.0,57.0,16.0,41.0,41.0
06079011202,Census Tract 112.02,79,San Luis Obispo,26.0,55.0,16.0,29.0,0.0,39.0,29.0
06079011105,Census Tract 111.05,79,San Luis Obispo,0.0,111.0,41.0,111.0,41.0,70.0,70.0
06079010017,Census Tract 100.17,79,San Luis Obispo,4.0,81.0,2.0,77.0,0.0,79.0,77.0
06079012305,Census Tract 123.05,79,San Luis Obispo,0.0,154.0,7.0,154.0,7.0,147.0,147.0
06079012406,Census Tract 124.06,79,San Luis Obispo,0.0,116.0,16.0,116.0,16.0,100.0,100.0
06079012403,Census Tract 124.03,79,San Luis Obispo,0.0,103.0,17.0,103.0,17.0,86.0,86.0
06079011706,Census Tract 117.06,79,San Luis Obispo,1.0,78.0,10.0,77.0,9.0,68.0,68.0
06099003700,Census Tract 37,99,Stanislaus,2.0,95.0,6.0,93.0,4.0,89.0,89.0
06099003802,Census Tract 38.02,99,Stanislaus,3.0,90.0,23.0,87.0,20.0,67.0,67.0
06079012002,Census Tract 120.02,79,San Luis Obispo,0.0,100.0,35.0,100.0,35.0,65.0,65.0
06079011705,Census Tract 117.05,79,San Luis Obispo,20.0,49.0,34.0,29.0,14.0,15.0,15.0
06079012001,Census Tract 120.01,79,San Luis Obispo,0.0,60.0,48.0,60.0,48.0,12.0,12.0
06079012201,Census Tract 122.01,79,San Luis Obispo,2.0,64.0,24.0,62.0,22.0,40.0,40.0
06079012202,Census Tract 122.02,79,San Luis Obispo,0.0,68.0,33.0,68.0,33.0,35.0,35.0
06079011104,Census Tract 111.04,79,San Luis Obispo,21.0,58.0,42.0,37.0,21.0,16.0,16.0
06079012306,Census Tract 123.06,79,San Luis Obispo,0.0,113.0,4.0,113.0,4.0,109.0,109.0
06079012405,Census Tract 124.05,79,San Luis Obispo,0.0,72.0,21.0,72.0,21.0,51.0,51.0
06079012404,Census Tract 124.04,79,San Luis Obispo,0.0,236.0,15.0,236.0,15.0,221.0,221.0
06079010206,Census Tract 102.06,79,San Luis Obispo,0.0,74.0,21.0,74.0,21.0,53.0,53.0
06079011904,Census Tract 119.04,79,San Luis Obispo,0.0,223.0,30.0,223.0,30.0,193.0,193.0
06079010302,Census Tract 103.02,79,San Luis Obispo,22.0,76.0,5.0,54.0,0.0,71.0,54.0
06079010207,Census Tract 102.07,79,San Luis Obispo,54.0,96.0,7.0,42.0,0.0,89.0,42.0
06079010505,Census Tract 105.05,79,San Luis Obispo,0.0,76.0,25.0,76.0,25.0,51.0,51.0
06073003404,Census Tract 34.04,73,San Diego,0.0,92.0,16.0,92.0,16.0,76.0,76.0
06073003501,Census Tract 35.01,73,San Diego,0.0,69.0,19.0,69.0,19.0,50.0,50.0
06073003502,Census Tract 35.02,73,San Diego,0.0,91.0,24.0,91.0,24.0,67.0,67.0
06073003602,Census Tract 36.02,73,San Diego,4.0,67.0,26.0,63.0,22.0,41.0,41.0
06073003603,Census Tract 36.03,73,San Diego,0.0,66.0,26.0,66.0,26.0,40.0,40.0
06097150205,Census Tract 1502.05,97,Sonoma,2.0,99.0,7.0,97.0,5.0,92.0,92.0
06097150206,Census Tract 1502.06,97,Sonoma,10.0,42.0,7.0,32.0,0.0,35.0,32.0
06097150502,Census Tract 1505.02,97,Sonoma,5.0,47.0,4.0,42.0,0.0,43.0,42.0
06097151505,Census Tract 1515.05,97,Sonoma,0.0,38.0,6.0,38.0,6.0,32.0,32.0
06077003119,Census Tract 31.19,77,San Joaquin,0.0,62.0,19.0,62.0,19.0,43.0,43.0
06077003116,Census Tract 31.16,77,San Joaquin,4.0,50.0,28.0,46.0,24.0,22.0,22.0
06077003118,Census Tract 31.18,77,San Joaquin,0.0,59.0,21.0,59.0,21.0,38.0,38.0
06077003117,Census Tract 31.17,77,San Joaquin,2.0,61.0,14.0,59.0,12.0,47.0,47.0
06077003115,Census Tract 31.15,77,San Joaquin,28.0,64.0,22.0,36.0,0.0,42.0,36.0
06077004310,Census Tract 43.10,77,San Joaquin,6.0,59.0,22.0,53.0,16.0,37.0,37.0
06077004309,Census Tract 43.09,77,San Joaquin,8.0,52.0,23.0,44.0,15.0,29.0,29.0
06077004205,Census Tract 42.05,77,San Joaquin,4.0,62.0,21.0,58.0,17.0,41.0,41.0
06077005223,Census Tract 52.23,77,San Joaquin,0.0,457.0,5.0,457.0,5.0,452.0,452.0
06077005222,Census Tract 52.22,77,San Joaquin,0.0,115.0,17.0,115.0,17.0,98.0,98.0
06077005312,Census Tract 53.12,77,San Joaquin,0.0,69.0,22.0,69.0,22.0,47.0,47.0
06077003805,Census Tract 38.05,77,San Joaquin,0.0,63.0,24.0,63.0,24.0,39.0,39.0
06077003804,Census Tract 38.04,77,San Joaquin,0.0,126.0,16.0,126.0,16.0,110.0,110.0
06077003808,Census Tract 38.08,77,San Joaquin,0.0,86.0,24.0,86.0,24.0,62.0,62.0
06077005139,Census Tract 51.39,77,San Joaquin,0.0,75.0,14.0,75.0,14.0,61.0,61.0
06077005136,Census Tract 51.36,77,San Joaquin,8.0,73.0,24.0,65.0,16.0,49.0,49.0
06077003503,Census Tract 35.03,77,San Joaquin,18.0,520.0,15.0,502.0,0.0,505.0,502.0
06077004107,Census Tract 41.07,77,San Joaquin,6.0,72.0,4.0,66.0,0.0,68.0,66.0
06077005137,Census Tract 51.37,77,San Joaquin,44.0,421.0,10.0,377.0,0.0,411.0,377.0
06077005311,Census Tract 53.11,77,San Joaquin,0.0,63.0,28.0,63.0,28.0,35.0,35.0
06077000102,Census Tract 1.02,77,San Joaquin,2.0,47.0,22.0,45.0,20.0,25.0,25.0
06077004206,Census Tract 42.06,77,San Joaquin,0.0,58.0,21.0,58.0,21.0,37.0,37.0
06077003219,Census Tract 32.19,77,San Joaquin,0.0,380.0,12.0,380.0,12.0,368.0,368.0
06077000802,Census Tract 8.02,77,San Joaquin,0.0,41.0,11.0,41.0,11.0,30.0,30.0
06077004004,Census Tract 40.04,77,San Joaquin,13.0,150.0,9.0,137.0,0.0,141.0,137.0
06073008513,Census Tract 85.13,73,San Diego,0.0,67.0,17.0,67.0,17.0,50.0,50.0
06073008600,Census Tract 86,73,San Diego,0.0,164.0,13.0,164.0,13.0,151.0,151.0
06073008701,Census Tract 87.01,73,San Diego,0.0,71.0,16.0,71.0,16.0,55.0,55.0
06073008702,Census Tract 87.02,73,San Diego,42.0,113.0,13.0,71.0,0.0,100.0,71.0
06073017305,Census Tract 173.05,73,San Diego,0.0,82.0,10.0,82.0,10.0,72.0,72.0
06081604400,Census Tract 6044,81,San Mateo,22.0,122.0,10.0,100.0,0.0,112.0,100.0
06081604800,Census Tract 6048,81,San Mateo,13.0,131.0,14.0,118.0,1.0,117.0,117.0
06081605100,Census Tract 6051,81,San Mateo,5.0,53.0,7.0,48.0,2.0,46.0,46.0
06077004904,Census Tract 49.04,77,San Joaquin,2.0,100.0,10.0,98.0,8.0,90.0,90.0
06077004903,Census Tract 49.03,77,San Joaquin,0.0,61.0,13.0,61.0,13.0,48.0,48.0
06077005140,Census Tract 51.40,77,San Joaquin,21.0,77.0,14.0,56.0,0.0,63.0,56.0
06077005138,Census Tract 51.38,77,San Joaquin,0.0,63.0,15.0,63.0,15.0,48.0,48.0
06077004906,Census Tract 49.06,77,San Joaquin,4.0,71.0,2.0,67.0,0.0,69.0,67.0
06077004905,Census Tract 49.05,77,San Joaquin,0.0,59.0,3.0,59.0,3.0,56.0,56.0
06077001501,Census Tract 15.01,77,San Joaquin,0.0,102.0,14.0,102.0,14.0,88.0,88.0
06077001502,Census Tract 15.02,77,San Joaquin,0.0,71.0,20.0,71.0,20.0,51.0,51.0
06037267102,Census Tract 2671.02,37,Los Angeles,0.0,61.0,16.0,61.0,16.0,45.0,45.0
06037209106,Census Tract 2091.06,37,Los Angeles,16.0,45.0,27.0,29.0,11.0,18.0,18.0
06037207307,Census Tract 2073.07,37,Los Angeles,4.0,36.0,58.0,32.0,54.0,-22.0,-22.0
06037481403,Census Tract 4814.03,37,Los Angeles,4.0,63.0,14.0,59.0,10.0,49.0,49.0
06037404804,Census Tract 4048.04,37,Los Angeles,0.0,92.0,13.0,92.0,13.0,79.0,79.0
06037481404,Census Tract 4814.04,37,Los Angeles,3.0,77.0,13.0,74.0,10.0,64.0,64.0
06037432502,Census Tract 4325.02,37,Los Angeles,0.0,85.0,10.0,85.0,10.0,75.0,75.0
06037401706,Census Tract 4017.06,37,Los Angeles,0.0,98.0,12.0,98.0,12.0,86.0,86.0
06037432001,Census Tract 4320.01,37,Los Angeles,0.0,55.0,15.0,55.0,15.0,40.0,40.0
06037432002,Census Tract 4320.02,37,Los Angeles,0.0,123.0,10.0,123.0,10.0,113.0,113.0
06037190702,Census Tract 1907.02,37,Los Angeles,5.0,37.0,29.0,32.0,24.0,8.0,8.0
06037401707,Census Tract 4017.07,37,Los Angeles,0.0,200.0,9.0,200.0,9.0,191.0,191.0
06037189801,Census Tract 1898.01,37,Los Angeles,3.0,51.0,20.0,48.0,17.0,31.0,31.0
06037190101,Census Tract 1901.01,37,Los Angeles,11.0,39.0,27.0,28.0,16.0,12.0,12.0
06037189802,Census Tract 1898.02,37,Los Angeles,0.0,46.0,23.0,46.0,23.0,23.0,23.0
06037800103,Census Tract 8001.03,37,Los Angeles,0.0,72.0,3.0,72.0,3.0,69.0,69.0
06037481203,Census Tract 4812.03,37,Los Angeles,0.0,137.0,10.0,137.0,10.0,127.0,127.0
06037189906,Census Tract 1899.06,37,Los Angeles,0.0,49.0,29.0,49.0,29.0,20.0,20.0
06037189907,Census Tract 1899.07,37,Los Angeles,8.0,54.0,32.0,46.0,24.0,22.0,22.0
06037190302,Census Tract 1903.02,37,Los Angeles,0.0,45.0,26.0,45.0,26.0,19.0,19.0
06037408900,Census Tract 4089,37,Los Angeles,0.0,134.0,7.0,134.0,7.0,127.0,127.0
06037185101,Census Tract 1851.01,37,Los Angeles,1.0,50.0,14.0,49.0,13.0,36.0,36.0
06073018621,Census Tract 186.21,73,San Diego,0.0,47.0,27.0,47.0,27.0,20.0,20.0
06073009108,Census Tract 91.08,73,San Diego,0.0,49.0,17.0,49.0,17.0,32.0,32.0
06073017069,Census Tract 170.69,73,San Diego,0.0,53.0,21.0,53.0,21.0,32.0,32.0
06077005141,Census Tract 51.41,77,San Joaquin,0.0,68.0,21.0,68.0,21.0,47.0,47.0
06077005503,Census Tract 55.03,77,San Joaquin,0.0,42.0,3.0,42.0,3.0,39.0,39.0
06077005219,Census Tract 52.19,77,San Joaquin,4.0,127.0,16.0,123.0,12.0,111.0,111.0
06077005217,Census Tract 52.17,77,San Joaquin,0.0,83.0,19.0,83.0,19.0,64.0,64.0
06077005214,Census Tract 52.14,77,San Joaquin,10.0,367.0,3.0,357.0,0.0,364.0,357.0
06077005216,Census Tract 52.16,77,San Joaquin,0.0,114.0,18.0,114.0,18.0,96.0,96.0
06077005215,Census Tract 52.15,77,San Joaquin,0.0,64.0,14.0,64.0,14.0,50.0,50.0
06077005220,Census Tract 52.20,77,San Joaquin,12.0,55.0,20.0,43.0,8.0,35.0,35.0
06077005309,Census Tract 53.09,77,San Joaquin,8.0,60.0,22.0,52.0,14.0,38.0,38.0
06077005211,Census Tract 52.11,77,San Joaquin,0.0,117.0,22.0,117.0,22.0,95.0,95.0
06077005213,Census Tract 52.13,77,San Joaquin,6.0,88.0,4.0,82.0,0.0,84.0,82.0
06077005224,Census Tract 52.24,77,San Joaquin,4.0,148.0,18.0,144.0,14.0,130.0,130.0
06077005310,Census Tract 53.10,77,San Joaquin,0.0,84.0,25.0,84.0,25.0,59.0,59.0
06077005212,Census Tract 52.12,77,San Joaquin,0.0,285.0,13.0,285.0,13.0,272.0,272.0
06077004108,Census Tract 41.08,77,San Joaquin,12.0,190.0,6.0,178.0,0.0,184.0,178.0
06077003504,Census Tract 35.04,77,San Joaquin,1.0,384.0,11.0,383.0,10.0,373.0,373.0
06077000101,Census Tract 1.01,77,San Joaquin,0.0,45.0,33.0,45.0,33.0,12.0,12.0
06077003806,Census Tract 38.06,77,San Joaquin,0.0,75.0,25.0,75.0,25.0,50.0,50.0
06077003502,Census Tract 35.02,77,San Joaquin,0.0,71.0,7.0,71.0,7.0,64.0,64.0
06077005221,Census Tract 52.21,77,San Joaquin,12.0,402.0,15.0,390.0,3.0,387.0,387.0
06077003501,Census Tract 35.01,77,San Joaquin,0.0,61.0,12.0,61.0,12.0,49.0,49.0
06077980000,Census Tract 9800,77,San Joaquin,0.0,34.0,34.0,34.0,34.0,0.0,0.0
06077005225,Census Tract 52.25,77,San Joaquin,24.0,53.0,4.0,29.0,0.0,49.0,29.0
06077003218,Census Tract 32.18,77,San Joaquin,0.0,62.0,24.0,62.0,24.0,38.0,38.0
06077004003,Census Tract 40.03,77,San Joaquin,4.0,93.0,18.0,89.0,14.0,75.0,75.0
06077003807,Census Tract 38.07,77,San Joaquin,20.0,61.0,24.0,41.0,4.0,37.0,37.0
06077005218,Census Tract 52.18,77,San Joaquin,0.0,80.0,27.0,80.0,27.0,53.0,53.0
06077000803,Census Tract 8.03,77,San Joaquin,0.0,119.0,12.0,119.0,12.0,107.0,107.0
06037310300,Census Tract 3103,37,Los Angeles,0.0,67.0,12.0,67.0,12.0,55.0,55.0
06081605200,Census Tract 6052,81,San Mateo,0.0,91.0,14.0,91.0,14.0,77.0,77.0
06095252610,Census Tract 2526.10,95,Solano,0.0,66.0,25.0,66.0,25.0,41.0,41.0
06095252908,Census Tract 2529.08,95,Solano,0.0,70.0,23.0,70.0,23.0,47.0,47.0
06037310400,Census Tract 3104,37,Los Angeles,2.0,79.0,11.0,77.0,9.0,68.0,68.0
06095252909,Census Tract 2529.09,95,Solano,0.0,127.0,10.0,127.0,10.0,117.0,117.0
06095253000,Census Tract 2530,95,Solano,0.0,113.0,13.0,113.0,13.0,100.0,100.0
06095252801,Census Tract 2528.01,95,Solano,0.0,39.0,15.0,39.0,15.0,24.0,24.0
06053012601,Census Tract 126.01,53,Monterey,0.0,46.0,23.0,46.0,23.0,23.0,23.0
06053011002,Census Tract 110.02,53,Monterey,14.0,63.0,1.0,49.0,0.0,62.0,49.0
06053012504,Census Tract 125.04,53,Monterey,2.0,52.0,25.0,50.0,23.0,27.0,27.0
06053014108,Census Tract 141.08,53,Monterey,0.0,109.0,9.0,109.0,9.0,100.0,100.0
06053011305,Census Tract 113.05,53,Monterey,0.0,72.0,1.0,72.0,1.0,71.0,71.0
06053011901,Census Tract 119.01,53,Monterey,16.0,72.0,7.0,56.0,0.0,65.0,56.0
06053011606,Census Tract 116.06,53,Monterey,2.0,63.0,5.0,61.0,3.0,58.0,58.0
06053011001,Census Tract 110.01,53,Monterey,8.0,90.0,5.0,82.0,0.0,85.0,82.0
06053011902,Census Tract 119.02,53,Monterey,1.0,54.0,11.0,53.0,10.0,43.0,43.0
06053000106,Census Tract 1.06,53,Monterey,0.0,130.0,28.0,130.0,28.0,102.0,102.0
06053012503,Census Tract 125.03,53,Monterey,0.0,55.0,35.0,55.0,35.0,20.0,20.0
06053011104,Census Tract 111.04,53,Monterey,10.0,81.0,25.0,71.0,15.0,56.0,56.0
06053000105,Census Tract 1.05,53,Monterey,0.0,64.0,31.0,64.0,31.0,33.0,33.0
06053011103,Census Tract 111.03,53,Monterey,19.0,66.0,23.0,47.0,4.0,43.0,43.0
06053011105,Census Tract 111.05,53,Monterey,2.0,116.0,21.0,114.0,19.0,95.0,95.0
06053011106,Census Tract 111.06,53,Monterey,0.0,48.0,3.0,48.0,3.0,45.0,45.0
06053011605,Census Tract 116.05,53,Monterey,2.0,70.0,8.0,68.0,6.0,62.0,62.0
06053011306,Census Tract 113.06,53,Monterey,5.0,85.0,23.0,80.0,18.0,62.0,62.0
06029003209,Census Tract 32.09,29,Kern,0.0,85.0,26.0,85.0,26.0,59.0,59.0
06029003218,Census Tract 32.18,29,Kern,0.0,134.0,18.0,134.0,18.0,116.0,116.0
06029003220,Census Tract 32.20,29,Kern,0.0,194.0,5.0,194.0,5.0,189.0,189.0
06029003222,Census Tract 32.22,29,Kern,0.0,44.0,2.0,44.0,2.0,42.0,42.0
06029003210,Census Tract 32.10,29,Kern,0.0,98.0,18.0,98.0,18.0,80.0,80.0
06029003307,Census Tract 33.07,29,Kern,29.0,63.0,1.0,34.0,0.0,62.0,34.0
06029006012,Census Tract 60.12,29,Kern,14.0,56.0,1.0,42.0,0.0,55.0,42.0
06029002825,Census Tract 28.25,29,Kern,2.0,53.0,27.0,51.0,25.0,26.0,26.0
06029005206,Census Tract 52.06,29,Kern,4.0,45.0,1.0,41.0,0.0,44.0,41.0
06029004607,Census Tract 46.07,29,Kern,0.0,95.0,7.0,95.0,7.0,88.0,88.0
06029001001,Census Tract 10.01,29,Kern,0.0,61.0,4.0,61.0,4.0,57.0,57.0
06029002303,Census Tract 23.03,29,Kern,0.0,56.0,15.0,56.0,15.0,41.0,41.0
06029005207,Census Tract 52.07,29,Kern,0.0,49.0,1.0,49.0,1.0,48.0,48.0
06029002401,Census Tract 24.01,29,Kern,0.0,41.0,9.0,41.0,9.0,32.0,32.0
06029006010,Census Tract 60.10,29,Kern,0.0,93.0,3.0,93.0,3.0,90.0,90.0
06029005514,Census Tract 55.14,29,Kern,0.0,69.0,1.0,69.0,1.0,68.0,68.0
06029006009,Census Tract 60.09,29,Kern,0.0,55.0,2.0,55.0,2.0,53.0,53.0
06029002202,Census Tract 22.02,29,Kern,0.0,62.0,27.0,62.0,27.0,35.0,35.0
06029002001,Census Tract 20.01,29,Kern,0.0,55.0,24.0,55.0,24.0,31.0,31.0
06029002002,Census Tract 20.02,29,Kern,0.0,69.0,27.0,69.0,27.0,42.0,42.0
06029006600,Census Tract 66,29,Kern,50.0,73.0,1.0,23.0,0.0,72.0,23.0
06029002403,Census Tract 24.03,29,Kern,0.0,51.0,5.0,51.0,5.0,46.0,46.0
06029002402,Census Tract 24.02,29,Kern,0.0,74.0,28.0,74.0,28.0,46.0,46.0
06099002200,Census Tract 22,99,Stanislaus,0.0,105.0,21.0,105.0,21.0,84.0,84.0
06089010400,Census Tract 104,89,Shasta,0.0,101.0,27.0,101.0,27.0,74.0,74.0
06089010900,Census Tract 109,89,Shasta,0.0,83.0,30.0,83.0,30.0,53.0,53.0
06089011100,Census Tract 111,89,Shasta,0.0,74.0,29.0,74.0,29.0,45.0,45.0
06037900704,Census Tract 9007.04,37,Los Angeles,8.0,56.0,6.0,48.0,0.0,50.0,48.0
06073003800,Census Tract 38,73,San Diego,1.0,52.0,12.0,51.0,11.0,40.0,40.0
06073003901,Census Tract 39.01,73,San Diego,0.0,82.0,26.0,82.0,26.0,56.0,56.0
06073003902,Census Tract 39.02,73,San Diego,0.0,74.0,19.0,74.0,19.0,55.0,55.0
06073004000,Census Tract 40,73,San Diego,0.0,84.0,23.0,84.0,23.0,61.0,61.0
06073008800,Census Tract 88,73,San Diego,0.0,158.0,17.0,158.0,17.0,141.0,141.0
06073008901,Census Tract 89.01,73,San Diego,12.0,136.0,18.0,124.0,6.0,118.0,118.0
06083001911,Census Tract 19.11,83,Santa Barbara,18.0,52.0,1.0,34.0,0.0,51.0,34.0
06083000202,Census Tract 2.02,83,Santa Barbara,18.0,48.0,17.0,30.0,0.0,31.0,30.0
06083002015,Census Tract 20.15,83,Santa Barbara,0.0,75.0,15.0,75.0,15.0,60.0,60.0
06083001909,Census Tract 19.09,83,Santa Barbara,4.0,99.0,5.0,95.0,1.0,94.0,94.0
06083001907,Census Tract 19.07,83,Santa Barbara,7.0,36.0,2.0,29.0,0.0,34.0,29.0
06083001908,Census Tract 19.08,83,Santa Barbara,30.0,146.0,4.0,116.0,0.0,142.0,116.0
06083980200,Census Tract 9802,83,Santa Barbara,0.0,43.0,2.0,43.0,2.0,41.0,41.0
06083002504,Census Tract 25.04,83,Santa Barbara,2.0,194.0,13.0,192.0,11.0,181.0,181.0
06083001912,Census Tract 19.12,83,Santa Barbara,26.0,142.0,7.0,116.0,0.0,135.0,116.0
06083980500,Census Tract 9805,83,Santa Barbara,0.0,30.0,2.0,30.0,2.0,28.0,28.0
06083980400,Census Tract 9804,83,Santa Barbara,6.0,60.0,6.0,54.0,0.0,54.0,54.0
06083002408,Census Tract 24.08,83,Santa Barbara,2.0,57.0,30.0,55.0,28.0,27.0,27.0
06083002709,Census Tract 27.09,83,Santa Barbara,22.0,85.0,28.0,63.0,6.0,57.0,57.0
06037910815,Census Tract 9108.15,37,Los Angeles,3.0,209.0,1.0,206.0,0.0,208.0,206.0
06037480602,Census Tract 4806.02,37,Los Angeles,0.0,81.0,10.0,81.0,10.0,71.0,71.0
06037404805,Census Tract 4048.05,37,Los Angeles,0.0,63.0,19.0,63.0,19.0,44.0,44.0
06037401802,Census Tract 4018.02,37,Los Angeles,4.0,72.0,8.0,68.0,4.0,64.0,64.0
06037464102,Census Tract 4641.02,37,Los Angeles,0.0,112.0,7.0,112.0,7.0,105.0,105.0
06037464101,Census Tract 4641.01,37,Los Angeles,0.0,57.0,7.0,57.0,7.0,50.0,50.0
06037401705,Census Tract 4017.05,37,Los Angeles,0.0,54.0,10.0,54.0,10.0,44.0,44.0
06037480601,Census Tract 4806.01,37,Los Angeles,4.0,72.0,15.0,68.0,11.0,57.0,57.0
06037431701,Census Tract 4317.01,37,Los Angeles,4.0,134.0,7.0,130.0,3.0,127.0,127.0
06037404203,Census Tract 4042.03,37,Los Angeles,0.0,77.0,16.0,77.0,16.0,61.0,61.0
06037211123,Census Tract 2111.23,37,Los Angeles,4.0,45.0,31.0,41.0,27.0,14.0,14.0
06037265521,Census Tract 2655.21,37,Los Angeles,6.0,37.0,35.0,31.0,29.0,2.0,2.0
06037199001,Census Tract 1990.01,37,Los Angeles,0.0,50.0,26.0,50.0,26.0,24.0,24.0
06037432501,Census Tract 4325.01,37,Los Angeles,0.0,82.0,12.0,82.0,12.0,70.0,70.0
06037185102,Census Tract 1851.02,37,Los Angeles,1.0,64.0,11.0,63.0,10.0,53.0,53.0
06037190102,Census Tract 1901.02,37,Los Angeles,2.0,46.0,21.0,44.0,19.0,25.0,25.0
06037401801,Census Tract 4018.01,37,Los Angeles,0.0,83.0,7.0,83.0,7.0,76.0,76.0
06037300503,Census Tract 3005.03,37,Los Angeles,0.0,110.0,12.0,110.0,12.0,98.0,98.0
06037300601,Census Tract 3006.01,37,Los Angeles,0.0,132.0,15.0,132.0,15.0,117.0,117.0
06037113426,Census Tract 1134.26,37,Los Angeles,12.0,51.0,9.0,39.0,0.0,42.0,39.0
06037113425,Census Tract 1134.25,37,Los Angeles,3.0,72.0,22.0,69.0,19.0,50.0,50.0
06037460601,Census Tract 4606.01,37,Los Angeles,1.0,142.0,6.0,141.0,5.0,136.0,136.0
06037603901,Census Tract 6039.01,37,Los Angeles,2.0,78.0,15.0,76.0,13.0,63.0,63.0
06037554106,Census Tract 5541.06,37,Los Angeles,4.0,74.0,15.0,70.0,11.0,59.0,59.0
06037553202,Census Tract 5532.02,37,Los Angeles,0.0,58.0,14.0,58.0,14.0,44.0,44.0
06037553201,Census Tract 5532.01,37,Los Angeles,2.0,73.0,13.0,71.0,11.0,60.0,60.0
06037602512,Census Tract 6025.12,37,Los Angeles,0.0,46.0,23.0,46.0,23.0,23.0,23.0
06037551802,Census Tract 5518.02,37,Los Angeles,0.0,75.0,12.0,75.0,12.0,63.0,63.0
06037503705,Census Tract 5037.05,37,Los Angeles,0.0,64.0,12.0,64.0,12.0,52.0,52.0
06037602601,Census Tract 6026.01,37,Los Angeles,0.0,113.0,11.0,113.0,11.0,102.0,102.0
06073018201,Census Tract 182.01,73,San Diego,1.0,61.0,21.0,60.0,20.0,40.0,40.0
06073018101,Census Tract 181.01,73,San Diego,0.0,68.0,19.0,68.0,19.0,49.0,49.0
06073017202,Census Tract 172.02,73,San Diego,6.0,49.0,12.0,43.0,6.0,37.0,37.0
06073018302,Census Tract 183.02,73,San Diego,6.0,40.0,33.0,34.0,27.0,7.0,7.0
06073017068,Census Tract 170.68,73,San Diego,0.0,106.0,12.0,106.0,12.0,94.0,94.0
06073013325,Census Tract 133.25,73,San Diego,0.0,137.0,21.0,137.0,21.0,116.0,116.0
06073013318,Census Tract 133.18,73,San Diego,10.0,260.0,16.0,250.0,6.0,244.0,244.0
06073013317,Census Tract 133.17,73,San Diego,7.0,3875.0,5.0,3868.0,0.0,3870.0,3868.0
06073015407,Census Tract 154.07,73,San Diego,0.0,76.0,23.0,76.0,23.0,53.0,53.0
06073008367,Census Tract 83.67,73,San Diego,0.0,74.0,15.0,74.0,15.0,59.0,59.0
06073010017,Census Tract 100.17,73,San Diego,4.0,221.0,12.0,217.0,8.0,209.0,209.0
06073007304,Census Tract 73.04,73,San Diego,0.0,70.0,24.0,70.0,24.0,46.0,46.0
06073005602,Census Tract 56.02,73,San Diego,8.0,49.0,9.0,41.0,1.0,40.0,40.0
06073001301,Census Tract 13.01,73,San Diego,4.0,55.0,35.0,51.0,31.0,20.0,20.0
06073021306,Census Tract 213.06,73,San Diego,0.0,116.0,3.0,116.0,3.0,113.0,113.0
06073013319,Census Tract 133.19,73,San Diego,25.0,329.0,8.0,304.0,0.0,321.0,304.0
06073013324,Census Tract 133.24,73,San Diego,0.0,67.0,33.0,67.0,33.0,34.0,34.0
06073009000,Census Tract 90,73,San Diego,14.0,85.0,19.0,71.0,5.0,66.0,66.0
06073009101,Census Tract 91.01,73,San Diego,0.0,129.0,13.0,129.0,13.0,116.0,116.0
06081605300,Census Tract 6053,81,San Mateo,0.0,126.0,13.0,126.0,13.0,113.0,113.0
06081605800,Census Tract 6058,81,San Mateo,0.0,64.0,13.0,64.0,13.0,51.0,51.0
06095253101,Census Tract 2531.01,95,Solano,24.0,136.0,10.0,112.0,0.0,126.0,112.0
06095253105,Census Tract 2531.05,95,Solano,29.0,131.0,16.0,102.0,0.0,115.0,102.0
06095253106,Census Tract 2531.06,95,Solano,0.0,68.0,23.0,68.0,23.0,45.0,45.0
06095253107,Census Tract 2531.07,95,Solano,8.0,113.0,15.0,105.0,7.0,98.0,98.0
06095253201,Census Tract 2532.01,95,Solano,0.0,130.0,11.0,130.0,11.0,119.0,119.0
06071980200,Census Tract 9802,71,San Bernardino,0.0,72.0,7.0,72.0,7.0,65.0,65.0
06071009300,Census Tract 93,71,San Bernardino,0.0,36.0,10.0,36.0,10.0,26.0,26.0
06037553902,Census Tract 5539.02,37,Los Angeles,0.0,122.0,13.0,122.0,13.0,109.0,109.0
06037570304,Census Tract 5703.04,37,Los Angeles,4.0,80.0,17.0,76.0,13.0,63.0,63.0
06037620303,Census Tract 6203.03,37,Los Angeles,4.0,108.0,12.0,104.0,8.0,96.0,96.0
06099000910,Census Tract 9.10,99,Stanislaus,0.0,154.0,26.0,154.0,26.0,128.0,128.0
06099001001,Census Tract 10.01,99,Stanislaus,0.0,155.0,23.0,155.0,23.0,132.0,132.0
06099000911,Census Tract 9.11,99,Stanislaus,0.0,100.0,31.0,100.0,31.0,69.0,69.0
06037403801,Census Tract 4038.01,37,Los Angeles,0.0,120.0,9.0,120.0,9.0,111.0,111.0
06037408134,Census Tract 4081.34,37,Los Angeles,0.0,55.0,14.0,55.0,14.0,41.0,41.0
06037602510,Census Tract 6025.10,37,Los Angeles,0.0,73.0,23.0,73.0,23.0,50.0,50.0
06037604200,Census Tract 6042,37,Los Angeles,6.0,105.0,11.0,99.0,5.0,94.0,94.0
06037555300,Census Tract 5553,37,Los Angeles,16.0,92.0,10.0,76.0,0.0,82.0,76.0
06037602201,Census Tract 6022.01,37,Los Angeles,6.0,101.0,10.0,95.0,4.0,91.0,91.0
06037550301,Census Tract 5503.01,37,Los Angeles,0.0,83.0,10.0,83.0,10.0,73.0,73.0
06037602513,Census Tract 6025.13,37,Los Angeles,8.0,41.0,10.0,33.0,2.0,31.0,31.0
06037550101,Census Tract 5501.01,37,Los Angeles,0.0,77.0,15.0,77.0,15.0,62.0,62.0
06037240901,Census Tract 2409.01,37,Los Angeles,0.0,48.0,22.0,48.0,22.0,26.0,26.0
06089011300,Census Tract 113,89,Shasta,0.0,102.0,37.0,102.0,37.0,65.0,65.0
06089012000,Census Tract 120,89,Shasta,8.0,98.0,21.0,90.0,13.0,77.0,77.0
06065043248,Census Tract 432.48,65,Riverside,0.0,87.0,23.0,87.0,23.0,64.0,64.0
06065043256,Census Tract 432.56,65,Riverside,0.0,76.0,24.0,76.0,24.0,52.0,52.0
06065043264,Census Tract 432.64,65,Riverside,0.0,237.0,20.0,237.0,20.0,217.0,217.0
06065030101,Census Tract 301.01,65,Riverside,0.0,38.0,47.0,38.0,47.0,-9.0,-9.0
06065030103,Census Tract 301.03,65,Riverside,2.0,51.0,33.0,49.0,31.0,18.0,18.0
06093000100,Census Tract 1,93,Siskiyou,2.0,41.0,7.0,39.0,5.0,34.0,34.0
06093000600,Census Tract 6,93,Siskiyou,0.0,42.0,9.0,42.0,9.0,33.0,33.0
06037408212,Census Tract 4082.12,37,Los Angeles,0.0,113.0,8.0,113.0,8.0,105.0,105.0
06037108204,Census Tract 1082.04,37,Los Angeles,0.0,51.0,11.0,51.0,11.0,40.0,40.0
06037603706,Census Tract 6037.06,37,Los Angeles,0.0,71.0,21.0,71.0,21.0,50.0,50.0
06037243002,Census Tract 2430.02,37,Los Angeles,0.0,55.0,21.0,55.0,21.0,34.0,34.0
06037240902,Census Tract 2409.02,37,Los Angeles,0.0,58.0,15.0,58.0,15.0,43.0,43.0
06037500203,Census Tract 5002.03,37,Los Angeles,0.0,91.0,9.0,91.0,9.0,82.0,82.0
06037920047,Census Tract 9200.47,37,Los Angeles,0.0,200.0,18.0,200.0,18.0,182.0,182.0
06037920046,Census Tract 9200.46,37,Los Angeles,0.0,52.0,20.0,52.0,20.0,32.0,32.0
06037920049,Census Tract 9200.49,37,Los Angeles,4.0,129.0,2.0,125.0,0.0,127.0,125.0
06037920343,Census Tract 9203.43,37,Los Angeles,16.0,77.0,13.0,61.0,0.0,64.0,61.0
06037920342,Census Tract 9203.42,37,Los Angeles,0.0,59.0,14.0,59.0,14.0,45.0,45.0
06037920341,Census Tract 9203.41,37,Los Angeles,3.0,58.0,17.0,55.0,14.0,41.0,41.0
06037920048,Census Tract 9200.48,37,Los Angeles,1.0,134.0,8.0,133.0,7.0,126.0,126.0
06037920340,Census Tract 9203.40,37,Los Angeles,0.0,55.0,12.0,55.0,12.0,43.0,43.0
06037115203,Census Tract 1152.03,37,Los Angeles,2.0,51.0,17.0,49.0,15.0,34.0,34.0
06065051100,Census Tract 511,65,Riverside,0.0,159.0,22.0,159.0,22.0,137.0,137.0
06065043276,Census Tract 432.76,65,Riverside,0.0,76.0,12.0,76.0,12.0,64.0,64.0
06065043512,Census Tract 435.12,65,Riverside,0.0,114.0,19.0,114.0,19.0,95.0,95.0
06065043810,Census Tract 438.10,65,Riverside,24.0,148.0,16.0,124.0,0.0,132.0,124.0
06085503111,Census Tract 5031.11,85,Santa Clara,0.0,126.0,17.0,126.0,17.0,109.0,109.0
06085506302,Census Tract 5063.02,85,Santa Clara,0.0,163.0,12.0,163.0,12.0,151.0,151.0
06085511200,Census Tract 5112,85,Santa Clara,0.0,90.0,11.0,90.0,11.0,79.0,79.0
06071002021,Census Tract 20.21,71,San Bernardino,0.0,110.0,12.0,110.0,12.0,98.0,98.0
06071002804,Census Tract 28.04,71,San Bernardino,0.0,142.0,33.0,142.0,33.0,109.0,109.0
06071000825,Census Tract 8.25,71,San Bernardino,0.0,72.0,34.0,72.0,34.0,38.0,38.0
06071002706,Census Tract 27.06,71,San Bernardino,4.0,741.0,5.0,737.0,1.0,736.0,736.0
06071002105,Census Tract 21.05,71,San Bernardino,0.0,125.0,18.0,125.0,18.0,107.0,107.0
06071001503,Census Tract 15.03,71,San Bernardino,0.0,81.0,44.0,81.0,44.0,37.0,37.0
06071002037,Census Tract 20.37,71,San Bernardino,0.0,250.0,15.0,250.0,15.0,235.0,235.0
06089012301,Census Tract 123.01,89,Shasta,0.0,51.0,16.0,51.0,16.0,35.0,35.0
06045010801,Census Tract 108.01,45,Mendocino,10.0,219.0,8.0,209.0,0.0,211.0,209.0
06045010802,Census Tract 108.02,45,Mendocino,0.0,41.0,6.0,41.0,6.0,35.0,35.0
06079012602,Census Tract 126.02,79,San Luis Obispo,0.0,49.0,21.0,49.0,21.0,28.0,28.0
06079011903,Census Tract 119.03,79,San Luis Obispo,0.0,54.0,41.0,54.0,41.0,13.0,13.0
06037603703,Census Tract 6037.03,37,Los Angeles,0.0,54.0,16.0,54.0,16.0,38.0,38.0
06045011600,Census Tract 116,45,Mendocino,27.0,172.0,56.0,145.0,29.0,116.0,116.0
06045010500,Census Tract 105,45,Mendocino,18.0,120.0,52.0,102.0,34.0,68.0,68.0
06045010900,Census Tract 109,45,Mendocino,12.0,118.0,6.0,106.0,0.0,112.0,106.0
06045010200,Census Tract 102,45,Mendocino,16.0,94.0,3.0,78.0,0.0,91.0,78.0
06045011800,Census Tract 118,45,Mendocino,5.0,68.0,4.0,63.0,0.0,64.0,63.0
06085509801,Census Tract 5098.01,85,Santa Clara,26.0,133.0,13.0,107.0,0.0,120.0,107.0
06085512401,Census Tract 5124.01,85,Santa Clara,10.0,98.0,3.0,88.0,0.0,95.0,88.0
06085511911,Census Tract 5119.11,85,Santa Clara,0.0,104.0,3.0,104.0,3.0,101.0,101.0
06085506801,Census Tract 5068.01,85,Santa Clara,12.0,142.0,10.0,130.0,0.0,132.0,130.0
06085507600,Census Tract 5076,85,Santa Clara,0.0,175.0,4.0,175.0,4.0,171.0,171.0
06085512035,Census Tract 5120.35,85,Santa Clara,0.0,96.0,11.0,96.0,11.0,85.0,85.0
06085511913,Census Tract 5119.13,85,Santa Clara,0.0,98.0,12.0,98.0,12.0,86.0,86.0
06085502500,Census Tract 5025,85,Santa Clara,3.0,160.0,10.0,157.0,7.0,150.0,150.0
06085507206,Census Tract 5072.06,85,Santa Clara,5.0,72.0,9.0,67.0,4.0,63.0,63.0
06085504308,Census Tract 5043.08,85,Santa Clara,0.0,110.0,4.0,110.0,4.0,106.0,106.0
06085504202,Census Tract 5042.02,85,Santa Clara,0.0,94.0,4.0,94.0,4.0,90.0,90.0
06085504201,Census Tract 5042.01,85,Santa Clara,0.0,157.0,10.0,157.0,10.0,147.0,147.0
06037460800,Census Tract 4608,37,Los Angeles,0.0,58.0,5.0,58.0,5.0,53.0,53.0
06045010700,Census Tract 107,45,Mendocino,16.0,177.0,22.0,161.0,6.0,155.0,155.0
06045011700,Census Tract 117,45,Mendocino,0.0,120.0,8.0,120.0,8.0,112.0,112.0
06045011200,Census Tract 112,45,Mendocino,15.0,60.0,4.0,45.0,0.0,56.0,45.0
06045010400,Census Tract 104,45,Mendocino,9.0,71.0,35.0,62.0,26.0,36.0,36.0
06045010300,Census Tract 103,45,Mendocino,2.0,96.0,5.0,94.0,3.0,91.0,91.0
06045011300,Census Tract 113,45,Mendocino,0.0,146.0,7.0,146.0,7.0,139.0,139.0
06085503113,Census Tract 5031.13,85,Santa Clara,0.0,77.0,19.0,77.0,19.0,58.0,58.0
06111004304,Census Tract 43.04,111,Ventura,0.0,142.0,22.0,142.0,22.0,120.0,120.0
06111980000,Census Tract 9800,111,Ventura,0.0,30.0,3.0,30.0,3.0,27.0,27.0
06111004710,Census Tract 47.10,111,Ventura,0.0,126.0,20.0,126.0,20.0,106.0,106.0
06111004505,Census Tract 45.05,111,Ventura,0.0,58.0,35.0,58.0,35.0,23.0,23.0
06039000510,Census Tract 5.10,39,Madera,10.0,105.0,26.0,95.0,16.0,79.0,79.0
06039000301,Census Tract 3.01,39,Madera,0.0,61.0,22.0,61.0,22.0,39.0,39.0
06039000302,Census Tract 3.02,39,Madera,3.0,74.0,36.0,71.0,33.0,38.0,38.0
06039001100,Census Tract 11,39,Madera,34.0,334.0,2.0,300.0,0.0,332.0,300.0
06039000203,Census Tract 2.03,39,Madera,0.0,40.0,4.0,40.0,4.0,36.0,36.0
06039000204,Census Tract 2.04,39,Madera,22.0,87.0,5.0,65.0,0.0,82.0,65.0
06039000111,Census Tract 1.11,39,Madera,2.0,64.0,5.0,62.0,3.0,59.0,59.0
06039000514,Census Tract 5.14,39,Madera,0.0,197.0,5.0,197.0,5.0,192.0,192.0
06085510500,Census Tract 5105,85,Santa Clara,48.0,125.0,10.0,77.0,0.0,115.0,77.0
06035040304,Census Tract 403.04,35,Lassen,0.0,51.0,99.0,51.0,99.0,-48.0,-48.0
06035040305,Census Tract 403.05,35,Lassen,12.0,89.0,13.0,77.0,1.0,76.0,76.0
06085512031,Census Tract 5120.31,85,Santa Clara,0.0,87.0,14.0,87.0,14.0,73.0,73.0
06085502902,Census Tract 5029.02,85,Santa Clara,4.0,314.0,10.0,310.0,6.0,304.0,304.0
06085502601,Census Tract 5026.01,85,Santa Clara,8.0,68.0,14.0,60.0,6.0,54.0,54.0
06039000513,Census Tract 5.13,39,Madera,6.0,76.0,5.0,70.0,0.0,71.0,70.0
06039000702,Census Tract 7.02,39,Madera,6.0,128.0,26.0,122.0,20.0,102.0,102.0
06039000701,Census Tract 7.01,39,Madera,0.0,106.0,33.0,106.0,33.0,73.0,73.0
06039000512,Census Tract 5.12,39,Madera,0.0,94.0,15.0,94.0,15.0,79.0,79.0
06039000518,Census Tract 5.18,39,Madera,0.0,59.0,27.0,59.0,27.0,32.0,32.0
06039000902,Census Tract 9.02,39,Madera,0.0,93.0,49.0,93.0,49.0,44.0,44.0
06073008368,Census Tract 83.68,73,San Diego,0.0,152.0,13.0,152.0,13.0,139.0,139.0
06073017057,Census Tract 170.57,73,San Diego,4.0,84.0,12.0,80.0,8.0,72.0,72.0
06073021502,Census Tract 215.02,73,San Diego,23.0,384.0,6.0,361.0,0.0,378.0,361.0
06073008371,Census Tract 83.71,73,San Diego,2.0,95.0,15.0,93.0,13.0,80.0,80.0
06073008373,Census Tract 83.73,73,San Diego,16.0,73.0,12.0,57.0,0.0,61.0,57.0
06073017201,Census Tract 172.01,73,San Diego,10.0,56.0,13.0,46.0,3.0,43.0,43.0
06073007911,Census Tract 79.11,73,San Diego,0.0,53.0,35.0,53.0,35.0,18.0,18.0
06073007601,Census Tract 76.01,73,San Diego,22.0,45.0,5.0,23.0,0.0,40.0,23.0
06073008201,Census Tract 82.01,73,San Diego,7.0,48.0,23.0,41.0,16.0,25.0,25.0
06073020035,Census Tract 200.35,73,San Diego,26.0,178.0,11.0,152.0,0.0,167.0,152.0
06073020032,Census Tract 200.32,73,San Diego,2.0,73.0,10.0,71.0,8.0,63.0,63.0
06073020033,Census Tract 200.33,73,San Diego,0.0,91.0,16.0,91.0,16.0,75.0,75.0
06073020030,Census Tract 200.30,73,San Diego,20.0,273.0,9.0,253.0,0.0,264.0,253.0
06073008377,Census Tract 83.77,73,San Diego,15.0,45.0,36.0,30.0,21.0,9.0,9.0
06073008379,Census Tract 83.79,73,San Diego,1.0,68.0,42.0,67.0,41.0,26.0,26.0
06073018202,Census Tract 182.02,73,San Diego,0.0,69.0,27.0,69.0,27.0,42.0,42.0
06073018616,Census Tract 186.16,73,San Diego,0.0,70.0,11.0,70.0,11.0,59.0,59.0
06073018102,Census Tract 181.02,73,San Diego,22.0,53.0,17.0,31.0,0.0,36.0,31.0
06053014104,Census Tract 141.04,53,Monterey,8.0,58.0,17.0,50.0,9.0,41.0,41.0
06053011801,Census Tract 118.01,53,Monterey,9.0,49.0,29.0,40.0,20.0,20.0,20.0
06053011203,Census Tract 112.03,53,Monterey,0.0,214.0,21.0,214.0,21.0,193.0,193.0
06053014500,Census Tract 145,53,Monterey,19.0,115.0,8.0,96.0,0.0,107.0,96.0
06037106112,Census Tract 1061.12,37,Los Angeles,0.0,116.0,7.0,116.0,7.0,109.0,109.0
06037106113,Census Tract 1061.13,37,Los Angeles,0.0,84.0,11.0,84.0,11.0,73.0,73.0
06037106114,Census Tract 1061.14,37,Los Angeles,0.0,165.0,13.0,165.0,13.0,152.0,152.0
06037106403,Census Tract 1064.03,37,Los Angeles,0.0,76.0,12.0,76.0,12.0,64.0,64.0
06065030104,Census Tract 301.04,65,Riverside,0.0,195.0,18.0,195.0,18.0,177.0,177.0
06065031601,Census Tract 316.01,65,Riverside,12.0,96.0,24.0,84.0,12.0,72.0,72.0
06065040102,Census Tract 401.02,65,Riverside,0.0,155.0,10.0,155.0,10.0,145.0,145.0
06037101300,Census Tract 1013,37,Los Angeles,2.0,96.0,8.0,94.0,6.0,88.0,88.0
06037103101,Census Tract 1031.01,37,Los Angeles,0.0,64.0,9.0,64.0,9.0,55.0,55.0
06037103102,Census Tract 1031.02,37,Los Angeles,1.0,98.0,12.0,97.0,11.0,86.0,86.0
06037104103,Census Tract 1041.03,37,Los Angeles,0.0,85.0,13.0,85.0,13.0,72.0,72.0
06037104105,Census Tract 1041.05,37,Los Angeles,1.0,124.0,17.0,123.0,16.0,107.0,107.0
06065041101,Census Tract 411.01,65,Riverside,0.0,110.0,26.0,110.0,26.0,84.0,84.0
06065041102,Census Tract 411.02,65,Riverside,0.0,101.0,21.0,101.0,21.0,80.0,80.0
06065043818,Census Tract 438.18,65,Riverside,0.0,108.0,24.0,108.0,24.0,84.0,84.0
06065043820,Census Tract 438.20,65,Riverside,24.0,186.0,16.0,162.0,0.0,170.0,162.0
06065043821,Census Tract 438.21,65,Riverside,0.0,204.0,23.0,204.0,23.0,181.0,181.0
06065044405,Census Tract 444.05,65,Riverside,6.0,56.0,2.0,50.0,0.0,54.0,50.0
06065044518,Census Tract 445.18,65,Riverside,0.0,182.0,7.0,182.0,7.0,175.0,175.0
06065044521,Census Tract 445.21,65,Riverside,0.0,34.0,3.0,34.0,3.0,31.0,31.0
06065044919,Census Tract 449.19,65,Riverside,7.0,115.0,12.0,108.0,5.0,103.0,103.0
06037106510,Census Tract 1065.10,37,Los Angeles,0.0,129.0,5.0,129.0,5.0,124.0,124.0
06037106520,Census Tract 1065.20,37,Los Angeles,1.0,115.0,9.0,114.0,8.0,106.0,106.0
06037106604,Census Tract 1066.04,37,Los Angeles,1.0,94.0,8.0,93.0,7.0,86.0,86.0
06037106641,Census Tract 1066.41,37,Los Angeles,0.0,56.0,12.0,56.0,12.0,44.0,44.0
06037910605,Census Tract 9106.05,37,Los Angeles,0.0,90.0,11.0,90.0,11.0,79.0,79.0
06037910714,Census Tract 9107.14,37,Los Angeles,0.0,82.0,13.0,82.0,13.0,69.0,69.0
06045011400,Census Tract 114,45,Mendocino,0.0,121.0,33.0,121.0,33.0,88.0,88.0
06065044921,Census Tract 449.21,65,Riverside,5.0,77.0,13.0,72.0,8.0,64.0,64.0
06065044922,Census Tract 449.22,65,Riverside,14.0,229.0,9.0,215.0,0.0,220.0,215.0
06037911001,Census Tract 9110.01,37,Los Angeles,0.0,50.0,1.0,50.0,1.0,49.0,49.0
06037570403,Census Tract 5704.03,37,Los Angeles,0.0,66.0,17.0,66.0,17.0,49.0,49.0
06037920114,Census Tract 9201.14,37,Los Angeles,36.0,133.0,8.0,97.0,0.0,125.0,97.0
06037402801,Census Tract 4028.01,37,Los Angeles,0.0,98.0,10.0,98.0,10.0,88.0,88.0
06037403901,Census Tract 4039.01,37,Los Angeles,0.0,62.0,11.0,62.0,11.0,51.0,51.0
06037403902,Census Tract 4039.02,37,Los Angeles,0.0,116.0,9.0,116.0,9.0,107.0,107.0
06037404000,Census Tract 4040,37,Los Angeles,0.0,88.0,11.0,88.0,11.0,77.0,77.0
06037404100,Census Tract 4041,37,Los Angeles,0.0,135.0,11.0,135.0,11.0,124.0,124.0
06037404301,Census Tract 4043.01,37,Los Angeles,0.0,132.0,12.0,132.0,12.0,120.0,120.0
06037404302,Census Tract 4043.02,37,Los Angeles,1.0,52.0,16.0,51.0,15.0,36.0,36.0
06037404401,Census Tract 4044.01,37,Los Angeles,2.0,74.0,11.0,72.0,9.0,63.0,63.0
06037431600,Census Tract 4316,37,Los Angeles,0.0,78.0,9.0,78.0,9.0,69.0,69.0
06085503803,Census Tract 5038.03,85,Santa Clara,0.0,121.0,16.0,121.0,16.0,105.0,105.0
06111007612,Census Tract 76.12,111,Ventura,0.0,118.0,15.0,118.0,15.0,103.0,103.0
06111000702,Census Tract 7.02,111,Ventura,0.0,60.0,30.0,60.0,30.0,30.0,30.0
06037113232,Census Tract 1132.32,37,Los Angeles,0.0,99.0,9.0,99.0,9.0,90.0,90.0
06037113234,Census Tract 1132.34,37,Los Angeles,0.0,108.0,13.0,108.0,13.0,95.0,95.0
06085512052,Census Tract 5120.52,85,Santa Clara,16.0,96.0,13.0,80.0,0.0,83.0,80.0
06057000900,Census Tract 9,57,Nevada,8.0,77.0,2.0,69.0,0.0,75.0,69.0
06057000401,Census Tract 4.01,57,Nevada,0.0,199.0,16.0,199.0,16.0,183.0,183.0
06057000701,Census Tract 7.01,57,Nevada,0.0,179.0,5.0,179.0,5.0,174.0,174.0
06097153602,Census Tract 1536.02,97,Sonoma,2.0,92.0,5.0,90.0,3.0,87.0,87.0
06097151701,Census Tract 1517.01,97,Sonoma,0.0,76.0,25.0,76.0,25.0,51.0,51.0
06097153707,Census Tract 1537.07,97,Sonoma,3.0,62.0,5.0,59.0,2.0,57.0,57.0
06097153201,Census Tract 1532.01,97,Sonoma,19.0,100.0,17.0,81.0,0.0,83.0,81.0
06065041301,Census Tract 413.01,65,Riverside,0.0,67.0,23.0,67.0,23.0,44.0,44.0
06065041302,Census Tract 413.02,65,Riverside,0.0,80.0,27.0,80.0,27.0,53.0,53.0
06065043266,Census Tract 432.66,65,Riverside,0.0,106.0,32.0,106.0,32.0,74.0,74.0
06065044928,Census Tract 449.28,65,Riverside,0.0,84.0,13.0,84.0,13.0,71.0,71.0
06065044929,Census Tract 449.29,65,Riverside,0.0,83.0,18.0,83.0,18.0,65.0,65.0
06065044931,Census Tract 449.31,65,Riverside,0.0,62.0,29.0,62.0,29.0,33.0,33.0
06065044932,Census Tract 449.32,65,Riverside,0.0,70.0,29.0,70.0,29.0,41.0,41.0
06065045114,Census Tract 451.14,65,Riverside,0.0,47.0,19.0,47.0,19.0,28.0,28.0
06065045116,Census Tract 451.16,65,Riverside,0.0,45.0,29.0,45.0,29.0,16.0,16.0
06037402902,Census Tract 4029.02,37,Los Angeles,0.0,175.0,9.0,175.0,9.0,166.0,166.0
06037403000,Census Tract 4030,37,Los Angeles,0.0,158.0,8.0,158.0,8.0,150.0,150.0
06085506802,Census Tract 5068.02,85,Santa Clara,0.0,134.0,12.0,134.0,12.0,122.0,122.0
06085502302,Census Tract 5023.02,85,Santa Clara,0.0,68.0,20.0,68.0,20.0,48.0,48.0
06085501102,Census Tract 5011.02,85,Santa Clara,0.0,77.0,15.0,77.0,15.0,62.0,62.0
06085502703,Census Tract 5027.03,85,Santa Clara,0.0,90.0,14.0,90.0,14.0,76.0,76.0
06085511917,Census Tract 5119.17,85,Santa Clara,0.0,101.0,10.0,101.0,10.0,91.0,91.0
06085511918,Census Tract 5119.18,85,Santa Clara,0.0,73.0,4.0,73.0,4.0,69.0,69.0
06085509110,Census Tract 5091.10,85,Santa Clara,2.0,68.0,21.0,66.0,19.0,47.0,47.0
06085508006,Census Tract 5080.06,85,Santa Clara,2.0,79.0,15.0,77.0,13.0,64.0,64.0
06085506504,Census Tract 5065.04,85,Santa Clara,3.0,53.0,36.0,50.0,33.0,17.0,17.0
06085512511,Census Tract 5125.11,85,Santa Clara,0.0,109.0,14.0,109.0,14.0,95.0,95.0
06085505011,Census Tract 5050.11,85,Santa Clara,0.0,103.0,15.0,103.0,15.0,88.0,88.0
06085508705,Census Tract 5087.05,85,Santa Clara,2.0,86.0,21.0,84.0,19.0,65.0,65.0
06085512515,Census Tract 5125.15,85,Santa Clara,0.0,111.0,5.0,111.0,5.0,106.0,106.0
06085508509,Census Tract 5085.09,85,Santa Clara,0.0,82.0,22.0,82.0,22.0,60.0,60.0
06085508005,Census Tract 5080.05,85,Santa Clara,15.0,79.0,16.0,64.0,1.0,63.0,63.0
06085504508,Census Tract 5045.08,85,Santa Clara,12.0,80.0,17.0,68.0,5.0,63.0,63.0
06085512054,Census Tract 5120.54,85,Santa Clara,0.0,93.0,27.0,93.0,27.0,66.0,66.0
06085505013,Census Tract 5050.13,85,Santa Clara,2.0,138.0,21.0,136.0,19.0,117.0,117.0
06085504902,Census Tract 5049.02,85,Santa Clara,18.0,92.0,18.0,74.0,0.0,74.0,74.0
06085508707,Census Tract 5087.07,85,Santa Clara,0.0,77.0,16.0,77.0,16.0,61.0,61.0
06085508706,Census Tract 5087.06,85,Santa Clara,0.0,83.0,18.0,83.0,18.0,65.0,65.0
06085505901,Census Tract 5059.01,85,Santa Clara,1.0,82.0,15.0,81.0,14.0,67.0,67.0
06085503221,Census Tract 5032.21,85,Santa Clara,2.0,57.0,16.0,55.0,14.0,41.0,41.0
06085503220,Census Tract 5032.20,85,Santa Clara,0.0,103.0,17.0,103.0,17.0,86.0,86.0
06037404702,Census Tract 4047.02,37,Los Angeles,4.0,108.0,12.0,104.0,8.0,96.0,96.0
06037404703,Census Tract 4047.03,37,Los Angeles,2.0,68.0,11.0,66.0,9.0,57.0,57.0
06037900807,Census Tract 9008.07,37,Los Angeles,0.0,61.0,11.0,61.0,11.0,50.0,50.0
06037910211,Census Tract 9102.11,37,Los Angeles,0.0,46.0,6.0,46.0,6.0,40.0,40.0
06037900301,Census Tract 9003.01,37,Los Angeles,2.0,76.0,5.0,74.0,3.0,71.0,71.0
06037900610,Census Tract 9006.10,37,Los Angeles,0.0,59.0,7.0,59.0,7.0,52.0,52.0
06037901215,Census Tract 9012.15,37,Los Angeles,2.0,71.0,8.0,69.0,6.0,63.0,63.0
06037910720,Census Tract 9107.20,37,Los Angeles,0.0,105.0,10.0,105.0,10.0,95.0,95.0
06037261103,Census Tract 2611.03,37,Los Angeles,0.0,45.0,9.0,45.0,9.0,36.0,36.0
06037400208,Census Tract 4002.08,37,Los Angeles,0.0,44.0,14.0,44.0,14.0,30.0,30.0
06037104824,Census Tract 1048.24,37,Los Angeles,0.0,56.0,17.0,56.0,17.0,39.0,39.0
06037910814,Census Tract 9108.14,37,Los Angeles,0.0,57.0,1.0,57.0,1.0,56.0,56.0
06037920050,Census Tract 9200.50,37,Los Angeles,0.0,35.0,1.0,35.0,1.0,34.0,34.0
06037910721,Census Tract 9107.21,37,Los Angeles,0.0,75.0,9.0,75.0,9.0,66.0,66.0
06037910719,Census Tract 9107.19,37,Los Angeles,0.0,84.0,9.0,84.0,9.0,75.0,75.0
06037901217,Census Tract 9012.17,37,Los Angeles,0.0,42.0,2.0,42.0,2.0,40.0,40.0
06037910217,Census Tract 9102.17,37,Los Angeles,0.0,136.0,2.0,136.0,2.0,134.0,134.0
06037901013,Census Tract 9010.13,37,Los Angeles,6.0,75.0,7.0,69.0,1.0,68.0,68.0
06037901218,Census Tract 9012.18,37,Los Angeles,0.0,55.0,4.0,55.0,4.0,51.0,51.0
06037900808,Census Tract 9008.08,37,Los Angeles,0.0,77.0,11.0,77.0,11.0,66.0,66.0
06037920120,Census Tract 9201.20,37,Los Angeles,0.0,105.0,5.0,105.0,5.0,100.0,100.0
06037800335,Census Tract 8003.35,37,Los Angeles,33.0,106.0,2.0,73.0,0.0,104.0,73.0
06037139704,Census Tract 1397.04,37,Los Angeles,0.0,59.0,5.0,59.0,5.0,54.0,54.0
06037430004,Census Tract 4300.04,37,Los Angeles,0.0,75.0,12.0,75.0,12.0,63.0,63.0
06037800337,Census Tract 8003.37,37,Los Angeles,2.0,76.0,8.0,74.0,6.0,68.0,68.0
06037404903,Census Tract 4049.03,37,Los Angeles,0.0,60.0,17.0,60.0,17.0,43.0,43.0
06037143606,Census Tract 1436.06,37,Los Angeles,0.0,46.0,26.0,46.0,26.0,20.0,20.0
06037400605,Census Tract 4006.05,37,Los Angeles,3.0,155.0,6.0,152.0,3.0,149.0,149.0
06037189703,Census Tract 1897.03,37,Los Angeles,5.0,47.0,7.0,42.0,2.0,40.0,40.0
06037463103,Census Tract 4631.03,37,Los Angeles,19.0,129.0,7.0,110.0,0.0,122.0,110.0
06037143801,Census Tract 1438.01,37,Los Angeles,0.0,69.0,11.0,69.0,11.0,58.0,58.0
06037189704,Census Tract 1897.04,37,Los Angeles,4.0,51.0,13.0,47.0,9.0,38.0,38.0
06037430005,Census Tract 4300.05,37,Los Angeles,0.0,87.0,13.0,87.0,13.0,74.0,74.0
06037800336,Census Tract 8003.36,37,Los Angeles,6.0,85.0,3.0,79.0,0.0,82.0,79.0
06037143802,Census Tract 1438.02,37,Los Angeles,1.0,53.0,12.0,52.0,11.0,41.0,41.0
06037400801,Census Tract 4008.01,37,Los Angeles,0.0,181.0,7.0,181.0,7.0,174.0,174.0
06037139705,Census Tract 1397.05,37,Los Angeles,0.0,97.0,7.0,97.0,7.0,90.0,90.0
06037143605,Census Tract 1436.05,37,Los Angeles,8.0,47.0,22.0,39.0,14.0,25.0,25.0
06037189501,Census Tract 1895.01,37,Los Angeles,0.0,51.0,22.0,51.0,22.0,29.0,29.0
06037189502,Census Tract 1895.02,37,Los Angeles,0.0,49.0,26.0,49.0,26.0,23.0,23.0
06037190303,Census Tract 1903.03,37,Los Angeles,0.0,48.0,32.0,48.0,32.0,16.0,16.0
06037800324,Census Tract 8003.24,37,Los Angeles,0.0,204.0,7.0,204.0,7.0,197.0,197.0
06037431004,Census Tract 4310.04,37,Los Angeles,2.0,67.0,13.0,65.0,11.0,54.0,54.0
06037143302,Census Tract 1433.02,37,Los Angeles,0.0,68.0,13.0,68.0,13.0,55.0,55.0
06037143101,Census Tract 1431.01,37,Los Angeles,1.0,46.0,11.0,45.0,10.0,35.0,35.0
06037311601,Census Tract 3116.01,37,Los Angeles,29.0,62.0,10.0,33.0,0.0,52.0,33.0
06037800334,Census Tract 8003.34,37,Los Angeles,0.0,78.0,6.0,78.0,6.0,72.0,72.0
06037431003,Census Tract 4310.03,37,Los Angeles,0.0,98.0,14.0,98.0,14.0,84.0,84.0
06037800333,Census Tract 8003.33,37,Los Angeles,4.0,57.0,11.0,53.0,7.0,46.0,46.0
06037143401,Census Tract 1434.01,37,Los Angeles,0.0,110.0,12.0,110.0,12.0,98.0,98.0
06037311602,Census Tract 3116.02,37,Los Angeles,3.0,92.0,12.0,89.0,9.0,80.0,80.0
06037143102,Census Tract 1431.02,37,Los Angeles,1.0,51.0,21.0,50.0,20.0,30.0,30.0
06037301902,Census Tract 3019.02,37,Los Angeles,0.0,69.0,16.0,69.0,16.0,53.0,53.0
06037800206,Census Tract 8002.06,37,Los Angeles,10.0,83.0,4.0,73.0,0.0,79.0,73.0
06037143301,Census Tract 1433.01,37,Los Angeles,9.0,73.0,17.0,64.0,8.0,56.0,56.0
06045011001,Census Tract 110.01,45,Mendocino,8.0,57.0,7.0,49.0,0.0,50.0,49.0
06089011502,Census Tract 115.02,89,Shasta,0.0,55.0,15.0,55.0,15.0,40.0,40.0
06089012606,Census Tract 126.06,89,Shasta,0.0,52.0,2.0,52.0,2.0,50.0,50.0
06089011501,Census Tract 115.01,89,Shasta,0.0,68.0,14.0,68.0,14.0,54.0,54.0
06089012605,Census Tract 126.05,89,Shasta,0.0,53.0,3.0,53.0,3.0,50.0,50.0
06065043602,Census Tract 436.02,65,Riverside,0.0,61.0,24.0,61.0,24.0,37.0,37.0
06037462600,Census Tract 4626,37,Los Angeles,0.0,53.0,13.0,53.0,13.0,40.0,40.0
06037117405,Census Tract 1174.05,37,Los Angeles,0.0,66.0,29.0,66.0,29.0,37.0,37.0
06037117301,Census Tract 1173.01,37,Los Angeles,0.0,73.0,11.0,73.0,11.0,62.0,62.0
06037103300,Census Tract 1033,37,Los Angeles,0.0,80.0,5.0,80.0,5.0,75.0,75.0
06037910807,Census Tract 9108.07,37,Los Angeles,0.0,166.0,5.0,166.0,5.0,161.0,161.0
06037920331,Census Tract 9203.31,37,Los Angeles,2.0,73.0,11.0,71.0,9.0,62.0,62.0
06037920332,Census Tract 9203.32,37,Los Angeles,0.0,45.0,6.0,45.0,6.0,39.0,39.0
06065044917,Census Tract 449.17,65,Riverside,15.0,106.0,11.0,91.0,0.0,95.0,91.0
06065044918,Census Tract 449.18,65,Riverside,1.0,68.0,11.0,67.0,10.0,57.0,57.0
06065044923,Census Tract 449.23,65,Riverside,0.0,80.0,29.0,80.0,29.0,51.0,51.0
06065044924,Census Tract 449.24,65,Riverside,0.0,81.0,29.0,81.0,29.0,52.0,52.0
06065044925,Census Tract 449.25,65,Riverside,9.0,87.0,24.0,78.0,15.0,63.0,63.0
06065045118,Census Tract 451.18,65,Riverside,4.0,60.0,19.0,56.0,15.0,41.0,41.0
06065045123,Census Tract 451.23,65,Riverside,2.0,46.0,18.0,44.0,16.0,28.0,28.0
06073005102,Census Tract 51.02,73,San Diego,13.0,105.0,44.0,92.0,31.0,61.0,61.0
06073005101,Census Tract 51.01,73,San Diego,0.0,79.0,44.0,79.0,44.0,35.0,35.0
06073017901,Census Tract 179.01,73,San Diego,4.0,86.0,17.0,82.0,13.0,69.0,69.0
06073022102,Census Tract 221.02,73,San Diego,4.0,321.0,9.0,317.0,5.0,312.0,312.0
06073017070,Census Tract 170.70,73,San Diego,2.0,129.0,13.0,127.0,11.0,116.0,116.0
06073008380,Census Tract 83.80,73,San Diego,22.0,191.0,13.0,169.0,0.0,178.0,169.0
06073018301,Census Tract 183.01,73,San Diego,2.0,37.0,13.0,35.0,11.0,24.0,24.0
06073017902,Census Tract 179.02,73,San Diego,0.0,67.0,23.0,67.0,23.0,44.0,44.0
06073007912,Census Tract 79.12,73,San Diego,0.0,44.0,33.0,44.0,33.0,11.0,11.0
06073007602,Census Tract 76.02,73,San Diego,4.0,45.0,23.0,41.0,19.0,22.0,22.0
06073013327,Census Tract 133.27,73,San Diego,0.0,133.0,17.0,133.0,17.0,116.0,116.0
06073017606,Census Tract 176.06,73,San Diego,8.0,85.0,15.0,77.0,7.0,70.0,70.0
06073017605,Census Tract 176.05,73,San Diego,0.0,91.0,12.0,91.0,12.0,79.0,79.0
06073010018,Census Tract 100.18,73,San Diego,0.0,239.0,11.0,239.0,11.0,228.0,228.0
06073013321,Census Tract 133.21,73,San Diego,0.0,232.0,15.0,232.0,15.0,217.0,217.0
06073020038,Census Tract 200.38,73,San Diego,0.0,135.0,8.0,135.0,8.0,127.0,127.0
06073005103,Census Tract 51.03,73,San Diego,3.0,62.0,13.0,59.0,10.0,49.0,49.0
06073020712,Census Tract 207.12,73,San Diego,6.0,88.0,9.0,82.0,3.0,79.0,79.0
06073005401,Census Tract 54.01,73,San Diego,8.0,47.0,41.0,39.0,33.0,6.0,6.0
06073000301,Census Tract 3.01,73,San Diego,0.0,52.0,33.0,52.0,33.0,19.0,19.0
06073000302,Census Tract 3.02,73,San Diego,4.0,60.0,30.0,56.0,26.0,30.0,30.0
06073001801,Census Tract 18.01,73,San Diego,6.0,48.0,38.0,42.0,32.0,10.0,10.0
06085501101,Census Tract 5011.01,85,Santa Clara,0.0,71.0,20.0,71.0,20.0,51.0,51.0
06085503122,Census Tract 5031.22,85,Santa Clara,22.0,65.0,9.0,43.0,0.0,56.0,43.0
06085503121,Census Tract 5031.21,85,Santa Clara,0.0,103.0,11.0,103.0,11.0,92.0,92.0
06085502301,Census Tract 5023.01,85,Santa Clara,0.0,63.0,15.0,63.0,15.0,48.0,48.0
06085503118,Census Tract 5031.18,85,Santa Clara,0.0,111.0,22.0,111.0,22.0,89.0,89.0
06067005004,Census Tract 50.04,67,Sacramento,0.0,92.0,30.0,92.0,30.0,62.0,62.0
06067006705,Census Tract 67.05,67,Sacramento,0.0,88.0,17.0,88.0,17.0,71.0,71.0
06067009335,Census Tract 93.35,67,Sacramento,0.0,158.0,20.0,158.0,20.0,138.0,138.0
06067007434,Census Tract 74.34,67,Sacramento,0.0,163.0,21.0,163.0,21.0,142.0,142.0
06067006703,Census Tract 67.03,67,Sacramento,0.0,100.0,19.0,100.0,19.0,81.0,81.0
06067006801,Census Tract 68.01,67,Sacramento,0.0,40.0,31.0,40.0,31.0,9.0,9.0
06073015002,Census Tract 150.02,73,San Diego,18.0,60.0,18.0,42.0,0.0,42.0,42.0
06073015001,Census Tract 150.01,73,San Diego,0.0,85.0,16.0,85.0,16.0,69.0,69.0
06073014701,Census Tract 147.01,73,San Diego,0.0,71.0,20.0,71.0,20.0,51.0,51.0
06073014702,Census Tract 147.02,73,San Diego,0.0,76.0,18.0,76.0,18.0,58.0,58.0
06073010201,Census Tract 102.01,73,San Diego,2.0,63.0,7.0,61.0,5.0,56.0,56.0
06073020711,Census Tract 207.11,73,San Diego,4.0,80.0,2.0,76.0,0.0,78.0,76.0
06073010202,Census Tract 102.02,73,San Diego,0.0,68.0,22.0,68.0,22.0,46.0,46.0
06073009307,Census Tract 93.07,73,San Diego,57.0,107.0,10.0,50.0,0.0,97.0,50.0
06073021002,Census Tract 210.02,73,San Diego,6.0,56.0,1.0,50.0,0.0,55.0,50.0
06073009203,Census Tract 92.03,73,San Diego,18.0,100.0,17.0,82.0,0.0,83.0,82.0
06073009204,Census Tract 92.04,73,San Diego,0.0,90.0,15.0,90.0,15.0,75.0,75.0
06073009308,Census Tract 93.08,73,San Diego,3.0,90.0,22.0,87.0,19.0,68.0,68.0
06073007401,Census Tract 74.01,73,San Diego,0.0,57.0,27.0,57.0,27.0,30.0,30.0
06073007303,Census Tract 73.03,73,San Diego,0.0,43.0,35.0,43.0,35.0,8.0,8.0
06073021401,Census Tract 214.01,73,San Diego,40.0,76.0,13.0,36.0,0.0,63.0,36.0
06073021501,Census Tract 215.01,73,San Diego,6.0,84.0,16.0,78.0,10.0,68.0,68.0
06073005601,Census Tract 56.01,73,San Diego,26.0,61.0,44.0,35.0,18.0,17.0,17.0
06073005403,Census Tract 54.03,73,San Diego,13.0,54.0,29.0,41.0,16.0,25.0,25.0
06073005402,Census Tract 54.02,73,San Diego,43.0,83.0,24.0,40.0,0.0,59.0,40.0
06073005802,Census Tract 58.02,73,San Diego,12.0,62.0,30.0,50.0,18.0,32.0,32.0
06073005801,Census Tract 58.01,73,San Diego,0.0,48.0,37.0,48.0,37.0,11.0,11.0
06073005201,Census Tract 52.01,73,San Diego,7.0,71.0,30.0,64.0,23.0,41.0,41.0
06073004102,Census Tract 41.02,73,San Diego,0.0,50.0,34.0,50.0,34.0,16.0,16.0
06065044926,Census Tract 449.26,65,Riverside,0.0,129.0,26.0,129.0,26.0,103.0,103.0
06065044930,Census Tract 449.30,65,Riverside,6.0,67.0,17.0,61.0,11.0,50.0,50.0
06065045117,Census Tract 451.17,65,Riverside,16.0,73.0,17.0,57.0,1.0,56.0,56.0
06065045119,Census Tract 451.19,65,Riverside,10.0,66.0,23.0,56.0,13.0,43.0,43.0
06065045707,Census Tract 457.07,65,Riverside,3.0,131.0,23.0,128.0,20.0,108.0,108.0
06037405001,Census Tract 4050.01,37,Los Angeles,0.0,116.0,10.0,116.0,10.0,106.0,106.0
06037405002,Census Tract 4050.02,37,Los Angeles,0.0,64.0,14.0,64.0,14.0,50.0,50.0
06037405102,Census Tract 4051.02,37,Los Angeles,10.0,113.0,13.0,103.0,3.0,100.0,100.0
06037405201,Census Tract 4052.01,37,Los Angeles,10.0,116.0,11.0,106.0,1.0,105.0,105.0
06037405202,Census Tract 4052.02,37,Los Angeles,0.0,97.0,13.0,97.0,13.0,84.0,84.0
06037405203,Census Tract 4052.03,37,Los Angeles,0.0,62.0,15.0,62.0,15.0,47.0,47.0
06085502604,Census Tract 5026.04,85,Santa Clara,22.0,85.0,15.0,63.0,0.0,70.0,63.0
06037408401,Census Tract 4084.01,37,Los Angeles,0.0,97.0,12.0,97.0,12.0,85.0,85.0
06037431900,Census Tract 4319,37,Los Angeles,4.0,72.0,13.0,68.0,9.0,59.0,59.0
06037432101,Census Tract 4321.01,37,Los Angeles,0.0,107.0,12.0,107.0,12.0,95.0,95.0
06037432102,Census Tract 4321.02,37,Los Angeles,0.0,138.0,9.0,138.0,9.0,129.0,129.0
06067004014,Census Tract 40.14,67,Sacramento,0.0,52.0,26.0,52.0,26.0,26.0,26.0
06067003002,Census Tract 30.02,67,Sacramento,0.0,71.0,23.0,71.0,23.0,48.0,48.0
06067006501,Census Tract 65.01,67,Sacramento,7.0,96.0,21.0,89.0,14.0,75.0,75.0
06067004013,Census Tract 40.13,67,Sacramento,0.0,70.0,18.0,70.0,18.0,52.0,52.0
06067006203,Census Tract 62.03,67,Sacramento,1.0,65.0,28.0,64.0,27.0,37.0,37.0
06067001601,Census Tract 16.01,67,Sacramento,0.0,64.0,20.0,64.0,20.0,44.0,44.0
06067003001,Census Tract 30.01,67,Sacramento,0.0,55.0,26.0,55.0,26.0,29.0,29.0
06067007437,Census Tract 74.37,67,Sacramento,0.0,129.0,17.0,129.0,17.0,112.0,112.0
06067004603,Census Tract 46.03,67,Sacramento,0.0,59.0,32.0,59.0,32.0,27.0,27.0
06067006803,Census Tract 68.03,67,Sacramento,0.0,54.0,26.0,54.0,26.0,28.0,28.0
06067006901,Census Tract 69.01,67,Sacramento,11.0,43.0,14.0,32.0,3.0,29.0,29.0
06067007109,Census Tract 71.09,67,Sacramento,0.0,84.0,21.0,84.0,21.0,63.0,63.0
06067009653,Census Tract 96.53,67,Sacramento,0.0,72.0,3.0,72.0,3.0,69.0,69.0
06067004016,Census Tract 40.16,67,Sacramento,0.0,46.0,23.0,46.0,23.0,23.0,23.0
06067007021,Census Tract 70.21,67,Sacramento,4.0,154.0,18.0,150.0,14.0,136.0,136.0
06085512047,Census Tract 5120.47,85,Santa Clara,0.0,119.0,13.0,119.0,13.0,106.0,106.0
06085503117,Census Tract 5031.17,85,Santa Clara,0.0,60.0,23.0,60.0,23.0,37.0,37.0
06097153202,Census Tract 1532.02,97,Sonoma,15.0,72.0,9.0,57.0,0.0,63.0,57.0
06097151406,Census Tract 1514.06,97,Sonoma,9.0,64.0,22.0,55.0,13.0,42.0,42.0
06031001703,Census Tract 17.03,31,Kings,8.0,41.0,2.0,33.0,0.0,39.0,33.0
06031001702,Census Tract 17.02,31,Kings,2.0,93.0,11.0,91.0,9.0,82.0,82.0
06031980000,Census Tract 9800,31,Kings,0.0,44.0,6.0,44.0,6.0,38.0,38.0
06031000406,Census Tract 4.06,31,Kings,0.0,69.0,41.0,69.0,41.0,28.0,28.0
06031000902,Census Tract 9.02,31,Kings,12.0,65.0,33.0,53.0,21.0,32.0,32.0
06031000603,Census Tract 6.03,31,Kings,6.0,77.0,30.0,71.0,24.0,47.0,47.0
06031000604,Census Tract 6.04,31,Kings,1.0,177.0,21.0,176.0,20.0,156.0,156.0
06031000901,Census Tract 9.01,31,Kings,0.0,73.0,36.0,73.0,36.0,37.0,37.0
06037432201,Census Tract 4322.01,37,Los Angeles,0.0,106.0,12.0,106.0,12.0,94.0,94.0
06037432202,Census Tract 4322.02,37,Los Angeles,7.0,76.0,11.0,69.0,4.0,65.0,65.0
06037460900,Census Tract 4609,37,Los Angeles,0.0,140.0,8.0,140.0,8.0,132.0,132.0
06031000407,Census Tract 4.07,31,Kings,5.0,150.0,25.0,145.0,20.0,125.0,125.0
06031980100,Census Tract 9801,31,Kings,0.0,84.0,21.0,84.0,21.0,63.0,63.0
06065046800,Census Tract 468,65,Riverside,0.0,138.0,24.0,138.0,24.0,114.0,114.0
06065940700,Census Tract 9407,65,Riverside,0.0,70.0,20.0,70.0,20.0,50.0,50.0
06037461000,Census Tract 4610,37,Los Angeles,0.0,126.0,10.0,126.0,10.0,116.0,116.0
06037461100,Census Tract 4611,37,Los Angeles,0.0,128.0,9.0,128.0,9.0,119.0,119.0
06037400402,Census Tract 4004.02,37,Los Angeles,0.0,95.0,6.0,95.0,6.0,89.0,89.0
06065940800,Census Tract 9408,65,Riverside,2.0,73.0,20.0,71.0,18.0,53.0,53.0
06065940900,Census Tract 9409,65,Riverside,0.0,55.0,21.0,55.0,21.0,34.0,34.0
06001444602,Census Tract 4446.02,1,Alameda,77.0,120.0,5.0,43.0,0.0,115.0,43.0
06001450502,Census Tract 4505.02,1,Alameda,6.0,146.0,4.0,140.0,0.0,142.0,140.0
06001450751,Census Tract 4507.51,1,Alameda,24.0,914.0,4.0,890.0,0.0,910.0,890.0
06001450752,Census Tract 4507.52,1,Alameda,10.0,392.0,3.0,382.0,0.0,389.0,382.0
06001435602,Census Tract 4356.02,1,Alameda,0.0,107.0,12.0,107.0,12.0,95.0,95.0
06001437101,Census Tract 4371.01,1,Alameda,53.0,251.0,2.0,198.0,0.0,249.0,198.0
06001438203,Census Tract 4382.03,1,Alameda,0.0,84.0,5.0,84.0,5.0,79.0,79.0
06001443105,Census Tract 4431.05,1,Alameda,0.0,113.0,7.0,113.0,7.0,106.0,106.0
06001443321,Census Tract 4433.21,1,Alameda,0.0,78.0,17.0,78.0,17.0,61.0,61.0
06001451504,Census Tract 4515.04,1,Alameda,14.0,43.0,7.0,29.0,0.0,36.0,29.0
06001403502,Census Tract 4035.02,1,Alameda,4.0,45.0,30.0,41.0,26.0,15.0,15.0
06111003013,Census Tract 30.13,111,Ventura,0.0,95.0,23.0,95.0,23.0,72.0,72.0
06061021328,Census Tract 213.28,61,Placer,0.0,595.0,2.0,595.0,2.0,593.0,593.0
06061020607,Census Tract 206.07,61,Placer,6.0,150.0,6.0,144.0,0.0,144.0,144.0
06061021324,Census Tract 213.24,61,Placer,0.0,244.0,17.0,244.0,17.0,227.0,227.0
06061020608,Census Tract 206.08,61,Placer,0.0,95.0,7.0,95.0,7.0,88.0,88.0
06061021325,Census Tract 213.25,61,Placer,2.0,592.0,13.0,590.0,11.0,579.0,579.0
06061021327,Census Tract 213.27,61,Placer,0.0,160.0,4.0,160.0,4.0,156.0,156.0
06061021323,Census Tract 213.23,61,Placer,0.0,695.0,11.0,695.0,11.0,684.0,684.0
06061021048,Census Tract 210.48,61,Placer,0.0,94.0,32.0,94.0,32.0,62.0,62.0
06061021047,Census Tract 210.47,61,Placer,4.0,112.0,21.0,108.0,17.0,91.0,91.0
06085502901,Census Tract 5029.01,85,Santa Clara,0.0,144.0,12.0,144.0,12.0,132.0,132.0
06111004716,Census Tract 47.16,111,Ventura,0.0,87.0,13.0,87.0,13.0,74.0,74.0
06085503337,Census Tract 5033.37,85,Santa Clara,0.0,103.0,19.0,103.0,19.0,84.0,84.0
06085512043,Census Tract 5120.43,85,Santa Clara,0.0,120.0,17.0,120.0,17.0,103.0,103.0
06085503713,Census Tract 5037.13,85,Santa Clara,0.0,67.0,24.0,67.0,24.0,43.0,43.0
06085503902,Census Tract 5039.02,85,Santa Clara,0.0,165.0,16.0,165.0,16.0,149.0,149.0
06065941100,Census Tract 9411,65,Riverside,0.0,58.0,21.0,58.0,21.0,37.0,37.0
06065941300,Census Tract 9413,65,Riverside,3.0,54.0,20.0,51.0,17.0,34.0,34.0
06067001602,Census Tract 16.02,67,Sacramento,0.0,53.0,25.0,53.0,25.0,28.0,28.0
06067007438,Census Tract 74.38,67,Sacramento,0.0,70.0,31.0,70.0,31.0,39.0,39.0
06067007435,Census Tract 74.35,67,Sacramento,0.0,68.0,16.0,68.0,16.0,52.0,52.0
06065941400,Census Tract 9414,65,Riverside,36.0,72.0,21.0,36.0,0.0,51.0,36.0
06079012707,Census Tract 127.07,79,San Luis Obispo,17.0,128.0,9.0,111.0,0.0,119.0,111.0
06079010303,Census Tract 103.03,79,San Luis Obispo,0.0,77.0,2.0,77.0,2.0,75.0,75.0
06079010104,Census Tract 101.04,79,San Luis Obispo,17.0,76.0,28.0,59.0,11.0,48.0,48.0
06079010103,Census Tract 101.03,79,San Luis Obispo,25.0,88.0,23.0,63.0,0.0,65.0,63.0
06037403316,Census Tract 4033.16,37,Los Angeles,0.0,226.0,8.0,226.0,8.0,218.0,218.0
06037403318,Census Tract 4033.18,37,Los Angeles,52.0,140.0,7.0,88.0,0.0,133.0,88.0
06037403319,Census Tract 4033.19,37,Los Angeles,0.0,106.0,9.0,106.0,9.0,97.0,97.0
06037403320,Census Tract 4033.20,37,Los Angeles,0.0,146.0,6.0,146.0,6.0,140.0,140.0
06037405400,Census Tract 4054,37,Los Angeles,4.0,106.0,11.0,102.0,7.0,95.0,95.0
06037405500,Census Tract 4055,37,Los Angeles,0.0,143.0,9.0,143.0,9.0,134.0,134.0
06001403702,Census Tract 4037.02,1,Alameda,0.0,45.0,28.0,45.0,28.0,17.0,17.0
06001425101,Census Tract 4251.01,1,Alameda,8.0,40.0,8.0,32.0,0.0,32.0,32.0
06001430101,Census Tract 4301.01,1,Alameda,0.0,123.0,2.0,123.0,2.0,121.0,121.0
06001430102,Census Tract 4301.02,1,Alameda,0.0,52.0,1.0,52.0,1.0,51.0,51.0
06037408624,Census Tract 4086.24,37,Los Angeles,0.0,73.0,11.0,73.0,11.0,62.0,62.0
06037408625,Census Tract 4086.25,37,Los Angeles,0.0,82.0,9.0,82.0,9.0,73.0,73.0
06061021326,Census Tract 213.26,61,Placer,0.0,146.0,21.0,146.0,21.0,125.0,125.0
06085504323,Census Tract 5043.23,85,Santa Clara,2.0,137.0,15.0,135.0,13.0,122.0,122.0
06037432300,Census Tract 4323,37,Los Angeles,0.0,65.0,9.0,65.0,9.0,56.0,56.0
06037432401,Census Tract 4324.01,37,Los Angeles,3.0,69.0,12.0,66.0,9.0,57.0,57.0
06037432402,Census Tract 4324.02,37,Los Angeles,6.0,98.0,10.0,92.0,4.0,88.0,88.0
06013381000,Census Tract 3810,13,Contra Costa,9.0,147.0,15.0,138.0,6.0,132.0,132.0
06085511915,Census Tract 5119.15,85,Santa Clara,23.0,78.0,16.0,55.0,0.0,62.0,55.0
06085504322,Census Tract 5043.22,85,Santa Clara,4.0,119.0,9.0,115.0,5.0,110.0,110.0
06085512038,Census Tract 5120.38,85,Santa Clara,0.0,65.0,14.0,65.0,14.0,51.0,51.0
06085505006,Census Tract 5050.06,85,Santa Clara,144.0,531.0,4.0,387.0,0.0,527.0,387.0
06037432601,Census Tract 4326.01,37,Los Angeles,20.0,144.0,11.0,124.0,0.0,133.0,124.0
06037461400,Census Tract 4614,37,Los Angeles,8.0,57.0,13.0,49.0,5.0,44.0,44.0
06037461600,Census Tract 4616,37,Los Angeles,0.0,94.0,10.0,94.0,10.0,84.0,84.0
06037901003,Census Tract 9010.03,37,Los Angeles,0.0,63.0,8.0,63.0,8.0,55.0,55.0
06037576401,Census Tract 5764.01,37,Los Angeles,0.0,59.0,23.0,59.0,23.0,36.0,36.0
06037570502,Census Tract 5705.02,37,Los Angeles,0.0,97.0,9.0,97.0,9.0,88.0,88.0
06037542501,Census Tract 5425.01,37,Los Angeles,0.0,88.0,17.0,88.0,17.0,71.0,71.0
06037461700,Census Tract 4617,37,Los Angeles,0.0,41.0,9.0,41.0,9.0,32.0,32.0
06065040821,Census Tract 408.21,65,Riverside,1.0,132.0,25.0,131.0,24.0,107.0,107.0
06065043252,Census Tract 432.52,65,Riverside,10.0,424.0,16.0,414.0,6.0,408.0,408.0
06085506202,Census Tract 5062.02,85,Santa Clara,1.0,205.0,10.0,204.0,9.0,195.0,195.0
06065043270,Census Tract 432.70,65,Riverside,4.0,124.0,19.0,120.0,15.0,105.0,105.0
06065043271,Census Tract 432.71,65,Riverside,0.0,115.0,16.0,115.0,16.0,99.0,99.0
06085508508,Census Tract 5085.08,85,Santa Clara,0.0,121.0,16.0,121.0,16.0,105.0,105.0
06085508507,Census Tract 5085.07,85,Santa Clara,0.0,70.0,27.0,70.0,27.0,43.0,43.0
06085508003,Census Tract 5080.03,85,Santa Clara,16.0,53.0,18.0,37.0,2.0,35.0,35.0
06081600402,Census Tract 6004.02,81,San Mateo,0.0,82.0,22.0,82.0,22.0,60.0,60.0
06037403321,Census Tract 4033.21,37,Los Angeles,0.0,127.0,5.0,127.0,5.0,122.0,122.0
06037405600,Census Tract 4056,37,Los Angeles,0.0,137.0,9.0,137.0,9.0,128.0,128.0
06081601901,Census Tract 6019.01,81,San Mateo,0.0,180.0,15.0,180.0,15.0,165.0,165.0
06081603802,Census Tract 6038.02,81,San Mateo,12.0,128.0,9.0,116.0,0.0,119.0,116.0
06081609201,Census Tract 6092.01,81,San Mateo,0.0,87.0,13.0,87.0,13.0,74.0,74.0
06081609202,Census Tract 6092.02,81,San Mateo,10.0,146.0,15.0,136.0,5.0,131.0,131.0
06037408303,Census Tract 4083.03,37,Los Angeles,4.0,87.0,9.0,83.0,5.0,78.0,78.0
06065045115,Census Tract 451.15,65,Riverside,0.0,48.0,22.0,48.0,22.0,26.0,26.0
06065045303,Census Tract 453.03,65,Riverside,0.0,56.0,18.0,56.0,18.0,38.0,38.0
06065048901,Census Tract 489.01,65,Riverside,0.0,71.0,34.0,71.0,34.0,37.0,37.0
06065048902,Census Tract 489.02,65,Riverside,0.0,187.0,26.0,187.0,26.0,161.0,161.0
06037408627,Census Tract 4086.27,37,Los Angeles,0.0,64.0,7.0,64.0,7.0,57.0,57.0
06085512045,Census Tract 5120.45,85,Santa Clara,0.0,112.0,12.0,112.0,12.0,100.0,100.0
06085512037,Census Tract 5120.37,85,Santa Clara,0.0,65.0,16.0,65.0,16.0,49.0,49.0
06085512036,Census Tract 5120.36,85,Santa Clara,0.0,103.0,18.0,103.0,18.0,85.0,85.0
06013307102,Census Tract 3071.02,13,Contra Costa,0.0,132.0,17.0,132.0,17.0,115.0,115.0
06013331000,Census Tract 3310,13,Contra Costa,4.0,193.0,13.0,189.0,9.0,180.0,180.0
06085512311,Census Tract 5123.11,85,Santa Clara,2.0,99.0,7.0,97.0,5.0,92.0,92.0
06073000902,Census Tract 9.02,73,San Diego,0.0,52.0,40.0,52.0,40.0,12.0,12.0
06073004101,Census Tract 41.01,73,San Diego,2.0,83.0,20.0,81.0,18.0,63.0,63.0
06073005202,Census Tract 52.02,73,San Diego,4.0,121.0,44.0,117.0,40.0,77.0,77.0
06073001202,Census Tract 12.02,73,San Diego,0.0,61.0,35.0,61.0,35.0,26.0,26.0
06073000901,Census Tract 9.01,73,San Diego,0.0,66.0,36.0,66.0,36.0,30.0,30.0
06073019109,Census Tract 191.09,73,San Diego,27.0,126.0,2.0,99.0,0.0,124.0,99.0
06073017111,Census Tract 171.11,73,San Diego,0.0,144.0,4.0,144.0,4.0,140.0,140.0
06073017059,Census Tract 170.59,73,San Diego,0.0,72.0,14.0,72.0,14.0,58.0,58.0
06073021402,Census Tract 214.02,73,San Diego,3.0,69.0,24.0,66.0,21.0,45.0,45.0
06073020042,Census Tract 200.42,73,San Diego,8.0,102.0,11.0,94.0,3.0,91.0,91.0
06073017112,Census Tract 171.12,73,San Diego,0.0,63.0,6.0,63.0,6.0,57.0,57.0
06073020031,Census Tract 200.31,73,San Diego,0.0,177.0,10.0,177.0,10.0,167.0,167.0
06073017113,Census Tract 171.13,73,San Diego,0.0,124.0,7.0,124.0,7.0,117.0,117.0
06073013323,Census Tract 133.23,73,San Diego,0.0,211.0,15.0,211.0,15.0,196.0,196.0
06073020043,Census Tract 200.43,73,San Diego,0.0,120.0,11.0,120.0,11.0,109.0,109.0
06073016618,Census Tract 166.18,73,San Diego,0.0,73.0,20.0,73.0,20.0,53.0,53.0
06073020110,Census Tract 201.10,73,San Diego,0.0,350.0,3.0,350.0,3.0,347.0,347.0
06073001802,Census Tract 18.02,73,San Diego,0.0,69.0,32.0,69.0,32.0,37.0,37.0
06073005302,Census Tract 53.02,73,San Diego,49.0,89.0,31.0,40.0,0.0,58.0,40.0
06073001302,Census Tract 13.02,73,San Diego,0.0,61.0,32.0,61.0,32.0,29.0,29.0
06073001201,Census Tract 12.01,73,San Diego,0.0,47.0,37.0,47.0,37.0,10.0,10.0
06073021305,Census Tract 213.05,73,San Diego,0.0,96.0,3.0,96.0,3.0,93.0,93.0
06073021101,Census Tract 211.01,73,San Diego,10.0,1801.0,1.0,1791.0,0.0,1800.0,1791.0
06073013322,Census Tract 133.22,73,San Diego,0.0,103.0,17.0,103.0,17.0,86.0,86.0
06073015706,Census Tract 157.06,73,San Diego,0.0,56.0,40.0,56.0,40.0,16.0,16.0
06073015705,Census Tract 157.05,73,San Diego,0.0,79.0,33.0,79.0,33.0,46.0,46.0
06073015408,Census Tract 154.08,73,San Diego,0.0,95.0,13.0,95.0,13.0,82.0,82.0
06073013425,Census Tract 134.25,73,San Diego,4.0,70.0,12.0,66.0,8.0,58.0,58.0
06081614000,Census Tract 6140,81,San Mateo,8.0,158.0,8.0,150.0,0.0,150.0,150.0
06081600401,Census Tract 6004.01,81,San Mateo,0.0,60.0,19.0,60.0,19.0,41.0,41.0
06081603801,Census Tract 6038.01,81,San Mateo,0.0,51.0,29.0,51.0,29.0,22.0,22.0
06065040404,Census Tract 404.04,65,Riverside,0.0,71.0,20.0,71.0,20.0,51.0,51.0
06065043316,Census Tract 433.16,65,Riverside,0.0,67.0,15.0,67.0,15.0,52.0,52.0
06065044515,Census Tract 445.15,65,Riverside,0.0,73.0,12.0,73.0,12.0,61.0,61.0
06019000502,Census Tract 5.02,19,Fresno,9.0,45.0,33.0,36.0,24.0,12.0,12.0
06037405900,Census Tract 4059,37,Los Angeles,0.0,98.0,11.0,98.0,11.0,87.0,87.0
06085512313,Census Tract 5123.13,85,Santa Clara,4.0,96.0,10.0,92.0,6.0,86.0,86.0
06085512314,Census Tract 5123.14,85,Santa Clara,12.0,235.0,9.0,223.0,0.0,226.0,223.0
06085512604,Census Tract 5126.04,85,Santa Clara,4.0,105.0,11.0,101.0,7.0,94.0,94.0
06085502603,Census Tract 5026.03,85,Santa Clara,0.0,61.0,15.0,61.0,15.0,46.0,46.0
06037117530,Census Tract 1175.30,37,Los Angeles,0.0,111.0,17.0,111.0,17.0,94.0,94.0
06037119310,Census Tract 1193.10,37,Los Angeles,2.0,70.0,20.0,68.0,18.0,50.0,50.0
06013359104,Census Tract 3591.04,13,Contra Costa,0.0,75.0,27.0,75.0,27.0,48.0,48.0
06097152702,Census Tract 1527.02,97,Sonoma,63.0,124.0,6.0,61.0,0.0,118.0,61.0
06097152701,Census Tract 1527.01,97,Sonoma,2.0,125.0,6.0,123.0,4.0,119.0,119.0
06097150701,Census Tract 1507.01,97,Sonoma,28.0,115.0,16.0,87.0,0.0,99.0,87.0
06097153002,Census Tract 1530.02,97,Sonoma,4.0,153.0,20.0,149.0,16.0,133.0,133.0
06097150800,Census Tract 1508,97,Sonoma,5.0,95.0,8.0,90.0,3.0,87.0,87.0
06097152300,Census Tract 1523,97,Sonoma,0.0,75.0,16.0,75.0,16.0,59.0,59.0
06097153404,Census Tract 1534.04,97,Sonoma,0.0,89.0,10.0,89.0,10.0,79.0,79.0
06097151309,Census Tract 1513.09,97,Sonoma,0.0,120.0,5.0,120.0,5.0,115.0,115.0
06097151307,Census Tract 1513.07,97,Sonoma,0.0,137.0,14.0,137.0,14.0,123.0,123.0
06097151204,Census Tract 1512.04,97,Sonoma,3.0,66.0,16.0,63.0,13.0,50.0,50.0
06097152501,Census Tract 1525.01,97,Sonoma,0.0,116.0,21.0,116.0,21.0,95.0,95.0
06013368001,Census Tract 3680.01,13,Contra Costa,0.0,124.0,24.0,124.0,24.0,100.0,100.0
06013304003,Census Tract 3040.03,13,Contra Costa,0.0,125.0,7.0,125.0,7.0,118.0,118.0
06037221602,Census Tract 2216.02,37,Los Angeles,0.0,40.0,18.0,40.0,18.0,22.0,22.0
06037234902,Census Tract 2349.02,37,Los Angeles,0.0,79.0,19.0,79.0,19.0,60.0,60.0
06037236203,Census Tract 2362.03,37,Los Angeles,0.0,64.0,22.0,64.0,22.0,42.0,42.0
06037236204,Census Tract 2362.04,37,Los Angeles,0.0,56.0,27.0,56.0,27.0,29.0,29.0
06037237101,Census Tract 2371.01,37,Los Angeles,0.0,60.0,16.0,60.0,16.0,44.0,44.0
06037237202,Census Tract 2372.02,37,Los Angeles,0.0,70.0,12.0,70.0,12.0,58.0,58.0
06037119340,Census Tract 1193.40,37,Los Angeles,2.0,67.0,37.0,65.0,35.0,30.0,30.0
06037408705,Census Tract 4087.05,37,Los Angeles,0.0,145.0,9.0,145.0,9.0,136.0,136.0
06037432602,Census Tract 4326.02,37,Los Angeles,0.0,82.0,12.0,82.0,12.0,70.0,70.0
06037432700,Census Tract 4327,37,Los Angeles,2.0,78.0,9.0,76.0,7.0,69.0,69.0
06037432801,Census Tract 4328.01,37,Los Angeles,0.0,47.0,14.0,47.0,14.0,33.0,33.0
06037432802,Census Tract 4328.02,37,Los Angeles,0.0,93.0,17.0,93.0,17.0,76.0,76.0
06037432902,Census Tract 4329.02,37,Los Angeles,0.0,64.0,12.0,64.0,12.0,52.0,52.0
06025011001,Census Tract 110.01,25,Imperial,6.0,269.0,4.0,263.0,0.0,265.0,263.0
06025011302,Census Tract 113.02,25,Imperial,20.0,43.0,13.0,23.0,0.0,30.0,23.0
06025011002,Census Tract 110.02,25,Imperial,0.0,1484.0,15.0,1484.0,15.0,1469.0,1469.0
06025010401,Census Tract 104.01,25,Imperial,0.0,60.0,34.0,60.0,34.0,26.0,26.0
06025010402,Census Tract 104.02,25,Imperial,0.0,97.0,26.0,97.0,26.0,71.0,71.0
06025011303,Census Tract 113.03,25,Imperial,0.0,106.0,5.0,106.0,5.0,101.0,101.0
06025011901,Census Tract 119.01,25,Imperial,2.0,63.0,4.0,61.0,2.0,59.0,59.0
06025012102,Census Tract 121.02,25,Imperial,0.0,104.0,43.0,104.0,43.0,61.0,61.0
06025012003,Census Tract 120.03,25,Imperial,0.0,134.0,40.0,134.0,40.0,94.0,94.0
06025011903,Census Tract 119.03,25,Imperial,0.0,182.0,6.0,182.0,6.0,176.0,176.0
06025011902,Census Tract 119.02,25,Imperial,0.0,109.0,50.0,109.0,50.0,59.0,59.0
06025012004,Census Tract 120.04,25,Imperial,0.0,222.0,29.0,222.0,29.0,193.0,193.0
06025012101,Census Tract 121.01,25,Imperial,8.0,89.0,46.0,81.0,38.0,43.0,43.0
06025011301,Census Tract 113.01,25,Imperial,0.0,155.0,32.0,155.0,32.0,123.0,123.0
06025012202,Census Tract 122.02,25,Imperial,0.0,108.0,29.0,108.0,29.0,79.0,79.0
06025012201,Census Tract 122.01,25,Imperial,0.0,157.0,35.0,157.0,35.0,122.0,122.0
06051000201,Census Tract 2.01,51,Mono,8.0,94.0,32.0,86.0,24.0,62.0,62.0
06051000202,Census Tract 2.02,51,Mono,34.0,132.0,43.0,98.0,9.0,89.0,89.0
06037237401,Census Tract 2374.01,37,Los Angeles,0.0,62.0,18.0,62.0,18.0,44.0,44.0
06037237402,Census Tract 2374.02,37,Los Angeles,0.0,69.0,18.0,69.0,18.0,51.0,51.0
06037239202,Census Tract 2392.02,37,Los Angeles,0.0,82.0,11.0,82.0,11.0,71.0,71.0
06037239501,Census Tract 2395.01,37,Los Angeles,0.0,58.0,19.0,58.0,19.0,39.0,39.0
06037239502,Census Tract 2395.02,37,Los Angeles,0.0,57.0,18.0,57.0,18.0,39.0,39.0
06037239602,Census Tract 2396.02,37,Los Angeles,0.0,58.0,21.0,58.0,21.0,37.0,37.0
06037239701,Census Tract 2397.01,37,Los Angeles,0.0,63.0,20.0,63.0,20.0,43.0,43.0
06037214902,Census Tract 2149.02,37,Los Angeles,25.0,54.0,18.0,29.0,0.0,36.0,29.0
06037234501,Census Tract 2345.01,37,Los Angeles,0.0,56.0,15.0,56.0,15.0,41.0,41.0
06037234502,Census Tract 2345.02,37,Los Angeles,1.0,50.0,17.0,49.0,16.0,33.0,33.0
06037265201,Census Tract 2652.01,37,Los Angeles,3.0,43.0,19.0,40.0,16.0,24.0,24.0
06037275101,Census Tract 2751.01,37,Los Angeles,1.0,38.0,22.0,37.0,21.0,16.0,16.0
06037119700,Census Tract 1197,37,Los Angeles,0.0,85.0,11.0,85.0,11.0,74.0,74.0
06037119900,Census Tract 1199,37,Los Angeles,0.0,74.0,13.0,74.0,13.0,61.0,61.0
06037120020,Census Tract 1200.20,37,Los Angeles,2.0,75.0,18.0,73.0,16.0,57.0,57.0
06037120030,Census Tract 1200.30,37,Los Angeles,1.0,52.0,21.0,51.0,20.0,31.0,31.0
06037462100,Census Tract 4621,37,Los Angeles,0.0,89.0,13.0,89.0,13.0,76.0,76.0
06037462400,Census Tract 4624,37,Los Angeles,0.0,74.0,11.0,74.0,11.0,63.0,63.0
06037295103,Census Tract 2951.03,37,Los Angeles,0.0,85.0,9.0,85.0,9.0,76.0,76.0
06037102103,Census Tract 1021.03,37,Los Angeles,0.0,51.0,12.0,51.0,12.0,39.0,39.0
06037533001,Census Tract 5330.01,37,Los Angeles,0.0,69.0,19.0,69.0,19.0,50.0,50.0
06037536104,Census Tract 5361.04,37,Los Angeles,0.0,70.0,9.0,70.0,9.0,61.0,61.0
06037600304,Census Tract 6003.04,37,Los Angeles,0.0,58.0,19.0,58.0,19.0,39.0,39.0
06037910715,Census Tract 9107.15,37,Los Angeles,4.0,133.0,9.0,129.0,5.0,124.0,124.0
06037104201,Census Tract 1042.01,37,Los Angeles,0.0,87.0,12.0,87.0,12.0,75.0,75.0
06037910716,Census Tract 9107.16,37,Los Angeles,0.0,130.0,8.0,130.0,8.0,122.0,122.0
06037104310,Census Tract 1043.10,37,Los Angeles,0.0,91.0,10.0,91.0,10.0,81.0,81.0
06037104401,Census Tract 1044.01,37,Los Angeles,0.0,60.0,16.0,60.0,16.0,44.0,44.0
06037124700,Census Tract 1247,37,Los Angeles,3.0,99.0,11.0,96.0,8.0,88.0,88.0
06037602802,Census Tract 6028.02,37,Los Angeles,0.0,70.0,11.0,70.0,11.0,59.0,59.0
06037603006,Census Tract 6030.06,37,Los Angeles,5.0,48.0,15.0,43.0,10.0,33.0,33.0
06037603801,Census Tract 6038.01,37,Los Angeles,0.0,90.0,16.0,90.0,16.0,74.0,74.0
06037700101,Census Tract 7001.01,37,Los Angeles,25.0,101.0,16.0,76.0,0.0,85.0,76.0
06037700501,Census Tract 7005.01,37,Los Angeles,8.0,83.0,17.0,75.0,9.0,66.0,66.0
06037700502,Census Tract 7005.02,37,Los Angeles,35.0,79.0,18.0,44.0,0.0,61.0,44.0
06037700802,Census Tract 7008.02,37,Los Angeles,0.0,97.0,16.0,97.0,16.0,81.0,81.0
06037701402,Census Tract 7014.02,37,Los Angeles,13.0,127.0,12.0,114.0,0.0,115.0,114.0
06037104500,Census Tract 1045,37,Los Angeles,0.0,70.0,18.0,70.0,18.0,52.0,52.0
06037104610,Census Tract 1046.10,37,Los Angeles,0.0,64.0,17.0,64.0,17.0,47.0,47.0
06037104620,Census Tract 1046.20,37,Los Angeles,0.0,66.0,18.0,66.0,18.0,48.0,48.0
06037104701,Census Tract 1047.01,37,Los Angeles,0.0,83.0,17.0,83.0,17.0,66.0,66.0
06037125200,Census Tract 1252,37,Los Angeles,0.0,78.0,11.0,78.0,11.0,67.0,67.0
06013303204,Census Tract 3032.04,13,Contra Costa,0.0,97.0,15.0,97.0,15.0,82.0,82.0
06013355110,Census Tract 3551.10,13,Contra Costa,0.0,90.0,16.0,90.0,16.0,74.0,74.0
06013306004,Census Tract 3060.04,13,Contra Costa,0.0,71.0,16.0,71.0,16.0,55.0,55.0
06013304004,Census Tract 3040.04,13,Contra Costa,0.0,129.0,12.0,129.0,12.0,117.0,117.0
06037106642,Census Tract 1066.42,37,Los Angeles,0.0,80.0,10.0,80.0,10.0,70.0,70.0
06037106643,Census Tract 1066.43,37,Los Angeles,0.0,91.0,6.0,91.0,6.0,85.0,85.0
06037107010,Census Tract 1070.10,37,Los Angeles,0.0,63.0,16.0,63.0,16.0,47.0,47.0
06037107020,Census Tract 1070.20,37,Los Angeles,0.0,106.0,13.0,106.0,13.0,93.0,93.0
06037108101,Census Tract 1081.01,37,Los Angeles,0.0,58.0,12.0,58.0,12.0,46.0,46.0
06037108102,Census Tract 1081.02,37,Los Angeles,1.0,83.0,9.0,82.0,8.0,74.0,74.0
06019006602,Census Tract 66.02,19,Fresno,1.0,96.0,21.0,95.0,20.0,75.0,75.0
06061021103,Census Tract 211.03,61,Placer,41.0,138.0,15.0,97.0,0.0,123.0,97.0
06061021502,Census Tract 215.02,61,Placer,32.0,100.0,12.0,68.0,0.0,88.0,68.0
06013303202,Census Tract 3032.02,13,Contra Costa,0.0,238.0,11.0,238.0,11.0,227.0,227.0
06013320003,Census Tract 3200.03,13,Contra Costa,2.0,64.0,19.0,62.0,17.0,45.0,45.0
06013392300,Census Tract 3923,13,Contra Costa,0.0,71.0,12.0,71.0,12.0,59.0,59.0
06037600303,Census Tract 6003.03,37,Los Angeles,0.0,70.0,21.0,70.0,21.0,49.0,49.0
06037602505,Census Tract 6025.05,37,Los Angeles,0.0,80.0,23.0,80.0,23.0,57.0,57.0
06037602506,Census Tract 6025.06,37,Los Angeles,0.0,77.0,23.0,77.0,23.0,54.0,54.0
06037106010,Census Tract 1060.10,37,Los Angeles,14.0,76.0,8.0,62.0,0.0,68.0,62.0
06037123104,Census Tract 1231.04,37,Los Angeles,0.0,96.0,15.0,96.0,15.0,81.0,81.0
06037123204,Census Tract 1232.04,37,Los Angeles,0.0,67.0,23.0,67.0,23.0,44.0,44.0
06037123206,Census Tract 1232.06,37,Los Angeles,0.0,56.0,17.0,56.0,17.0,39.0,39.0
06037123301,Census Tract 1233.01,37,Los Angeles,5.0,79.0,11.0,74.0,6.0,68.0,68.0
06037123303,Census Tract 1233.03,37,Los Angeles,1.0,63.0,16.0,62.0,15.0,47.0,47.0
06037125310,Census Tract 1253.10,37,Los Angeles,4.0,83.0,13.0,79.0,9.0,70.0,70.0
06037125600,Census Tract 1256,37,Los Angeles,0.0,59.0,13.0,59.0,13.0,46.0,46.0
06037127210,Census Tract 1272.10,37,Los Angeles,4.0,112.0,10.0,108.0,6.0,102.0,102.0
06037127220,Census Tract 1272.20,37,Los Angeles,7.0,93.0,16.0,86.0,9.0,77.0,77.0
06037127300,Census Tract 1273,37,Los Angeles,1.0,74.0,12.0,73.0,11.0,62.0,62.0
06037127400,Census Tract 1274,37,Los Angeles,1.0,119.0,9.0,118.0,8.0,110.0,110.0
06061021003,Census Tract 210.03,61,Placer,43.0,183.0,12.0,140.0,0.0,171.0,140.0
06061020105,Census Tract 201.05,61,Placer,0.0,88.0,6.0,88.0,6.0,82.0,82.0
06061020601,Census Tract 206.01,61,Placer,3.0,238.0,5.0,235.0,2.0,233.0,233.0
06061021304,Census Tract 213.04,61,Placer,0.0,144.0,2.0,144.0,2.0,142.0,142.0
06037602507,Census Tract 6025.07,37,Los Angeles,0.0,82.0,23.0,82.0,23.0,59.0,59.0
06037240402,Census Tract 2404.02,37,Los Angeles,2.0,62.0,17.0,60.0,15.0,45.0,45.0
06037241001,Census Tract 2410.01,37,Los Angeles,0.0,93.0,13.0,93.0,13.0,80.0,80.0
06037533805,Census Tract 5338.05,37,Los Angeles,0.0,67.0,19.0,67.0,19.0,48.0,48.0
06037402405,Census Tract 4024.05,37,Los Angeles,0.0,51.0,13.0,51.0,13.0,38.0,38.0
06037402705,Census Tract 4027.05,37,Los Angeles,0.0,71.0,14.0,71.0,14.0,57.0,57.0
06037402706,Census Tract 4027.06,37,Los Angeles,0.0,65.0,12.0,65.0,12.0,53.0,53.0
06037402803,Census Tract 4028.03,37,Los Angeles,0.0,71.0,16.0,71.0,16.0,55.0,55.0
06037402804,Census Tract 4028.04,37,Los Angeles,0.0,89.0,11.0,89.0,11.0,78.0,78.0
06037402903,Census Tract 4029.03,37,Los Angeles,0.0,82.0,10.0,82.0,10.0,72.0,72.0
06037104108,Census Tract 1041.08,37,Los Angeles,0.0,103.0,12.0,103.0,12.0,91.0,91.0
06037106406,Census Tract 1064.06,37,Los Angeles,0.0,157.0,9.0,157.0,9.0,148.0,148.0
06037109100,Census Tract 1091,37,Los Angeles,26.0,63.0,8.0,37.0,0.0,55.0,37.0
06037109200,Census Tract 1092,37,Los Angeles,0.0,69.0,13.0,69.0,13.0,56.0,56.0
06037109300,Census Tract 1093,37,Los Angeles,0.0,71.0,12.0,71.0,12.0,59.0,59.0
06037109400,Census Tract 1094,37,Los Angeles,0.0,80.0,11.0,80.0,11.0,69.0,69.0
06037109500,Census Tract 1095,37,Los Angeles,1.0,77.0,12.0,76.0,11.0,65.0,65.0
06037109601,Census Tract 1096.01,37,Los Angeles,0.0,119.0,9.0,119.0,9.0,110.0,110.0
06037127520,Census Tract 1275.20,37,Los Angeles,0.0,88.0,21.0,88.0,21.0,67.0,67.0
06013370000,Census Tract 3700,13,Contra Costa,0.0,59.0,21.0,59.0,21.0,38.0,38.0
06037106646,Census Tract 1066.46,37,Los Angeles,0.0,72.0,11.0,72.0,11.0,61.0,61.0
06037407801,Census Tract 4078.01,37,Los Angeles,0.0,108.0,12.0,108.0,12.0,96.0,96.0
06037408005,Census Tract 4080.05,37,Los Angeles,20.0,126.0,7.0,106.0,0.0,119.0,106.0
06037408140,Census Tract 4081.40,37,Los Angeles,0.0,73.0,13.0,73.0,13.0,60.0,60.0
06037406701,Census Tract 4067.01,37,Los Angeles,0.0,65.0,13.0,65.0,13.0,52.0,52.0
06037108104,Census Tract 1081.04,37,Los Angeles,0.0,49.0,14.0,49.0,14.0,35.0,35.0
06037111100,Census Tract 1111,37,Los Angeles,0.0,67.0,12.0,67.0,12.0,55.0,55.0
06037111201,Census Tract 1112.01,37,Los Angeles,0.0,68.0,9.0,68.0,9.0,59.0,59.0
06037111202,Census Tract 1112.02,37,Los Angeles,25.0,154.0,9.0,129.0,0.0,145.0,129.0
06037111204,Census Tract 1112.04,37,Los Angeles,0.0,170.0,7.0,170.0,7.0,163.0,163.0
06037111302,Census Tract 1113.02,37,Los Angeles,0.0,96.0,10.0,96.0,10.0,86.0,86.0
06037127920,Census Tract 1279.20,37,Los Angeles,0.0,80.0,16.0,80.0,16.0,64.0,64.0
06037128210,Census Tract 1282.10,37,Los Angeles,11.0,87.0,17.0,76.0,6.0,70.0,70.0
06037128303,Census Tract 1283.03,37,Los Angeles,0.0,66.0,20.0,66.0,20.0,46.0,46.0
06037128400,Census Tract 1284,37,Los Angeles,8.0,80.0,10.0,72.0,2.0,70.0,70.0
06037128500,Census Tract 1285,37,Los Angeles,0.0,81.0,13.0,81.0,13.0,68.0,68.0
06037123304,Census Tract 1233.04,37,Los Angeles,4.0,88.0,14.0,84.0,10.0,74.0,74.0
06097152000,Census Tract 1520,97,Sonoma,16.0,52.0,26.0,36.0,10.0,26.0,26.0
06037408504,Census Tract 4085.04,37,Los Angeles,0.0,129.0,11.0,129.0,11.0,118.0,118.0
06013306003,Census Tract 3060.03,13,Contra Costa,0.0,106.0,16.0,106.0,16.0,90.0,90.0
06013313205,Census Tract 3132.05,13,Contra Costa,0.0,51.0,17.0,51.0,17.0,34.0,34.0
06013333101,Census Tract 3331.01,13,Contra Costa,0.0,90.0,15.0,90.0,15.0,75.0,75.0
06013333102,Census Tract 3331.02,13,Contra Costa,0.0,87.0,15.0,87.0,15.0,72.0,72.0
06037109800,Census Tract 1098,37,Los Angeles,0.0,86.0,11.0,86.0,11.0,75.0,75.0
06089011600,Census Tract 116,89,Shasta,0.0,67.0,9.0,67.0,9.0,58.0,58.0
06089012302,Census Tract 123.02,89,Shasta,0.0,107.0,7.0,107.0,7.0,100.0,100.0
06089010500,Census Tract 105,89,Shasta,10.0,108.0,33.0,98.0,23.0,75.0,75.0
06089012500,Census Tract 125,89,Shasta,1.0,40.0,2.0,39.0,1.0,38.0,38.0
06089012303,Census Tract 123.03,89,Shasta,12.0,83.0,8.0,71.0,0.0,75.0,71.0
06089012701,Census Tract 127.01,89,Shasta,8.0,75.0,2.0,67.0,0.0,73.0,67.0
06089011900,Census Tract 119,89,Shasta,0.0,156.0,8.0,156.0,8.0,148.0,148.0
06089012200,Census Tract 122,89,Shasta,0.0,162.0,9.0,162.0,9.0,153.0,153.0
06089012702,Census Tract 127.02,89,Shasta,0.0,88.0,2.0,88.0,2.0,86.0,86.0
06089010702,Census Tract 107.02,89,Shasta,0.0,73.0,19.0,73.0,19.0,54.0,54.0
06097152100,Census Tract 1521,97,Sonoma,15.0,65.0,20.0,50.0,5.0,45.0,45.0
06037123510,Census Tract 1235.10,37,Los Angeles,2.0,90.0,14.0,88.0,12.0,76.0,76.0
06097151900,Census Tract 1519,97,Sonoma,0.0,53.0,30.0,53.0,30.0,23.0,23.0
06037123520,Census Tract 1235.20,37,Los Angeles,1.0,53.0,18.0,52.0,17.0,35.0,35.0
06037123601,Census Tract 1236.01,37,Los Angeles,0.0,107.0,10.0,107.0,10.0,97.0,97.0
06037123700,Census Tract 1237,37,Los Angeles,3.0,81.0,13.0,78.0,10.0,68.0,68.0
06037123800,Census Tract 1238,37,Los Angeles,0.0,116.0,11.0,116.0,11.0,105.0,105.0
06037401001,Census Tract 4010.01,37,Los Angeles,0.0,60.0,11.0,60.0,11.0,49.0,49.0
06037401002,Census Tract 4010.02,37,Los Angeles,2.0,101.0,11.0,99.0,9.0,90.0,90.0
06037401101,Census Tract 4011.01,37,Los Angeles,0.0,126.0,7.0,126.0,7.0,119.0,119.0
06037401102,Census Tract 4011.02,37,Los Angeles,11.0,83.0,11.0,72.0,0.0,72.0,72.0
06059032057,Census Tract 320.57,59,Orange,0.0,216.0,12.0,216.0,12.0,204.0,204.0
06037113211,Census Tract 1132.11,37,Los Angeles,0.0,87.0,5.0,87.0,5.0,82.0,82.0
06037113212,Census Tract 1132.12,37,Los Angeles,1.0,61.0,13.0,60.0,12.0,48.0,48.0
06037128910,Census Tract 1289.10,37,Los Angeles,1.0,91.0,11.0,90.0,10.0,80.0,80.0
06037131100,Census Tract 1311,37,Los Angeles,1.0,63.0,12.0,62.0,11.0,51.0,51.0
06037131200,Census Tract 1312,37,Los Angeles,0.0,70.0,12.0,70.0,12.0,58.0,58.0
06037403323,Census Tract 4033.23,37,Los Angeles,9.0,143.0,7.0,134.0,0.0,136.0,134.0
06037403324,Census Tract 4033.24,37,Los Angeles,1.0,197.0,5.0,196.0,4.0,192.0,192.0
06055201004,Census Tract 2010.04,55,Napa,1.0,250.0,13.0,249.0,12.0,237.0,237.0
06055201601,Census Tract 2016.01,55,Napa,17.0,55.0,9.0,38.0,0.0,46.0,38.0
06055200301,Census Tract 2003.01,55,Napa,30.0,178.0,13.0,148.0,0.0,165.0,148.0
06055200505,Census Tract 2005.05,55,Napa,0.0,63.0,25.0,63.0,25.0,38.0,38.0
06055200707,Census Tract 2007.07,55,Napa,15.0,71.0,18.0,56.0,3.0,53.0,53.0
06055201602,Census Tract 2016.02,55,Napa,8.0,67.0,9.0,59.0,1.0,58.0,58.0
06055201007,Census Tract 2010.07,55,Napa,0.0,104.0,19.0,104.0,19.0,85.0,85.0
06055200302,Census Tract 2003.02,55,Napa,0.0,62.0,16.0,62.0,16.0,46.0,46.0
06055201003,Census Tract 2010.03,55,Napa,4.0,134.0,3.0,130.0,0.0,131.0,130.0
06037241202,Census Tract 2412.02,37,Los Angeles,3.0,77.0,12.0,74.0,9.0,65.0,65.0
06037406500,Census Tract 4065,37,Los Angeles,0.0,243.0,9.0,243.0,9.0,234.0,234.0
06037406601,Census Tract 4066.01,37,Los Angeles,0.0,114.0,9.0,114.0,9.0,105.0,105.0
06109004201,Census Tract 42.01,109,Tuolumne,18.0,48.0,2.0,30.0,0.0,46.0,30.0
06109002202,Census Tract 22.02,109,Tuolumne,0.0,89.0,18.0,89.0,18.0,71.0,71.0
06109002201,Census Tract 22.01,109,Tuolumne,0.0,210.0,19.0,210.0,19.0,191.0,191.0
06037262501,Census Tract 2625.01,37,Los Angeles,8.0,84.0,10.0,76.0,2.0,74.0,74.0
06037264103,Census Tract 2641.03,37,Los Angeles,4.0,56.0,27.0,52.0,23.0,29.0,29.0
06037239702,Census Tract 2397.02,37,Los Angeles,0.0,67.0,18.0,67.0,18.0,49.0,49.0
06037239802,Census Tract 2398.02,37,Los Angeles,0.0,82.0,16.0,82.0,16.0,66.0,66.0
06037265601,Census Tract 2656.01,37,Los Angeles,4.0,46.0,16.0,42.0,12.0,30.0,30.0
06037461501,Census Tract 4615.01,37,Los Angeles,0.0,71.0,13.0,71.0,13.0,58.0,58.0
06037650605,Census Tract 6506.05,37,Los Angeles,8.0,60.0,18.0,52.0,10.0,42.0,42.0
06037900508,Census Tract 9005.08,37,Los Angeles,2.0,61.0,6.0,59.0,4.0,55.0,55.0
06037901008,Census Tract 9010.08,37,Los Angeles,4.0,67.0,8.0,63.0,4.0,59.0,59.0
06037106649,Census Tract 1066.49,37,Los Angeles,0.0,56.0,12.0,56.0,12.0,44.0,44.0
06037108202,Census Tract 1082.02,37,Los Angeles,19.0,732.0,5.0,713.0,0.0,727.0,713.0
06037102104,Census Tract 1021.04,37,Los Angeles,1.0,91.0,10.0,90.0,9.0,81.0,81.0
06097152201,Census Tract 1522.01,97,Sonoma,0.0,70.0,27.0,70.0,27.0,43.0,43.0
06097151308,Census Tract 1513.08,97,Sonoma,0.0,160.0,17.0,160.0,17.0,143.0,143.0
06097150702,Census Tract 1507.02,97,Sonoma,0.0,103.0,7.0,103.0,7.0,96.0,96.0
06097150303,Census Tract 1503.03,97,Sonoma,1.0,85.0,4.0,84.0,3.0,81.0,81.0
06097153902,Census Tract 1539.02,97,Sonoma,34.0,105.0,16.0,71.0,0.0,89.0,71.0
06097154100,Census Tract 1541,97,Sonoma,25.0,83.0,1.0,58.0,0.0,82.0,58.0
06097153403,Census Tract 1534.03,97,Sonoma,6.0,90.0,10.0,84.0,4.0,80.0,80.0
06061021401,Census Tract 214.01,61,Placer,0.0,81.0,20.0,81.0,20.0,61.0,61.0
06061020604,Census Tract 206.04,61,Placer,3.0,175.0,10.0,172.0,7.0,165.0,165.0
06061021802,Census Tract 218.02,61,Placer,4.0,190.0,7.0,186.0,3.0,183.0,183.0
06061020606,Census Tract 206.06,61,Placer,0.0,110.0,17.0,110.0,17.0,93.0,93.0
06061020605,Census Tract 206.05,61,Placer,4.0,174.0,10.0,170.0,6.0,164.0,164.0
06061020300,Census Tract 203,61,Placer,18.0,125.0,15.0,107.0,0.0,110.0,107.0
06061020107,Census Tract 201.07,61,Placer,0.0,59.0,12.0,59.0,12.0,47.0,47.0
06061020200,Census Tract 202,61,Placer,0.0,217.0,1.0,217.0,1.0,216.0,216.0
06061021902,Census Tract 219.02,61,Placer,0.0,135.0,7.0,135.0,7.0,128.0,128.0
06061020106,Census Tract 201.06,61,Placer,2.0,51.0,7.0,49.0,5.0,44.0,44.0
06037113237,Census Tract 1132.37,37,Los Angeles,4.0,101.0,6.0,97.0,2.0,95.0,95.0
06037408505,Census Tract 4085.05,37,Los Angeles,0.0,57.0,9.0,57.0,9.0,48.0,48.0
06037408631,Census Tract 4086.31,37,Los Angeles,0.0,120.0,11.0,120.0,11.0,109.0,109.0
06037190401,Census Tract 1904.01,37,Los Angeles,0.0,51.0,31.0,51.0,31.0,20.0,20.0
06037190402,Census Tract 1904.02,37,Los Angeles,11.0,45.0,32.0,34.0,21.0,13.0,13.0
06037190801,Census Tract 1908.01,37,Los Angeles,2.0,50.0,23.0,48.0,21.0,27.0,27.0
06037207501,Census Tract 2075.01,37,Los Angeles,2.0,48.0,35.0,46.0,33.0,13.0,13.0
06037208501,Census Tract 2085.01,37,Los Angeles,0.0,48.0,26.0,48.0,26.0,22.0,22.0
06037185203,Census Tract 1852.03,37,Los Angeles,0.0,50.0,17.0,50.0,17.0,33.0,33.0
06097151000,Census Tract 1510,97,Sonoma,5.0,72.0,7.0,67.0,2.0,65.0,65.0
06097152502,Census Tract 1525.02,97,Sonoma,0.0,114.0,22.0,114.0,22.0,92.0,92.0
06097153003,Census Tract 1530.03,97,Sonoma,0.0,112.0,22.0,112.0,22.0,90.0,90.0
06097150603,Census Tract 1506.03,97,Sonoma,12.0,200.0,16.0,188.0,4.0,184.0,184.0
06097150601,Census Tract 1506.01,97,Sonoma,0.0,96.0,26.0,96.0,26.0,70.0,70.0
06097150100,Census Tract 1501,97,Sonoma,12.0,43.0,2.0,31.0,0.0,41.0,31.0
06097150304,Census Tract 1503.04,97,Sonoma,0.0,151.0,17.0,151.0,17.0,134.0,134.0
06097152801,Census Tract 1528.01,97,Sonoma,11.0,109.0,13.0,98.0,2.0,96.0,96.0
06097153006,Census Tract 1530.06,97,Sonoma,6.0,173.0,16.0,167.0,10.0,157.0,157.0
06097151100,Census Tract 1511,97,Sonoma,2.0,103.0,3.0,101.0,1.0,100.0,100.0
06097153502,Census Tract 1535.02,97,Sonoma,0.0,81.0,4.0,81.0,4.0,77.0,77.0
06097153705,Census Tract 1537.05,97,Sonoma,10.0,125.0,4.0,115.0,0.0,121.0,115.0
06097151503,Census Tract 1515.03,97,Sonoma,0.0,63.0,8.0,63.0,8.0,55.0,55.0
06037433200,Census Tract 4332,37,Los Angeles,3.0,110.0,10.0,107.0,7.0,100.0,100.0
06037433302,Census Tract 4333.02,37,Los Angeles,0.0,45.0,14.0,45.0,14.0,31.0,31.0
06037433403,Census Tract 4334.03,37,Los Angeles,0.0,94.0,15.0,94.0,15.0,79.0,79.0
06037185204,Census Tract 1852.04,37,Los Angeles,0.0,44.0,13.0,44.0,13.0,31.0,31.0
06037211121,Census Tract 2111.21,37,Los Angeles,1.0,47.0,28.0,46.0,27.0,19.0,19.0
06037211202,Census Tract 2112.02,37,Los Angeles,0.0,46.0,30.0,46.0,30.0,16.0,16.0
06059032059,Census Tract 320.59,59,Orange,0.0,352.0,15.0,352.0,15.0,337.0,337.0
06037577604,Census Tract 5776.04,37,Los Angeles,10.0,43.0,10.0,33.0,0.0,33.0,33.0
06067007017,Census Tract 70.17,67,Sacramento,0.0,64.0,10.0,64.0,10.0,54.0,54.0
06037462700,Census Tract 4627,37,Los Angeles,7.0,131.0,10.0,124.0,3.0,121.0,121.0
06037462800,Census Tract 4628,37,Los Angeles,3.0,64.0,12.0,61.0,9.0,52.0,52.0
06073021001,Census Tract 210.01,73,San Diego,0.0,58.0,1.0,58.0,1.0,57.0,57.0
06073013423,Census Tract 134.23,73,San Diego,0.0,78.0,5.0,78.0,5.0,73.0,73.0
06073013320,Census Tract 133.20,73,San Diego,0.0,145.0,7.0,145.0,7.0,138.0,138.0
06073013424,Census Tract 134.24,73,San Diego,52.0,556.0,12.0,504.0,0.0,544.0,504.0
06073016403,Census Tract 164.03,73,San Diego,0.0,116.0,9.0,116.0,9.0,107.0,107.0
06073020812,Census Tract 208.12,73,San Diego,0.0,55.0,8.0,55.0,8.0,47.0,47.0
06073021102,Census Tract 211.02,73,San Diego,0.0,98.0,1.0,98.0,1.0,97.0,97.0
06073010016,Census Tract 100.16,73,San Diego,0.0,77.0,5.0,77.0,5.0,72.0,72.0
06067007107,Census Tract 71.07,67,Sacramento,5.0,42.0,7.0,37.0,2.0,35.0,35.0
06067008513,Census Tract 85.13,67,Sacramento,4.0,96.0,15.0,92.0,11.0,81.0,81.0
06055200705,Census Tract 2007.05,55,Napa,1.0,64.0,19.0,63.0,18.0,45.0,45.0
06055200804,Census Tract 2008.04,55,Napa,26.0,136.0,20.0,110.0,0.0,116.0,110.0
06055200803,Census Tract 2008.03,55,Napa,0.0,54.0,10.0,54.0,10.0,44.0,44.0
06055200704,Census Tract 2007.04,55,Napa,0.0,93.0,17.0,93.0,17.0,76.0,76.0
06037910505,Census Tract 9105.05,37,Los Angeles,0.0,61.0,10.0,61.0,10.0,51.0,51.0
06037291120,Census Tract 2911.20,37,Los Angeles,0.0,48.0,15.0,48.0,15.0,33.0,33.0
06037480702,Census Tract 4807.02,37,Los Angeles,0.0,89.0,9.0,89.0,9.0,80.0,80.0
06037480703,Census Tract 4807.03,37,Los Angeles,0.0,74.0,12.0,74.0,12.0,62.0,62.0
06013329000,Census Tract 3290,13,Contra Costa,12.0,155.0,13.0,143.0,1.0,142.0,142.0
06073013316,Census Tract 133.16,73,San Diego,4.0,220.0,13.0,216.0,9.0,207.0,207.0
06073019111,Census Tract 191.11,73,San Diego,0.0,81.0,4.0,81.0,4.0,77.0,77.0
06073019110,Census Tract 191.10,73,San Diego,4.0,131.0,3.0,127.0,0.0,128.0,127.0
06073013315,Census Tract 133.15,73,San Diego,0.0,81.0,19.0,81.0,19.0,62.0,62.0
06073018615,Census Tract 186.15,73,San Diego,0.0,65.0,19.0,65.0,19.0,46.0,46.0
06073020040,Census Tract 200.40,73,San Diego,0.0,95.0,10.0,95.0,10.0,85.0,85.0
06073013608,Census Tract 136.08,73,San Diego,2.0,80.0,19.0,78.0,17.0,61.0,61.0
06073013607,Census Tract 136.07,73,San Diego,10.0,51.0,13.0,41.0,3.0,38.0,38.0
06073008202,Census Tract 82.02,73,San Diego,3.0,40.0,20.0,37.0,17.0,20.0,20.0
06073013422,Census Tract 134.22,73,San Diego,0.0,95.0,9.0,95.0,9.0,86.0,86.0
06073017062,Census Tract 170.62,73,San Diego,8.0,127.0,6.0,119.0,0.0,121.0,119.0
06073020310,Census Tract 203.10,73,San Diego,16.0,219.0,9.0,203.0,0.0,210.0,203.0
06073017308,Census Tract 173.08,73,San Diego,6.0,67.0,19.0,61.0,13.0,48.0,48.0
06073020311,Census Tract 203.11,73,San Diego,0.0,101.0,5.0,101.0,5.0,96.0,96.0
06055200602,Census Tract 2006.02,55,Napa,0.0,112.0,12.0,112.0,12.0,100.0,100.0
06037267902,Census Tract 2679.02,37,Los Angeles,0.0,73.0,15.0,73.0,15.0,58.0,58.0
06037269601,Census Tract 2696.01,37,Los Angeles,0.0,61.0,22.0,61.0,22.0,39.0,39.0
06037269903,Census Tract 2699.03,37,Los Angeles,1.0,65.0,24.0,64.0,23.0,41.0,41.0
06037269905,Census Tract 2699.05,37,Los Angeles,20.0,48.0,26.0,28.0,6.0,22.0,22.0
06037271902,Census Tract 2719.02,37,Los Angeles,0.0,71.0,13.0,71.0,13.0,58.0,58.0
06037272201,Census Tract 2722.01,37,Los Angeles,0.0,50.0,25.0,50.0,25.0,25.0,25.0
06037272202,Census Tract 2722.02,37,Los Angeles,0.0,59.0,23.0,59.0,23.0,36.0,36.0
06037535902,Census Tract 5359.02,37,Los Angeles,0.0,107.0,13.0,107.0,13.0,94.0,94.0
06037601303,Census Tract 6013.03,37,Los Angeles,0.0,91.0,19.0,91.0,19.0,72.0,72.0
06037532606,Census Tract 5326.06,37,Los Angeles,0.0,65.0,24.0,65.0,24.0,41.0,41.0
06037271801,Census Tract 2718.01,37,Los Angeles,2.0,65.0,19.0,63.0,17.0,46.0,46.0
06037221810,Census Tract 2218.10,37,Los Angeles,1.0,40.0,23.0,39.0,22.0,17.0,17.0
06037203200,Census Tract 2032,37,Los Angeles,1.0,79.0,18.0,78.0,17.0,61.0,61.0
06037262400,Census Tract 2624,37,Los Angeles,0.0,59.0,4.0,59.0,4.0,55.0,55.0
06037209402,Census Tract 2094.02,37,Los Angeles,0.0,53.0,35.0,53.0,35.0,18.0,18.0
06037212305,Census Tract 2123.05,37,Los Angeles,0.0,48.0,39.0,48.0,39.0,9.0,9.0
06037433602,Census Tract 4336.02,37,Los Angeles,2.0,64.0,13.0,62.0,11.0,51.0,51.0
06037480704,Census Tract 4807.04,37,Los Angeles,0.0,77.0,12.0,77.0,12.0,65.0,65.0
06037480802,Census Tract 4808.02,37,Los Angeles,14.0,66.0,10.0,52.0,0.0,56.0,52.0
06087120800,Census Tract 1208,87,Santa Cruz,0.0,169.0,8.0,169.0,8.0,161.0,161.0
06087100500,Census Tract 1005,87,Santa Cruz,3.0,125.0,10.0,122.0,7.0,115.0,115.0
06087120600,Census Tract 1206,87,Santa Cruz,1.0,127.0,4.0,126.0,3.0,123.0,123.0
06087122002,Census Tract 1220.02,87,Santa Cruz,0.0,83.0,3.0,83.0,3.0,80.0,80.0
06087100200,Census Tract 1002,87,Santa Cruz,2.0,225.0,15.0,223.0,13.0,210.0,210.0
06087122202,Census Tract 1222.02,87,Santa Cruz,0.0,58.0,14.0,58.0,14.0,44.0,44.0
06087123100,Census Tract 1231,87,Santa Cruz,0.0,64.0,8.0,64.0,8.0,56.0,56.0
06087122203,Census Tract 1222.03,87,Santa Cruz,4.0,98.0,15.0,94.0,11.0,83.0,83.0
06087121000,Census Tract 1210,87,Santa Cruz,0.0,81.0,3.0,81.0,3.0,78.0,78.0
06087123300,Census Tract 1233,87,Santa Cruz,0.0,46.0,3.0,46.0,3.0,43.0,43.0
06087122001,Census Tract 1220.01,87,Santa Cruz,0.0,159.0,4.0,159.0,4.0,155.0,155.0
06087110700,Census Tract 1107,87,Santa Cruz,0.0,81.0,11.0,81.0,11.0,70.0,70.0
06087121300,Census Tract 1213,87,Santa Cruz,14.0,78.0,12.0,64.0,0.0,66.0,64.0
06087100300,Census Tract 1003,87,Santa Cruz,4.0,84.0,10.0,80.0,6.0,74.0,74.0
06037211804,Census Tract 2118.04,37,Los Angeles,0.0,52.0,30.0,52.0,30.0,22.0,22.0
06037212101,Census Tract 2121.01,37,Los Angeles,4.0,55.0,30.0,51.0,26.0,25.0,25.0
06087100900,Census Tract 1009,87,Santa Cruz,3.0,70.0,14.0,67.0,11.0,56.0,56.0
06087120301,Census Tract 1203.01,87,Santa Cruz,2.0,139.0,3.0,137.0,1.0,136.0,136.0
06087120302,Census Tract 1203.02,87,Santa Cruz,0.0,101.0,9.0,101.0,9.0,92.0,92.0
06087121402,Census Tract 1214.02,87,Santa Cruz,2.0,98.0,20.0,96.0,18.0,78.0,78.0
06087122300,Census Tract 1223,87,Santa Cruz,12.0,76.0,3.0,64.0,0.0,73.0,64.0
06087120500,Census Tract 1205,87,Santa Cruz,4.0,206.0,2.0,202.0,0.0,204.0,202.0
06087121100,Census Tract 1211,87,Santa Cruz,0.0,70.0,5.0,70.0,5.0,65.0,65.0
06037212102,Census Tract 2121.02,37,Los Angeles,0.0,52.0,34.0,52.0,34.0,18.0,18.0
06037214503,Census Tract 2145.03,37,Los Angeles,0.0,62.0,27.0,62.0,27.0,35.0,35.0
06037234901,Census Tract 2349.01,37,Los Angeles,0.0,52.0,23.0,52.0,23.0,29.0,29.0
06037239801,Census Tract 2398.01,37,Los Angeles,0.0,67.0,21.0,67.0,21.0,46.0,46.0
06037553504,Census Tract 5535.04,37,Los Angeles,0.0,90.0,16.0,90.0,16.0,74.0,74.0
06037554105,Census Tract 5541.05,37,Los Angeles,0.0,80.0,22.0,80.0,22.0,58.0,58.0
06037554203,Census Tract 5542.03,37,Los Angeles,0.0,67.0,16.0,67.0,16.0,51.0,51.0
06037554204,Census Tract 5542.04,37,Los Angeles,20.0,88.0,16.0,68.0,0.0,72.0,68.0
06037554301,Census Tract 5543.01,37,Los Angeles,3.0,63.0,16.0,60.0,13.0,47.0,47.0
06037554302,Census Tract 5543.02,37,Los Angeles,3.0,73.0,15.0,70.0,12.0,58.0,58.0
06023940000,Census Tract 9400,23,Humboldt,24.0,51.0,4.0,27.0,0.0,47.0,27.0
06061020901,Census Tract 209.01,61,Placer,14.0,59.0,26.0,45.0,12.0,33.0,33.0
06061021106,Census Tract 211.06,61,Placer,0.0,61.0,23.0,61.0,23.0,38.0,38.0
06061023000,Census Tract 230,61,Placer,13.0,86.0,16.0,73.0,3.0,70.0,70.0
06061021203,Census Tract 212.03,61,Placer,28.0,214.0,9.0,186.0,0.0,205.0,186.0
06061020501,Census Tract 205.01,61,Placer,1.0,76.0,7.0,75.0,6.0,69.0,69.0
06061020717,Census Tract 207.17,61,Placer,77.0,132.0,13.0,55.0,0.0,119.0,55.0
06037480901,Census Tract 4809.01,37,Los Angeles,0.0,74.0,13.0,74.0,13.0,61.0,61.0
06037261102,Census Tract 2611.02,37,Los Angeles,0.0,88.0,5.0,88.0,5.0,83.0,83.0
06037191204,Census Tract 1912.04,37,Los Angeles,0.0,40.0,29.0,40.0,29.0,11.0,11.0
06037143901,Census Tract 1439.01,37,Los Angeles,0.0,86.0,6.0,86.0,6.0,80.0,80.0
06037139802,Census Tract 1398.02,37,Los Angeles,0.0,73.0,5.0,73.0,5.0,68.0,68.0
06037460700,Census Tract 4607,37,Los Angeles,11.0,119.0,5.0,108.0,0.0,114.0,108.0
06037123010,Census Tract 1230.10,37,Los Angeles,1.0,86.0,13.0,85.0,12.0,73.0,73.0
06037134720,Census Tract 1347.20,37,Los Angeles,0.0,113.0,13.0,113.0,13.0,100.0,100.0
06037920034,Census Tract 9200.34,37,Los Angeles,0.0,139.0,4.0,139.0,4.0,135.0,135.0
06037910808,Census Tract 9108.08,37,Los Angeles,0.0,73.0,4.0,73.0,4.0,69.0,69.0
06037224310,Census Tract 2243.10,37,Los Angeles,0.0,41.0,30.0,41.0,30.0,11.0,11.0
06037113231,Census Tract 1132.31,37,Los Angeles,6.0,51.0,6.0,45.0,0.0,45.0,45.0
06037300800,Census Tract 3008,37,Los Angeles,15.0,273.0,5.0,258.0,0.0,268.0,258.0
06073019108,Census Tract 191.08,73,San Diego,2.0,86.0,1.0,84.0,0.0,85.0,84.0
06073013326,Census Tract 133.26,73,San Diego,0.0,102.0,17.0,102.0,17.0,85.0,85.0
06073010019,Census Tract 100.19,73,San Diego,2.0,92.0,12.0,90.0,10.0,80.0,80.0
06073016703,Census Tract 167.03,73,San Diego,0.0,62.0,17.0,62.0,17.0,45.0,45.0
06073017066,Census Tract 170.66,73,San Diego,1.0,124.0,4.0,123.0,3.0,120.0,120.0
06073016705,Census Tract 167.05,73,San Diego,10.0,99.0,17.0,89.0,7.0,82.0,82.0
06073020312,Census Tract 203.12,73,San Diego,0.0,108.0,6.0,108.0,6.0,102.0,102.0
06073020313,Census Tract 203.13,73,San Diego,46.0,68.0,8.0,22.0,0.0,60.0,22.0
06073020034,Census Tract 200.34,73,San Diego,0.0,60.0,18.0,60.0,18.0,42.0,42.0
06073020111,Census Tract 201.11,73,San Diego,0.0,87.0,6.0,87.0,6.0,81.0,81.0
06073020039,Census Tract 200.39,73,San Diego,0.0,50.0,27.0,50.0,27.0,23.0,23.0
06073020044,Census Tract 200.44,73,San Diego,0.0,306.0,7.0,306.0,7.0,299.0,299.0
06073019210,Census Tract 192.10,73,San Diego,4.0,133.0,15.0,129.0,11.0,118.0,118.0
06073020036,Census Tract 200.36,73,San Diego,0.0,77.0,24.0,77.0,24.0,53.0,53.0
06073019305,Census Tract 193.05,73,San Diego,0.0,91.0,19.0,91.0,19.0,72.0,72.0
06061021108,Census Tract 211.08,61,Placer,0.0,68.0,25.0,68.0,25.0,43.0,43.0
06061020806,Census Tract 208.06,61,Placer,16.0,84.0,23.0,68.0,7.0,61.0,61.0
06061020711,Census Tract 207.11,61,Placer,2.0,112.0,20.0,110.0,18.0,92.0,92.0
06061020712,Census Tract 207.12,61,Placer,0.0,75.0,25.0,75.0,25.0,50.0,50.0
06055200601,Census Tract 2006.01,55,Napa,19.0,102.0,15.0,83.0,0.0,87.0,83.0
06055201006,Census Tract 2010.06,55,Napa,4.0,87.0,17.0,83.0,13.0,70.0,70.0
06055200706,Census Tract 2007.06,55,Napa,0.0,66.0,16.0,66.0,16.0,50.0,50.0
06037143602,Census Tract 1436.02,37,Los Angeles,0.0,104.0,12.0,104.0,12.0,92.0,92.0
06037430901,Census Tract 4309.01,37,Los Angeles,12.0,88.0,12.0,76.0,0.0,76.0,76.0
06055200504,Census Tract 2005.04,55,Napa,6.0,176.0,16.0,170.0,10.0,160.0,160.0
06037186100,Census Tract 1861,37,Los Angeles,0.0,84.0,11.0,84.0,11.0,73.0,73.0
06037301206,Census Tract 3012.06,37,Los Angeles,0.0,92.0,14.0,92.0,14.0,78.0,78.0
06037542103,Census Tract 5421.03,37,Los Angeles,0.0,62.0,17.0,62.0,17.0,45.0,45.0
06037293307,Census Tract 2933.07,37,Los Angeles,0.0,63.0,22.0,63.0,22.0,41.0,41.0
06083001208,Census Tract 12.08,83,Santa Barbara,8.0,68.0,17.0,60.0,9.0,51.0,51.0
06083001604,Census Tract 16.04,83,Santa Barbara,0.0,101.0,15.0,101.0,15.0,86.0,86.0
06079010205,Census Tract 102.05,79,San Luis Obispo,0.0,148.0,29.0,148.0,29.0,119.0,119.0
06079010404,Census Tract 104.04,79,San Luis Obispo,15.0,55.0,12.0,40.0,0.0,43.0,40.0
06079010101,Census Tract 101.01,79,San Luis Obispo,2.0,48.0,9.0,46.0,7.0,39.0,39.0
06079012102,Census Tract 121.02,79,San Luis Obispo,1.0,121.0,25.0,120.0,24.0,96.0,96.0
06037209810,Census Tract 2098.10,37,Los Angeles,0.0,47.0,33.0,47.0,33.0,14.0,14.0
06073019304,Census Tract 193.04,73,San Diego,0.0,70.0,19.0,70.0,19.0,51.0,51.0
06073019209,Census Tract 192.09,73,San Diego,0.0,59.0,4.0,59.0,4.0,55.0,55.0
06073020813,Census Tract 208.13,73,San Diego,0.0,159.0,6.0,159.0,6.0,153.0,153.0
06073016706,Census Tract 167.06,73,San Diego,0.0,58.0,16.0,58.0,16.0,42.0,42.0
06073016404,Census Tract 164.04,73,San Diego,0.0,83.0,26.0,83.0,26.0,57.0,57.0
06073009109,Census Tract 91.09,73,San Diego,23.0,64.0,23.0,41.0,0.0,41.0,41.0
06073007402,Census Tract 74.02,73,San Diego,0.0,71.0,22.0,71.0,22.0,49.0,49.0
06073016621,Census Tract 166.21,73,San Diego,2.0,84.0,9.0,82.0,7.0,75.0,75.0
06073016620,Census Tract 166.20,73,San Diego,0.0,54.0,22.0,54.0,22.0,32.0,32.0
06073016813,Census Tract 168.13,73,San Diego,0.0,68.0,7.0,68.0,7.0,61.0,61.0
06073016812,Census Tract 168.12,73,San Diego,10.0,62.0,4.0,52.0,0.0,58.0,52.0
06073016704,Census Tract 167.04,73,San Diego,0.0,191.0,10.0,191.0,10.0,181.0,181.0
06073018805,Census Tract 188.05,73,San Diego,0.0,97.0,5.0,97.0,5.0,92.0,92.0
06073016619,Census Tract 166.19,73,San Diego,8.0,85.0,10.0,77.0,2.0,75.0,75.0
06073018804,Census Tract 188.04,73,San Diego,0.0,129.0,4.0,129.0,4.0,125.0,125.0
06073018525,Census Tract 185.25,73,San Diego,0.0,90.0,14.0,90.0,14.0,76.0,76.0
06073018524,Census Tract 185.24,73,San Diego,0.0,78.0,16.0,78.0,16.0,62.0,62.0
06073018522,Census Tract 185.22,73,San Diego,2.0,124.0,8.0,122.0,6.0,116.0,116.0
06073017067,Census Tract 170.67,73,San Diego,0.0,68.0,13.0,68.0,13.0,55.0,55.0
06073019811,Census Tract 198.11,73,San Diego,21.0,159.0,7.0,138.0,0.0,152.0,138.0
06073018620,Census Tract 186.20,73,San Diego,0.0,57.0,25.0,57.0,25.0,32.0,32.0
06073018619,Census Tract 186.19,73,San Diego,0.0,126.0,4.0,126.0,4.0,122.0,122.0
06073018617,Census Tract 186.17,73,San Diego,4.0,79.0,16.0,75.0,12.0,63.0,63.0
06073018618,Census Tract 186.18,73,San Diego,0.0,89.0,23.0,89.0,23.0,66.0,66.0
06073018622,Census Tract 186.22,73,San Diego,0.0,107.0,20.0,107.0,20.0,87.0,87.0
06013340004,Census Tract 3400.04,13,Contra Costa,0.0,87.0,10.0,87.0,10.0,77.0,77.0
06013337202,Census Tract 3372.02,13,Contra Costa,0.0,103.0,16.0,103.0,16.0,87.0,87.0
06013334007,Census Tract 3340.07,13,Contra Costa,0.0,75.0,17.0,75.0,17.0,58.0,58.0
06013334008,Census Tract 3340.08,13,Contra Costa,4.0,84.0,19.0,80.0,15.0,65.0,65.0
06013355123,Census Tract 3551.23,13,Contra Costa,0.0,66.0,9.0,66.0,9.0,57.0,57.0
06013355125,Census Tract 3551.25,13,Contra Costa,0.0,84.0,20.0,84.0,20.0,64.0,64.0
06013380001,Census Tract 3800.01,13,Contra Costa,14.0,62.0,6.0,48.0,0.0,56.0,48.0
06013380002,Census Tract 3800.02,13,Contra Costa,21.0,67.0,13.0,46.0,0.0,54.0,46.0
06037117404,Census Tract 1174.04,37,Los Angeles,0.0,95.0,10.0,95.0,10.0,85.0,85.0
06037123203,Census Tract 1232.03,37,Los Angeles,0.0,58.0,17.0,58.0,17.0,41.0,41.0
06037237600,Census Tract 2376,37,Los Angeles,2.0,62.0,18.0,60.0,16.0,44.0,44.0
06037204410,Census Tract 2044.10,37,Los Angeles,0.0,45.0,24.0,45.0,24.0,21.0,21.0
06037296220,Census Tract 2962.20,37,Los Angeles,8.0,65.0,18.0,57.0,10.0,47.0,47.0
06037228500,Census Tract 2285,37,Los Angeles,1.0,77.0,19.0,76.0,18.0,58.0,58.0
06037183810,Census Tract 1838.10,37,Los Angeles,6.0,75.0,19.0,69.0,13.0,56.0,56.0
06037460501,Census Tract 4605.01,37,Los Angeles,0.0,152.0,5.0,152.0,5.0,147.0,147.0
06037920314,Census Tract 9203.14,37,Los Angeles,16.0,82.0,4.0,66.0,0.0,78.0,66.0
06037575803,Census Tract 5758.03,37,Los Angeles,0.0,45.0,29.0,45.0,29.0,16.0,16.0
06037621201,Census Tract 6212.01,37,Los Angeles,0.0,205.0,10.0,205.0,10.0,195.0,195.0
06037131400,Census Tract 1314,37,Los Angeles,6.0,125.0,12.0,119.0,6.0,113.0,113.0
06037131600,Census Tract 1316,37,Los Angeles,1.0,107.0,9.0,106.0,8.0,98.0,98.0
06037131900,Census Tract 1319,37,Los Angeles,1.0,81.0,11.0,80.0,10.0,70.0,70.0
06087100700,Census Tract 1007,87,Santa Cruz,24.0,49.0,25.0,25.0,1.0,24.0,24.0
06037554405,Census Tract 5544.05,37,Los Angeles,16.0,73.0,15.0,57.0,0.0,58.0,57.0
06075017102,Census Tract 171.02,75,San Francisco,0.0,50.0,6.0,50.0,6.0,44.0,44.0
06075012302,Census Tract 123.02,75,San Francisco,2.0,37.0,11.0,35.0,9.0,26.0,26.0
06075016801,Census Tract 168.01,75,San Francisco,0.0,52.0,7.0,52.0,7.0,45.0,45.0
06075011902,Census Tract 119.02,75,San Francisco,2.0,39.0,11.0,37.0,9.0,28.0,28.0
06075012202,Census Tract 122.02,75,San Francisco,9.0,42.0,11.0,33.0,2.0,31.0,31.0
06075012601,Census Tract 126.01,75,San Francisco,0.0,44.0,8.0,44.0,8.0,36.0,36.0
06005000500,Census Tract 5,5,Amador,10.0,108.0,25.0,98.0,15.0,83.0,83.0
06005000401,Census Tract 4.01,5,Amador,5.0,219.0,40.0,214.0,35.0,179.0,179.0
06005000301,Census Tract 3.01,5,Amador,0.0,112.0,19.0,112.0,19.0,93.0,93.0
06005000402,Census Tract 4.02,5,Amador,1.0,184.0,31.0,183.0,30.0,153.0,153.0
06061021109,Census Tract 211.09,61,Placer,28.0,193.0,14.0,165.0,0.0,179.0,165.0
06061021801,Census Tract 218.01,61,Placer,0.0,148.0,6.0,148.0,6.0,142.0,142.0
06061021901,Census Tract 219.01,61,Placer,0.0,116.0,5.0,116.0,5.0,111.0,111.0
06075012602,Census Tract 126.02,75,San Francisco,10.0,53.0,3.0,43.0,0.0,50.0,43.0
06075012902,Census Tract 129.02,75,San Francisco,2.0,48.0,6.0,46.0,4.0,42.0,42.0
06075013101,Census Tract 131.01,75,San Francisco,0.0,48.0,8.0,48.0,8.0,40.0,40.0
06075013102,Census Tract 131.02,75,San Francisco,0.0,41.0,7.0,41.0,7.0,34.0,34.0
06075015801,Census Tract 158.01,75,San Francisco,0.0,52.0,6.0,52.0,6.0,46.0,46.0
06041102202,Census Tract 1022.02,41,Marin,0.0,143.0,12.0,143.0,12.0,131.0,131.0
06041102203,Census Tract 1022.03,41,Marin,21.0,161.0,13.0,140.0,0.0,148.0,140.0
06041109001,Census Tract 1090.01,41,Marin,0.0,86.0,15.0,86.0,15.0,71.0,71.0
06037262303,Census Tract 2623.03,37,Los Angeles,0.0,61.0,8.0,61.0,8.0,53.0,53.0
06097152203,Census Tract 1522.03,97,Sonoma,2.0,58.0,26.0,56.0,24.0,32.0,32.0
06061022002,Census Tract 220.02,61,Placer,5.0,178.0,4.0,173.0,0.0,174.0,173.0
06061020104,Census Tract 201.04,61,Placer,0.0,75.0,7.0,75.0,7.0,68.0,68.0
06061021501,Census Tract 215.01,61,Placer,14.0,157.0,6.0,143.0,0.0,151.0,143.0
06061020713,Census Tract 207.13,61,Placer,0.0,66.0,28.0,66.0,28.0,38.0,38.0
06061021129,Census Tract 211.29,61,Placer,0.0,77.0,26.0,77.0,26.0,51.0,51.0
06061021040,Census Tract 210.40,61,Placer,0.0,82.0,20.0,82.0,20.0,62.0,62.0
06037191410,Census Tract 1914.10,37,Los Angeles,2.0,56.0,23.0,54.0,21.0,33.0,33.0
06037541606,Census Tract 5416.06,37,Los Angeles,0.0,53.0,22.0,53.0,22.0,31.0,31.0
06037234800,Census Tract 2348,37,Los Angeles,0.0,66.0,16.0,66.0,16.0,50.0,50.0
06037500600,Census Tract 5006,37,Los Angeles,0.0,126.0,12.0,126.0,12.0,114.0,114.0
06037141600,Census Tract 1416,37,Los Angeles,0.0,79.0,6.0,79.0,6.0,73.0,73.0
06037302103,Census Tract 3021.03,37,Los Angeles,0.0,90.0,17.0,90.0,17.0,73.0,73.0
06037570601,Census Tract 5706.01,37,Los Angeles,0.0,107.0,15.0,107.0,15.0,92.0,92.0
06037211802,Census Tract 2118.02,37,Los Angeles,9.0,76.0,23.0,67.0,14.0,53.0,53.0
06037262100,Census Tract 2621,37,Los Angeles,1.0,69.0,4.0,68.0,3.0,65.0,65.0
06037191720,Census Tract 1917.20,37,Los Angeles,4.0,59.0,25.0,55.0,21.0,34.0,34.0
06037194300,Census Tract 1943,37,Los Angeles,0.0,59.0,8.0,59.0,8.0,51.0,51.0
06037122420,Census Tract 1224.20,37,Los Angeles,1.0,100.0,14.0,99.0,13.0,86.0,86.0
06037128220,Census Tract 1282.20,37,Los Angeles,0.0,62.0,17.0,62.0,17.0,45.0,45.0
06097152903,Census Tract 1529.03,97,Sonoma,0.0,133.0,23.0,133.0,23.0,110.0,110.0
06097152904,Census Tract 1529.04,97,Sonoma,0.0,150.0,19.0,150.0,19.0,131.0,131.0
06061021038,Census Tract 210.38,61,Placer,0.0,385.0,20.0,385.0,20.0,365.0,365.0
06045011102,Census Tract 111.02,45,Mendocino,7.0,183.0,4.0,176.0,0.0,179.0,176.0
06037194101,Census Tract 1941.01,37,Los Angeles,0.0,61.0,8.0,61.0,8.0,53.0,53.0
06037111205,Census Tract 1112.05,37,Los Angeles,0.0,76.0,12.0,76.0,12.0,64.0,64.0
06037265602,Census Tract 2656.02,37,Los Angeles,0.0,47.0,22.0,47.0,22.0,25.0,25.0
06037115403,Census Tract 1154.03,37,Los Angeles,2.0,67.0,15.0,65.0,13.0,52.0,52.0
06037297201,Census Tract 2972.01,37,Los Angeles,3.0,63.0,20.0,60.0,17.0,43.0,43.0
06037603802,Census Tract 6038.02,37,Los Angeles,0.0,68.0,16.0,68.0,16.0,52.0,52.0
06037125502,Census Tract 1255.02,37,Los Angeles,2.0,68.0,18.0,66.0,16.0,50.0,50.0
06037127103,Census Tract 1271.03,37,Los Angeles,31.0,68.0,24.0,37.0,0.0,44.0,37.0
06037127603,Census Tract 1276.03,37,Los Angeles,0.0,58.0,20.0,58.0,20.0,38.0,38.0
06037127711,Census Tract 1277.11,37,Los Angeles,9.0,61.0,13.0,52.0,4.0,48.0,48.0
06037127803,Census Tract 1278.03,37,Los Angeles,18.0,98.0,16.0,80.0,0.0,82.0,80.0
06037127806,Census Tract 1278.06,37,Los Angeles,2.0,70.0,16.0,68.0,14.0,54.0,54.0
06037128101,Census Tract 1281.01,37,Los Angeles,1.0,61.0,16.0,60.0,15.0,45.0,45.0
06037128601,Census Tract 1286.01,37,Los Angeles,0.0,94.0,16.0,94.0,16.0,78.0,78.0
06037128602,Census Tract 1286.02,37,Los Angeles,1.0,56.0,12.0,55.0,11.0,44.0,44.0
06037128802,Census Tract 1288.02,37,Los Angeles,3.0,84.0,13.0,81.0,10.0,71.0,71.0
06029003815,Census Tract 38.15,29,Kern,0.0,149.0,18.0,149.0,18.0,131.0,131.0
06029003824,Census Tract 38.24,29,Kern,0.0,50.0,18.0,50.0,18.0,32.0,32.0
06029005804,Census Tract 58.04,29,Kern,0.0,123.0,9.0,123.0,9.0,114.0,114.0
06029005512,Census Tract 55.12,29,Kern,0.0,89.0,11.0,89.0,11.0,78.0,78.0
06029005806,Census Tract 58.06,29,Kern,0.0,103.0,12.0,103.0,12.0,91.0,91.0
06029005803,Census Tract 58.03,29,Kern,0.0,57.0,19.0,57.0,19.0,38.0,38.0
06029005406,Census Tract 54.06,29,Kern,0.0,83.0,16.0,83.0,16.0,67.0,67.0
06029005410,Census Tract 54.10,29,Kern,0.0,46.0,10.0,46.0,10.0,36.0,36.0
06029005409,Census Tract 54.09,29,Kern,0.0,91.0,17.0,91.0,17.0,74.0,74.0
06029005408,Census Tract 54.08,29,Kern,0.0,96.0,13.0,96.0,13.0,83.0,83.0
06029002503,Census Tract 25.03,29,Kern,0.0,57.0,19.0,57.0,19.0,38.0,38.0
06029002305,Census Tract 23.05,29,Kern,0.0,49.0,24.0,49.0,24.0,25.0,25.0
06029003132,Census Tract 31.32,29,Kern,0.0,73.0,26.0,73.0,26.0,47.0,47.0
06037131702,Census Tract 1317.02,37,Los Angeles,0.0,67.0,15.0,67.0,15.0,52.0,52.0
06037132002,Census Tract 1320.02,37,Los Angeles,0.0,71.0,10.0,71.0,10.0,61.0,61.0
06037132101,Census Tract 1321.01,37,Los Angeles,0.0,86.0,14.0,86.0,14.0,72.0,72.0
06037273502,Census Tract 2735.02,37,Los Angeles,0.0,51.0,14.0,51.0,14.0,37.0,37.0
06037273902,Census Tract 2739.02,37,Los Angeles,1.0,73.0,12.0,72.0,11.0,61.0,61.0
06037275102,Census Tract 2751.02,37,Los Angeles,0.0,72.0,16.0,72.0,16.0,56.0,56.0
06037275603,Census Tract 2756.03,37,Los Angeles,1.0,59.0,13.0,58.0,12.0,46.0,46.0
06037461502,Census Tract 4615.02,37,Los Angeles,0.0,121.0,12.0,121.0,12.0,109.0,109.0
06037461901,Census Tract 4619.01,37,Los Angeles,0.0,94.0,14.0,94.0,14.0,80.0,80.0
06037462002,Census Tract 4620.02,37,Los Angeles,0.0,74.0,18.0,74.0,18.0,56.0,56.0
06037462201,Census Tract 4622.01,37,Los Angeles,0.0,73.0,18.0,73.0,18.0,55.0,55.0
06037462202,Census Tract 4622.02,37,Los Angeles,12.0,68.0,17.0,56.0,5.0,51.0,51.0
06037462301,Census Tract 4623.01,37,Los Angeles,0.0,86.0,16.0,86.0,16.0,70.0,70.0
06037231720,Census Tract 2317.20,37,Los Angeles,0.0,72.0,19.0,72.0,19.0,53.0,53.0
06037403317,Census Tract 4033.17,37,Los Angeles,0.0,111.0,6.0,111.0,6.0,105.0,105.0
06037212410,Census Tract 2124.10,37,Los Angeles,0.0,69.0,32.0,69.0,32.0,37.0,37.0
06037127102,Census Tract 1271.02,37,Los Angeles,1.0,105.0,14.0,104.0,13.0,91.0,91.0
06037482201,Census Tract 4822.01,37,Los Angeles,1.0,80.0,15.0,79.0,14.0,65.0,65.0
06037482202,Census Tract 4822.02,37,Los Angeles,0.0,108.0,16.0,108.0,16.0,92.0,92.0
06037482301,Census Tract 4823.01,37,Los Angeles,0.0,102.0,14.0,102.0,14.0,88.0,88.0
06037482303,Census Tract 4823.03,37,Los Angeles,0.0,105.0,13.0,105.0,13.0,92.0,92.0
06037462302,Census Tract 4623.02,37,Los Angeles,12.0,72.0,15.0,60.0,3.0,57.0,57.0
06037554513,Census Tract 5545.13,37,Los Angeles,0.0,63.0,17.0,63.0,17.0,46.0,46.0
06037262200,Census Tract 2622,37,Los Angeles,43.0,110.0,4.0,67.0,0.0,106.0,67.0
06037297110,Census Tract 2971.10,37,Los Angeles,3.0,76.0,18.0,73.0,15.0,58.0,58.0
06037400603,Census Tract 4006.03,37,Los Angeles,0.0,98.0,4.0,98.0,4.0,94.0,94.0
06037402200,Census Tract 4022,37,Los Angeles,0.0,138.0,5.0,138.0,5.0,133.0,133.0
06037403802,Census Tract 4038.02,37,Los Angeles,0.0,125.0,11.0,125.0,11.0,114.0,114.0
06037408623,Census Tract 4086.23,37,Los Angeles,0.0,70.0,13.0,70.0,13.0,57.0,57.0
06037430801,Census Tract 4308.01,37,Los Angeles,6.0,190.0,10.0,184.0,4.0,180.0,180.0
06073018520,Census Tract 185.20,73,San Diego,0.0,127.0,18.0,127.0,18.0,109.0,109.0
06073018523,Census Tract 185.23,73,San Diego,0.0,127.0,17.0,127.0,17.0,110.0,110.0
06073018521,Census Tract 185.21,73,San Diego,0.0,114.0,12.0,114.0,12.0,102.0,102.0
06073008381,Census Tract 83.81,73,San Diego,0.0,77.0,31.0,77.0,31.0,46.0,46.0
06073017063,Census Tract 170.63,73,San Diego,0.0,91.0,16.0,91.0,16.0,75.0,75.0
06073017065,Census Tract 170.65,73,San Diego,22.0,455.0,10.0,433.0,0.0,445.0,433.0
06073017064,Census Tract 170.64,73,San Diego,0.0,254.0,15.0,254.0,15.0,239.0,239.0
06073017061,Census Tract 170.61,73,San Diego,0.0,96.0,5.0,96.0,5.0,91.0,91.0
06073017060,Census Tract 170.60,73,San Diego,0.0,72.0,10.0,72.0,10.0,62.0,62.0
06073008376,Census Tract 83.76,73,San Diego,15.0,107.0,19.0,92.0,4.0,88.0,88.0
06073008375,Census Tract 83.75,73,San Diego,2.0,72.0,21.0,70.0,19.0,51.0,51.0
06073017058,Census Tract 170.58,73,San Diego,0.0,94.0,16.0,94.0,16.0,78.0,78.0
06073008372,Census Tract 83.72,73,San Diego,24.0,84.0,8.0,60.0,0.0,76.0,60.0
06073008374,Census Tract 83.74,73,San Diego,9.0,87.0,12.0,78.0,3.0,75.0,75.0
06073008369,Census Tract 83.69,73,San Diego,55.0,104.0,17.0,49.0,0.0,87.0,49.0
06073008370,Census Tract 83.70,73,San Diego,12.0,82.0,21.0,70.0,9.0,61.0,61.0
06073020041,Census Tract 200.41,73,San Diego,0.0,69.0,24.0,69.0,24.0,45.0,45.0
06073020037,Census Tract 200.37,73,San Diego,10.0,93.0,15.0,83.0,5.0,78.0,78.0
06073019810,Census Tract 198.10,73,San Diego,2.0,168.0,7.0,166.0,5.0,161.0,161.0
06073017406,Census Tract 174.06,73,San Diego,4.0,65.0,11.0,61.0,7.0,54.0,54.0
06073017405,Census Tract 174.05,73,San Diego,0.0,91.0,19.0,91.0,19.0,72.0,72.0
06073017408,Census Tract 174.08,73,San Diego,6.0,60.0,17.0,54.0,11.0,43.0,43.0
06073017407,Census Tract 174.07,73,San Diego,1.0,70.0,14.0,69.0,13.0,56.0,56.0
06073008378,Census Tract 83.78,73,San Diego,8.0,36.0,45.0,28.0,37.0,-9.0,-9.0
06097153102,Census Tract 1531.02,97,Sonoma,0.0,124.0,26.0,124.0,26.0,98.0,98.0
06097153501,Census Tract 1535.01,97,Sonoma,0.0,111.0,4.0,111.0,4.0,107.0,107.0
06081613702,Census Tract 6137.02,81,San Mateo,16.0,134.0,1.0,118.0,0.0,133.0,118.0
06081608025,Census Tract 6080.25,81,San Mateo,40.0,89.0,6.0,49.0,0.0,83.0,49.0
06081610901,Census Tract 6109.01,81,San Mateo,0.0,66.0,19.0,66.0,19.0,47.0,47.0
06081604104,Census Tract 6041.04,81,San Mateo,10.0,73.0,19.0,63.0,9.0,54.0,54.0
06097153903,Census Tract 1539.03,97,Sonoma,0.0,80.0,16.0,80.0,16.0,64.0,64.0
06081602002,Census Tract 6020.02,81,San Mateo,0.0,167.0,9.0,167.0,9.0,158.0,158.0
06081612002,Census Tract 6120.02,81,San Mateo,4.0,73.0,18.0,69.0,14.0,55.0,55.0
06097150901,Census Tract 1509.01,97,Sonoma,9.0,106.0,17.0,97.0,8.0,89.0,89.0
06097150902,Census Tract 1509.02,97,Sonoma,0.0,75.0,19.0,75.0,19.0,56.0,56.0
06081612102,Census Tract 6121.02,81,San Mateo,0.0,71.0,25.0,71.0,25.0,46.0,46.0
06081611902,Census Tract 6119.02,81,San Mateo,0.0,171.0,9.0,171.0,9.0,162.0,162.0
06081600702,Census Tract 6007.02,81,San Mateo,0.0,54.0,25.0,54.0,25.0,29.0,29.0
06081602602,Census Tract 6026.02,81,San Mateo,0.0,210.0,17.0,210.0,17.0,193.0,193.0
06081600502,Census Tract 6005.02,81,San Mateo,1.0,77.0,15.0,76.0,14.0,62.0,62.0
06081600701,Census Tract 6007.01,81,San Mateo,0.0,60.0,19.0,60.0,19.0,41.0,41.0
06081605502,Census Tract 6055.02,81,San Mateo,19.0,60.0,16.0,41.0,0.0,44.0,41.0
06081612101,Census Tract 6121.01,81,San Mateo,9.0,91.0,17.0,82.0,8.0,74.0,74.0
06081602201,Census Tract 6022.01,81,San Mateo,0.0,324.0,20.0,324.0,20.0,304.0,304.0
06097153001,Census Tract 1530.01,97,Sonoma,30.0,168.0,19.0,138.0,0.0,149.0,138.0
06097153005,Census Tract 1530.05,97,Sonoma,0.0,129.0,6.0,129.0,6.0,123.0,123.0
06081612001,Census Tract 6120.01,81,San Mateo,0.0,87.0,17.0,87.0,17.0,70.0,70.0
06097154000,Census Tract 1540,97,Sonoma,19.0,57.0,2.0,38.0,0.0,55.0,38.0
06081611901,Census Tract 6119.01,81,San Mateo,42.0,96.0,13.0,54.0,0.0,83.0,54.0
06081602202,Census Tract 6022.02,81,San Mateo,22.0,120.0,21.0,98.0,0.0,99.0,98.0
06081608024,Census Tract 6080.24,81,San Mateo,0.0,74.0,17.0,74.0,17.0,57.0,57.0
06081610902,Census Tract 6109.02,81,San Mateo,0.0,64.0,18.0,64.0,18.0,46.0,46.0
06081605501,Census Tract 6055.01,81,San Mateo,6.0,71.0,23.0,65.0,17.0,48.0,48.0
06081606201,Census Tract 6062.01,81,San Mateo,0.0,88.0,18.0,88.0,18.0,70.0,70.0
06081605902,Census Tract 6059.02,81,San Mateo,0.0,66.0,25.0,66.0,25.0,41.0,41.0
06081606202,Census Tract 6062.02,81,San Mateo,0.0,74.0,18.0,74.0,18.0,56.0,56.0
06081601301,Census Tract 6013.01,81,San Mateo,0.0,68.0,19.0,68.0,19.0,49.0,49.0
06081601302,Census Tract 6013.02,81,San Mateo,0.0,84.0,18.0,84.0,18.0,66.0,66.0
06081604103,Census Tract 6041.03,81,San Mateo,0.0,92.0,18.0,92.0,18.0,74.0,74.0
06081613701,Census Tract 6137.01,81,San Mateo,10.0,102.0,5.0,92.0,0.0,97.0,92.0
06081602601,Census Tract 6026.01,81,San Mateo,17.0,179.0,16.0,162.0,0.0,163.0,162.0
06081602001,Census Tract 6020.01,81,San Mateo,0.0,197.0,12.0,197.0,12.0,185.0,185.0
06081605901,Census Tract 6059.01,81,San Mateo,1.0,62.0,21.0,61.0,20.0,41.0,41.0
06081600501,Census Tract 6005.01,81,San Mateo,0.0,65.0,19.0,65.0,19.0,46.0,46.0
06037482304,Census Tract 4823.04,37,Los Angeles,0.0,69.0,16.0,69.0,16.0,53.0,53.0
06037482401,Census Tract 4824.01,37,Los Angeles,0.0,79.0,14.0,79.0,14.0,65.0,65.0
06029003826,Census Tract 38.26,29,Kern,0.0,54.0,8.0,54.0,8.0,46.0,46.0
06029003818,Census Tract 38.18,29,Kern,0.0,126.0,20.0,126.0,20.0,106.0,106.0
06019001000,Census Tract 10,19,Fresno,0.0,80.0,16.0,80.0,16.0,64.0,64.0
06019001100,Census Tract 11,19,Fresno,2.0,62.0,18.0,60.0,16.0,44.0,44.0
06037554406,Census Tract 5544.06,37,Los Angeles,0.0,89.0,12.0,89.0,12.0,77.0,77.0
06037702102,Census Tract 7021.02,37,Los Angeles,36.0,110.0,12.0,74.0,0.0,98.0,74.0
06037431501,Census Tract 4315.01,37,Los Angeles,0.0,78.0,13.0,78.0,13.0,65.0,65.0
06037431502,Census Tract 4315.02,37,Los Angeles,5.0,102.0,9.0,97.0,4.0,93.0,93.0
06037433304,Census Tract 4333.04,37,Los Angeles,33.0,80.0,14.0,47.0,0.0,66.0,47.0
06037433305,Census Tract 4333.05,37,Los Angeles,0.0,93.0,18.0,93.0,18.0,75.0,75.0
06037433306,Census Tract 4333.06,37,Los Angeles,0.0,63.0,19.0,63.0,19.0,44.0,44.0
06075016802,Census Tract 168.02,75,San Francisco,0.0,41.0,7.0,41.0,7.0,34.0,34.0
06019001201,Census Tract 12.01,19,Fresno,0.0,93.0,15.0,93.0,15.0,78.0,78.0
06037482503,Census Tract 4825.03,37,Los Angeles,0.0,89.0,15.0,89.0,15.0,74.0,74.0
06075017101,Census Tract 171.01,75,San Francisco,0.0,57.0,6.0,57.0,6.0,51.0,51.0
06075017801,Census Tract 178.01,75,San Francisco,4.0,48.0,7.0,44.0,3.0,41.0,41.0
06075022704,Census Tract 227.04,75,San Francisco,4.0,64.0,5.0,60.0,1.0,59.0,59.0
06075025701,Census Tract 257.01,75,San Francisco,0.0,81.0,4.0,81.0,4.0,77.0,77.0
06075025702,Census Tract 257.02,75,San Francisco,0.0,80.0,5.0,80.0,5.0,75.0,75.0
06075031201,Census Tract 312.01,75,San Francisco,0.0,97.0,5.0,97.0,5.0,92.0,92.0
06075031202,Census Tract 312.02,75,San Francisco,0.0,52.0,6.0,52.0,6.0,46.0,46.0
06075032602,Census Tract 326.02,75,San Francisco,0.0,67.0,5.0,67.0,5.0,62.0,62.0
06075032801,Census Tract 328.01,75,San Francisco,0.0,74.0,5.0,74.0,5.0,69.0,69.0
06075032802,Census Tract 328.02,75,San Francisco,0.0,73.0,4.0,73.0,4.0,69.0,69.0
06075032901,Census Tract 329.01,75,San Francisco,0.0,117.0,4.0,117.0,4.0,113.0,113.0
06041119202,Census Tract 1192.02,41,Marin,0.0,85.0,15.0,85.0,15.0,70.0,70.0
06037433402,Census Tract 4334.02,37,Los Angeles,0.0,104.0,17.0,104.0,17.0,87.0,87.0
06037480011,Census Tract 4800.11,37,Los Angeles,0.0,105.0,12.0,105.0,12.0,93.0,93.0
06037481711,Census Tract 4817.11,37,Los Angeles,0.0,90.0,19.0,90.0,19.0,71.0,71.0
06037501700,Census Tract 5017,37,Los Angeles,1.0,79.0,11.0,78.0,10.0,68.0,68.0
06037531101,Census Tract 5311.01,37,Los Angeles,0.0,107.0,15.0,107.0,15.0,92.0,92.0
06037533105,Census Tract 5331.05,37,Los Angeles,0.0,47.0,29.0,47.0,29.0,18.0,18.0
06037533701,Census Tract 5337.01,37,Los Angeles,0.0,58.0,20.0,58.0,20.0,38.0,38.0
06037541500,Census Tract 5415,37,Los Angeles,0.0,86.0,14.0,86.0,14.0,72.0,72.0
06037552601,Census Tract 5526.01,37,Los Angeles,0.0,106.0,15.0,106.0,15.0,91.0,91.0
06037554517,Census Tract 5545.17,37,Los Angeles,0.0,112.0,11.0,112.0,11.0,101.0,101.0
06037117302,Census Tract 1173.02,37,Los Angeles,7.0,90.0,9.0,83.0,2.0,81.0,81.0
06037117303,Census Tract 1173.03,37,Los Angeles,4.0,81.0,10.0,77.0,6.0,71.0,71.0
06037117520,Census Tract 1175.20,37,Los Angeles,1.0,76.0,23.0,75.0,22.0,53.0,53.0
06037482600,Census Tract 4826,37,Los Angeles,0.0,157.0,8.0,157.0,8.0,149.0,149.0
06037482701,Census Tract 4827.01,37,Los Angeles,0.0,83.0,12.0,83.0,12.0,71.0,71.0
06041119201,Census Tract 1192.01,41,Marin,31.0,83.0,21.0,52.0,0.0,62.0,52.0
06061020908,Census Tract 209.08,61,Placer,7.0,330.0,10.0,323.0,3.0,320.0,320.0
06061021046,Census Tract 210.46,61,Placer,0.0,113.0,26.0,113.0,26.0,87.0,87.0
06061021034,Census Tract 210.34,61,Placer,0.0,92.0,20.0,92.0,20.0,72.0,72.0
06061021044,Census Tract 210.44,61,Placer,0.0,188.0,22.0,188.0,22.0,166.0,166.0
06037572500,Census Tract 5725,37,Los Angeles,0.0,69.0,17.0,69.0,17.0,52.0,52.0
06037132102,Census Tract 1321.02,37,Los Angeles,0.0,106.0,11.0,106.0,11.0,95.0,95.0
06037132501,Census Tract 1325.01,37,Los Angeles,2.0,102.0,15.0,100.0,13.0,87.0,87.0
06037132502,Census Tract 1325.02,37,Los Angeles,2.0,70.0,16.0,68.0,14.0,54.0,54.0
06037134002,Census Tract 1340.02,37,Los Angeles,1.0,79.0,15.0,78.0,14.0,64.0,64.0
06037134423,Census Tract 1344.23,37,Los Angeles,0.0,69.0,10.0,69.0,10.0,59.0,59.0
06037134904,Census Tract 1349.04,37,Los Angeles,1.0,91.0,13.0,90.0,12.0,78.0,78.0
06037137104,Census Tract 1371.04,37,Los Angeles,23.0,53.0,8.0,30.0,0.0,45.0,30.0
06037139001,Census Tract 1390.01,37,Los Angeles,0.0,102.0,12.0,102.0,12.0,90.0,90.0
06037139402,Census Tract 1394.02,37,Los Angeles,6.0,60.0,8.0,54.0,2.0,52.0,52.0
06037480303,Census Tract 4803.03,37,Los Angeles,0.0,81.0,19.0,81.0,19.0,62.0,62.0
06037910210,Census Tract 9102.10,37,Los Angeles,1.0,184.0,7.0,183.0,6.0,177.0,177.0
06037910712,Census Tract 9107.12,37,Los Angeles,0.0,64.0,9.0,64.0,9.0,55.0,55.0
06037910713,Census Tract 9107.13,37,Los Angeles,0.0,152.0,9.0,152.0,9.0,143.0,143.0
06037920045,Census Tract 9200.45,37,Los Angeles,0.0,123.0,9.0,123.0,9.0,114.0,114.0
06037575103,Census Tract 5751.03,37,Los Angeles,0.0,69.0,19.0,69.0,19.0,50.0,50.0
06037575202,Census Tract 5752.02,37,Los Angeles,8.0,55.0,20.0,47.0,12.0,35.0,35.0
06037601002,Census Tract 6010.02,37,Los Angeles,0.0,458.0,16.0,458.0,16.0,442.0,442.0
06037603102,Census Tract 6031.02,37,Los Angeles,0.0,72.0,15.0,72.0,15.0,57.0,57.0
06037620521,Census Tract 6205.21,37,Los Angeles,0.0,85.0,16.0,85.0,16.0,69.0,69.0
06037900701,Census Tract 9007.01,37,Los Angeles,1.0,71.0,9.0,70.0,8.0,62.0,62.0
06037910709,Census Tract 9107.09,37,Los Angeles,0.0,44.0,3.0,44.0,3.0,41.0,41.0
06037910810,Census Tract 9108.10,37,Los Angeles,0.0,56.0,3.0,56.0,3.0,53.0,53.0
06037920043,Census Tract 9200.43,37,Los Angeles,5.0,334.0,3.0,329.0,0.0,331.0,329.0
06037920104,Census Tract 9201.04,37,Los Angeles,0.0,57.0,1.0,57.0,1.0,56.0,56.0
06037920303,Census Tract 9203.03,37,Los Angeles,0.0,46.0,2.0,46.0,2.0,44.0,44.0
06019003805,Census Tract 38.05,19,Fresno,0.0,180.0,24.0,180.0,24.0,156.0,156.0
06037433307,Census Tract 4333.07,37,Los Angeles,0.0,60.0,20.0,60.0,20.0,40.0,40.0
06037269907,Census Tract 2699.07,37,Los Angeles,1.0,53.0,24.0,52.0,23.0,29.0,29.0
06037120300,Census Tract 1203,37,Los Angeles,2.0,101.0,10.0,99.0,8.0,91.0,91.0
06037120400,Census Tract 1204,37,Los Angeles,10.0,117.0,12.0,107.0,2.0,105.0,105.0
06037121010,Census Tract 1210.10,37,Los Angeles,0.0,107.0,9.0,107.0,9.0,98.0,98.0
06037121020,Census Tract 1210.20,37,Los Angeles,0.0,76.0,14.0,76.0,14.0,62.0,62.0
06037293306,Census Tract 2933.06,37,Los Angeles,0.0,54.0,16.0,54.0,16.0,38.0,38.0
06037570404,Census Tract 5704.04,37,Los Angeles,8.0,69.0,14.0,61.0,6.0,55.0,55.0
06037571504,Census Tract 5715.04,37,Los Angeles,0.0,105.0,10.0,105.0,10.0,95.0,95.0
06075033203,Census Tract 332.03,75,San Francisco,6.0,50.0,5.0,44.0,0.0,45.0,44.0
06075033204,Census Tract 332.04,75,San Francisco,0.0,59.0,6.0,59.0,6.0,53.0,53.0
06075042601,Census Tract 426.01,75,San Francisco,0.0,69.0,6.0,69.0,6.0,63.0,63.0
06075042602,Census Tract 426.02,75,San Francisco,0.0,52.0,6.0,52.0,6.0,46.0,46.0
06075047801,Census Tract 478.01,75,San Francisco,0.0,66.0,5.0,66.0,5.0,61.0,61.0
06075061200,Census Tract 612,75,San Francisco,0.0,83.0,5.0,83.0,5.0,78.0,78.0
06037121210,Census Tract 1212.10,37,Los Angeles,0.0,67.0,9.0,67.0,9.0,58.0,58.0
06037121600,Census Tract 1216,37,Los Angeles,0.0,58.0,12.0,58.0,12.0,46.0,46.0
06037124000,Census Tract 1240,37,Los Angeles,2.0,77.0,11.0,75.0,9.0,66.0,66.0
06037124102,Census Tract 1241.02,37,Los Angeles,1.0,71.0,16.0,70.0,15.0,55.0,55.0
06037124201,Census Tract 1242.01,37,Los Angeles,1.0,72.0,13.0,71.0,12.0,59.0,59.0
06037124300,Census Tract 1243,37,Los Angeles,1.0,61.0,14.0,60.0,13.0,47.0,47.0
06037124400,Census Tract 1244,37,Los Angeles,0.0,79.0,13.0,79.0,13.0,66.0,66.0
06037124600,Census Tract 1246,37,Los Angeles,2.0,61.0,12.0,59.0,10.0,49.0,49.0
06087101100,Census Tract 1011,87,Santa Cruz,0.0,72.0,13.0,72.0,13.0,59.0,59.0
06087120200,Census Tract 1202,87,Santa Cruz,2.0,62.0,1.0,60.0,0.0,61.0,60.0
06087120400,Census Tract 1204,87,Santa Cruz,0.0,117.0,4.0,117.0,4.0,113.0,113.0
06087120700,Census Tract 1207,87,Santa Cruz,1.0,110.0,5.0,109.0,4.0,105.0,105.0
06087121200,Census Tract 1212,87,Santa Cruz,14.0,184.0,4.0,170.0,0.0,180.0,170.0
06087121401,Census Tract 1214.01,87,Santa Cruz,0.0,70.0,21.0,70.0,21.0,49.0,49.0
06087121403,Census Tract 1214.03,87,Santa Cruz,0.0,79.0,21.0,79.0,21.0,58.0,58.0
06075012502,Census Tract 125.02,75,San Francisco,0.0,42.0,14.0,42.0,14.0,28.0,28.0
06075980200,Census Tract 9802,75,San Francisco,1.0,30.0,3.0,29.0,2.0,27.0,27.0
06061021039,Census Tract 210.39,61,Placer,0.0,51.0,25.0,51.0,25.0,26.0,26.0
06061021403,Census Tract 214.03,61,Placer,0.0,124.0,21.0,124.0,21.0,103.0,103.0
06061021037,Census Tract 210.37,61,Placer,0.0,66.0,33.0,66.0,33.0,33.0,33.0
06037482702,Census Tract 4827.02,37,Los Angeles,0.0,61.0,15.0,61.0,15.0,46.0,46.0
06037500202,Census Tract 5002.02,37,Los Angeles,9.0,104.0,5.0,95.0,0.0,99.0,95.0
06061020401,Census Tract 204.01,61,Placer,7.0,55.0,21.0,48.0,14.0,34.0,34.0
06037141102,Census Tract 1411.02,37,Los Angeles,1.0,57.0,15.0,56.0,14.0,42.0,42.0
06037141201,Census Tract 1412.01,37,Los Angeles,10.0,79.0,15.0,69.0,5.0,64.0,64.0
06037141202,Census Tract 1412.02,37,Los Angeles,0.0,64.0,15.0,64.0,15.0,49.0,49.0
06037141304,Census Tract 1413.04,37,Los Angeles,1.0,63.0,15.0,62.0,14.0,48.0,48.0
06037143603,Census Tract 1436.03,37,Los Angeles,12.0,52.0,18.0,40.0,6.0,34.0,34.0
06037183221,Census Tract 1832.21,37,Los Angeles,0.0,58.0,15.0,58.0,15.0,43.0,43.0
06037183222,Census Tract 1832.22,37,Los Angeles,1.0,63.0,13.0,62.0,12.0,50.0,50.0
06037183401,Census Tract 1834.01,37,Los Angeles,0.0,48.0,18.0,48.0,18.0,30.0,30.0
06037910606,Census Tract 9106.06,37,Los Angeles,0.0,60.0,11.0,60.0,11.0,49.0,49.0
06095251100,Census Tract 2511,95,Solano,0.0,56.0,24.0,56.0,24.0,32.0,32.0
06095253108,Census Tract 2531.08,95,Solano,6.0,73.0,8.0,67.0,2.0,65.0,65.0
06095253300,Census Tract 2533,95,Solano,0.0,76.0,1.0,76.0,1.0,75.0,75.0
06037121900,Census Tract 1219,37,Los Angeles,1.0,61.0,10.0,60.0,9.0,51.0,51.0
06059021903,Census Tract 219.03,59,Orange,0.0,118.0,15.0,118.0,15.0,103.0,103.0
06059021914,Census Tract 219.14,59,Orange,0.0,82.0,18.0,82.0,18.0,64.0,64.0
06059021919,Census Tract 219.19,59,Orange,0.0,77.0,16.0,77.0,16.0,61.0,61.0
06059021922,Census Tract 219.22,59,Orange,25.0,281.0,16.0,256.0,0.0,265.0,256.0
06059052408,Census Tract 524.08,59,Orange,45.0,152.0,12.0,107.0,0.0,140.0,107.0
06059052415,Census Tract 524.15,59,Orange,0.0,106.0,19.0,106.0,19.0,87.0,87.0
06037122000,Census Tract 1220,37,Los Angeles,4.0,111.0,7.0,107.0,3.0,104.0,104.0
06097150602,Census Tract 1506.02,97,Sonoma,0.0,118.0,23.0,118.0,23.0,95.0,95.0
06097151203,Census Tract 1512.03,97,Sonoma,6.0,116.0,19.0,110.0,13.0,97.0,97.0
06037122120,Census Tract 1221.20,37,Los Angeles,0.0,93.0,15.0,93.0,15.0,78.0,78.0
06037122200,Census Tract 1222,37,Los Angeles,0.0,78.0,10.0,78.0,10.0,68.0,68.0
06037123020,Census Tract 1230.20,37,Los Angeles,0.0,62.0,17.0,62.0,17.0,45.0,45.0
06037123103,Census Tract 1231.03,37,Los Angeles,0.0,83.0,14.0,83.0,14.0,69.0,69.0
06059052416,Census Tract 524.16,59,Orange,0.0,110.0,21.0,110.0,21.0,89.0,89.0
06059052417,Census Tract 524.17,59,Orange,4.0,196.0,17.0,192.0,13.0,179.0,179.0
06059074106,Census Tract 741.06,59,Orange,4.0,187.0,12.0,183.0,8.0,175.0,175.0
06059074107,Census Tract 741.07,59,Orange,4.0,144.0,19.0,140.0,15.0,125.0,125.0
06013322000,Census Tract 3220,13,Contra Costa,22.0,195.0,10.0,173.0,0.0,185.0,173.0
06013314103,Census Tract 3141.03,13,Contra Costa,0.0,89.0,8.0,89.0,8.0,81.0,81.0
06013356002,Census Tract 3560.02,13,Contra Costa,0.0,134.0,2.0,134.0,2.0,132.0,132.0
06013354002,Census Tract 3540.02,13,Contra Costa,0.0,229.0,6.0,229.0,6.0,223.0,223.0
06013321103,Census Tract 3211.03,13,Contra Costa,0.0,99.0,9.0,99.0,9.0,90.0,90.0
06013353001,Census Tract 3530.01,13,Contra Costa,0.0,121.0,6.0,121.0,6.0,115.0,115.0
06013309000,Census Tract 3090,13,Contra Costa,4.0,59.0,5.0,55.0,1.0,54.0,54.0
06013323000,Census Tract 3230,13,Contra Costa,0.0,100.0,15.0,100.0,15.0,85.0,85.0
06013359203,Census Tract 3592.03,13,Contra Costa,0.0,339.0,11.0,339.0,11.0,328.0,328.0
06097151301,Census Tract 1513.01,97,Sonoma,0.0,106.0,27.0,106.0,27.0,79.0,79.0
06097151305,Census Tract 1513.05,97,Sonoma,16.0,293.0,22.0,277.0,6.0,271.0,271.0
06097151306,Census Tract 1513.06,97,Sonoma,0.0,113.0,28.0,113.0,28.0,85.0,85.0
06037101110,Census Tract 1011.10,37,Los Angeles,0.0,98.0,12.0,98.0,12.0,86.0,86.0
06037101220,Census Tract 1012.20,37,Los Angeles,1.0,78.0,15.0,77.0,14.0,63.0,63.0
06097151310,Census Tract 1513.10,97,Sonoma,6.0,223.0,19.0,217.0,13.0,204.0,204.0
06013369001,Census Tract 3690.01,13,Contra Costa,22.0,213.0,17.0,191.0,0.0,196.0,191.0
06001408200,Census Tract 4082,1,Alameda,0.0,75.0,13.0,75.0,13.0,62.0,62.0
06037113301,Census Tract 1133.01,37,Los Angeles,27.0,82.0,9.0,55.0,0.0,73.0,55.0
06037113303,Census Tract 1133.03,37,Los Angeles,8.0,84.0,6.0,76.0,0.0,78.0,76.0
06037113322,Census Tract 1133.22,37,Los Angeles,1.0,104.0,10.0,103.0,9.0,94.0,94.0
06001408400,Census Tract 4084,1,Alameda,0.0,67.0,17.0,67.0,17.0,50.0,50.0
06001408500,Census Tract 4085,1,Alameda,0.0,83.0,14.0,83.0,14.0,69.0,69.0
06001408600,Census Tract 4086,1,Alameda,0.0,97.0,12.0,97.0,12.0,85.0,85.0
06001408700,Census Tract 4087,1,Alameda,0.0,127.0,12.0,127.0,12.0,115.0,115.0
06037106020,Census Tract 1060.20,37,Los Angeles,0.0,113.0,9.0,113.0,9.0,104.0,104.0
06037106111,Census Tract 1061.11,37,Los Angeles,0.0,105.0,8.0,105.0,8.0,97.0,97.0
06089010100,Census Tract 101,89,Shasta,6.0,48.0,58.0,42.0,52.0,-10.0,-10.0
06097151504,Census Tract 1515.04,97,Sonoma,0.0,98.0,24.0,98.0,24.0,74.0,74.0
06097151311,Census Tract 1513.11,97,Sonoma,6.0,300.0,14.0,294.0,8.0,286.0,286.0
06059099239,Census Tract 992.39,59,Orange,0.0,79.0,16.0,79.0,16.0,63.0,63.0
06059099305,Census Tract 993.05,59,Orange,4.0,187.0,20.0,183.0,16.0,167.0,167.0
06059099306,Census Tract 993.06,59,Orange,2.0,143.0,23.0,141.0,21.0,120.0,120.0
06059099251,Census Tract 992.51,59,Orange,18.0,136.0,21.0,118.0,3.0,115.0,115.0
06059099307,Census Tract 993.07,59,Orange,19.0,54.0,16.0,35.0,0.0,38.0,35.0
06059099903,Census Tract 999.03,59,Orange,0.0,118.0,21.0,118.0,21.0,97.0,97.0
06059099905,Census Tract 999.05,59,Orange,0.0,71.0,24.0,71.0,24.0,47.0,47.0
06059099906,Census Tract 999.06,59,Orange,0.0,126.0,18.0,126.0,18.0,108.0,108.0
06001408800,Census Tract 4088,1,Alameda,2.0,124.0,12.0,122.0,10.0,112.0,112.0
06001408900,Census Tract 4089,1,Alameda,2.0,64.0,14.0,62.0,12.0,50.0,50.0
06001409100,Census Tract 4091,1,Alameda,0.0,55.0,18.0,55.0,18.0,37.0,37.0
06001409200,Census Tract 4092,1,Alameda,0.0,76.0,15.0,76.0,15.0,61.0,61.0
06001409300,Census Tract 4093,1,Alameda,0.0,126.0,12.0,126.0,12.0,114.0,114.0
06059110007,Census Tract 1100.07,59,Orange,0.0,114.0,15.0,114.0,15.0,99.0,99.0
06059032002,Census Tract 320.02,59,Orange,0.0,147.0,16.0,147.0,16.0,131.0,131.0
06037115101,Census Tract 1151.01,37,Los Angeles,0.0,98.0,7.0,98.0,7.0,91.0,91.0
06037115202,Census Tract 1152.02,37,Los Angeles,2.0,126.0,10.0,124.0,8.0,116.0,116.0
06037115301,Census Tract 1153.01,37,Los Angeles,24.0,84.0,10.0,60.0,0.0,74.0,60.0
06059110003,Census Tract 1100.03,59,Orange,0.0,61.0,21.0,61.0,21.0,40.0,40.0
06059099904,Census Tract 999.04,59,Orange,0.0,131.0,21.0,131.0,21.0,110.0,110.0
06059032003,Census Tract 320.03,59,Orange,0.0,116.0,16.0,116.0,16.0,100.0,100.0
06059032012,Census Tract 320.12,59,Orange,5.0,75.0,16.0,70.0,11.0,59.0,59.0
06059032013,Census Tract 320.13,59,Orange,10.0,110.0,15.0,100.0,5.0,95.0,95.0
06059052424,Census Tract 524.24,59,Orange,0.0,139.0,19.0,139.0,19.0,120.0,120.0
06059052425,Census Tract 524.25,59,Orange,27.0,269.0,15.0,242.0,0.0,254.0,242.0
06059052427,Census Tract 524.27,59,Orange,10.0,207.0,10.0,197.0,0.0,197.0,197.0
06095252702,Census Tract 2527.02,95,Solano,17.0,88.0,1.0,71.0,0.0,87.0,71.0
06013306002,Census Tract 3060.02,13,Contra Costa,0.0,78.0,7.0,78.0,7.0,71.0,71.0
06013326000,Census Tract 3260,13,Contra Costa,0.0,73.0,14.0,73.0,14.0,59.0,59.0
06013340001,Census Tract 3400.01,13,Contra Costa,3.0,137.0,13.0,134.0,10.0,124.0,124.0
06013301000,Census Tract 3010,13,Contra Costa,0.0,146.0,2.0,146.0,2.0,144.0,144.0
06013361000,Census Tract 3610,13,Contra Costa,0.0,118.0,5.0,118.0,5.0,113.0,113.0
06013352102,Census Tract 3521.02,13,Contra Costa,0.0,110.0,4.0,110.0,4.0,106.0,106.0
06013338302,Census Tract 3383.02,13,Contra Costa,15.0,114.0,8.0,99.0,0.0,106.0,99.0
06013346101,Census Tract 3461.01,13,Contra Costa,0.0,72.0,7.0,72.0,7.0,65.0,65.0
06013378000,Census Tract 3780,13,Contra Costa,2.0,78.0,4.0,76.0,2.0,74.0,74.0
06013349000,Census Tract 3490,13,Contra Costa,6.0,115.0,11.0,109.0,5.0,104.0,104.0
06013369002,Census Tract 3690.02,13,Contra Costa,0.0,63.0,17.0,63.0,17.0,46.0,46.0
06013345105,Census Tract 3451.05,13,Contra Costa,11.0,242.0,11.0,231.0,0.0,231.0,231.0
06013337300,Census Tract 3373,13,Contra Costa,14.0,134.0,10.0,120.0,0.0,124.0,120.0
06013343003,Census Tract 3430.03,13,Contra Costa,4.0,80.0,9.0,76.0,5.0,71.0,71.0
06013345103,Census Tract 3451.03,13,Contra Costa,0.0,111.0,12.0,111.0,12.0,99.0,99.0
06013352202,Census Tract 3522.02,13,Contra Costa,0.0,40.0,6.0,40.0,6.0,34.0,34.0
06013346102,Census Tract 3461.02,13,Contra Costa,1.0,174.0,5.0,173.0,4.0,169.0,169.0
06013321200,Census Tract 3212,13,Contra Costa,0.0,133.0,14.0,133.0,14.0,119.0,119.0
06013325000,Census Tract 3250,13,Contra Costa,9.0,166.0,12.0,157.0,3.0,154.0,154.0
06013343001,Census Tract 3430.01,13,Contra Costa,0.0,132.0,13.0,132.0,13.0,119.0,119.0
06013321102,Census Tract 3211.02,13,Contra Costa,0.0,141.0,9.0,141.0,9.0,132.0,132.0
06013307204,Census Tract 3072.04,13,Contra Costa,0.0,96.0,17.0,96.0,17.0,79.0,79.0
06013367100,Census Tract 3671,13,Contra Costa,6.0,134.0,16.0,128.0,10.0,118.0,118.0
06001409400,Census Tract 4094,1,Alameda,0.0,94.0,11.0,94.0,11.0,83.0,83.0
06001409500,Census Tract 4095,1,Alameda,0.0,71.0,14.0,71.0,14.0,57.0,57.0
06001409600,Census Tract 4096,1,Alameda,0.0,92.0,15.0,92.0,15.0,77.0,77.0
06001409700,Census Tract 4097,1,Alameda,0.0,98.0,14.0,98.0,14.0,84.0,84.0
06001410100,Census Tract 4101,1,Alameda,0.0,53.0,14.0,53.0,14.0,39.0,39.0
06059052428,Census Tract 524.28,59,Orange,0.0,166.0,10.0,166.0,10.0,156.0,156.0
06095250900,Census Tract 2509,95,Solano,3.0,62.0,25.0,59.0,22.0,37.0,37.0
06095252104,Census Tract 2521.04,95,Solano,0.0,174.0,8.0,174.0,8.0,166.0,166.0
06095252102,Census Tract 2521.02,95,Solano,0.0,70.0,3.0,70.0,3.0,67.0,67.0
06095252604,Census Tract 2526.04,95,Solano,16.0,84.0,19.0,68.0,3.0,65.0,65.0
06095251902,Census Tract 2519.02,95,Solano,0.0,131.0,17.0,131.0,17.0,114.0,114.0
06095252910,Census Tract 2529.10,95,Solano,0.0,92.0,19.0,92.0,19.0,73.0,73.0
06037115401,Census Tract 1154.01,37,Los Angeles,1.0,118.0,9.0,117.0,8.0,109.0,109.0
06077004104,Census Tract 41.04,77,San Joaquin,0.0,81.0,9.0,81.0,9.0,72.0,72.0
06077004203,Census Tract 42.03,77,San Joaquin,0.0,84.0,24.0,84.0,24.0,60.0,60.0
06001410200,Census Tract 4102,1,Alameda,0.0,69.0,16.0,69.0,16.0,53.0,53.0
06001410400,Census Tract 4104,1,Alameda,8.0,83.0,15.0,75.0,7.0,68.0,68.0
06001420100,Census Tract 4201,1,Alameda,0.0,54.0,17.0,54.0,17.0,37.0,37.0
06001420200,Census Tract 4202,1,Alameda,0.0,61.0,19.0,61.0,19.0,42.0,42.0
06059087001,Census Tract 870.01,59,Orange,0.0,105.0,21.0,105.0,21.0,84.0,84.0
06059087002,Census Tract 870.02,59,Orange,0.0,144.0,22.0,144.0,22.0,122.0,122.0
06111001402,Census Tract 14.02,111,Ventura,0.0,150.0,13.0,150.0,13.0,137.0,137.0
06111001506,Census Tract 15.06,111,Ventura,0.0,117.0,16.0,117.0,16.0,101.0,101.0
06029003217,Census Tract 32.17,29,Kern,0.0,62.0,26.0,62.0,26.0,36.0,36.0
06029000913,Census Tract 9.13,29,Kern,0.0,72.0,13.0,72.0,13.0,59.0,59.0
06029003208,Census Tract 32.08,29,Kern,0.0,115.0,15.0,115.0,15.0,100.0,100.0
06029003207,Census Tract 32.07,29,Kern,0.0,64.0,19.0,64.0,19.0,45.0,45.0
06029003216,Census Tract 32.16,29,Kern,0.0,64.0,24.0,64.0,24.0,40.0,40.0
06029003211,Census Tract 32.11,29,Kern,0.0,109.0,20.0,109.0,20.0,89.0,89.0
06029004305,Census Tract 43.05,29,Kern,0.0,40.0,3.0,40.0,3.0,37.0,37.0
06029000914,Census Tract 9.14,29,Kern,0.0,83.0,6.0,83.0,6.0,77.0,77.0
06029003129,Census Tract 31.29,29,Kern,0.0,81.0,18.0,81.0,18.0,63.0,63.0
06029001003,Census Tract 10.03,29,Kern,0.0,66.0,20.0,66.0,20.0,46.0,46.0
06029003215,Census Tract 32.15,29,Kern,0.0,64.0,8.0,64.0,8.0,56.0,56.0
06029003214,Census Tract 32.14,29,Kern,0.0,44.0,23.0,44.0,23.0,21.0,21.0
06029002201,Census Tract 22.01,29,Kern,0.0,50.0,33.0,50.0,33.0,17.0,17.0
06029003001,Census Tract 30.01,29,Kern,0.0,72.0,25.0,72.0,25.0,47.0,47.0
06029003126,Census Tract 31.26,29,Kern,0.0,84.0,25.0,84.0,25.0,59.0,59.0
06029003137,Census Tract 31.37,29,Kern,0.0,57.0,28.0,57.0,28.0,29.0,29.0
06029006406,Census Tract 64.06,29,Kern,0.0,81.0,27.0,81.0,27.0,54.0,54.0
06029006405,Census Tract 64.05,29,Kern,4.0,49.0,11.0,45.0,7.0,38.0,38.0
06029003823,Census Tract 38.23,29,Kern,0.0,85.0,6.0,85.0,6.0,79.0,79.0
06029003136,Census Tract 31.36,29,Kern,0.0,39.0,38.0,39.0,38.0,1.0,1.0
06029003213,Census Tract 32.13,29,Kern,0.0,57.0,6.0,57.0,6.0,51.0,51.0
06029002502,Census Tract 25.02,29,Kern,0.0,43.0,39.0,43.0,39.0,4.0,4.0
06029005208,Census Tract 52.08,29,Kern,0.0,77.0,1.0,77.0,1.0,76.0,76.0
06029005805,Census Tract 58.05,29,Kern,0.0,53.0,13.0,53.0,13.0,40.0,40.0
06029003821,Census Tract 38.21,29,Kern,0.0,89.0,15.0,89.0,15.0,74.0,74.0
06029000912,Census Tract 9.12,29,Kern,4.0,78.0,12.0,74.0,8.0,66.0,66.0
06029000510,Census Tract 5.10,29,Kern,0.0,97.0,17.0,97.0,17.0,80.0,80.0
06029004001,Census Tract 40.01,29,Kern,0.0,93.0,5.0,93.0,5.0,88.0,88.0
06029003825,Census Tract 38.25,29,Kern,0.0,55.0,22.0,55.0,22.0,33.0,33.0
06029000911,Census Tract 9.11,29,Kern,0.0,51.0,28.0,51.0,28.0,23.0,23.0
06029000603,Census Tract 6.03,29,Kern,8.0,56.0,19.0,48.0,11.0,37.0,37.0
06029001402,Census Tract 14.02,29,Kern,0.0,46.0,28.0,46.0,28.0,18.0,18.0
06029005510,Census Tract 55.10,29,Kern,31.0,52.0,1.0,21.0,0.0,51.0,21.0
06029003221,Census Tract 32.21,29,Kern,4.0,133.0,3.0,129.0,0.0,130.0,129.0
06029003822,Census Tract 38.22,29,Kern,0.0,57.0,15.0,57.0,15.0,42.0,42.0
06029005205,Census Tract 52.05,29,Kern,0.0,115.0,5.0,115.0,5.0,110.0,110.0
06029001302,Census Tract 13.02,29,Kern,0.0,44.0,30.0,44.0,30.0,14.0,14.0
06029000701,Census Tract 7.01,29,Kern,0.0,47.0,28.0,47.0,28.0,19.0,19.0
06029001401,Census Tract 14.01,29,Kern,0.0,65.0,26.0,65.0,26.0,39.0,39.0
06029000105,Census Tract 1.05,29,Kern,0.0,79.0,20.0,79.0,20.0,59.0,59.0
06029000508,Census Tract 5.08,29,Kern,0.0,43.0,15.0,43.0,15.0,28.0,28.0
06029000509,Census Tract 5.09,29,Kern,0.0,62.0,15.0,62.0,15.0,47.0,47.0
06029003820,Census Tract 38.20,29,Kern,0.0,66.0,16.0,66.0,16.0,50.0,50.0
06111001507,Census Tract 15.07,111,Ventura,2.0,119.0,20.0,117.0,18.0,99.0,99.0
06111001602,Census Tract 16.02,111,Ventura,0.0,59.0,23.0,59.0,23.0,36.0,36.0
06111002000,Census Tract 20,111,Ventura,0.0,55.0,14.0,55.0,14.0,41.0,41.0
06001420500,Census Tract 4205,1,Alameda,0.0,52.0,19.0,52.0,19.0,33.0,33.0
06059099240,Census Tract 992.40,59,Orange,0.0,131.0,14.0,131.0,14.0,117.0,117.0
06059099308,Census Tract 993.08,59,Orange,0.0,126.0,12.0,126.0,12.0,114.0,114.0
06001421100,Census Tract 4211,1,Alameda,0.0,50.0,15.0,50.0,15.0,35.0,35.0
06001421400,Census Tract 4214,1,Alameda,0.0,47.0,18.0,47.0,18.0,29.0,29.0
06001421700,Census Tract 4217,1,Alameda,0.0,48.0,17.0,48.0,17.0,31.0,31.0
06001421800,Census Tract 4218,1,Alameda,0.0,43.0,17.0,43.0,17.0,26.0,26.0
06001421900,Census Tract 4219,1,Alameda,0.0,69.0,14.0,69.0,14.0,55.0,55.0
06059099309,Census Tract 993.09,59,Orange,8.0,96.0,17.0,88.0,9.0,79.0,79.0
06059099310,Census Tract 993.10,59,Orange,0.0,87.0,18.0,87.0,18.0,69.0,69.0
06059099402,Census Tract 994.02,59,Orange,3.0,211.0,15.0,208.0,12.0,196.0,196.0
06059099404,Census Tract 994.04,59,Orange,0.0,91.0,20.0,91.0,20.0,71.0,71.0
06059110004,Census Tract 1100.04,59,Orange,0.0,102.0,18.0,102.0,18.0,84.0,84.0
06059110005,Census Tract 1100.05,59,Orange,0.0,76.0,23.0,76.0,23.0,53.0,53.0
06001420600,Census Tract 4206,1,Alameda,0.0,67.0,14.0,67.0,14.0,53.0,53.0
06059032046,Census Tract 320.46,59,Orange,0.0,175.0,9.0,175.0,9.0,166.0,166.0
06059001901,Census Tract 19.01,59,Orange,0.0,61.0,27.0,61.0,27.0,34.0,34.0
06111000903,Census Tract 9.03,111,Ventura,6.0,123.0,2.0,117.0,0.0,121.0,117.0
06111001101,Census Tract 11.01,111,Ventura,0.0,144.0,13.0,144.0,13.0,131.0,131.0
06111001201,Census Tract 12.01,111,Ventura,2.0,143.0,10.0,141.0,8.0,133.0,133.0
06111001202,Census Tract 12.02,111,Ventura,0.0,222.0,15.0,222.0,15.0,207.0,207.0
06059052528,Census Tract 525.28,59,Orange,0.0,76.0,24.0,76.0,24.0,52.0,52.0
06059032043,Census Tract 320.43,59,Orange,0.0,45.0,7.0,45.0,7.0,38.0,38.0
06059042205,Census Tract 422.05,59,Orange,6.0,145.0,9.0,139.0,3.0,136.0,136.0
06059089107,Census Tract 891.07,59,Orange,0.0,121.0,20.0,121.0,20.0,101.0,101.0
06059042324,Census Tract 423.24,59,Orange,0.0,90.0,12.0,90.0,12.0,78.0,78.0
06059052423,Census Tract 524.23,59,Orange,0.0,182.0,12.0,182.0,12.0,170.0,170.0
06059052506,Census Tract 525.06,59,Orange,0.0,57.0,25.0,57.0,25.0,32.0,32.0
06059001706,Census Tract 17.06,59,Orange,2.0,77.0,12.0,75.0,10.0,65.0,65.0
06059021802,Census Tract 218.02,59,Orange,37.0,351.0,12.0,314.0,0.0,339.0,314.0
06059086405,Census Tract 864.05,59,Orange,4.0,143.0,22.0,139.0,18.0,121.0,121.0
06059074501,Census Tract 745.01,59,Orange,0.0,112.0,33.0,112.0,33.0,79.0,79.0
06059032011,Census Tract 320.11,59,Orange,0.0,32.0,2.0,32.0,2.0,30.0,30.0
06059021821,Census Tract 218.21,59,Orange,2.0,214.0,16.0,212.0,14.0,198.0,198.0
06059075605,Census Tract 756.05,59,Orange,1.0,124.0,12.0,123.0,11.0,112.0,112.0
06059032014,Census Tract 320.14,59,Orange,0.0,167.0,18.0,167.0,18.0,149.0,149.0
06059032015,Census Tract 320.15,59,Orange,6.0,209.0,15.0,203.0,9.0,194.0,194.0
06111001302,Census Tract 13.02,111,Ventura,0.0,70.0,14.0,70.0,14.0,56.0,56.0
06059032020,Census Tract 320.20,59,Orange,2.0,157.0,15.0,155.0,13.0,142.0,142.0
06059032022,Census Tract 320.22,59,Orange,24.0,192.0,11.0,168.0,0.0,181.0,168.0
06059052502,Census Tract 525.02,59,Orange,38.0,120.0,14.0,82.0,0.0,106.0,82.0
06059052505,Census Tract 525.05,59,Orange,20.0,91.0,22.0,71.0,2.0,69.0,69.0
06059052511,Census Tract 525.11,59,Orange,2.0,145.0,18.0,143.0,16.0,127.0,127.0
06059052514,Census Tract 525.14,59,Orange,0.0,152.0,20.0,152.0,20.0,132.0,132.0
06059087101,Census Tract 871.01,59,Orange,0.0,88.0,21.0,88.0,21.0,67.0,67.0
06059087102,Census Tract 871.02,59,Orange,4.0,146.0,20.0,142.0,16.0,126.0,126.0
06059087103,Census Tract 871.03,59,Orange,0.0,189.0,17.0,189.0,17.0,172.0,172.0
06059087105,Census Tract 871.05,59,Orange,1.0,109.0,18.0,108.0,17.0,91.0,91.0
06059087106,Census Tract 871.06,59,Orange,12.0,89.0,25.0,77.0,13.0,64.0,64.0
06105000200,Census Tract 2,105,Trinity,0.0,51.0,21.0,51.0,21.0,30.0,30.0
06023010901,Census Tract 109.01,23,Humboldt,13.0,159.0,30.0,146.0,17.0,129.0,129.0
06023010902,Census Tract 109.02,23,Humboldt,0.0,62.0,2.0,62.0,2.0,60.0,60.0
06023011600,Census Tract 116,23,Humboldt,12.0,63.0,3.0,51.0,0.0,60.0,51.0
06023001300,Census Tract 13,23,Humboldt,0.0,45.0,9.0,45.0,9.0,36.0,36.0
06023010504,Census Tract 105.04,23,Humboldt,0.0,80.0,31.0,80.0,31.0,49.0,49.0
06023010503,Census Tract 105.03,23,Humboldt,2.0,94.0,43.0,92.0,41.0,51.0,51.0
06023011502,Census Tract 115.02,23,Humboldt,4.0,40.0,3.0,36.0,0.0,37.0,36.0
06023011501,Census Tract 115.01,23,Humboldt,0.0,96.0,5.0,96.0,5.0,91.0,91.0
06023010701,Census Tract 107.01,23,Humboldt,0.0,91.0,19.0,91.0,19.0,72.0,72.0
06023010702,Census Tract 107.02,23,Humboldt,0.0,42.0,8.0,42.0,8.0,34.0,34.0
06023001103,Census Tract 11.03,23,Humboldt,2.0,52.0,53.0,50.0,51.0,-1.0,-1.0
06023001001,Census Tract 10.01,23,Humboldt,4.0,65.0,55.0,61.0,51.0,10.0,10.0
06023001002,Census Tract 10.02,23,Humboldt,18.0,63.0,44.0,45.0,26.0,19.0,19.0
06023001102,Census Tract 11.02,23,Humboldt,2.0,97.0,30.0,95.0,28.0,67.0,67.0
06093001003,Census Tract 10.03,93,Siskiyou,47.0,90.0,13.0,43.0,0.0,77.0,43.0
06093000901,Census Tract 9.01,93,Siskiyou,31.0,108.0,12.0,77.0,0.0,96.0,77.0
06093001002,Census Tract 10.02,93,Siskiyou,0.0,82.0,53.0,82.0,53.0,29.0,29.0
06093001001,Census Tract 10.01,93,Siskiyou,0.0,38.0,18.0,38.0,18.0,20.0,20.0
06077004600,Census Tract 46,77,San Joaquin,4.0,275.0,2.0,271.0,0.0,273.0,271.0
06077004800,Census Tract 48,77,San Joaquin,0.0,104.0,1.0,104.0,1.0,103.0,103.0
06077005127,Census Tract 51.27,77,San Joaquin,1.0,288.0,18.0,287.0,17.0,270.0,270.0
06059001402,Census Tract 14.02,59,Orange,2.0,109.0,22.0,107.0,20.0,87.0,87.0
06059001403,Census Tract 14.03,59,Orange,0.0,82.0,21.0,82.0,21.0,61.0,61.0
06059001404,Census Tract 14.04,59,Orange,4.0,78.0,14.0,74.0,10.0,64.0,64.0
06059001501,Census Tract 15.01,59,Orange,0.0,164.0,13.0,164.0,13.0,151.0,151.0
06059001503,Census Tract 15.03,59,Orange,55.0,115.0,14.0,60.0,0.0,101.0,60.0
06059032027,Census Tract 320.27,59,Orange,0.0,179.0,18.0,179.0,18.0,161.0,161.0
06059032028,Census Tract 320.28,59,Orange,0.0,100.0,17.0,100.0,17.0,83.0,83.0
06059032029,Census Tract 320.29,59,Orange,0.0,105.0,20.0,105.0,20.0,85.0,85.0
06059032030,Census Tract 320.30,59,Orange,0.0,80.0,18.0,80.0,18.0,62.0,62.0
06075023102,Census Tract 231.02,75,San Francisco,0.0,67.0,5.0,67.0,5.0,62.0,62.0
06075023200,Census Tract 232,75,San Francisco,0.0,73.0,4.0,73.0,4.0,69.0,69.0
06059052519,Census Tract 525.19,59,Orange,0.0,104.0,24.0,104.0,24.0,80.0,80.0
06059052520,Census Tract 525.20,59,Orange,0.0,78.0,22.0,78.0,22.0,56.0,56.0
06059052521,Census Tract 525.21,59,Orange,16.0,146.0,21.0,130.0,5.0,125.0,125.0
06075023300,Census Tract 233,75,San Francisco,0.0,78.0,4.0,78.0,4.0,74.0,74.0
06075022901,Census Tract 229.01,75,San Francisco,0.0,61.0,7.0,61.0,7.0,54.0,54.0
06001407000,Census Tract 4070,1,Alameda,0.0,106.0,14.0,106.0,14.0,92.0,92.0
06001407200,Census Tract 4072,1,Alameda,0.0,103.0,15.0,103.0,15.0,88.0,88.0
06085504316,Census Tract 5043.16,85,Santa Clara,0.0,123.0,16.0,123.0,16.0,107.0,107.0
06001407300,Census Tract 4073,1,Alameda,0.0,48.0,8.0,48.0,8.0,40.0,40.0
06001407400,Census Tract 4074,1,Alameda,0.0,66.0,18.0,66.0,18.0,48.0,48.0
06001407600,Census Tract 4076,1,Alameda,0.0,108.0,12.0,108.0,12.0,96.0,96.0
06001407700,Census Tract 4077,1,Alameda,0.0,70.0,13.0,70.0,13.0,57.0,57.0
06001407800,Census Tract 4078,1,Alameda,0.0,39.0,11.0,39.0,11.0,28.0,28.0
06071007105,Census Tract 71.05,71,San Bernardino,0.0,57.0,16.0,57.0,16.0,41.0,41.0
06071002204,Census Tract 22.04,71,San Bernardino,0.0,130.0,8.0,130.0,8.0,122.0,122.0
06071009717,Census Tract 97.17,71,San Bernardino,0.0,88.0,12.0,88.0,12.0,76.0,76.0
06071940100,Census Tract 9401,71,San Bernardino,0.0,36.0,3.0,36.0,3.0,33.0,33.0
06071008705,Census Tract 87.05,71,San Bernardino,2.0,127.0,15.0,125.0,13.0,112.0,112.0
06071008302,Census Tract 83.02,71,San Bernardino,0.0,54.0,15.0,54.0,15.0,39.0,39.0
06071004601,Census Tract 46.01,71,San Bernardino,1.0,196.0,17.0,195.0,16.0,179.0,179.0
06085503324,Census Tract 5033.24,85,Santa Clara,0.0,76.0,18.0,76.0,18.0,58.0,58.0
06071004503,Census Tract 45.03,71,San Bernardino,12.0,81.0,9.0,69.0,0.0,72.0,69.0
06071007800,Census Tract 78,71,San Bernardino,21.0,138.0,8.0,117.0,0.0,130.0,117.0
06071001600,Census Tract 16,71,San Bernardino,13.0,113.0,9.0,100.0,0.0,104.0,100.0
06071011300,Census Tract 113,71,San Bernardino,0.0,37.0,2.0,37.0,2.0,35.0,35.0
06071000111,Census Tract 1.11,71,San Bernardino,0.0,70.0,10.0,70.0,10.0,60.0,60.0
06071010023,Census Tract 100.23,71,San Bernardino,0.0,145.0,13.0,145.0,13.0,132.0,132.0
06071007407,Census Tract 74.07,71,San Bernardino,0.0,60.0,29.0,60.0,29.0,31.0,31.0
06001423700,Census Tract 4237,1,Alameda,0.0,51.0,15.0,51.0,15.0,36.0,36.0
06001423800,Census Tract 4238,1,Alameda,0.0,60.0,12.0,60.0,12.0,48.0,48.0
06059001504,Census Tract 15.04,59,Orange,47.0,113.0,17.0,66.0,0.0,96.0,66.0
06085503509,Census Tract 5035.09,85,Santa Clara,0.0,91.0,16.0,91.0,16.0,75.0,75.0
06071004800,Census Tract 48,71,San Bernardino,0.0,61.0,36.0,61.0,36.0,25.0,25.0
06001423901,Census Tract 4239.01,1,Alameda,0.0,44.0,20.0,44.0,20.0,24.0,24.0
06001427700,Census Tract 4277,1,Alameda,0.0,99.0,10.0,99.0,10.0,89.0,89.0
06059001506,Census Tract 15.06,59,Orange,0.0,92.0,11.0,92.0,11.0,81.0,81.0
06059001507,Census Tract 15.07,59,Orange,1.0,149.0,17.0,148.0,16.0,132.0,132.0
06059001705,Census Tract 17.05,59,Orange,0.0,93.0,19.0,93.0,19.0,74.0,74.0
06059032031,Census Tract 320.31,59,Orange,0.0,76.0,19.0,76.0,19.0,57.0,57.0
06059032032,Census Tract 320.32,59,Orange,0.0,65.0,18.0,65.0,18.0,47.0,47.0
06109003102,Census Tract 31.02,109,Tuolumne,2.0,93.0,20.0,91.0,18.0,73.0,73.0
06109004101,Census Tract 41.01,109,Tuolumne,0.0,83.0,10.0,83.0,10.0,73.0,73.0
06109003103,Census Tract 31.03,109,Tuolumne,2.0,40.0,2.0,38.0,0.0,38.0,38.0
06109004102,Census Tract 41.02,109,Tuolumne,0.0,72.0,31.0,72.0,31.0,41.0,41.0
06109005102,Census Tract 51.02,109,Tuolumne,4.0,65.0,10.0,61.0,6.0,55.0,55.0
06109004202,Census Tract 42.02,109,Tuolumne,10.0,73.0,9.0,63.0,0.0,64.0,63.0
06109005101,Census Tract 51.01,109,Tuolumne,3.0,105.0,9.0,102.0,6.0,96.0,96.0
06109002101,Census Tract 21.01,109,Tuolumne,2.0,94.0,12.0,92.0,10.0,82.0,82.0
06109002102,Census Tract 21.02,109,Tuolumne,0.0,41.0,3.0,41.0,3.0,38.0,38.0
06109003101,Census Tract 31.01,109,Tuolumne,0.0,88.0,26.0,88.0,26.0,62.0,62.0
06059032034,Census Tract 320.34,59,Orange,0.0,124.0,15.0,124.0,15.0,109.0,109.0
06059032035,Census Tract 320.35,59,Orange,0.0,54.0,19.0,54.0,19.0,35.0,35.0
06059032036,Census Tract 320.36,59,Orange,0.0,74.0,18.0,74.0,18.0,56.0,56.0
06059052523,Census Tract 525.23,59,Orange,0.0,103.0,22.0,103.0,22.0,81.0,81.0
06059052524,Census Tract 525.24,59,Orange,12.0,242.0,16.0,230.0,4.0,226.0,226.0
06059052526,Census Tract 525.26,59,Orange,24.0,76.0,19.0,52.0,0.0,57.0,52.0
06059052527,Census Tract 525.27,59,Orange,13.0,191.0,13.0,178.0,0.0,178.0,178.0
06059062605,Census Tract 626.05,59,Orange,2.0,71.0,18.0,69.0,16.0,53.0,53.0
06071004700,Census Tract 47,71,San Bernardino,0.0,107.0,23.0,107.0,23.0,84.0,84.0
06085503510,Census Tract 5035.10,85,Santa Clara,8.0,97.0,16.0,89.0,8.0,81.0,81.0
06001427800,Census Tract 4278,1,Alameda,0.0,92.0,14.0,92.0,14.0,78.0,78.0
06085504317,Census Tract 5043.17,85,Santa Clara,6.0,78.0,15.0,72.0,9.0,63.0,63.0
06085504319,Census Tract 5043.19,85,Santa Clara,23.0,139.0,11.0,116.0,0.0,128.0,116.0
06085504320,Census Tract 5043.20,85,Santa Clara,0.0,66.0,17.0,66.0,17.0,49.0,49.0
06071009712,Census Tract 97.12,71,San Bernardino,0.0,145.0,9.0,145.0,9.0,136.0,136.0
06071009713,Census Tract 97.13,71,San Bernardino,0.0,144.0,7.0,144.0,7.0,137.0,137.0
06071010700,Census Tract 107,71,San Bernardino,16.0,71.0,3.0,55.0,0.0,68.0,55.0
06071010024,Census Tract 100.24,71,San Bernardino,0.0,104.0,3.0,104.0,3.0,101.0,101.0
06071008301,Census Tract 83.01,71,San Bernardino,0.0,129.0,16.0,129.0,16.0,113.0,113.0
06071000109,Census Tract 1.09,71,San Bernardino,0.0,262.0,18.0,262.0,18.0,244.0,244.0
06071008901,Census Tract 89.01,71,San Bernardino,12.0,40.0,1.0,28.0,0.0,39.0,28.0
06071010022,Census Tract 100.22,71,San Bernardino,0.0,90.0,15.0,90.0,15.0,75.0,75.0
06071000812,Census Tract 8.12,71,San Bernardino,2.0,92.0,20.0,90.0,18.0,72.0,72.0
06071000104,Census Tract 1.04,71,San Bernardino,6.0,193.0,16.0,187.0,10.0,177.0,177.0
06071010413,Census Tract 104.13,71,San Bernardino,2.0,98.0,4.0,96.0,2.0,94.0,94.0
06071010415,Census Tract 104.15,71,San Bernardino,0.0,86.0,7.0,86.0,7.0,79.0,79.0
06071009708,Census Tract 97.08,71,San Bernardino,2.0,124.0,2.0,122.0,0.0,122.0,122.0
06071010410,Census Tract 104.10,71,San Bernardino,0.0,61.0,4.0,61.0,4.0,57.0,57.0
06001424001,Census Tract 4240.01,1,Alameda,0.0,57.0,18.0,57.0,18.0,39.0,39.0
06001428100,Census Tract 4281,1,Alameda,0.0,93.0,12.0,93.0,12.0,81.0,81.0
06001428200,Census Tract 4282,1,Alameda,0.0,101.0,9.0,101.0,9.0,92.0,92.0
06085503511,Census Tract 5035.11,85,Santa Clara,0.0,81.0,18.0,81.0,18.0,63.0,63.0
06085503601,Census Tract 5036.01,85,Santa Clara,6.0,73.0,14.0,67.0,8.0,59.0,59.0
06085504321,Census Tract 5043.21,85,Santa Clara,4.0,131.0,14.0,127.0,10.0,117.0,117.0
06085504410,Census Tract 5044.10,85,Santa Clara,0.0,86.0,16.0,86.0,16.0,70.0,70.0
06085507003,Census Tract 5070.03,85,Santa Clara,12.0,73.0,5.0,61.0,0.0,68.0,61.0
06085507004,Census Tract 5070.04,85,Santa Clara,28.0,91.0,11.0,63.0,0.0,80.0,63.0
06085502204,Census Tract 5022.04,85,Santa Clara,0.0,73.0,29.0,73.0,29.0,44.0,44.0
06085502203,Census Tract 5022.03,85,Santa Clara,0.0,82.0,21.0,82.0,21.0,61.0,61.0
06085501902,Census Tract 5019.02,85,Santa Clara,1.0,77.0,16.0,76.0,15.0,61.0,61.0
06085502104,Census Tract 5021.04,85,Santa Clara,22.0,55.0,19.0,33.0,0.0,36.0,33.0
06085502103,Census Tract 5021.03,85,Santa Clara,2.0,86.0,16.0,84.0,14.0,70.0,70.0
06085504424,Census Tract 5044.24,85,Santa Clara,0.0,107.0,3.0,107.0,3.0,104.0,104.0
06085505014,Census Tract 5050.14,85,Santa Clara,17.0,173.0,16.0,156.0,0.0,157.0,156.0
06085501901,Census Tract 5019.01,85,Santa Clara,11.0,68.0,21.0,57.0,10.0,47.0,47.0
06085511502,Census Tract 5115.02,85,Santa Clara,0.0,38.0,12.0,38.0,12.0,26.0,26.0
06085504903,Census Tract 5049.03,85,Santa Clara,28.0,114.0,21.0,86.0,0.0,93.0,86.0
06085504808,Census Tract 5048.08,85,Santa Clara,0.0,52.0,23.0,52.0,23.0,29.0,29.0
06085512057,Census Tract 5120.57,85,Santa Clara,0.0,95.0,14.0,95.0,14.0,81.0,81.0
06085512059,Census Tract 5120.59,85,Santa Clara,10.0,142.0,11.0,132.0,1.0,131.0,131.0
06085503339,Census Tract 5033.39,85,Santa Clara,0.0,77.0,9.0,77.0,9.0,68.0,68.0
06085503338,Census Tract 5033.38,85,Santa Clara,0.0,80.0,5.0,80.0,5.0,75.0,75.0
06085512056,Census Tract 5120.56,85,Santa Clara,0.0,82.0,17.0,82.0,17.0,65.0,65.0
06085503219,Census Tract 5032.19,85,Santa Clara,0.0,62.0,24.0,62.0,24.0,38.0,38.0
06085503222,Census Tract 5032.22,85,Santa Clara,0.0,126.0,19.0,126.0,19.0,107.0,107.0
06085509111,Census Tract 5091.11,85,Santa Clara,0.0,89.0,17.0,89.0,17.0,72.0,72.0
06085507705,Census Tract 5077.05,85,Santa Clara,0.0,81.0,7.0,81.0,7.0,74.0,74.0
06085507704,Census Tract 5077.04,85,Santa Clara,0.0,73.0,14.0,73.0,14.0,59.0,59.0
06085512058,Census Tract 5120.58,85,Santa Clara,0.0,117.0,13.0,117.0,13.0,104.0,104.0
06085504807,Census Tract 5048.07,85,Santa Clara,7.0,137.0,17.0,130.0,10.0,120.0,120.0
06085508205,Census Tract 5082.05,85,Santa Clara,5.0,85.0,15.0,80.0,10.0,70.0,70.0
06085508510,Census Tract 5085.10,85,Santa Clara,2.0,71.0,19.0,69.0,17.0,52.0,52.0
06085508206,Census Tract 5082.06,85,Santa Clara,0.0,79.0,14.0,79.0,14.0,65.0,65.0
06085512513,Census Tract 5125.13,85,Santa Clara,0.0,89.0,15.0,89.0,15.0,74.0,74.0
06085512512,Census Tract 5125.12,85,Santa Clara,0.0,75.0,17.0,75.0,17.0,58.0,58.0
06085512514,Census Tract 5125.14,85,Santa Clara,0.0,66.0,19.0,66.0,19.0,47.0,47.0
06085512516,Census Tract 5125.16,85,Santa Clara,0.0,97.0,9.0,97.0,9.0,88.0,88.0
06085508305,Census Tract 5083.05,85,Santa Clara,0.0,107.0,25.0,107.0,25.0,82.0,82.0
06085504509,Census Tract 5045.09,85,Santa Clara,33.0,105.0,9.0,72.0,0.0,96.0,72.0
06085501601,Census Tract 5016.01,85,Santa Clara,0.0,66.0,19.0,66.0,19.0,47.0,47.0
06085501602,Census Tract 5016.02,85,Santa Clara,0.0,57.0,25.0,57.0,25.0,32.0,32.0
06085506505,Census Tract 5065.05,85,Santa Clara,6.0,91.0,20.0,85.0,14.0,71.0,71.0
06085504510,Census Tract 5045.10,85,Santa Clara,27.0,81.0,13.0,54.0,0.0,68.0,54.0
06085508708,Census Tract 5087.08,85,Santa Clara,47.0,171.0,7.0,124.0,0.0,164.0,124.0
06085505902,Census Tract 5059.02,85,Santa Clara,7.0,78.0,18.0,71.0,11.0,60.0,60.0
06085503127,Census Tract 5031.27,85,Santa Clara,0.0,115.0,10.0,115.0,10.0,105.0,105.0
06085503126,Census Tract 5031.26,85,Santa Clara,0.0,84.0,13.0,84.0,13.0,71.0,71.0
06085503124,Census Tract 5031.24,85,Santa Clara,14.0,138.0,13.0,124.0,0.0,125.0,124.0
06085503125,Census Tract 5031.25,85,Santa Clara,0.0,83.0,19.0,83.0,19.0,64.0,64.0
06085512055,Census Tract 5120.55,85,Santa Clara,0.0,75.0,20.0,75.0,20.0,55.0,55.0
06085509002,Census Tract 5090.02,85,Santa Clara,0.0,91.0,20.0,91.0,20.0,71.0,71.0
06085509001,Census Tract 5090.01,85,Santa Clara,0.0,68.0,18.0,68.0,18.0,50.0,50.0
06085508306,Census Tract 5083.06,85,Santa Clara,0.0,61.0,18.0,61.0,18.0,43.0,43.0
06085502704,Census Tract 5027.04,85,Santa Clara,0.0,91.0,13.0,91.0,13.0,78.0,78.0
06059062651,Census Tract 626.51,59,Orange,0.0,69.0,26.0,69.0,26.0,43.0,43.0
06059062650,Census Tract 626.50,59,Orange,0.0,102.0,19.0,102.0,19.0,83.0,83.0
06059052531,Census Tract 525.31,59,Orange,0.0,99.0,23.0,99.0,23.0,76.0,76.0
06059032063,Census Tract 320.63,59,Orange,0.0,251.0,10.0,251.0,10.0,241.0,241.0
06059062658,Census Tract 626.58,59,Orange,0.0,135.0,14.0,135.0,14.0,121.0,121.0
06059042341,Census Tract 423.41,59,Orange,0.0,190.0,18.0,190.0,18.0,172.0,172.0
06059042115,Census Tract 421.15,59,Orange,0.0,35.0,17.0,35.0,17.0,18.0,18.0
06059075517,Census Tract 755.17,59,Orange,41.0,119.0,16.0,78.0,0.0,103.0,78.0
06059052437,Census Tract 524.37,59,Orange,0.0,100.0,5.0,100.0,5.0,95.0,95.0
06059052534,Census Tract 525.34,59,Orange,4.0,53.0,29.0,49.0,25.0,24.0,24.0
06059052430,Census Tract 524.30,59,Orange,0.0,606.0,4.0,606.0,4.0,602.0,602.0
06059052434,Census Tract 524.34,59,Orange,0.0,169.0,18.0,169.0,18.0,151.0,151.0
06059075516,Census Tract 755.16,59,Orange,167.0,715.0,8.0,548.0,0.0,707.0,548.0
06059075518,Census Tract 755.18,59,Orange,32.0,629.0,9.0,597.0,0.0,620.0,597.0
06059052435,Census Tract 524.35,59,Orange,0.0,192.0,18.0,192.0,18.0,174.0,174.0
06059052438,Census Tract 524.38,59,Orange,2.0,315.0,8.0,313.0,6.0,307.0,307.0
06059052436,Census Tract 524.36,59,Orange,1.0,108.0,19.0,107.0,18.0,89.0,89.0
06059052535,Census Tract 525.35,59,Orange,18.0,113.0,18.0,95.0,0.0,95.0,95.0
06059052533,Census Tract 525.33,59,Orange,0.0,180.0,17.0,180.0,17.0,163.0,163.0
06059052529,Census Tract 525.29,59,Orange,0.0,62.0,26.0,62.0,26.0,36.0,36.0
06059052439,Census Tract 524.39,59,Orange,220.0,1605.0,6.0,1385.0,0.0,1599.0,1385.0
06059052433,Census Tract 524.33,59,Orange,8.0,1991.0,13.0,1983.0,5.0,1978.0,1978.0
06059052431,Census Tract 524.31,59,Orange,4.0,101.0,21.0,97.0,17.0,80.0,80.0
06001428301,Census Tract 4283.01,1,Alameda,44.0,167.0,5.0,123.0,0.0,162.0,123.0
06001428302,Census Tract 4283.02,1,Alameda,0.0,208.0,8.0,208.0,8.0,200.0,200.0
06059001801,Census Tract 18.01,59,Orange,4.0,134.0,18.0,130.0,14.0,116.0,116.0
06059001802,Census Tract 18.02,59,Orange,0.0,215.0,22.0,215.0,22.0,193.0,193.0
06059063910,Census Tract 639.10,59,Orange,63.0,103.0,12.0,40.0,0.0,91.0,40.0
06059052530,Census Tract 525.30,59,Orange,0.0,138.0,24.0,138.0,24.0,114.0,114.0
06059063909,Census Tract 639.09,59,Orange,42.0,72.0,23.0,30.0,0.0,49.0,30.0
06059042340,Census Tract 423.40,59,Orange,0.0,63.0,25.0,63.0,25.0,38.0,38.0
06059032062,Census Tract 320.62,59,Orange,0.0,113.0,12.0,113.0,12.0,101.0,101.0
06059076001,Census Tract 760.01,59,Orange,18.0,271.0,16.0,253.0,0.0,255.0,253.0
06059032064,Census Tract 320.64,59,Orange,8.0,48.0,2.0,40.0,0.0,46.0,40.0
06059042116,Census Tract 421.16,59,Orange,0.0,123.0,14.0,123.0,14.0,109.0,109.0
06059032065,Census Tract 320.65,59,Orange,0.0,147.0,8.0,147.0,8.0,139.0,139.0
06059032066,Census Tract 320.66,59,Orange,21.0,379.0,4.0,358.0,0.0,375.0,358.0
06059062655,Census Tract 626.55,59,Orange,0.0,104.0,6.0,104.0,6.0,98.0,98.0
06059052432,Census Tract 524.32,59,Orange,9.0,212.0,19.0,203.0,10.0,193.0,193.0
06059052429,Census Tract 524.29,59,Orange,0.0,299.0,17.0,299.0,17.0,282.0,282.0
06059062653,Census Tract 626.53,59,Orange,4.0,299.0,9.0,295.0,5.0,290.0,290.0
06059099418,Census Tract 994.18,59,Orange,2.0,89.0,25.0,87.0,23.0,64.0,64.0
06059001603,Census Tract 16.03,59,Orange,3.0,81.0,15.0,78.0,12.0,66.0,66.0
06059021831,Census Tract 218.31,59,Orange,4.0,127.0,11.0,123.0,7.0,116.0,116.0
06059021832,Census Tract 218.32,59,Orange,0.0,164.0,4.0,164.0,4.0,160.0,160.0
06059087302,Census Tract 873.02,59,Orange,8.0,196.0,25.0,188.0,17.0,171.0,171.0
06059062656,Census Tract 626.56,59,Orange,0.0,80.0,4.0,80.0,4.0,76.0,76.0
06059062657,Census Tract 626.57,59,Orange,0.0,79.0,20.0,79.0,20.0,59.0,59.0
06059062652,Census Tract 626.52,59,Orange,16.0,110.0,13.0,94.0,0.0,97.0,94.0
06059001710,Census Tract 17.10,59,Orange,0.0,96.0,14.0,96.0,14.0,82.0,82.0
06059076105,Census Tract 761.05,59,Orange,0.0,90.0,17.0,90.0,17.0,73.0,73.0
06059076104,Census Tract 761.04,59,Orange,21.0,132.0,18.0,111.0,0.0,114.0,111.0
06059076002,Census Tract 760.02,59,Orange,27.0,57.0,25.0,30.0,0.0,32.0,30.0
06059099419,Census Tract 994.19,59,Orange,3.0,80.0,15.0,77.0,12.0,65.0,65.0
06059001604,Census Tract 16.04,59,Orange,0.0,89.0,16.0,89.0,16.0,73.0,73.0
06059087301,Census Tract 873.01,59,Orange,8.0,95.0,29.0,87.0,21.0,66.0,66.0
06059001709,Census Tract 17.09,59,Orange,2.0,60.0,17.0,58.0,15.0,43.0,43.0
06059001903,Census Tract 19.03,59,Orange,1.0,67.0,25.0,66.0,24.0,42.0,42.0
06059011000,Census Tract 110,59,Orange,0.0,140.0,14.0,140.0,14.0,126.0,126.0
06059011101,Census Tract 111.01,59,Orange,0.0,85.0,24.0,85.0,24.0,61.0,61.0
06059011102,Census Tract 111.02,59,Orange,0.0,86.0,23.0,86.0,23.0,63.0,63.0
06059032037,Census Tract 320.37,59,Orange,0.0,139.0,13.0,139.0,13.0,126.0,126.0
06059032038,Census Tract 320.38,59,Orange,4.0,173.0,14.0,169.0,10.0,159.0,159.0
06059032039,Census Tract 320.39,59,Orange,0.0,160.0,17.0,160.0,17.0,143.0,143.0
06029001301,Census Tract 13.01,29,Kern,0.0,74.0,29.0,74.0,29.0,45.0,45.0
06029003135,Census Tract 31.35,29,Kern,0.0,86.0,25.0,86.0,25.0,61.0,61.0
06029001107,Census Tract 11.07,29,Kern,0.0,54.0,39.0,54.0,39.0,15.0,15.0
06029003212,Census Tract 32.12,29,Kern,0.0,153.0,14.0,153.0,14.0,139.0,139.0
06029005509,Census Tract 55.09,29,Kern,0.0,82.0,3.0,82.0,3.0,79.0,79.0
06029001804,Census Tract 18.04,29,Kern,18.0,61.0,15.0,43.0,0.0,46.0,43.0
06029003816,Census Tract 38.16,29,Kern,0.0,62.0,18.0,62.0,18.0,44.0,44.0
06029006101,Census Tract 61.01,29,Kern,16.0,106.0,11.0,90.0,0.0,95.0,90.0
06071007404,Census Tract 74.04,71,San Bernardino,8.0,116.0,18.0,108.0,10.0,98.0,98.0
06029004605,Census Tract 46.05,29,Kern,3.0,59.0,1.0,56.0,0.0,58.0,56.0
06029002701,Census Tract 27.01,29,Kern,0.0,56.0,25.0,56.0,25.0,31.0,31.0
06029004304,Census Tract 43.04,29,Kern,0.0,54.0,15.0,54.0,15.0,39.0,39.0
06029001803,Census Tract 18.03,29,Kern,0.0,52.0,26.0,52.0,26.0,26.0,26.0
06029003308,Census Tract 33.08,29,Kern,3.0,46.0,3.0,43.0,0.0,43.0,43.0
06029002824,Census Tract 28.24,29,Kern,0.0,49.0,46.0,49.0,46.0,3.0,3.0
06029002823,Census Tract 28.23,29,Kern,0.0,100.0,25.0,100.0,25.0,75.0,75.0
06029002822,Census Tract 28.22,29,Kern,0.0,68.0,19.0,68.0,19.0,49.0,49.0
06029003817,Census Tract 38.17,29,Kern,0.0,87.0,20.0,87.0,20.0,67.0,67.0
06029005006,Census Tract 50.06,29,Kern,0.0,67.0,26.0,67.0,26.0,41.0,41.0
06029005005,Census Tract 50.05,29,Kern,0.0,61.0,24.0,61.0,24.0,37.0,37.0
06029004903,Census Tract 49.03,29,Kern,0.0,75.0,26.0,75.0,26.0,49.0,49.0
06029004904,Census Tract 49.04,29,Kern,0.0,57.0,25.0,57.0,25.0,32.0,32.0
06029004802,Census Tract 48.02,29,Kern,0.0,130.0,17.0,130.0,17.0,113.0,113.0
06029000702,Census Tract 7.02,29,Kern,0.0,46.0,23.0,46.0,23.0,23.0,23.0
06029004801,Census Tract 48.01,29,Kern,0.0,65.0,22.0,65.0,22.0,43.0,43.0
06029004703,Census Tract 47.03,29,Kern,0.0,66.0,13.0,66.0,13.0,53.0,53.0
06029004704,Census Tract 47.04,29,Kern,0.0,88.0,14.0,88.0,14.0,74.0,74.0
06029000601,Census Tract 6.01,29,Kern,19.0,55.0,23.0,36.0,4.0,32.0,32.0
06029004404,Census Tract 44.04,29,Kern,0.0,70.0,23.0,70.0,23.0,47.0,47.0
06029004403,Census Tract 44.03,29,Kern,0.0,49.0,24.0,49.0,24.0,25.0,25.0
06029000201,Census Tract 2.01,29,Kern,0.0,67.0,25.0,67.0,25.0,42.0,42.0
06029004303,Census Tract 43.03,29,Kern,6.0,90.0,26.0,84.0,20.0,64.0,64.0
06029000104,Census Tract 1.04,29,Kern,0.0,39.0,28.0,39.0,28.0,11.0,11.0
06059032040,Census Tract 320.40,59,Orange,0.0,56.0,24.0,56.0,24.0,32.0,32.0
06059042323,Census Tract 423.23,59,Orange,3.0,121.0,11.0,118.0,8.0,110.0,110.0
06059062632,Census Tract 626.32,59,Orange,16.0,90.0,6.0,74.0,0.0,84.0,74.0
06059062611,Census Tract 626.11,59,Orange,8.0,84.0,18.0,76.0,10.0,66.0,66.0
06001428400,Census Tract 4284,1,Alameda,14.0,50.0,9.0,36.0,0.0,41.0,36.0
06001430900,Census Tract 4309,1,Alameda,7.0,127.0,12.0,120.0,5.0,115.0,115.0
06059062622,Census Tract 626.22,59,Orange,8.0,102.0,14.0,94.0,6.0,88.0,88.0
06055201102,Census Tract 2011.02,55,Napa,18.0,46.0,2.0,28.0,0.0,44.0,28.0
06017030810,Census Tract 308.10,17,El Dorado,0.0,77.0,35.0,77.0,35.0,42.0,42.0
06017030301,Census Tract 303.01,17,El Dorado,0.0,53.0,53.0,53.0,53.0,0.0,0.0
06017030302,Census Tract 303.02,17,El Dorado,0.0,49.0,30.0,49.0,30.0,19.0,19.0
06017030808,Census Tract 308.08,17,El Dorado,0.0,242.0,24.0,242.0,24.0,218.0,218.0
06017030809,Census Tract 308.09,17,El Dorado,0.0,61.0,39.0,61.0,39.0,22.0,22.0
06075022803,Census Tract 228.03,75,San Francisco,0.0,57.0,6.0,57.0,6.0,51.0,51.0
06075047702,Census Tract 477.02,75,San Francisco,0.0,55.0,6.0,55.0,6.0,49.0,49.0
06075035202,Census Tract 352.02,75,San Francisco,0.0,68.0,6.0,68.0,6.0,62.0,62.0
06075013300,Census Tract 133,75,San Francisco,0.0,56.0,5.0,56.0,5.0,51.0,51.0
06075025403,Census Tract 254.03,75,San Francisco,0.0,64.0,5.0,64.0,5.0,59.0,59.0
06075022702,Census Tract 227.02,75,San Francisco,0.0,43.0,6.0,43.0,6.0,37.0,37.0
06001431000,Census Tract 4310,1,Alameda,10.0,69.0,13.0,59.0,3.0,56.0,56.0
06001432100,Census Tract 4321,1,Alameda,0.0,77.0,12.0,77.0,12.0,65.0,65.0
06085503325,Census Tract 5033.25,85,Santa Clara,0.0,105.0,15.0,105.0,15.0,90.0,90.0
06053013200,Census Tract 132,53,Monterey,7.0,68.0,4.0,61.0,0.0,64.0,61.0
06053013600,Census Tract 136,53,Monterey,0.0,86.0,31.0,86.0,31.0,55.0,55.0
06053011700,Census Tract 117,53,Monterey,0.0,82.0,12.0,82.0,12.0,70.0,70.0
06053010606,Census Tract 106.06,53,Monterey,4.0,84.0,2.0,80.0,0.0,82.0,80.0
06053010305,Census Tract 103.05,53,Monterey,6.0,123.0,8.0,117.0,2.0,115.0,115.0
06053001200,Census Tract 12,53,Monterey,0.0,75.0,27.0,75.0,27.0,48.0,48.0
06053010501,Census Tract 105.01,53,Monterey,0.0,225.0,4.0,225.0,4.0,221.0,221.0
06085503602,Census Tract 5036.02,85,Santa Clara,0.0,103.0,15.0,103.0,15.0,88.0,88.0
06059011200,Census Tract 112,59,Orange,12.0,98.0,19.0,86.0,7.0,79.0,79.0
06085503703,Census Tract 5037.03,85,Santa Clara,0.0,79.0,20.0,79.0,20.0,59.0,59.0
06085503712,Census Tract 5037.12,85,Santa Clara,2.0,77.0,20.0,75.0,18.0,57.0,57.0
06001428000,Census Tract 4280,1,Alameda,6.0,58.0,17.0,52.0,11.0,41.0,41.0
06001428500,Census Tract 4285,1,Alameda,0.0,53.0,13.0,53.0,13.0,40.0,40.0
06001428600,Census Tract 4286,1,Alameda,16.0,45.0,9.0,29.0,0.0,36.0,29.0
06059011402,Census Tract 114.02,59,Orange,0.0,59.0,23.0,59.0,23.0,36.0,36.0
06059011403,Census Tract 114.03,59,Orange,3.0,114.0,20.0,111.0,17.0,94.0,94.0
06059011502,Census Tract 115.02,59,Orange,0.0,87.0,21.0,87.0,21.0,66.0,66.0
06059032042,Census Tract 320.42,59,Orange,0.0,199.0,11.0,199.0,11.0,188.0,188.0
06059032045,Census Tract 320.45,59,Orange,0.0,84.0,13.0,84.0,13.0,71.0,71.0
06059032047,Census Tract 320.47,59,Orange,8.0,110.0,23.0,102.0,15.0,87.0,87.0
06059032050,Census Tract 320.50,59,Orange,0.0,120.0,16.0,120.0,16.0,104.0,104.0
06053001600,Census Tract 16,53,Monterey,0.0,64.0,32.0,64.0,32.0,32.0,32.0
06053011400,Census Tract 114,53,Monterey,14.0,135.0,0.0,121.0,0.0,135.0,121.0
06001430300,Census Tract 4303,1,Alameda,0.0,86.0,8.0,86.0,8.0,78.0,78.0
06001430400,Census Tract 4304,1,Alameda,0.0,53.0,7.0,53.0,7.0,46.0,46.0
06001430700,Census Tract 4307,1,Alameda,0.0,88.0,11.0,88.0,11.0,77.0,77.0
06059062625,Census Tract 626.25,59,Orange,0.0,111.0,20.0,111.0,20.0,91.0,91.0
06059062627,Census Tract 626.27,59,Orange,1.0,75.0,24.0,74.0,23.0,51.0,51.0
06059062629,Census Tract 626.29,59,Orange,0.0,65.0,23.0,65.0,23.0,42.0,42.0
06053000600,Census Tract 6,53,Monterey,0.0,201.0,29.0,201.0,29.0,172.0,172.0
06053010702,Census Tract 107.02,53,Monterey,2.0,46.0,3.0,44.0,1.0,43.0,43.0
06053013100,Census Tract 131,53,Monterey,0.0,49.0,27.0,49.0,27.0,22.0,22.0
06053010102,Census Tract 101.02,53,Monterey,0.0,63.0,5.0,63.0,5.0,58.0,58.0
06085503708,Census Tract 5037.08,85,Santa Clara,2.0,57.0,15.0,55.0,13.0,42.0,42.0
06059062635,Census Tract 626.35,59,Orange,0.0,112.0,23.0,112.0,23.0,89.0,89.0
06059062636,Census Tract 626.36,59,Orange,5.0,83.0,22.0,78.0,17.0,61.0,61.0
06059032048,Census Tract 320.48,59,Orange,0.0,118.0,17.0,118.0,17.0,101.0,101.0
06013304006,Census Tract 3040.06,13,Contra Costa,0.0,76.0,3.0,76.0,3.0,73.0,73.0
06013392202,Census Tract 3922.02,13,Contra Costa,0.0,67.0,13.0,67.0,13.0,54.0,54.0
06013392201,Census Tract 3922.01,13,Contra Costa,0.0,68.0,5.0,68.0,5.0,63.0,63.0
06013303210,Census Tract 3032.10,13,Contra Costa,8.0,66.0,12.0,58.0,4.0,54.0,54.0
06013355121,Census Tract 3551.21,13,Contra Costa,0.0,158.0,10.0,158.0,10.0,148.0,148.0
06013355124,Census Tract 3551.24,13,Contra Costa,6.0,96.0,15.0,90.0,9.0,81.0,81.0
06013345205,Census Tract 3452.05,13,Contra Costa,26.0,152.0,10.0,126.0,0.0,142.0,126.0
06013355126,Census Tract 3551.26,13,Contra Costa,0.0,157.0,6.0,157.0,6.0,151.0,151.0
06037137000,Census Tract 1370,37,Los Angeles,6.0,93.0,7.0,87.0,1.0,86.0,86.0
06001422500,Census Tract 4225,1,Alameda,0.0,58.0,18.0,58.0,18.0,40.0,40.0
06001422700,Census Tract 4227,1,Alameda,0.0,41.0,21.0,41.0,21.0,20.0,20.0
06029000103,Census Tract 1.03,29,Kern,0.0,75.0,26.0,75.0,26.0,49.0,49.0
06001423000,Census Tract 4230,1,Alameda,0.0,62.0,15.0,62.0,15.0,47.0,47.0
06001423100,Census Tract 4231,1,Alameda,0.0,68.0,15.0,68.0,15.0,53.0,53.0
06001424002,Census Tract 4240.02,1,Alameda,0.0,49.0,22.0,49.0,22.0,27.0,27.0
06075030202,Census Tract 302.02,75,San Francisco,0.0,67.0,6.0,67.0,6.0,61.0,61.0
06075026001,Census Tract 260.01,75,San Francisco,0.0,88.0,5.0,88.0,5.0,83.0,83.0
06075026003,Census Tract 260.03,75,San Francisco,0.0,73.0,5.0,73.0,5.0,68.0,68.0
06075026404,Census Tract 264.04,75,San Francisco,0.0,50.0,8.0,50.0,8.0,42.0,42.0
06001426200,Census Tract 4262,1,Alameda,0.0,86.0,11.0,86.0,11.0,75.0,75.0
06001427100,Census Tract 4271,1,Alameda,4.0,80.0,11.0,76.0,7.0,69.0,69.0
06001427200,Census Tract 4272,1,Alameda,0.0,82.0,9.0,82.0,9.0,73.0,73.0
06085503401,Census Tract 5034.01,85,Santa Clara,0.0,88.0,17.0,88.0,17.0,71.0,71.0
06013314106,Census Tract 3141.06,13,Contra Costa,0.0,91.0,21.0,91.0,21.0,70.0,70.0
06013302011,Census Tract 3020.11,13,Contra Costa,0.0,121.0,5.0,121.0,5.0,116.0,116.0
06013340003,Census Tract 3400.03,13,Contra Costa,22.0,71.0,13.0,49.0,0.0,58.0,49.0
06013355307,Census Tract 3553.07,13,Contra Costa,0.0,106.0,9.0,106.0,9.0,97.0,97.0
06013355120,Census Tract 3551.20,13,Contra Costa,0.0,95.0,17.0,95.0,17.0,78.0,78.0
06013313106,Census Tract 3131.06,13,Contra Costa,0.0,174.0,6.0,174.0,6.0,168.0,168.0
06013355119,Census Tract 3551.19,13,Contra Costa,0.0,74.0,5.0,74.0,5.0,69.0,69.0
06013303206,Census Tract 3032.06,13,Contra Costa,0.0,110.0,8.0,110.0,8.0,102.0,102.0
06013303207,Census Tract 3032.07,13,Contra Costa,1.0,409.0,9.0,408.0,8.0,400.0,400.0
06013302014,Census Tract 3020.14,13,Contra Costa,0.0,381.0,11.0,381.0,11.0,370.0,370.0
06013303104,Census Tract 3031.04,13,Contra Costa,0.0,144.0,10.0,144.0,10.0,134.0,134.0
06013303106,Census Tract 3031.06,13,Contra Costa,3.0,255.0,4.0,252.0,1.0,251.0,251.0
06075025401,Census Tract 254.01,75,San Francisco,0.0,52.0,6.0,52.0,6.0,46.0,46.0
06075060502,Census Tract 605.02,75,San Francisco,0.0,52.0,6.0,52.0,6.0,46.0,46.0
06075045100,Census Tract 451,75,San Francisco,0.0,64.0,6.0,64.0,6.0,58.0,58.0
06075016500,Census Tract 165,75,San Francisco,6.0,69.0,6.0,63.0,0.0,63.0,63.0
06075015300,Census Tract 153,75,San Francisco,0.0,44.0,7.0,44.0,7.0,37.0,37.0
06075013500,Census Tract 135,75,San Francisco,3.0,47.0,7.0,44.0,4.0,40.0,40.0
06075023103,Census Tract 231.03,75,San Francisco,0.0,93.0,3.0,93.0,3.0,90.0,90.0
06075022801,Census Tract 228.01,75,San Francisco,0.0,63.0,5.0,63.0,5.0,58.0,58.0
06075018000,Census Tract 180,75,San Francisco,28.0,50.0,4.0,22.0,0.0,46.0,22.0
06085503402,Census Tract 5034.02,85,Santa Clara,0.0,93.0,19.0,93.0,19.0,74.0,74.0
06085503507,Census Tract 5035.07,85,Santa Clara,0.0,55.0,26.0,55.0,26.0,29.0,29.0
06085508004,Census Tract 5080.04,85,Santa Clara,0.0,140.0,14.0,140.0,14.0,126.0,126.0
06001427300,Census Tract 4273,1,Alameda,60.0,115.0,8.0,55.0,0.0,107.0,55.0
06059011503,Census Tract 115.03,59,Orange,8.0,44.0,26.0,36.0,18.0,18.0,18.0
06059011601,Census Tract 116.01,59,Orange,2.0,177.0,22.0,175.0,20.0,155.0,155.0
06059011602,Census Tract 116.02,59,Orange,24.0,109.0,10.0,85.0,0.0,99.0,85.0
06077000300,Census Tract 3,77,San Joaquin,11.0,49.0,20.0,38.0,9.0,29.0,29.0
06077000401,Census Tract 4.01,77,San Joaquin,0.0,53.0,25.0,53.0,25.0,28.0,28.0
06077000402,Census Tract 4.02,77,San Joaquin,20.0,86.0,21.0,66.0,1.0,65.0,65.0
06077000500,Census Tract 5,77,San Joaquin,0.0,56.0,25.0,56.0,25.0,31.0,31.0
06077000600,Census Tract 6,77,San Joaquin,0.0,49.0,26.0,49.0,26.0,23.0,23.0
06059032051,Census Tract 320.51,59,Orange,0.0,106.0,26.0,106.0,26.0,80.0,80.0
06059032054,Census Tract 320.54,59,Orange,12.0,142.0,19.0,130.0,7.0,123.0,123.0
06059032055,Census Tract 320.55,59,Orange,0.0,83.0,22.0,83.0,22.0,61.0,61.0
06059062638,Census Tract 626.38,59,Orange,16.0,161.0,21.0,145.0,5.0,140.0,140.0
06085504411,Census Tract 5044.11,85,Santa Clara,0.0,131.0,14.0,131.0,14.0,117.0,117.0
06071005200,Census Tract 52,71,San Bernardino,0.0,73.0,23.0,73.0,23.0,50.0,50.0
06077000700,Census Tract 7,77,San Joaquin,0.0,94.0,19.0,94.0,19.0,75.0,75.0
06077000900,Census Tract 9,77,San Joaquin,0.0,101.0,14.0,101.0,14.0,87.0,87.0
06059062640,Census Tract 626.40,59,Orange,4.0,70.0,20.0,66.0,16.0,50.0,50.0
06059062641,Census Tract 626.41,59,Orange,6.0,160.0,16.0,154.0,10.0,144.0,144.0
06059062642,Census Tract 626.42,59,Orange,2.0,72.0,17.0,70.0,15.0,55.0,55.0
06059062646,Census Tract 626.46,59,Orange,2.0,77.0,21.0,75.0,19.0,56.0,56.0
06071008001,Census Tract 80.01,71,San Bernardino,0.0,199.0,15.0,199.0,15.0,184.0,184.0
06085503322,Census Tract 5033.22,85,Santa Clara,0.0,106.0,14.0,106.0,14.0,92.0,92.0
06075010300,Census Tract 103,75,San Francisco,5.0,52.0,7.0,47.0,2.0,45.0,45.0
06075010600,Census Tract 106,75,San Francisco,0.0,46.0,8.0,46.0,8.0,38.0,38.0
06075010800,Census Tract 108,75,San Francisco,0.0,51.0,7.0,51.0,7.0,44.0,44.0
06075011200,Census Tract 112,75,San Francisco,6.0,39.0,8.0,33.0,2.0,31.0,31.0
06075011300,Census Tract 113,75,San Francisco,0.0,39.0,11.0,39.0,11.0,28.0,28.0
06075011800,Census Tract 118,75,San Francisco,3.0,34.0,14.0,31.0,11.0,20.0,20.0
06071005300,Census Tract 53,71,San Bernardino,1.0,85.0,25.0,84.0,24.0,60.0,60.0
06085503508,Census Tract 5035.08,85,Santa Clara,0.0,155.0,16.0,155.0,16.0,139.0,139.0
06001423300,Census Tract 4233,1,Alameda,0.0,60.0,15.0,60.0,15.0,45.0,45.0
06085503709,Census Tract 5037.09,85,Santa Clara,2.0,135.0,18.0,133.0,16.0,117.0,117.0
06085503804,Census Tract 5038.04,85,Santa Clara,6.0,150.0,13.0,144.0,7.0,137.0,137.0
06085503212,Census Tract 5032.12,85,Santa Clara,20.0,98.0,13.0,78.0,0.0,85.0,78.0
06085503213,Census Tract 5032.13,85,Santa Clara,0.0,110.0,16.0,110.0,16.0,94.0,94.0
06085503217,Census Tract 5032.17,85,Santa Clara,0.0,79.0,21.0,79.0,21.0,58.0,58.0
06071005400,Census Tract 54,71,San Bernardino,0.0,109.0,25.0,109.0,25.0,84.0,84.0
06059011707,Census Tract 117.07,59,Orange,0.0,152.0,17.0,152.0,17.0,135.0,135.0
06059011708,Census Tract 117.08,59,Orange,0.0,103.0,25.0,103.0,25.0,78.0,78.0
06059011709,Census Tract 117.09,59,Orange,0.0,88.0,17.0,88.0,17.0,71.0,71.0
06085504001,Census Tract 5040.01,85,Santa Clara,0.0,115.0,15.0,115.0,15.0,100.0,100.0
06085504002,Census Tract 5040.02,85,Santa Clara,0.0,149.0,16.0,149.0,16.0,133.0,133.0
06085504101,Census Tract 5041.01,85,Santa Clara,0.0,81.0,17.0,81.0,17.0,64.0,64.0
06085503218,Census Tract 5032.18,85,Santa Clara,6.0,91.0,21.0,85.0,15.0,70.0,70.0
06085503304,Census Tract 5033.04,85,Santa Clara,0.0,188.0,14.0,188.0,14.0,174.0,174.0
06077001000,Census Tract 10,77,San Joaquin,0.0,94.0,13.0,94.0,13.0,81.0,81.0
06077001101,Census Tract 11.01,77,San Joaquin,0.0,89.0,18.0,89.0,18.0,71.0,71.0
06077001102,Census Tract 11.02,77,San Joaquin,0.0,89.0,20.0,89.0,20.0,69.0,69.0
06077001200,Census Tract 12,77,San Joaquin,16.0,74.0,17.0,58.0,1.0,57.0,57.0
06059011710,Census Tract 117.10,59,Orange,0.0,84.0,21.0,84.0,21.0,63.0,63.0
06059042107,Census Tract 421.07,59,Orange,0.0,80.0,24.0,80.0,24.0,56.0,56.0
06059042108,Census Tract 421.08,59,Orange,3.0,137.0,18.0,134.0,15.0,119.0,119.0
06059042109,Census Tract 421.09,59,Orange,4.0,104.0,10.0,100.0,6.0,94.0,94.0
06085503305,Census Tract 5033.05,85,Santa Clara,7.0,144.0,11.0,137.0,4.0,133.0,133.0
06085503306,Census Tract 5033.06,85,Santa Clara,0.0,83.0,13.0,83.0,13.0,70.0,70.0
06077001300,Census Tract 13,77,San Joaquin,2.0,102.0,17.0,100.0,15.0,85.0,85.0
06077001400,Census Tract 14,77,San Joaquin,0.0,81.0,17.0,81.0,17.0,64.0,64.0
06059062701,Census Tract 627.01,59,Orange,5.0,65.0,21.0,60.0,16.0,44.0,44.0
06059062702,Census Tract 627.02,59,Orange,2.0,111.0,16.0,109.0,14.0,95.0,95.0
06059062800,Census Tract 628,59,Orange,2.0,76.0,11.0,74.0,9.0,65.0,65.0
06059063005,Census Tract 630.05,59,Orange,0.0,48.0,25.0,48.0,25.0,23.0,23.0
06059063006,Census Tract 630.06,59,Orange,0.0,61.0,24.0,61.0,24.0,37.0,37.0
06059110001,Census Tract 1100.01,59,Orange,0.0,106.0,21.0,106.0,21.0,85.0,85.0
06071006201,Census Tract 62.01,71,San Bernardino,0.0,70.0,26.0,70.0,26.0,44.0,44.0
06071006301,Census Tract 63.01,71,San Bernardino,28.0,81.0,20.0,53.0,0.0,61.0,53.0
06071006401,Census Tract 64.01,71,San Bernardino,0.0,62.0,23.0,62.0,23.0,39.0,39.0
06071006402,Census Tract 64.02,71,San Bernardino,0.0,104.0,24.0,104.0,24.0,80.0,80.0
06085504102,Census Tract 5041.02,85,Santa Clara,12.0,128.0,14.0,116.0,2.0,114.0,114.0
06085503313,Census Tract 5033.13,85,Santa Clara,0.0,104.0,13.0,104.0,13.0,91.0,91.0
06085503315,Census Tract 5033.15,85,Santa Clara,0.0,267.0,13.0,267.0,13.0,254.0,254.0
06075012700,Census Tract 127,75,San Francisco,0.0,63.0,4.0,63.0,4.0,59.0,59.0
06075013200,Census Tract 132,75,San Francisco,0.0,54.0,5.0,54.0,5.0,49.0,49.0
06071007408,Census Tract 74.08,71,San Bernardino,0.0,72.0,29.0,72.0,29.0,43.0,43.0
06085503323,Census Tract 5033.23,85,Santa Clara,0.0,87.0,16.0,87.0,16.0,71.0,71.0
06075012100,Census Tract 121,75,San Francisco,0.0,41.0,10.0,41.0,10.0,31.0,31.0
06075015100,Census Tract 151,75,San Francisco,2.0,41.0,8.0,39.0,6.0,33.0,33.0
06071006700,Census Tract 67,71,San Bernardino,0.0,78.0,24.0,78.0,24.0,54.0,54.0
06085503321,Census Tract 5033.21,85,Santa Clara,0.0,101.0,12.0,101.0,12.0,89.0,89.0
06071007106,Census Tract 71.06,71,San Bernardino,0.0,88.0,20.0,88.0,20.0,68.0,68.0
06071007107,Census Tract 71.07,71,San Bernardino,0.0,58.0,21.0,58.0,21.0,37.0,37.0
06071007108,Census Tract 71.08,71,San Bernardino,6.0,51.0,20.0,45.0,14.0,31.0,31.0
06077001600,Census Tract 16,77,San Joaquin,0.0,52.0,21.0,52.0,21.0,31.0,31.0
06077001700,Census Tract 17,77,San Joaquin,0.0,72.0,19.0,72.0,19.0,53.0,53.0
06077001900,Census Tract 19,77,San Joaquin,0.0,118.0,15.0,118.0,15.0,103.0,103.0
06085504311,Census Tract 5043.11,85,Santa Clara,23.0,300.0,11.0,277.0,0.0,289.0,277.0
06085504314,Census Tract 5043.14,85,Santa Clara,0.0,97.0,14.0,97.0,14.0,83.0,83.0
06085504315,Census Tract 5043.15,85,Santa Clara,0.0,167.0,13.0,167.0,13.0,154.0,154.0
06077002000,Census Tract 20,77,San Joaquin,0.0,70.0,18.0,70.0,18.0,52.0,52.0
06077002100,Census Tract 21,77,San Joaquin,0.0,111.0,14.0,111.0,14.0,97.0,97.0
06077002300,Census Tract 23,77,San Joaquin,0.0,100.0,17.0,100.0,17.0,83.0,83.0
06059011711,Census Tract 117.11,59,Orange,2.0,122.0,23.0,120.0,21.0,99.0,99.0
06059011712,Census Tract 117.12,59,Orange,0.0,104.0,20.0,104.0,20.0,84.0,84.0
06059011715,Census Tract 117.15,59,Orange,0.0,169.0,15.0,169.0,15.0,154.0,154.0
06059011716,Census Tract 117.16,59,Orange,2.0,118.0,19.0,116.0,17.0,99.0,99.0
06059042114,Census Tract 421.14,59,Orange,0.0,85.0,12.0,85.0,12.0,73.0,73.0
06001423400,Census Tract 4234,1,Alameda,0.0,70.0,14.0,70.0,14.0,56.0,56.0
06059042305,Census Tract 423.05,59,Orange,0.0,80.0,11.0,80.0,11.0,69.0,69.0
06059042307,Census Tract 423.07,59,Orange,7.0,224.0,15.0,217.0,8.0,209.0,209.0
06059063010,Census Tract 630.10,59,Orange,0.0,241.0,14.0,241.0,14.0,227.0,227.0
06059063101,Census Tract 631.01,59,Orange,28.0,63.0,17.0,35.0,0.0,46.0,35.0
06059063102,Census Tract 631.02,59,Orange,0.0,129.0,20.0,129.0,20.0,109.0,109.0
06071004201,Census Tract 42.01,71,San Bernardino,0.0,138.0,18.0,138.0,18.0,120.0,120.0
06071004202,Census Tract 42.02,71,San Bernardino,7.0,89.0,25.0,82.0,18.0,64.0,64.0
06071004401,Census Tract 44.01,71,San Bernardino,0.0,86.0,25.0,86.0,25.0,61.0,61.0
06001423500,Census Tract 4235,1,Alameda,21.0,51.0,16.0,30.0,0.0,35.0,30.0
06001423602,Census Tract 4236.02,1,Alameda,0.0,49.0,20.0,49.0,20.0,29.0,29.0
06001427600,Census Tract 4276,1,Alameda,0.0,95.0,16.0,95.0,16.0,79.0,79.0
06059063103,Census Tract 631.03,59,Orange,0.0,77.0,24.0,77.0,24.0,53.0,53.0
06059063201,Census Tract 632.01,59,Orange,0.0,75.0,24.0,75.0,24.0,51.0,51.0
06075015900,Census Tract 159,75,San Francisco,13.0,61.0,6.0,48.0,0.0,55.0,48.0
06075016200,Census Tract 162,75,San Francisco,13.0,38.0,7.0,25.0,0.0,31.0,25.0
06075016300,Census Tract 163,75,San Francisco,0.0,47.0,7.0,47.0,7.0,40.0,40.0
06075016400,Census Tract 164,75,San Francisco,0.0,53.0,6.0,53.0,6.0,47.0,47.0
06075015600,Census Tract 156,75,San Francisco,0.0,48.0,6.0,48.0,6.0,42.0,42.0
06075016700,Census Tract 167,75,San Francisco,0.0,65.0,5.0,65.0,5.0,60.0,60.0
06029000202,Census Tract 2.02,29,Kern,0.0,70.0,24.0,70.0,24.0,46.0,46.0
06029004002,Census Tract 40.02,29,Kern,0.0,84.0,19.0,84.0,19.0,65.0,65.0
06029003814,Census Tract 38.14,29,Kern,0.0,177.0,11.0,177.0,11.0,166.0,166.0
06029006102,Census Tract 61.02,29,Kern,0.0,141.0,10.0,141.0,10.0,131.0,131.0
06029005511,Census Tract 55.11,29,Kern,0.0,82.0,10.0,82.0,10.0,72.0,72.0
06029003827,Census Tract 38.27,29,Kern,0.0,58.0,4.0,58.0,4.0,54.0,54.0
06029000602,Census Tract 6.02,29,Kern,0.0,59.0,37.0,59.0,37.0,22.0,22.0
06029003819,Census Tract 38.19,29,Kern,0.0,79.0,18.0,79.0,18.0,61.0,61.0
06001433000,Census Tract 4330,1,Alameda,0.0,74.0,11.0,74.0,11.0,63.0,63.0
06001433200,Census Tract 4332,1,Alameda,16.0,215.0,7.0,199.0,0.0,208.0,199.0
06001433300,Census Tract 4333,1,Alameda,6.0,259.0,8.0,253.0,2.0,251.0,251.0
06001433400,Census Tract 4334,1,Alameda,0.0,85.0,4.0,85.0,4.0,81.0,81.0
06001433500,Census Tract 4335,1,Alameda,0.0,104.0,11.0,104.0,11.0,93.0,93.0
06001433102,Census Tract 4331.02,1,Alameda,4.0,79.0,10.0,75.0,6.0,69.0,69.0
06077002701,Census Tract 27.01,77,San Joaquin,0.0,167.0,12.0,167.0,12.0,155.0,155.0
06077002702,Census Tract 27.02,77,San Joaquin,0.0,77.0,16.0,77.0,16.0,61.0,61.0
06077003106,Census Tract 31.06,77,San Joaquin,0.0,77.0,18.0,77.0,18.0,59.0,59.0
06001440307,Census Tract 4403.07,1,Alameda,0.0,95.0,11.0,95.0,11.0,84.0,84.0
06001440308,Census Tract 4403.08,1,Alameda,6.0,142.0,9.0,136.0,3.0,133.0,133.0
06001441200,Census Tract 4412,1,Alameda,0.0,194.0,7.0,194.0,7.0,187.0,187.0
06001441301,Census Tract 4413.01,1,Alameda,0.0,65.0,7.0,65.0,7.0,58.0,58.0
06001441302,Census Tract 4413.02,1,Alameda,3.0,124.0,9.0,121.0,6.0,115.0,115.0
06077003108,Census Tract 31.08,77,San Joaquin,14.0,84.0,20.0,70.0,6.0,64.0,64.0
06077003111,Census Tract 31.11,77,San Joaquin,0.0,73.0,17.0,73.0,17.0,56.0,56.0
06077003112,Census Tract 31.12,77,San Joaquin,14.0,51.0,19.0,37.0,5.0,32.0,32.0
06077003203,Census Tract 32.03,77,San Joaquin,0.0,65.0,18.0,65.0,18.0,47.0,47.0
06001440331,Census Tract 4403.31,1,Alameda,8.0,68.0,9.0,60.0,1.0,59.0,59.0
06001433900,Census Tract 4339,1,Alameda,0.0,140.0,14.0,140.0,14.0,126.0,126.0
06077003205,Census Tract 32.05,77,San Joaquin,0.0,90.0,20.0,90.0,20.0,70.0,70.0
06001434000,Census Tract 4340,1,Alameda,0.0,117.0,11.0,117.0,11.0,106.0,106.0
06001435500,Census Tract 4355,1,Alameda,8.0,81.0,12.0,73.0,4.0,69.0,69.0
06001435800,Census Tract 4358,1,Alameda,0.0,128.0,11.0,128.0,11.0,117.0,117.0
06077003209,Census Tract 32.09,77,San Joaquin,0.0,99.0,22.0,99.0,22.0,77.0,77.0
06077003210,Census Tract 32.10,77,San Joaquin,0.0,56.0,22.0,56.0,22.0,34.0,34.0
06077003213,Census Tract 32.13,77,San Joaquin,0.0,99.0,23.0,99.0,23.0,76.0,76.0
06077003214,Census Tract 32.14,77,San Joaquin,0.0,59.0,24.0,59.0,24.0,35.0,35.0
06001435900,Census Tract 4359,1,Alameda,0.0,104.0,8.0,104.0,8.0,96.0,96.0
06001436000,Census Tract 4360,1,Alameda,0.0,115.0,11.0,115.0,11.0,104.0,104.0
06029005513,Census Tract 55.13,29,Kern,0.0,52.0,6.0,52.0,6.0,46.0,46.0
06029005405,Census Tract 54.05,29,Kern,0.0,60.0,21.0,60.0,21.0,39.0,39.0
06029003134,Census Tract 31.34,29,Kern,0.0,73.0,26.0,73.0,26.0,47.0,47.0
06029005407,Census Tract 54.07,29,Kern,0.0,79.0,13.0,79.0,13.0,66.0,66.0
06001436100,Census Tract 4361,1,Alameda,0.0,117.0,11.0,117.0,11.0,106.0,106.0
06001436200,Census Tract 4362,1,Alameda,0.0,78.0,16.0,78.0,16.0,62.0,62.0
06001436602,Census Tract 4366.02,1,Alameda,2.0,109.0,13.0,107.0,11.0,96.0,96.0
06001436700,Census Tract 4367,1,Alameda,0.0,67.0,14.0,67.0,14.0,53.0,53.0
06001436800,Census Tract 4368,1,Alameda,50.0,83.0,12.0,33.0,0.0,71.0,33.0
06075016900,Census Tract 169,75,San Francisco,0.0,50.0,6.0,50.0,6.0,44.0,44.0
06075017000,Census Tract 170,75,San Francisco,0.0,60.0,5.0,60.0,5.0,55.0,55.0
06113010511,Census Tract 105.11,113,Yolo,0.0,56.0,23.0,56.0,23.0,33.0,33.0
06113010512,Census Tract 105.12,113,Yolo,0.0,52.0,20.0,52.0,20.0,32.0,32.0
06001436900,Census Tract 4369,1,Alameda,6.0,153.0,11.0,147.0,5.0,142.0,142.0
06001437000,Census Tract 4370,1,Alameda,9.0,86.0,10.0,77.0,1.0,76.0,76.0
06001437200,Census Tract 4372,1,Alameda,16.0,483.0,8.0,467.0,0.0,475.0,467.0
06001437300,Census Tract 4373,1,Alameda,4.0,73.0,12.0,69.0,8.0,61.0,61.0
06001437400,Census Tract 4374,1,Alameda,3.0,77.0,14.0,74.0,11.0,63.0,63.0
06001437600,Census Tract 4376,1,Alameda,2.0,70.0,14.0,68.0,12.0,56.0,56.0
06077003306,Census Tract 33.06,77,San Joaquin,0.0,74.0,23.0,74.0,23.0,51.0,51.0
06077003311,Census Tract 33.11,77,San Joaquin,0.0,65.0,22.0,65.0,22.0,43.0,43.0
06077003403,Census Tract 34.03,77,San Joaquin,1.0,80.0,16.0,79.0,15.0,64.0,64.0
06077003404,Census Tract 34.04,77,San Joaquin,0.0,104.0,22.0,104.0,22.0,82.0,82.0
06077003405,Census Tract 34.05,77,San Joaquin,0.0,61.0,24.0,61.0,24.0,37.0,37.0
06077003307,Census Tract 33.07,77,San Joaquin,0.0,72.0,20.0,72.0,20.0,52.0,52.0
06077003310,Census Tract 33.10,77,San Joaquin,0.0,67.0,24.0,67.0,24.0,43.0,43.0
06077003601,Census Tract 36.01,77,San Joaquin,0.0,59.0,5.0,59.0,5.0,54.0,54.0
06013327002,Census Tract 3270.02,13,Contra Costa,0.0,80.0,16.0,80.0,16.0,64.0,64.0
06013346206,Census Tract 3462.06,13,Contra Costa,0.0,102.0,8.0,102.0,8.0,94.0,94.0
06013319001,Census Tract 3190.01,13,Contra Costa,0.0,85.0,17.0,85.0,17.0,68.0,68.0
06013302013,Census Tract 3020.13,13,Contra Costa,0.0,74.0,12.0,74.0,12.0,62.0,62.0
06013345206,Census Tract 3452.06,13,Contra Costa,0.0,73.0,12.0,73.0,12.0,61.0,61.0
06013302012,Census Tract 3020.12,13,Contra Costa,0.0,173.0,12.0,173.0,12.0,161.0,161.0
06013355308,Census Tract 3553.08,13,Contra Costa,0.0,88.0,11.0,88.0,11.0,77.0,77.0
06013355118,Census Tract 3551.18,13,Contra Costa,0.0,84.0,12.0,84.0,12.0,72.0,72.0
06013314105,Census Tract 3141.05,13,Contra Costa,4.0,78.0,18.0,74.0,14.0,60.0,60.0
06013319002,Census Tract 3190.02,13,Contra Costa,0.0,80.0,16.0,80.0,16.0,64.0,64.0
06013345117,Census Tract 3451.17,13,Contra Costa,0.0,103.0,14.0,103.0,14.0,89.0,89.0
06013303208,Census Tract 3032.08,13,Contra Costa,8.0,82.0,14.0,74.0,6.0,68.0,68.0
06013304007,Census Tract 3040.07,13,Contra Costa,0.0,144.0,8.0,144.0,8.0,136.0,136.0
06013303107,Census Tract 3031.07,13,Contra Costa,10.0,191.0,11.0,181.0,1.0,180.0,180.0
06013355201,Census Tract 3552.01,13,Contra Costa,0.0,288.0,10.0,288.0,10.0,278.0,278.0
06013313105,Census Tract 3131.05,13,Contra Costa,0.0,131.0,14.0,131.0,14.0,117.0,117.0
06013303209,Census Tract 3032.09,13,Contra Costa,26.0,108.0,11.0,82.0,0.0,97.0,82.0
06013303211,Census Tract 3032.11,13,Contra Costa,0.0,81.0,7.0,81.0,7.0,74.0,74.0
06013355310,Census Tract 3553.10,13,Contra Costa,0.0,62.0,18.0,62.0,18.0,44.0,44.0
06013355309,Census Tract 3553.09,13,Contra Costa,6.0,98.0,8.0,92.0,2.0,90.0,90.0
06013324004,Census Tract 3240.04,13,Contra Costa,4.0,60.0,19.0,56.0,15.0,41.0,41.0
06013355122,Census Tract 3551.22,13,Contra Costa,0.0,162.0,12.0,162.0,12.0,150.0,150.0
06013339003,Census Tract 3390.03,13,Contra Costa,39.0,96.0,20.0,57.0,0.0,76.0,57.0
06013336103,Census Tract 3361.03,13,Contra Costa,0.0,104.0,31.0,104.0,31.0,73.0,73.0
06013337201,Census Tract 3372.01,13,Contra Costa,0.0,61.0,17.0,61.0,17.0,44.0,44.0
06013355202,Census Tract 3552.02,13,Contra Costa,0.0,79.0,4.0,79.0,4.0,75.0,75.0
06001437900,Census Tract 4379,1,Alameda,11.0,56.0,15.0,45.0,4.0,41.0,41.0
06001438100,Census Tract 4381,1,Alameda,4.0,190.0,9.0,186.0,5.0,181.0,181.0
06001438201,Census Tract 4382.01,1,Alameda,0.0,92.0,13.0,92.0,13.0,79.0,79.0
06001438400,Census Tract 4384,1,Alameda,0.0,67.0,10.0,67.0,10.0,57.0,57.0
06001437800,Census Tract 4378,1,Alameda,0.0,101.0,11.0,101.0,11.0,90.0,90.0
06113010513,Census Tract 105.13,113,Yolo,4.0,50.0,26.0,46.0,22.0,24.0,24.0
06001440200,Census Tract 4402,1,Alameda,0.0,129.0,12.0,129.0,12.0,117.0,117.0
06001440304,Census Tract 4403.04,1,Alameda,0.0,96.0,13.0,96.0,13.0,83.0,83.0
06001432200,Census Tract 4322,1,Alameda,0.0,79.0,12.0,79.0,12.0,67.0,67.0
06001432300,Census Tract 4323,1,Alameda,0.0,96.0,12.0,96.0,12.0,84.0,84.0
06001440305,Census Tract 4403.05,1,Alameda,0.0,84.0,13.0,84.0,13.0,71.0,71.0
06001432700,Census Tract 4327,1,Alameda,0.0,56.0,14.0,56.0,14.0,42.0,42.0
06001432502,Census Tract 4325.02,1,Alameda,0.0,106.0,14.0,106.0,14.0,92.0,92.0
06001433103,Census Tract 4331.03,1,Alameda,0.0,72.0,15.0,72.0,15.0,57.0,57.0
06065041912,Census Tract 419.12,65,Riverside,1.0,149.0,16.0,148.0,15.0,133.0,133.0
06081608013,Census Tract 6080.13,81,San Mateo,0.0,87.0,12.0,87.0,12.0,75.0,75.0
06073017050,Census Tract 170.50,73,San Diego,0.0,72.0,9.0,72.0,9.0,63.0,63.0
06037275500,Census Tract 2755,37,Los Angeles,0.0,104.0,14.0,104.0,14.0,90.0,90.0
06037462001,Census Tract 4620.01,37,Los Angeles,0.0,89.0,18.0,89.0,18.0,71.0,71.0
06037463601,Census Tract 4636.01,37,Los Angeles,18.0,148.0,13.0,130.0,0.0,135.0,130.0
06037920116,Census Tract 9201.16,37,Los Angeles,0.0,102.0,5.0,102.0,5.0,97.0,97.0
06037920119,Census Tract 9201.19,37,Los Angeles,0.0,50.0,6.0,50.0,6.0,44.0,44.0
06037920338,Census Tract 9203.38,37,Los Angeles,0.0,151.0,7.0,151.0,7.0,144.0,144.0
06013346204,Census Tract 3462.04,13,Contra Costa,0.0,357.0,6.0,357.0,6.0,351.0,351.0
06013346203,Census Tract 3462.03,13,Contra Costa,0.0,117.0,12.0,117.0,12.0,105.0,105.0
06013360101,Census Tract 3601.01,13,Contra Costa,0.0,94.0,11.0,94.0,11.0,83.0,83.0
06013355109,Census Tract 3551.09,13,Contra Costa,8.0,178.0,12.0,170.0,4.0,166.0,166.0
06013355113,Census Tract 3551.13,13,Contra Costa,16.0,165.0,9.0,149.0,0.0,156.0,149.0
06013334006,Census Tract 3340.06,13,Contra Costa,0.0,102.0,16.0,102.0,16.0,86.0,86.0
06013334200,Census Tract 3342,13,Contra Costa,4.0,438.0,8.0,434.0,4.0,430.0,430.0
06013355306,Census Tract 3553.06,13,Contra Costa,0.0,113.0,3.0,113.0,3.0,110.0,110.0
06013355112,Census Tract 3551.12,13,Contra Costa,6.0,105.0,1.0,99.0,0.0,104.0,99.0
06095252317,Census Tract 2523.17,95,Solano,4.0,721.0,4.0,717.0,0.0,717.0,717.0
06095252316,Census Tract 2523.16,95,Solano,0.0,89.0,22.0,89.0,22.0,67.0,67.0
06095253206,Census Tract 2532.06,95,Solano,0.0,93.0,13.0,93.0,13.0,80.0,80.0
06095253205,Census Tract 2532.05,95,Solano,20.0,77.0,15.0,57.0,0.0,62.0,57.0
06037221601,Census Tract 2216.01,37,Los Angeles,2.0,48.0,21.0,46.0,19.0,27.0,27.0
06037222001,Census Tract 2220.01,37,Los Angeles,0.0,51.0,19.0,51.0,19.0,32.0,32.0
06037237201,Census Tract 2372.01,37,Los Angeles,0.0,62.0,19.0,62.0,19.0,43.0,43.0
06037239201,Census Tract 2392.01,37,Los Angeles,0.0,57.0,19.0,57.0,19.0,38.0,38.0
06037239601,Census Tract 2396.01,37,Los Angeles,5.0,63.0,20.0,58.0,15.0,43.0,43.0
06037980019,Census Tract 9800.19,37,Los Angeles,2.0,31.0,2.0,29.0,0.0,29.0,29.0
06013304001,Census Tract 3040.01,13,Contra Costa,24.0,118.0,4.0,94.0,0.0,114.0,94.0
06013355111,Census Tract 3551.11,13,Contra Costa,0.0,184.0,14.0,184.0,14.0,170.0,170.0
06013360102,Census Tract 3601.02,13,Contra Costa,2.0,131.0,8.0,129.0,6.0,123.0,123.0
06013302007,Census Tract 3020.07,13,Contra Costa,2.0,287.0,10.0,285.0,8.0,277.0,277.0
06013302009,Census Tract 3020.09,13,Contra Costa,24.0,185.0,9.0,161.0,0.0,176.0,161.0
06085504700,Census Tract 5047,85,Santa Clara,8.0,38.0,6.0,30.0,0.0,32.0,30.0
06081601902,Census Tract 6019.02,81,San Mateo,0.0,284.0,12.0,284.0,12.0,272.0,272.0
06083000301,Census Tract 3.01,83,Santa Barbara,4.0,72.0,33.0,68.0,29.0,39.0,39.0
06083001306,Census Tract 13.06,83,Santa Barbara,0.0,59.0,12.0,59.0,12.0,47.0,47.0
06083001706,Census Tract 17.06,83,Santa Barbara,1.0,114.0,2.0,113.0,1.0,112.0,112.0
06033000100,Census Tract 1,33,Lake,10.0,78.0,2.0,68.0,0.0,76.0,68.0
06013324003,Census Tract 3240.03,13,Contra Costa,16.0,71.0,33.0,55.0,17.0,38.0,38.0
06013313107,Census Tract 3131.07,13,Contra Costa,0.0,60.0,20.0,60.0,20.0,40.0,40.0
06013351105,Census Tract 3511.05,13,Contra Costa,10.0,51.0,23.0,41.0,13.0,28.0,28.0
06001441927,Census Tract 4419.27,1,Alameda,2.0,98.0,16.0,96.0,14.0,82.0,82.0
06013980000,Census Tract 9800,13,Contra Costa,0.0,34.0,45.0,34.0,45.0,-11.0,-11.0
06013351104,Census Tract 3511.04,13,Contra Costa,0.0,49.0,18.0,49.0,18.0,31.0,31.0
06013346205,Census Tract 3462.05,13,Contra Costa,0.0,120.0,7.0,120.0,7.0,113.0,113.0
06013336104,Census Tract 3361.04,13,Contra Costa,0.0,56.0,48.0,56.0,48.0,8.0,8.0
06013339004,Census Tract 3390.04,13,Contra Costa,17.0,78.0,21.0,61.0,4.0,57.0,57.0
06013303105,Census Tract 3031.05,13,Contra Costa,18.0,67.0,14.0,49.0,0.0,53.0,49.0
06013313104,Census Tract 3131.04,13,Contra Costa,4.0,65.0,18.0,61.0,14.0,47.0,47.0
06037132700,Census Tract 1327,37,Los Angeles,1.0,103.0,11.0,102.0,10.0,92.0,92.0
06037132900,Census Tract 1329,37,Los Angeles,0.0,76.0,12.0,76.0,12.0,64.0,64.0
06037133000,Census Tract 1330,37,Los Angeles,0.0,78.0,13.0,78.0,13.0,65.0,65.0
06037134103,Census Tract 1341.03,37,Los Angeles,0.0,81.0,13.0,81.0,13.0,68.0,68.0
06037134104,Census Tract 1341.04,37,Los Angeles,1.0,83.0,16.0,82.0,15.0,67.0,67.0
06037134201,Census Tract 1342.01,37,Los Angeles,3.0,80.0,11.0,77.0,8.0,69.0,69.0
06059110015,Census Tract 1100.15,59,Orange,13.0,78.0,9.0,65.0,0.0,69.0,65.0
06039000106,Census Tract 1.06,39,Madera,0.0,135.0,8.0,135.0,8.0,127.0,127.0
06039000109,Census Tract 1.09,39,Madera,0.0,52.0,2.0,52.0,2.0,50.0,50.0
06039000201,Census Tract 2.01,39,Madera,0.0,102.0,6.0,102.0,6.0,96.0,96.0
06039000604,Census Tract 6.04,39,Madera,0.0,107.0,44.0,107.0,44.0,63.0,63.0
06013313203,Census Tract 3132.03,13,Contra Costa,0.0,69.0,12.0,69.0,12.0,57.0,57.0
06059021812,Census Tract 218.12,59,Orange,0.0,160.0,14.0,160.0,14.0,146.0,146.0
06059021905,Census Tract 219.05,59,Orange,16.0,178.0,13.0,162.0,0.0,165.0,162.0
06059089106,Census Tract 891.06,59,Orange,0.0,82.0,28.0,82.0,28.0,54.0,54.0
06059021916,Census Tract 219.16,59,Orange,0.0,93.0,16.0,93.0,16.0,77.0,77.0
06059021825,Census Tract 218.25,59,Orange,4.0,78.0,9.0,74.0,5.0,69.0,69.0
06059001708,Census Tract 17.08,59,Orange,0.0,82.0,14.0,82.0,14.0,68.0,68.0
06059062634,Census Tract 626.34,59,Orange,2.0,109.0,14.0,107.0,12.0,95.0,95.0
06059042325,Census Tract 423.25,59,Orange,4.0,85.0,9.0,81.0,5.0,76.0,76.0
06059042113,Census Tract 421.13,59,Orange,0.0,92.0,13.0,92.0,13.0,79.0,79.0
06059021918,Census Tract 219.18,59,Orange,0.0,119.0,15.0,119.0,15.0,104.0,104.0
06059021816,Census Tract 218.16,59,Orange,0.0,137.0,14.0,137.0,14.0,123.0,123.0
06059001704,Census Tract 17.04,59,Orange,16.0,223.0,14.0,207.0,0.0,209.0,207.0
06059110118,Census Tract 1101.18,59,Orange,0.0,56.0,29.0,56.0,29.0,27.0,27.0
06059062633,Census Tract 626.33,59,Orange,6.0,173.0,9.0,167.0,3.0,164.0,164.0
06059062630,Census Tract 626.30,59,Orange,0.0,46.0,11.0,46.0,11.0,35.0,35.0
06059052513,Census Tract 525.13,59,Orange,0.0,115.0,19.0,115.0,19.0,96.0,96.0
06039000603,Census Tract 6.03,39,Madera,0.0,111.0,54.0,111.0,54.0,57.0,57.0
06013355107,Census Tract 3551.07,13,Contra Costa,0.0,87.0,2.0,87.0,2.0,85.0,85.0
06013345115,Census Tract 3451.15,13,Contra Costa,16.0,135.0,5.0,119.0,0.0,130.0,119.0
06071011404,Census Tract 114.04,71,San Bernardino,0.0,54.0,3.0,54.0,3.0,51.0,51.0
06001404101,Census Tract 4041.01,1,Alameda,0.0,63.0,17.0,63.0,17.0,46.0,46.0
06001405302,Census Tract 4053.02,1,Alameda,3.0,45.0,28.0,42.0,25.0,17.0,17.0
06059042315,Census Tract 423.15,59,Orange,4.0,183.0,10.0,179.0,6.0,173.0,173.0
06059075813,Census Tract 758.13,59,Orange,0.0,113.0,14.0,113.0,14.0,99.0,99.0
06059099311,Census Tract 993.11,59,Orange,4.0,73.0,25.0,69.0,21.0,48.0,48.0
06059086303,Census Tract 863.03,59,Orange,78.0,1020.0,9.0,942.0,0.0,1011.0,942.0
06059021921,Census Tract 219.21,59,Orange,0.0,203.0,12.0,203.0,12.0,191.0,191.0
06059001902,Census Tract 19.02,59,Orange,10.0,66.0,26.0,56.0,16.0,40.0,40.0
06059063004,Census Tract 630.04,59,Orange,2.0,156.0,11.0,154.0,9.0,145.0,145.0
06059062626,Census Tract 626.26,59,Orange,0.0,55.0,35.0,55.0,35.0,20.0,20.0
06059042339,Census Tract 423.39,59,Orange,0.0,79.0,23.0,79.0,23.0,56.0,56.0
06059042336,Census Tract 423.36,59,Orange,2.0,93.0,17.0,91.0,15.0,76.0,76.0
06059042319,Census Tract 423.19,59,Orange,4.0,82.0,13.0,78.0,9.0,69.0,69.0
06059074407,Census Tract 744.07,59,Orange,0.0,153.0,35.0,153.0,35.0,118.0,118.0
06059032044,Census Tract 320.44,59,Orange,1.0,179.0,6.0,178.0,5.0,173.0,173.0
06059042206,Census Tract 422.06,59,Orange,0.0,78.0,21.0,78.0,21.0,57.0,57.0
06059042112,Census Tract 421.12,59,Orange,22.0,320.0,10.0,298.0,0.0,310.0,298.0
06059021923,Census Tract 219.23,59,Orange,0.0,124.0,7.0,124.0,7.0,117.0,117.0
06059021920,Census Tract 219.20,59,Orange,0.0,236.0,11.0,236.0,11.0,225.0,225.0
06059021822,Census Tract 218.22,59,Orange,0.0,407.0,7.0,407.0,7.0,400.0,400.0
06001405600,Census Tract 4056,1,Alameda,0.0,53.0,19.0,53.0,19.0,34.0,34.0
06001406400,Census Tract 4064,1,Alameda,0.0,46.0,17.0,46.0,17.0,29.0,29.0
06059032041,Census Tract 320.41,59,Orange,0.0,36.0,2.0,36.0,2.0,34.0,34.0
06059075814,Census Tract 758.14,59,Orange,0.0,72.0,18.0,72.0,18.0,54.0,54.0
06059099416,Census Tract 994.16,59,Orange,0.0,172.0,30.0,172.0,30.0,142.0,142.0
06059001505,Census Tract 15.05,59,Orange,0.0,175.0,14.0,175.0,14.0,161.0,161.0
06059011714,Census Tract 117.14,59,Orange,9.0,38.0,10.0,29.0,1.0,28.0,28.0
06059042311,Census Tract 423.11,59,Orange,3.0,199.0,11.0,196.0,8.0,188.0,188.0
06059042329,Census Tract 423.29,59,Orange,0.0,81.0,16.0,81.0,16.0,65.0,65.0
06059063007,Census Tract 630.07,59,Orange,10.0,214.0,11.0,204.0,1.0,203.0,203.0
06059052422,Census Tract 524.22,59,Orange,17.0,1512.0,9.0,1495.0,0.0,1503.0,1495.0
06059032033,Census Tract 320.33,59,Orange,0.0,87.0,25.0,87.0,25.0,62.0,62.0
06059042201,Census Tract 422.01,59,Orange,11.0,216.0,9.0,205.0,0.0,207.0,205.0
06059052522,Census Tract 525.22,59,Orange,0.0,96.0,25.0,96.0,25.0,71.0,71.0
06059052410,Census Tract 524.10,59,Orange,53.0,133.0,10.0,80.0,0.0,123.0,80.0
06059021917,Census Tract 219.17,59,Orange,4.0,71.0,11.0,67.0,7.0,60.0,60.0
06059075703,Census Tract 757.03,59,Orange,1.0,79.0,15.0,78.0,14.0,64.0,64.0
06059075512,Census Tract 755.12,59,Orange,0.0,67.0,30.0,67.0,30.0,37.0,37.0
06059052419,Census Tract 524.19,59,Orange,0.0,71.0,18.0,71.0,18.0,53.0,53.0
06059052421,Census Tract 524.21,59,Orange,0.0,313.0,15.0,313.0,15.0,298.0,298.0
06059032049,Census Tract 320.49,59,Orange,0.0,688.0,7.0,688.0,7.0,681.0,681.0
06059032053,Census Tract 320.53,59,Orange,0.0,387.0,8.0,387.0,8.0,379.0,379.0
06001405700,Census Tract 4057,1,Alameda,0.0,62.0,17.0,62.0,17.0,45.0,45.0
06001405800,Census Tract 4058,1,Alameda,0.0,65.0,17.0,65.0,17.0,48.0,48.0
06059075702,Census Tract 757.02,59,Orange,0.0,60.0,18.0,60.0,18.0,42.0,42.0
06059074805,Census Tract 748.05,59,Orange,0.0,98.0,35.0,98.0,35.0,63.0,63.0
06059042317,Census Tract 423.17,59,Orange,0.0,75.0,14.0,75.0,14.0,61.0,61.0
06059062647,Census Tract 626.47,59,Orange,3.0,118.0,18.0,115.0,15.0,100.0,100.0
06059052411,Census Tract 524.11,59,Orange,0.0,143.0,18.0,143.0,18.0,125.0,125.0
06059021913,Census Tract 219.13,59,Orange,0.0,284.0,14.0,284.0,14.0,270.0,270.0
06059075604,Census Tract 756.04,59,Orange,0.0,180.0,10.0,180.0,10.0,170.0,170.0
06059042111,Census Tract 421.11,59,Orange,0.0,164.0,10.0,164.0,10.0,154.0,154.0
06059021924,Census Tract 219.24,59,Orange,11.0,43.0,3.0,32.0,0.0,40.0,32.0
06059099603,Census Tract 996.03,59,Orange,4.0,157.0,10.0,153.0,6.0,147.0,147.0
06059099406,Census Tract 994.06,59,Orange,0.0,102.0,21.0,102.0,21.0,81.0,81.0
06059087403,Census Tract 874.03,59,Orange,6.0,59.0,30.0,53.0,24.0,29.0,29.0
06001444301,Census Tract 4443.01,1,Alameda,28.0,81.0,8.0,53.0,0.0,73.0,53.0
06059062900,Census Tract 629,59,Orange,0.0,48.0,23.0,48.0,23.0,25.0,25.0
06059062619,Census Tract 626.19,59,Orange,10.0,86.0,15.0,76.0,5.0,71.0,71.0
06059062620,Census Tract 626.20,59,Orange,4.0,120.0,12.0,116.0,8.0,108.0,108.0
06059074110,Census Tract 741.10,59,Orange,0.0,79.0,27.0,79.0,27.0,52.0,52.0
06059042203,Census Tract 422.03,59,Orange,2.0,484.0,7.0,482.0,5.0,477.0,477.0
06019004404,Census Tract 44.04,19,Fresno,45.0,83.0,21.0,38.0,0.0,62.0,38.0
06059087902,Census Tract 879.02,59,Orange,1.0,105.0,23.0,104.0,22.0,82.0,82.0
06059021912,Census Tract 219.12,59,Orange,0.0,115.0,5.0,115.0,5.0,110.0,110.0
06059099415,Census Tract 994.15,59,Orange,0.0,101.0,8.0,101.0,8.0,93.0,93.0
06059021915,Census Tract 219.15,59,Orange,0.0,87.0,13.0,87.0,13.0,74.0,74.0
06059021820,Census Tract 218.20,59,Orange,0.0,110.0,17.0,110.0,17.0,93.0,93.0
06059001602,Census Tract 16.02,59,Orange,0.0,90.0,12.0,90.0,12.0,78.0,78.0
06059062643,Census Tract 626.43,59,Orange,9.0,281.0,5.0,272.0,0.0,276.0,272.0
06059042320,Census Tract 423.20,59,Orange,1.0,161.0,14.0,160.0,13.0,147.0,147.0
06037141303,Census Tract 1413.03,37,Los Angeles,1.0,67.0,25.0,66.0,24.0,42.0,42.0
06037186202,Census Tract 1862.02,37,Los Angeles,5.0,44.0,20.0,39.0,15.0,24.0,24.0
06037188202,Census Tract 1882.02,37,Los Angeles,0.0,53.0,15.0,53.0,15.0,38.0,38.0
06037189905,Census Tract 1899.05,37,Los Angeles,0.0,51.0,25.0,51.0,25.0,26.0,26.0
06001404700,Census Tract 4047,1,Alameda,0.0,46.0,11.0,46.0,11.0,35.0,35.0
06001404800,Census Tract 4048,1,Alameda,0.0,52.0,16.0,52.0,16.0,36.0,36.0
06001405200,Census Tract 4052,1,Alameda,0.0,77.0,14.0,77.0,14.0,63.0,63.0
06001405500,Census Tract 4055,1,Alameda,0.0,55.0,20.0,55.0,20.0,35.0,35.0
06001450750,Census Tract 4507.50,1,Alameda,42.0,211.0,10.0,169.0,0.0,201.0,169.0
06001451403,Census Tract 4514.03,1,Alameda,0.0,51.0,15.0,51.0,15.0,36.0,36.0
06019004405,Census Tract 44.05,19,Fresno,0.0,69.0,23.0,69.0,23.0,46.0,46.0
06037602504,Census Tract 6025.04,37,Los Angeles,0.0,84.0,23.0,84.0,23.0,61.0,61.0
06037241002,Census Tract 2410.02,37,Los Angeles,0.0,68.0,15.0,68.0,15.0,53.0,53.0
06037262604,Census Tract 2626.04,37,Los Angeles,50.0,165.0,5.0,115.0,0.0,160.0,115.0
06037262802,Census Tract 2628.02,37,Los Angeles,2.0,76.0,7.0,74.0,5.0,69.0,69.0
06037267403,Census Tract 2674.03,37,Los Angeles,1.0,66.0,27.0,65.0,26.0,39.0,39.0
06019005301,Census Tract 53.01,19,Fresno,0.0,98.0,26.0,98.0,26.0,72.0,72.0
06019005302,Census Tract 53.02,19,Fresno,9.0,87.0,26.0,78.0,17.0,61.0,61.0
06019005304,Census Tract 53.04,19,Fresno,0.0,77.0,28.0,77.0,28.0,49.0,49.0
06019005305,Census Tract 53.05,19,Fresno,0.0,63.0,28.0,63.0,28.0,35.0,35.0
06001405100,Census Tract 4051,1,Alameda,0.0,69.0,11.0,69.0,11.0,58.0,58.0
06001404900,Census Tract 4049,1,Alameda,8.0,80.0,12.0,72.0,4.0,68.0,68.0
06037296901,Census Tract 2969.01,37,Los Angeles,2.0,75.0,16.0,73.0,14.0,59.0,59.0
06037123902,Census Tract 1239.02,37,Los Angeles,0.0,54.0,16.0,54.0,16.0,38.0,38.0
06037134522,Census Tract 1345.22,37,Los Angeles,1.0,73.0,16.0,72.0,15.0,57.0,57.0
06037192001,Census Tract 1920.01,37,Los Angeles,0.0,49.0,18.0,49.0,18.0,31.0,31.0
06037211122,Census Tract 2111.22,37,Los Angeles,7.0,44.0,21.0,37.0,14.0,23.0,23.0
06037104822,Census Tract 1048.22,37,Los Angeles,6.0,51.0,17.0,45.0,11.0,34.0,34.0
06059063808,Census Tract 638.08,59,Orange,52.0,98.0,28.0,46.0,0.0,70.0,46.0
06059062645,Census Tract 626.45,59,Orange,11.0,201.0,10.0,190.0,0.0,191.0,190.0
06059088702,Census Tract 887.02,59,Orange,0.0,125.0,20.0,125.0,20.0,105.0,105.0
06097151602,Census Tract 1516.02,97,Sonoma,0.0,77.0,5.0,77.0,5.0,72.0,72.0
06097150607,Census Tract 1506.07,97,Sonoma,16.0,100.0,9.0,84.0,0.0,91.0,84.0
06097150610,Census Tract 1506.10,97,Sonoma,0.0,85.0,25.0,85.0,25.0,60.0,60.0
06097153809,Census Tract 1538.09,97,Sonoma,4.0,147.0,15.0,143.0,11.0,132.0,132.0
06097153104,Census Tract 1531.04,97,Sonoma,0.0,93.0,22.0,93.0,22.0,71.0,71.0
06001405401,Census Tract 4054.01,1,Alameda,0.0,57.0,22.0,57.0,22.0,35.0,35.0
06065043822,Census Tract 438.22,65,Riverside,6.0,74.0,3.0,68.0,0.0,71.0,68.0
06065043823,Census Tract 438.23,65,Riverside,0.0,825.0,5.0,825.0,5.0,820.0,820.0
06065044517,Census Tract 445.17,65,Riverside,0.0,53.0,12.0,53.0,12.0,41.0,41.0
06037650604,Census Tract 6506.04,37,Los Angeles,0.0,124.0,18.0,124.0,18.0,106.0,106.0
06037901210,Census Tract 9012.10,37,Los Angeles,0.0,41.0,3.0,41.0,3.0,38.0,38.0
06037269602,Census Tract 2696.02,37,Los Angeles,0.0,49.0,24.0,49.0,24.0,25.0,25.0
06037271901,Census Tract 2719.01,37,Los Angeles,0.0,62.0,16.0,62.0,16.0,46.0,46.0
06037302003,Census Tract 3020.03,37,Los Angeles,0.0,76.0,26.0,76.0,26.0,50.0,50.0
06037127605,Census Tract 1276.05,37,Los Angeles,0.0,72.0,16.0,72.0,16.0,56.0,56.0
06037400404,Census Tract 4004.04,37,Los Angeles,0.0,93.0,3.0,93.0,3.0,90.0,90.0
06113010402,Census Tract 104.02,113,Yolo,0.0,76.0,5.0,76.0,5.0,71.0,71.0
06007001703,Census Tract 17.03,7,Butte,0.0,47.0,32.0,47.0,32.0,15.0,15.0
06037117102,Census Tract 1171.02,37,Los Angeles,2.0,51.0,13.0,49.0,11.0,38.0,38.0
06037119341,Census Tract 1193.41,37,Los Angeles,0.0,54.0,22.0,54.0,22.0,32.0,32.0
06037120106,Census Tract 1201.06,37,Los Angeles,0.0,72.0,28.0,72.0,28.0,44.0,44.0
06037122121,Census Tract 1221.21,37,Los Angeles,2.0,57.0,20.0,55.0,18.0,37.0,37.0
06037124204,Census Tract 1242.04,37,Los Angeles,3.0,51.0,23.0,48.0,20.0,28.0,28.0
06007001704,Census Tract 17.04,7,Butte,0.0,61.0,3.0,61.0,3.0,58.0,58.0
06007002601,Census Tract 26.01,7,Butte,0.0,51.0,14.0,51.0,14.0,37.0,37.0
06007002602,Census Tract 26.02,7,Butte,0.0,83.0,12.0,83.0,12.0,71.0,71.0
06007003002,Census Tract 30.02,7,Butte,4.0,56.0,15.0,52.0,11.0,41.0,41.0
06007003501,Census Tract 35.01,7,Butte,0.0,90.0,11.0,90.0,11.0,79.0,79.0
06007003700,Census Tract 37,7,Butte,0.0,83.0,6.0,83.0,6.0,77.0,77.0
06073017813,Census Tract 178.13,73,San Diego,5.0,116.0,8.0,111.0,3.0,108.0,108.0
06073017054,Census Tract 170.54,73,San Diego,3.0,168.0,8.0,165.0,5.0,160.0,160.0
06073017053,Census Tract 170.53,73,San Diego,0.0,83.0,9.0,83.0,9.0,74.0,74.0
06001451703,Census Tract 4517.03,1,Alameda,0.0,85.0,10.0,85.0,10.0,75.0,75.0
06085503329,Census Tract 5033.29,85,Santa Clara,0.0,76.0,15.0,76.0,15.0,61.0,61.0
06085512032,Census Tract 5120.32,85,Santa Clara,35.0,69.0,10.0,34.0,0.0,59.0,34.0
06085511916,Census Tract 5119.16,85,Santa Clara,0.0,96.0,12.0,96.0,12.0,84.0,84.0
06001442302,Census Tract 4423.02,1,Alameda,4.0,168.0,13.0,164.0,9.0,155.0,155.0
06001406602,Census Tract 4066.02,1,Alameda,0.0,53.0,20.0,53.0,20.0,33.0,33.0
06001407101,Census Tract 4071.01,1,Alameda,0.0,58.0,21.0,58.0,21.0,37.0,37.0
06001407102,Census Tract 4071.02,1,Alameda,0.0,63.0,15.0,63.0,15.0,48.0,48.0
06001432501,Census Tract 4325.01,1,Alameda,3.0,98.0,11.0,95.0,8.0,87.0,87.0
06065045222,Census Tract 452.22,65,Riverside,0.0,64.0,12.0,64.0,12.0,52.0,52.0
06065045228,Census Tract 452.28,65,Riverside,0.0,117.0,3.0,117.0,3.0,114.0,114.0
06065046900,Census Tract 469,65,Riverside,6.0,35.0,0.0,29.0,0.0,35.0,29.0
06065047202,Census Tract 472.02,65,Riverside,0.0,41.0,5.0,41.0,5.0,36.0,36.0
06065045125,Census Tract 451.25,65,Riverside,4.0,48.0,4.0,44.0,0.0,44.0,44.0
06065048100,Census Tract 481,65,Riverside,2.0,179.0,4.0,177.0,2.0,175.0,175.0
06065050600,Census Tract 506,65,Riverside,12.0,281.0,13.0,269.0,1.0,268.0,268.0
06065981000,Census Tract 9810,65,Riverside,0.0,81.0,12.0,81.0,12.0,69.0,69.0
06065051200,Census Tract 512,65,Riverside,22.0,68.0,4.0,46.0,0.0,64.0,46.0
06065043274,Census Tract 432.74,65,Riverside,0.0,51.0,11.0,51.0,11.0,40.0,40.0
06065043513,Census Tract 435.13,65,Riverside,0.0,53.0,19.0,53.0,19.0,34.0,34.0
06065043517,Census Tract 435.17,65,Riverside,0.0,337.0,5.0,337.0,5.0,332.0,332.0
06001406201,Census Tract 4062.01,1,Alameda,0.0,80.0,20.0,80.0,20.0,60.0,60.0
06001406202,Census Tract 4062.02,1,Alameda,0.0,79.0,20.0,79.0,20.0,59.0,59.0
06001406300,Census Tract 4063,1,Alameda,0.0,67.0,18.0,67.0,18.0,49.0,49.0
06111002905,Census Tract 29.05,111,Ventura,0.0,112.0,6.0,112.0,6.0,106.0,106.0
06085503333,Census Tract 5033.33,85,Santa Clara,0.0,109.0,11.0,109.0,11.0,98.0,98.0
06037128801,Census Tract 1288.01,37,Los Angeles,2.0,73.0,18.0,71.0,16.0,55.0,55.0
06037139504,Census Tract 1395.04,37,Los Angeles,1.0,65.0,24.0,64.0,23.0,41.0,41.0
06001450501,Census Tract 4505.01,1,Alameda,0.0,75.0,12.0,75.0,12.0,63.0,63.0
06037191902,Census Tract 1919.02,37,Los Angeles,0.0,52.0,15.0,52.0,15.0,37.0,37.0
06037194102,Census Tract 1941.02,37,Los Angeles,0.0,54.0,7.0,54.0,7.0,47.0,47.0
06037195803,Census Tract 1958.03,37,Los Angeles,1.0,45.0,21.0,44.0,20.0,24.0,24.0
06037102105,Census Tract 1021.05,37,Los Angeles,0.0,44.0,18.0,44.0,18.0,26.0,26.0
06037104124,Census Tract 1041.24,37,Los Angeles,0.0,82.0,6.0,82.0,6.0,76.0,76.0
06037104821,Census Tract 1048.21,37,Los Angeles,0.0,66.0,18.0,66.0,18.0,48.0,48.0
06037106408,Census Tract 1064.08,37,Los Angeles,0.0,79.0,27.0,79.0,27.0,52.0,52.0
06019004406,Census Tract 44.06,19,Fresno,0.0,130.0,22.0,130.0,22.0,108.0,108.0
06019004503,Census Tract 45.03,19,Fresno,4.0,100.0,22.0,96.0,18.0,78.0,78.0
06019004504,Census Tract 45.04,19,Fresno,0.0,90.0,22.0,90.0,22.0,68.0,68.0
06019004505,Census Tract 45.05,19,Fresno,15.0,71.0,22.0,56.0,7.0,49.0,49.0
06099001002,Census Tract 10.02,99,Stanislaus,0.0,62.0,26.0,62.0,26.0,36.0,36.0
06037115104,Census Tract 1151.04,37,Los Angeles,0.0,83.0,13.0,83.0,13.0,70.0,70.0
06037119201,Census Tract 1192.01,37,Los Angeles,1.0,74.0,13.0,73.0,12.0,61.0,61.0
06037125501,Census Tract 1255.01,37,Los Angeles,4.0,59.0,19.0,55.0,15.0,40.0,40.0
06037800204,Census Tract 8002.04,37,Los Angeles,31.0,108.0,5.0,77.0,0.0,103.0,77.0
06037571703,Census Tract 5717.03,37,Los Angeles,0.0,60.0,20.0,60.0,20.0,40.0,40.0
06067002500,Census Tract 25,67,Sacramento,0.0,52.0,27.0,52.0,27.0,25.0,25.0
06099002602,Census Tract 26.02,99,Stanislaus,6.0,93.0,22.0,87.0,16.0,71.0,71.0
06099002604,Census Tract 26.04,99,Stanislaus,0.0,99.0,27.0,99.0,27.0,72.0,72.0
06099002605,Census Tract 26.05,99,Stanislaus,0.0,96.0,28.0,96.0,28.0,68.0,68.0
06099002701,Census Tract 27.01,99,Stanislaus,0.0,88.0,26.0,88.0,26.0,62.0,62.0
06099003803,Census Tract 38.03,99,Stanislaus,2.0,66.0,27.0,64.0,25.0,39.0,39.0
06099003904,Census Tract 39.04,99,Stanislaus,2.0,86.0,19.0,84.0,17.0,67.0,67.0
06059089001,Census Tract 890.01,59,Orange,0.0,118.0,21.0,118.0,21.0,97.0,97.0
06037134422,Census Tract 1344.22,37,Los Angeles,9.0,117.0,8.0,108.0,0.0,109.0,108.0
06037134520,Census Tract 1345.20,37,Los Angeles,3.0,89.0,13.0,86.0,10.0,76.0,76.0
06059099241,Census Tract 992.41,59,Orange,0.0,101.0,21.0,101.0,21.0,80.0,80.0
06059099242,Census Tract 992.42,59,Orange,0.0,72.0,22.0,72.0,22.0,50.0,50.0
06059099405,Census Tract 994.05,59,Orange,1.0,92.0,21.0,91.0,20.0,71.0,71.0
06059099407,Census Tract 994.07,59,Orange,4.0,57.0,21.0,53.0,17.0,36.0,36.0
06059099408,Census Tract 994.08,59,Orange,0.0,99.0,21.0,99.0,21.0,78.0,78.0
06059099410,Census Tract 994.10,59,Orange,6.0,96.0,21.0,90.0,15.0,75.0,75.0
06059099411,Census Tract 994.11,59,Orange,0.0,113.0,21.0,113.0,21.0,92.0,92.0
06059099412,Census Tract 994.12,59,Orange,5.0,104.0,19.0,99.0,14.0,85.0,85.0
06059110201,Census Tract 1102.01,59,Orange,28.0,195.0,17.0,167.0,0.0,178.0,167.0
06059110117,Census Tract 1101.17,59,Orange,0.0,206.0,21.0,206.0,21.0,185.0,185.0
06059074601,Census Tract 746.01,59,Orange,0.0,153.0,22.0,153.0,22.0,131.0,131.0
06059075100,Census Tract 751,59,Orange,0.0,182.0,20.0,182.0,20.0,162.0,162.0
06059075201,Census Tract 752.01,59,Orange,0.0,96.0,22.0,96.0,22.0,74.0,74.0
06059075202,Census Tract 752.02,59,Orange,12.0,122.0,22.0,110.0,10.0,100.0,100.0
06067003900,Census Tract 39,67,Sacramento,0.0,71.0,17.0,71.0,17.0,54.0,54.0
06065045128,Census Tract 451.28,65,Riverside,0.0,45.0,18.0,45.0,18.0,27.0,27.0
06065045613,Census Tract 456.13,65,Riverside,0.0,52.0,11.0,52.0,11.0,41.0,41.0
06065045127,Census Tract 451.27,65,Riverside,0.0,51.0,25.0,51.0,25.0,26.0,26.0
06065049101,Census Tract 491.01,65,Riverside,0.0,51.0,23.0,51.0,23.0,28.0,28.0
06065045614,Census Tract 456.14,65,Riverside,0.0,42.0,11.0,42.0,11.0,31.0,31.0
06065043824,Census Tract 438.24,65,Riverside,7.0,114.0,6.0,107.0,0.0,108.0,107.0
06065043524,Census Tract 435.24,65,Riverside,0.0,76.0,23.0,76.0,23.0,53.0,53.0
06065050901,Census Tract 509.01,65,Riverside,4.0,43.0,16.0,39.0,12.0,27.0,27.0
06065049002,Census Tract 490.02,65,Riverside,0.0,57.0,15.0,57.0,15.0,42.0,42.0
06065043521,Census Tract 435.21,65,Riverside,2.0,76.0,22.0,74.0,20.0,54.0,54.0
06065043522,Census Tract 435.22,65,Riverside,0.0,65.0,20.0,65.0,20.0,45.0,45.0
06065046502,Census Tract 465.02,65,Riverside,14.0,68.0,32.0,54.0,18.0,36.0,36.0
06065050902,Census Tract 509.02,65,Riverside,0.0,51.0,30.0,51.0,30.0,21.0,21.0
06065043523,Census Tract 435.23,65,Riverside,0.0,57.0,15.0,57.0,15.0,42.0,42.0
06065042629,Census Tract 426.29,65,Riverside,0.0,115.0,31.0,115.0,31.0,84.0,84.0
06065049001,Census Tract 490.01,65,Riverside,0.0,147.0,13.0,147.0,13.0,134.0,134.0
06065042522,Census Tract 425.22,65,Riverside,0.0,79.0,33.0,79.0,33.0,46.0,46.0
06065042523,Census Tract 425.23,65,Riverside,20.0,103.0,23.0,83.0,3.0,80.0,80.0
06065031504,Census Tract 315.04,65,Riverside,2.0,92.0,30.0,90.0,28.0,62.0,62.0
06065031503,Census Tract 315.03,65,Riverside,0.0,104.0,28.0,104.0,28.0,76.0,76.0
06065040304,Census Tract 403.04,65,Riverside,0.0,77.0,29.0,77.0,29.0,48.0,48.0
06065040305,Census Tract 403.05,65,Riverside,0.0,62.0,23.0,62.0,23.0,39.0,39.0
06065040622,Census Tract 406.22,65,Riverside,0.0,188.0,23.0,188.0,23.0,165.0,165.0
06065040618,Census Tract 406.18,65,Riverside,19.0,490.0,8.0,471.0,0.0,482.0,471.0
06065044406,Census Tract 444.06,65,Riverside,0.0,62.0,3.0,62.0,3.0,59.0,59.0
06065043519,Census Tract 435.19,65,Riverside,4.0,40.0,16.0,36.0,12.0,24.0,24.0
06065042625,Census Tract 426.25,65,Riverside,14.0,111.0,8.0,97.0,0.0,103.0,97.0
06065030605,Census Tract 306.05,65,Riverside,0.0,55.0,12.0,55.0,12.0,43.0,43.0
06065050503,Census Tract 505.03,65,Riverside,4.0,125.0,22.0,121.0,18.0,103.0,103.0
06065051302,Census Tract 513.02,65,Riverside,0.0,96.0,6.0,96.0,6.0,90.0,90.0
06065051301,Census Tract 513.01,65,Riverside,2.0,115.0,17.0,113.0,15.0,98.0,98.0
06067004005,Census Tract 40.05,67,Sacramento,0.0,83.0,18.0,83.0,18.0,65.0,65.0
06037134901,Census Tract 1349.01,37,Los Angeles,0.0,52.0,12.0,52.0,12.0,40.0,40.0
06059075301,Census Tract 753.01,59,Orange,0.0,94.0,19.0,94.0,19.0,75.0,75.0
06059075302,Census Tract 753.02,59,Orange,0.0,85.0,21.0,85.0,21.0,64.0,64.0
06067005403,Census Tract 54.03,67,Sacramento,0.0,45.0,23.0,45.0,23.0,22.0,22.0
06067005404,Census Tract 54.04,67,Sacramento,0.0,132.0,13.0,132.0,13.0,119.0,119.0
06059087200,Census Tract 872,59,Orange,28.0,194.0,16.0,166.0,0.0,178.0,166.0
06059087401,Census Tract 874.01,59,Orange,0.0,123.0,24.0,123.0,24.0,99.0,99.0
06059087405,Census Tract 874.05,59,Orange,10.0,102.0,22.0,92.0,12.0,80.0,80.0
06067004012,Census Tract 40.12,67,Sacramento,0.0,72.0,19.0,72.0,19.0,53.0,53.0
06067004100,Census Tract 41,67,Sacramento,0.0,111.0,19.0,111.0,19.0,92.0,92.0
06067004202,Census Tract 42.02,67,Sacramento,0.0,100.0,21.0,100.0,21.0,79.0,79.0
06067004203,Census Tract 42.03,67,Sacramento,0.0,122.0,21.0,122.0,21.0,101.0,101.0
06065044524,Census Tract 445.24,65,Riverside,3.0,40.0,3.0,37.0,0.0,37.0,37.0
06065045618,Census Tract 456.18,65,Riverside,0.0,44.0,4.0,44.0,4.0,40.0,40.0
06065045235,Census Tract 452.35,65,Riverside,10.0,67.0,17.0,57.0,7.0,50.0,50.0
06065049102,Census Tract 491.02,65,Riverside,0.0,63.0,20.0,63.0,20.0,43.0,43.0
06065045611,Census Tract 456.11,65,Riverside,0.0,128.0,23.0,128.0,23.0,105.0,105.0
06065042632,Census Tract 426.32,65,Riverside,0.0,58.0,23.0,58.0,23.0,35.0,35.0
06065042631,Census Tract 426.31,65,Riverside,0.0,92.0,29.0,92.0,29.0,63.0,63.0
06065044933,Census Tract 449.33,65,Riverside,0.0,85.0,41.0,85.0,41.0,44.0,44.0
06065044934,Census Tract 449.34,65,Riverside,1.0,60.0,41.0,59.0,40.0,19.0,19.0
06065941002,Census Tract 9410.02,65,Riverside,12.0,58.0,15.0,46.0,3.0,43.0,43.0
06065941001,Census Tract 9410.01,65,Riverside,4.0,52.0,14.0,48.0,10.0,38.0,38.0
06065045126,Census Tract 451.26,65,Riverside,0.0,67.0,35.0,67.0,35.0,32.0,32.0
06067004401,Census Tract 44.01,67,Sacramento,4.0,71.0,23.0,67.0,19.0,48.0,48.0
06111002102,Census Tract 21.02,111,Ventura,4.0,43.0,23.0,39.0,19.0,20.0,20.0
06111002200,Census Tract 22,111,Ventura,0.0,141.0,15.0,141.0,15.0,126.0,126.0
06111002400,Census Tract 24,111,Ventura,25.0,62.0,16.0,37.0,0.0,46.0,37.0
06111002500,Census Tract 25,111,Ventura,11.0,89.0,13.0,78.0,2.0,76.0,76.0
06067004006,Census Tract 40.06,67,Sacramento,0.0,102.0,20.0,102.0,20.0,82.0,82.0
06067005502,Census Tract 55.02,67,Sacramento,53.0,80.0,16.0,27.0,0.0,64.0,27.0
06099001200,Census Tract 12,99,Stanislaus,0.0,71.0,29.0,71.0,29.0,42.0,42.0
06099001500,Census Tract 15,99,Stanislaus,0.0,172.0,11.0,172.0,11.0,161.0,161.0
06099001601,Census Tract 16.01,99,Stanislaus,0.0,88.0,29.0,88.0,29.0,59.0,59.0
06099001603,Census Tract 16.03,99,Stanislaus,0.0,124.0,22.0,124.0,22.0,102.0,102.0
06099001700,Census Tract 17,99,Stanislaus,0.0,51.0,33.0,51.0,33.0,18.0,18.0
06099001300,Census Tract 13,99,Stanislaus,0.0,132.0,19.0,132.0,19.0,113.0,113.0
06067005601,Census Tract 56.01,67,Sacramento,30.0,104.0,17.0,74.0,0.0,87.0,74.0
06067004402,Census Tract 44.02,67,Sacramento,0.0,70.0,24.0,70.0,24.0,46.0,46.0
06065042018,Census Tract 420.18,65,Riverside,4.0,133.0,21.0,129.0,17.0,112.0,112.0
06067004602,Census Tract 46.02,67,Sacramento,0.0,90.0,24.0,90.0,24.0,66.0,66.0
06067004801,Census Tract 48.01,67,Sacramento,0.0,148.0,20.0,148.0,20.0,128.0,128.0
06065030604,Census Tract 306.04,65,Riverside,0.0,66.0,13.0,66.0,13.0,53.0,53.0
06065041414,Census Tract 414.14,65,Riverside,0.0,88.0,14.0,88.0,14.0,74.0,74.0
06065042630,Census Tract 426.30,65,Riverside,0.0,123.0,25.0,123.0,25.0,98.0,98.0
06065043203,Census Tract 432.03,65,Riverside,0.0,59.0,3.0,59.0,3.0,56.0,56.0
06065043518,Census Tract 435.18,65,Riverside,0.0,127.0,18.0,127.0,18.0,109.0,109.0
06065043208,Census Tract 432.08,65,Riverside,0.0,100.0,25.0,100.0,25.0,75.0,75.0
06065043202,Census Tract 432.02,65,Riverside,0.0,141.0,20.0,141.0,20.0,121.0,121.0
06065042907,Census Tract 429.07,65,Riverside,0.0,75.0,7.0,75.0,7.0,68.0,68.0
06065049702,Census Tract 497.02,65,Riverside,0.0,94.0,4.0,94.0,4.0,90.0,90.0
06065050501,Census Tract 505.01,65,Riverside,0.0,150.0,26.0,150.0,26.0,124.0,124.0
06065043205,Census Tract 432.05,65,Riverside,13.0,86.0,24.0,73.0,11.0,62.0,62.0
06099001400,Census Tract 14,99,Stanislaus,6.0,156.0,21.0,150.0,15.0,135.0,135.0
06099001800,Census Tract 18,99,Stanislaus,26.0,47.0,22.0,21.0,0.0,25.0,21.0
06099001900,Census Tract 19,99,Stanislaus,0.0,93.0,22.0,93.0,22.0,71.0,71.0
06099002002,Census Tract 20.02,99,Stanislaus,2.0,64.0,8.0,62.0,6.0,56.0,56.0
06099002702,Census Tract 27.02,99,Stanislaus,0.0,151.0,24.0,151.0,24.0,127.0,127.0
06099002802,Census Tract 28.02,99,Stanislaus,0.0,164.0,4.0,164.0,4.0,160.0,160.0
06059099417,Census Tract 994.17,59,Orange,0.0,158.0,13.0,158.0,13.0,145.0,145.0
06059099504,Census Tract 995.04,59,Orange,11.0,78.0,16.0,67.0,5.0,62.0,62.0
06067004802,Census Tract 48.02,67,Sacramento,0.0,134.0,23.0,134.0,23.0,111.0,111.0
06065042752,Census Tract 427.52,65,Riverside,0.0,124.0,12.0,124.0,12.0,112.0,112.0
06067004904,Census Tract 49.04,67,Sacramento,0.0,106.0,17.0,106.0,17.0,89.0,89.0
06067005201,Census Tract 52.01,67,Sacramento,20.0,67.0,19.0,47.0,0.0,48.0,47.0
06065043295,Census Tract 432.95,65,Riverside,10.0,84.0,18.0,74.0,8.0,66.0,66.0
06065043204,Census Tract 432.04,65,Riverside,0.0,146.0,14.0,146.0,14.0,132.0,132.0
06065043296,Census Tract 432.96,65,Riverside,20.0,100.0,13.0,80.0,0.0,87.0,80.0
06065042750,Census Tract 427.50,65,Riverside,12.0,116.0,9.0,104.0,0.0,107.0,104.0
06065051401,Census Tract 514.01,65,Riverside,0.0,86.0,17.0,86.0,17.0,69.0,69.0
06065042748,Census Tract 427.48,65,Riverside,0.0,218.0,13.0,218.0,13.0,205.0,205.0
06065045234,Census Tract 452.34,65,Riverside,0.0,119.0,21.0,119.0,21.0,98.0,98.0
06065045129,Census Tract 451.29,65,Riverside,8.0,136.0,13.0,128.0,5.0,123.0,123.0
06065042749,Census Tract 427.49,65,Riverside,0.0,159.0,18.0,159.0,18.0,141.0,141.0
06065049701,Census Tract 497.01,65,Riverside,0.0,77.0,21.0,77.0,21.0,56.0,56.0
06065050702,Census Tract 507.02,65,Riverside,0.0,94.0,18.0,94.0,18.0,76.0,76.0
06065050401,Census Tract 504.01,65,Riverside,0.0,109.0,21.0,109.0,21.0,88.0,88.0
06037135102,Census Tract 1351.02,37,Los Angeles,0.0,91.0,10.0,91.0,10.0,81.0,81.0
06037135111,Census Tract 1351.11,37,Los Angeles,4.0,70.0,13.0,66.0,9.0,57.0,57.0
06099003909,Census Tract 39.09,99,Stanislaus,0.0,120.0,23.0,120.0,23.0,97.0,97.0
06099003905,Census Tract 39.05,99,Stanislaus,0.0,82.0,24.0,82.0,24.0,58.0,58.0
06059110006,Census Tract 1100.06,59,Orange,0.0,69.0,21.0,69.0,21.0,48.0,48.0
06059110008,Census Tract 1100.08,59,Orange,4.0,117.0,18.0,113.0,14.0,99.0,99.0
06059110010,Census Tract 1100.10,59,Orange,1.0,97.0,21.0,96.0,20.0,76.0,76.0
06059110011,Census Tract 1100.11,59,Orange,0.0,68.0,21.0,68.0,21.0,47.0,47.0
06067005202,Census Tract 52.02,67,Sacramento,0.0,64.0,20.0,64.0,20.0,44.0,44.0
06099003906,Census Tract 39.06,99,Stanislaus,2.0,99.0,32.0,97.0,30.0,67.0,67.0
06099003907,Census Tract 39.07,99,Stanislaus,0.0,153.0,19.0,153.0,19.0,134.0,134.0
06099000506,Census Tract 5.06,99,Stanislaus,4.0,97.0,18.0,93.0,14.0,79.0,79.0
06075025200,Census Tract 252,75,San Francisco,1.0,70.0,4.0,69.0,3.0,66.0,66.0
06075025300,Census Tract 253,75,San Francisco,4.0,59.0,5.0,55.0,1.0,54.0,54.0
06075025402,Census Tract 254.02,75,San Francisco,0.0,47.0,6.0,47.0,6.0,41.0,41.0
06067005605,Census Tract 56.05,67,Sacramento,2.0,69.0,24.0,67.0,22.0,45.0,45.0
06037910404,Census Tract 9104.04,37,Los Angeles,0.0,86.0,8.0,86.0,8.0,78.0,78.0
06037910602,Census Tract 9106.02,37,Los Angeles,4.0,83.0,9.0,79.0,5.0,74.0,74.0
06075025600,Census Tract 256,75,San Francisco,0.0,90.0,5.0,90.0,5.0,85.0,85.0
06067005702,Census Tract 57.02,67,Sacramento,1.0,90.0,15.0,89.0,14.0,75.0,75.0
06067005606,Census Tract 56.06,67,Sacramento,0.0,95.0,17.0,95.0,17.0,78.0,78.0
06067005701,Census Tract 57.01,67,Sacramento,1.0,78.0,17.0,77.0,16.0,61.0,61.0
06067005801,Census Tract 58.01,67,Sacramento,3.0,105.0,17.0,102.0,14.0,88.0,88.0
06067002900,Census Tract 29,67,Sacramento,0.0,90.0,18.0,90.0,18.0,72.0,72.0
06065041914,Census Tract 419.14,65,Riverside,0.0,198.0,7.0,198.0,7.0,191.0,191.0
06067003101,Census Tract 31.01,67,Sacramento,0.0,64.0,24.0,64.0,24.0,40.0,40.0
06065050402,Census Tract 504.02,65,Riverside,0.0,117.0,26.0,117.0,26.0,91.0,91.0
06065050701,Census Tract 507.01,65,Riverside,10.0,309.0,9.0,299.0,0.0,300.0,299.0
06065042751,Census Tract 427.51,65,Riverside,0.0,194.0,22.0,194.0,22.0,172.0,172.0
06065050502,Census Tract 505.02,65,Riverside,0.0,76.0,29.0,76.0,29.0,47.0,47.0
06065050302,Census Tract 503.02,65,Riverside,0.0,162.0,10.0,162.0,10.0,152.0,152.0
06065043210,Census Tract 432.10,65,Riverside,0.0,96.0,17.0,96.0,17.0,79.0,79.0
06065043209,Census Tract 432.09,65,Riverside,0.0,81.0,22.0,81.0,22.0,59.0,59.0
06065050301,Census Tract 503.01,65,Riverside,0.0,145.0,24.0,145.0,24.0,121.0,121.0
06065049501,Census Tract 495.01,65,Riverside,0.0,83.0,29.0,83.0,29.0,54.0,54.0
06065041601,Census Tract 416.01,65,Riverside,0.0,53.0,36.0,53.0,36.0,17.0,17.0
06065049502,Census Tract 495.02,65,Riverside,10.0,68.0,22.0,58.0,12.0,46.0,46.0
06065045708,Census Tract 457.08,65,Riverside,0.0,81.0,25.0,81.0,25.0,56.0,56.0
06065045619,Census Tract 456.19,65,Riverside,1.0,143.0,4.0,142.0,3.0,139.0,139.0
06065045616,Census Tract 456.16,65,Riverside,0.0,52.0,5.0,52.0,5.0,47.0,47.0
06065045612,Census Tract 456.12,65,Riverside,0.0,52.0,2.0,52.0,2.0,50.0,50.0
06065045610,Census Tract 456.10,65,Riverside,0.0,125.0,5.0,125.0,5.0,120.0,120.0
06065045617,Census Tract 456.17,65,Riverside,0.0,59.0,5.0,59.0,5.0,54.0,54.0
06065044523,Census Tract 445.23,65,Riverside,0.0,41.0,6.0,41.0,6.0,35.0,35.0
06065045615,Census Tract 456.15,65,Riverside,0.0,86.0,5.0,86.0,5.0,81.0,81.0
06065045306,Census Tract 453.06,65,Riverside,46.0,153.0,18.0,107.0,0.0,135.0,107.0
06065045305,Census Tract 453.05,65,Riverside,4.0,122.0,19.0,118.0,15.0,103.0,103.0
06065051402,Census Tract 514.02,65,Riverside,20.0,74.0,17.0,54.0,0.0,57.0,54.0
06065045709,Census Tract 457.09,65,Riverside,0.0,86.0,25.0,86.0,25.0,61.0,61.0
06059074701,Census Tract 747.01,59,Orange,0.0,185.0,24.0,185.0,24.0,161.0,161.0
06059074702,Census Tract 747.02,59,Orange,0.0,111.0,26.0,111.0,26.0,85.0,85.0
06067002800,Census Tract 28,67,Sacramento,0.0,55.0,28.0,55.0,28.0,27.0,27.0
06067003102,Census Tract 31.02,67,Sacramento,0.0,57.0,25.0,57.0,25.0,32.0,32.0
06065040619,Census Tract 406.19,65,Riverside,0.0,78.0,23.0,78.0,23.0,55.0,55.0
06065040617,Census Tract 406.17,65,Riverside,0.0,124.0,20.0,124.0,20.0,104.0,104.0
06065040620,Census Tract 406.20,65,Riverside,0.0,118.0,23.0,118.0,23.0,95.0,95.0
06065040621,Census Tract 406.21,65,Riverside,0.0,64.0,29.0,64.0,29.0,35.0,35.0
06065042906,Census Tract 429.06,65,Riverside,0.0,120.0,10.0,120.0,10.0,110.0,110.0
06065041915,Census Tract 419.15,65,Riverside,0.0,658.0,5.0,658.0,5.0,653.0,653.0
06065047902,Census Tract 479.02,65,Riverside,0.0,137.0,13.0,137.0,13.0,124.0,124.0
06065042905,Census Tract 429.05,65,Riverside,0.0,92.0,9.0,92.0,9.0,83.0,83.0
06065042908,Census Tract 429.08,65,Riverside,0.0,86.0,14.0,86.0,14.0,72.0,72.0
06065043201,Census Tract 432.01,65,Riverside,0.0,71.0,20.0,71.0,20.0,51.0,51.0
06071012300,Census Tract 123,71,San Bernardino,0.0,33.0,34.0,33.0,34.0,-1.0,-1.0
06071007104,Census Tract 71.04,71,San Bernardino,5.0,72.0,17.0,67.0,12.0,55.0,55.0
06059074602,Census Tract 746.02,59,Orange,0.0,154.0,24.0,154.0,24.0,130.0,130.0
06059074802,Census Tract 748.02,59,Orange,4.0,100.0,23.0,96.0,19.0,77.0,77.0
06059075303,Census Tract 753.03,59,Orange,4.0,63.0,21.0,59.0,17.0,42.0,42.0
06059075401,Census Tract 754.01,59,Orange,0.0,81.0,20.0,81.0,20.0,61.0,61.0
06059075403,Census Tract 754.03,59,Orange,48.0,207.0,15.0,159.0,0.0,192.0,159.0
06059075404,Census Tract 754.04,59,Orange,2.0,176.0,17.0,174.0,15.0,159.0,159.0
06065042214,Census Tract 422.14,65,Riverside,0.0,177.0,6.0,177.0,6.0,171.0,171.0
06037135202,Census Tract 1352.02,37,Los Angeles,0.0,104.0,10.0,104.0,10.0,94.0,94.0
06065042004,Census Tract 420.04,65,Riverside,0.0,108.0,14.0,108.0,14.0,94.0,94.0
06065046403,Census Tract 464.03,65,Riverside,0.0,171.0,12.0,171.0,12.0,159.0,159.0
06065042206,Census Tract 422.06,65,Riverside,0.0,102.0,20.0,102.0,20.0,82.0,82.0
06065040302,Census Tract 403.02,65,Riverside,0.0,353.0,14.0,353.0,14.0,339.0,339.0
06065042003,Census Tract 420.03,65,Riverside,0.0,150.0,10.0,150.0,10.0,140.0,140.0
06065041806,Census Tract 418.06,65,Riverside,0.0,104.0,26.0,104.0,26.0,78.0,78.0
06065042213,Census Tract 422.13,65,Riverside,0.0,62.0,20.0,62.0,20.0,42.0,42.0
06037910707,Census Tract 9107.07,37,Los Angeles,0.0,105.0,5.0,105.0,5.0,100.0,100.0
06065041909,Census Tract 419.09,65,Riverside,28.0,107.0,11.0,79.0,0.0,96.0,79.0
06065043005,Census Tract 430.05,65,Riverside,23.0,153.0,9.0,130.0,0.0,144.0,130.0
06065042207,Census Tract 422.07,65,Riverside,0.0,59.0,21.0,59.0,21.0,38.0,38.0
06065042008,Census Tract 420.08,65,Riverside,0.0,292.0,4.0,292.0,4.0,288.0,288.0
06067005002,Census Tract 50.02,67,Sacramento,0.0,141.0,15.0,141.0,15.0,126.0,126.0
06067004906,Census Tract 49.06,67,Sacramento,0.0,60.0,28.0,60.0,28.0,32.0,32.0
06067005101,Census Tract 51.01,67,Sacramento,0.0,139.0,19.0,139.0,19.0,120.0,120.0
06111007403,Census Tract 74.03,111,Ventura,14.0,337.0,14.0,323.0,0.0,323.0,323.0
06111007201,Census Tract 72.01,111,Ventura,10.0,94.0,14.0,84.0,4.0,80.0,80.0
06111007505,Census Tract 75.05,111,Ventura,0.0,86.0,21.0,86.0,21.0,65.0,65.0
06111007507,Census Tract 75.07,111,Ventura,0.0,268.0,8.0,268.0,8.0,260.0,260.0
06059087504,Census Tract 875.04,59,Orange,0.0,142.0,25.0,142.0,25.0,117.0,117.0
06059087601,Census Tract 876.01,59,Orange,0.0,90.0,21.0,90.0,21.0,69.0,69.0
06059087602,Census Tract 876.02,59,Orange,0.0,201.0,17.0,201.0,17.0,184.0,184.0
06059087701,Census Tract 877.01,59,Orange,1.0,105.0,21.0,104.0,20.0,84.0,84.0
06059087703,Census Tract 877.03,59,Orange,0.0,133.0,21.0,133.0,21.0,112.0,112.0
06059089003,Census Tract 890.03,59,Orange,0.0,92.0,21.0,92.0,21.0,71.0,71.0
06059089004,Census Tract 890.04,59,Orange,0.0,143.0,21.0,143.0,21.0,122.0,122.0
06099002004,Census Tract 20.04,99,Stanislaus,0.0,139.0,21.0,139.0,21.0,118.0,118.0
06059089102,Census Tract 891.02,59,Orange,0.0,151.0,19.0,151.0,19.0,132.0,132.0
06059089104,Census Tract 891.04,59,Orange,2.0,90.0,27.0,88.0,25.0,63.0,63.0
06059089105,Census Tract 891.05,59,Orange,0.0,117.0,22.0,117.0,22.0,95.0,95.0
06065041703,Census Tract 417.03,65,Riverside,4.0,146.0,33.0,142.0,29.0,113.0,113.0
06065041500,Census Tract 415,65,Riverside,11.0,65.0,9.0,54.0,0.0,56.0,54.0
06065044807,Census Tract 448.07,65,Riverside,0.0,44.0,3.0,44.0,3.0,41.0,41.0
06065046401,Census Tract 464.01,65,Riverside,0.0,83.0,2.0,83.0,2.0,81.0,81.0
06065042401,Census Tract 424.01,65,Riverside,0.0,50.0,7.0,50.0,7.0,43.0,43.0
06065043802,Census Tract 438.02,65,Riverside,12.0,127.0,13.0,115.0,1.0,114.0,114.0
06065042208,Census Tract 422.08,65,Riverside,0.0,68.0,24.0,68.0,24.0,44.0,44.0
06065030603,Census Tract 306.03,65,Riverside,0.0,70.0,17.0,70.0,17.0,53.0,53.0
06065041904,Census Tract 419.04,65,Riverside,15.0,88.0,17.0,73.0,2.0,71.0,71.0
06065043701,Census Tract 437.01,65,Riverside,0.0,77.0,7.0,77.0,7.0,70.0,70.0
06065046405,Census Tract 464.05,65,Riverside,0.0,89.0,16.0,89.0,16.0,73.0,73.0
06065043509,Census Tract 435.09,65,Riverside,0.0,92.0,11.0,92.0,11.0,81.0,81.0
06065042521,Census Tract 425.21,65,Riverside,0.0,101.0,26.0,101.0,26.0,75.0,75.0
06067002200,Census Tract 22,67,Sacramento,0.0,94.0,16.0,94.0,16.0,78.0,78.0
06099002100,Census Tract 21,99,Stanislaus,0.0,60.0,16.0,60.0,16.0,44.0,44.0
06075025800,Census Tract 258,75,San Francisco,0.0,42.0,7.0,42.0,7.0,35.0,35.0
06059099508,Census Tract 995.08,59,Orange,2.0,138.0,22.0,136.0,20.0,116.0,116.0
06059099509,Census Tract 995.09,59,Orange,0.0,75.0,23.0,75.0,23.0,52.0,52.0
06059099506,Census Tract 995.06,59,Orange,0.0,44.0,15.0,44.0,15.0,29.0,29.0
06065042412,Census Tract 424.12,65,Riverside,0.0,94.0,5.0,94.0,5.0,89.0,89.0
06065042005,Census Tract 420.05,65,Riverside,0.0,119.0,11.0,119.0,11.0,108.0,108.0
06065045900,Census Tract 459,65,Riverside,0.0,40.0,2.0,40.0,2.0,38.0,38.0
06065040902,Census Tract 409.02,65,Riverside,0.0,95.0,12.0,95.0,12.0,83.0,83.0
06065044507,Census Tract 445.07,65,Riverside,0.0,99.0,10.0,99.0,10.0,89.0,89.0
06065043809,Census Tract 438.09,65,Riverside,0.0,317.0,7.0,317.0,7.0,310.0,310.0
06067004008,Census Tract 40.08,67,Sacramento,0.0,64.0,21.0,64.0,21.0,43.0,43.0
06067004011,Census Tract 40.11,67,Sacramento,0.0,62.0,24.0,62.0,24.0,38.0,38.0
06099002803,Census Tract 28.03,99,Stanislaus,0.0,59.0,25.0,59.0,25.0,34.0,34.0
06075025900,Census Tract 259,75,San Francisco,0.0,72.0,4.0,72.0,4.0,68.0,68.0
06075026002,Census Tract 260.02,75,San Francisco,0.0,60.0,6.0,60.0,6.0,54.0,54.0
06075026004,Census Tract 260.04,75,San Francisco,0.0,62.0,6.0,62.0,6.0,56.0,56.0
06075020500,Census Tract 205,75,San Francisco,0.0,49.0,7.0,49.0,7.0,42.0,42.0
06075061000,Census Tract 610,75,San Francisco,0.0,84.0,2.0,84.0,2.0,82.0,82.0
06037533402,Census Tract 5334.02,37,Los Angeles,0.0,71.0,18.0,71.0,18.0,53.0,53.0
06037533501,Census Tract 5335.01,37,Los Angeles,0.0,52.0,20.0,52.0,20.0,32.0,32.0
06037576503,Census Tract 5765.03,37,Los Angeles,0.0,61.0,23.0,61.0,23.0,38.0,38.0
06059110012,Census Tract 1100.12,59,Orange,4.0,111.0,16.0,107.0,12.0,95.0,95.0
06059110014,Census Tract 1100.14,59,Orange,4.0,113.0,30.0,109.0,26.0,83.0,83.0
06059110202,Census Tract 1102.02,59,Orange,0.0,173.0,21.0,173.0,21.0,152.0,152.0
06067003400,Census Tract 34,67,Sacramento,0.0,86.0,18.0,86.0,18.0,68.0,68.0
06067003300,Census Tract 33,67,Sacramento,26.0,89.0,18.0,63.0,0.0,71.0,63.0
06067003502,Census Tract 35.02,67,Sacramento,0.0,59.0,24.0,59.0,24.0,35.0,35.0
06065046402,Census Tract 464.02,65,Riverside,0.0,116.0,11.0,116.0,11.0,105.0,105.0
06065030200,Census Tract 302,65,Riverside,0.0,91.0,14.0,91.0,14.0,77.0,77.0
06065040201,Census Tract 402.01,65,Riverside,2.0,185.0,11.0,183.0,9.0,174.0,174.0
06065044300,Census Tract 443,65,Riverside,2.0,108.0,14.0,106.0,12.0,94.0,94.0
06065042209,Census Tract 422.09,65,Riverside,8.0,70.0,14.0,62.0,6.0,56.0,56.0
06065040701,Census Tract 407.01,65,Riverside,0.0,57.0,17.0,57.0,17.0,40.0,40.0
06065040606,Census Tract 406.06,65,Riverside,0.0,77.0,20.0,77.0,20.0,57.0,57.0
06065031701,Census Tract 317.01,65,Riverside,0.0,73.0,8.0,73.0,8.0,65.0,65.0
06065044904,Census Tract 449.04,65,Riverside,0.0,108.0,6.0,108.0,6.0,102.0,102.0
06059110304,Census Tract 1103.04,59,Orange,0.0,87.0,21.0,87.0,21.0,66.0,66.0
06059110401,Census Tract 1104.01,59,Orange,14.0,100.0,16.0,86.0,2.0,84.0,84.0
06059110402,Census Tract 1104.02,59,Orange,1.0,115.0,17.0,114.0,16.0,98.0,98.0
06065043222,Census Tract 432.22,65,Riverside,18.0,117.0,11.0,99.0,0.0,106.0,99.0
06065043001,Census Tract 430.01,65,Riverside,11.0,726.0,7.0,715.0,0.0,719.0,715.0
06065030602,Census Tract 306.02,65,Riverside,0.0,80.0,18.0,80.0,18.0,62.0,62.0
06065042509,Census Tract 425.09,65,Riverside,0.0,64.0,29.0,64.0,29.0,35.0,35.0
06065041003,Census Tract 410.03,65,Riverside,0.0,55.0,24.0,55.0,24.0,31.0,31.0
06065041004,Census Tract 410.04,65,Riverside,0.0,95.0,10.0,95.0,10.0,85.0,85.0
06065042009,Census Tract 420.09,65,Riverside,0.0,210.0,10.0,210.0,10.0,200.0,200.0
06065040502,Census Tract 405.02,65,Riverside,0.0,150.0,11.0,150.0,11.0,139.0,139.0
06059075405,Census Tract 754.05,59,Orange,4.0,62.0,26.0,58.0,22.0,36.0,36.0
06059075505,Census Tract 755.05,59,Orange,3.0,70.0,19.0,67.0,16.0,51.0,51.0
06059075506,Census Tract 755.06,59,Orange,2.0,66.0,21.0,64.0,19.0,45.0,45.0
06059075507,Census Tract 755.07,59,Orange,0.0,110.0,21.0,110.0,21.0,89.0,89.0
06059075513,Census Tract 755.13,59,Orange,0.0,96.0,30.0,96.0,30.0,66.0,66.0
06059075514,Census Tract 755.14,59,Orange,0.0,69.0,34.0,69.0,34.0,35.0,35.0
06067003700,Census Tract 37,67,Sacramento,0.0,81.0,23.0,81.0,23.0,58.0,58.0
06067003800,Census Tract 38,67,Sacramento,2.0,94.0,12.0,92.0,10.0,82.0,82.0
06037920015,Census Tract 9200.15,37,Los Angeles,0.0,91.0,4.0,91.0,4.0,87.0,87.0
06111007508,Census Tract 75.08,111,Ventura,0.0,97.0,20.0,97.0,20.0,77.0,77.0
06059076201,Census Tract 762.01,59,Orange,0.0,250.0,16.0,250.0,16.0,234.0,234.0
06059087704,Census Tract 877.04,59,Orange,0.0,94.0,21.0,94.0,21.0,73.0,73.0
06065043298,Census Tract 432.98,65,Riverside,0.0,112.0,23.0,112.0,23.0,89.0,89.0
06065043319,Census Tract 433.19,65,Riverside,0.0,143.0,7.0,143.0,7.0,136.0,136.0
06065043292,Census Tract 432.92,65,Riverside,1.0,106.0,3.0,105.0,2.0,103.0,103.0
06065043297,Census Tract 432.97,65,Riverside,2.0,397.0,6.0,395.0,4.0,391.0,391.0
06065043294,Census Tract 432.94,65,Riverside,0.0,72.0,19.0,72.0,19.0,53.0,53.0
06065043293,Census Tract 432.93,65,Riverside,2.0,66.0,3.0,64.0,1.0,63.0,63.0
06065042802,Census Tract 428.02,65,Riverside,0.0,126.0,19.0,126.0,19.0,107.0,107.0
06065041415,Census Tract 414.15,65,Riverside,0.0,86.0,6.0,86.0,6.0,80.0,80.0
06065047901,Census Tract 479.01,65,Riverside,0.0,90.0,24.0,90.0,24.0,66.0,66.0
06065043207,Census Tract 432.07,65,Riverside,4.0,111.0,23.0,107.0,19.0,88.0,88.0
06065042747,Census Tract 427.47,65,Riverside,2.0,72.0,17.0,70.0,15.0,55.0,55.0
06065043318,Census Tract 433.18,65,Riverside,0.0,112.0,24.0,112.0,24.0,88.0,88.0
06065042801,Census Tract 428.01,65,Riverside,5.0,86.0,22.0,81.0,17.0,64.0,64.0
06065041413,Census Tract 414.13,65,Riverside,0.0,144.0,13.0,144.0,13.0,131.0,131.0
06065044407,Census Tract 444.07,65,Riverside,2.0,74.0,1.0,72.0,0.0,73.0,72.0
06065043520,Census Tract 435.20,65,Riverside,0.0,52.0,13.0,52.0,13.0,39.0,39.0
06065042628,Census Tract 426.28,65,Riverside,4.0,82.0,31.0,78.0,27.0,51.0,51.0
06065042746,Census Tract 427.46,65,Riverside,0.0,77.0,35.0,77.0,35.0,42.0,42.0
06065042626,Census Tract 426.26,65,Riverside,0.0,204.0,8.0,204.0,8.0,196.0,196.0
06065042627,Census Tract 426.27,65,Riverside,0.0,83.0,30.0,83.0,30.0,53.0,53.0
06065041602,Census Tract 416.02,65,Riverside,6.0,82.0,21.0,76.0,15.0,61.0,61.0
06065042015,Census Tract 420.15,65,Riverside,4.0,127.0,24.0,123.0,20.0,103.0,103.0
06065042016,Census Tract 420.16,65,Riverside,0.0,53.0,31.0,53.0,31.0,22.0,22.0
06065042017,Census Tract 420.17,65,Riverside,0.0,76.0,27.0,76.0,27.0,49.0,49.0
06037920016,Census Tract 9200.16,37,Los Angeles,0.0,80.0,9.0,80.0,9.0,71.0,71.0
06037920017,Census Tract 9200.17,37,Los Angeles,0.0,114.0,9.0,114.0,9.0,105.0,105.0
06037920018,Census Tract 9200.18,37,Los Angeles,0.0,54.0,13.0,54.0,13.0,41.0,41.0
06059087801,Census Tract 878.01,59,Orange,17.0,104.0,21.0,87.0,4.0,83.0,83.0
06067002100,Census Tract 21,67,Sacramento,14.0,59.0,22.0,45.0,8.0,37.0,37.0
06059099202,Census Tract 992.02,59,Orange,4.0,184.0,18.0,180.0,14.0,166.0,166.0
06059099203,Census Tract 992.03,59,Orange,0.0,124.0,21.0,124.0,21.0,103.0,103.0
06037134710,Census Tract 1347.10,37,Los Angeles,0.0,105.0,17.0,105.0,17.0,88.0,88.0
06099002901,Census Tract 29.01,99,Stanislaus,0.0,120.0,2.0,120.0,2.0,118.0,118.0
06075026100,Census Tract 261,75,San Francisco,0.0,110.0,4.0,110.0,4.0,106.0,106.0
06059074003,Census Tract 740.03,59,Orange,22.0,69.0,13.0,47.0,0.0,56.0,47.0
06059099243,Census Tract 992.43,59,Orange,0.0,99.0,21.0,99.0,21.0,78.0,78.0
06059099244,Census Tract 992.44,59,Orange,0.0,91.0,21.0,91.0,21.0,70.0,70.0
06059099510,Census Tract 995.10,59,Orange,7.0,88.0,21.0,81.0,14.0,67.0,67.0
06059110203,Census Tract 1102.03,59,Orange,0.0,110.0,21.0,110.0,21.0,89.0,89.0
06059110301,Census Tract 1103.01,59,Orange,4.0,166.0,18.0,162.0,14.0,148.0,148.0
06059110302,Census Tract 1103.02,59,Orange,0.0,133.0,16.0,133.0,16.0,117.0,117.0
06059110500,Census Tract 1105,59,Orange,36.0,255.0,11.0,219.0,0.0,244.0,219.0
06059110603,Census Tract 1106.03,59,Orange,10.0,313.0,18.0,303.0,8.0,295.0,295.0
06059110604,Census Tract 1106.04,59,Orange,0.0,384.0,13.0,384.0,13.0,371.0,371.0
06059110605,Census Tract 1106.05,59,Orange,0.0,137.0,16.0,137.0,16.0,121.0,121.0
06015000202,Census Tract 2.02,15,Del Norte,7.0,79.0,2.0,72.0,0.0,77.0,72.0
06059001201,Census Tract 12.01,59,Orange,0.0,123.0,26.0,123.0,26.0,97.0,97.0
06059063500,Census Tract 635,59,Orange,4.0,153.0,12.0,149.0,8.0,141.0,141.0
06059063601,Census Tract 636.01,59,Orange,0.0,89.0,18.0,89.0,18.0,71.0,71.0
06059063603,Census Tract 636.03,59,Orange,16.0,160.0,12.0,144.0,0.0,148.0,144.0
06015000101,Census Tract 1.01,15,Del Norte,10.0,55.0,29.0,45.0,19.0,26.0,26.0
06015000203,Census Tract 2.03,15,Del Norte,0.0,40.0,4.0,40.0,4.0,36.0,36.0
06015000201,Census Tract 2.01,15,Del Norte,0.0,137.0,7.0,137.0,7.0,130.0,130.0
06015000102,Census Tract 1.02,15,Del Norte,18.0,101.0,16.0,83.0,0.0,85.0,83.0
06111002600,Census Tract 26,111,Ventura,2.0,68.0,23.0,66.0,21.0,45.0,45.0
06059075603,Census Tract 756.03,59,Orange,0.0,83.0,19.0,83.0,19.0,64.0,64.0
06059075606,Census Tract 756.06,59,Orange,0.0,141.0,10.0,141.0,10.0,131.0,131.0
06059076202,Census Tract 762.02,59,Orange,0.0,144.0,16.0,144.0,16.0,128.0,128.0
06059076204,Census Tract 762.04,59,Orange,13.0,99.0,9.0,86.0,0.0,90.0,86.0
06059076205,Census Tract 762.05,59,Orange,5.0,196.0,18.0,191.0,13.0,178.0,178.0
06037700901,Census Tract 7009.01,37,Los Angeles,3.0,97.0,13.0,94.0,10.0,84.0,84.0
06037700902,Census Tract 7009.02,37,Los Angeles,10.0,185.0,13.0,175.0,3.0,172.0,172.0
06037701000,Census Tract 7010,37,Los Angeles,27.0,126.0,11.0,99.0,0.0,115.0,99.0
06037701201,Census Tract 7012.01,37,Los Angeles,0.0,77.0,9.0,77.0,9.0,68.0,68.0
06037701202,Census Tract 7012.02,37,Los Angeles,0.0,64.0,20.0,64.0,20.0,44.0,44.0
06059087803,Census Tract 878.03,59,Orange,0.0,154.0,21.0,154.0,21.0,133.0,133.0
06059087805,Census Tract 878.05,59,Orange,0.0,137.0,21.0,137.0,21.0,116.0,116.0
06059087806,Census Tract 878.06,59,Orange,1.0,110.0,22.0,109.0,21.0,88.0,88.0
06059087802,Census Tract 878.02,59,Orange,3.0,268.0,21.0,265.0,18.0,247.0,247.0
06059099204,Census Tract 992.04,59,Orange,0.0,136.0,21.0,136.0,21.0,115.0,115.0
06037900602,Census Tract 9006.02,37,Los Angeles,19.0,92.0,6.0,73.0,0.0,86.0,73.0
06059099212,Census Tract 992.12,59,Orange,0.0,118.0,21.0,118.0,21.0,97.0,97.0
06059099214,Census Tract 992.14,59,Orange,0.0,82.0,21.0,82.0,21.0,61.0,61.0
06059099245,Census Tract 992.45,59,Orange,8.0,61.0,21.0,53.0,13.0,40.0,40.0
06099003002,Census Tract 30.02,99,Stanislaus,0.0,439.0,7.0,439.0,7.0,432.0,432.0
06113010508,Census Tract 105.08,113,Yolo,0.0,45.0,13.0,45.0,13.0,32.0,32.0
06059099511,Census Tract 995.11,59,Orange,3.0,60.0,16.0,57.0,13.0,44.0,44.0
06037134302,Census Tract 1343.02,37,Los Angeles,0.0,80.0,11.0,80.0,11.0,69.0,69.0
06037134303,Census Tract 1343.03,37,Los Angeles,2.0,113.0,10.0,111.0,8.0,103.0,103.0
06037134304,Census Tract 1343.04,37,Los Angeles,0.0,59.0,13.0,59.0,13.0,46.0,46.0
06037134421,Census Tract 1344.21,37,Los Angeles,0.0,98.0,9.0,98.0,9.0,89.0,89.0
06099003100,Census Tract 31,99,Stanislaus,0.0,73.0,3.0,73.0,3.0,70.0,70.0
06059110102,Census Tract 1101.02,59,Orange,12.0,150.0,19.0,138.0,7.0,131.0,131.0
06055201300,Census Tract 2013,55,Napa,18.0,54.0,11.0,36.0,0.0,43.0,36.0
06059062639,Census Tract 626.39,59,Orange,0.0,327.0,18.0,327.0,18.0,309.0,309.0
06059110607,Census Tract 1106.07,59,Orange,0.0,91.0,21.0,91.0,21.0,70.0,70.0
06059062637,Census Tract 626.37,59,Orange,4.0,141.0,19.0,137.0,15.0,122.0,122.0
06059074801,Census Tract 748.01,59,Orange,0.0,93.0,26.0,93.0,26.0,67.0,67.0
06059075809,Census Tract 758.09,59,Orange,0.0,83.0,13.0,83.0,13.0,70.0,70.0
06059110606,Census Tract 1106.06,59,Orange,0.0,93.0,24.0,93.0,24.0,69.0,69.0
06055202000,Census Tract 2020,55,Napa,15.0,104.0,8.0,89.0,0.0,96.0,89.0
06055201800,Census Tract 2018,55,Napa,0.0,42.0,1.0,42.0,1.0,41.0,41.0
06075060400,Census Tract 604,75,San Francisco,10.0,38.0,1.0,28.0,0.0,37.0,28.0
06059063605,Census Tract 636.05,59,Orange,0.0,134.0,24.0,134.0,24.0,110.0,110.0
06059063701,Census Tract 637.01,59,Orange,0.0,124.0,27.0,124.0,27.0,97.0,97.0
06059063702,Census Tract 637.02,59,Orange,6.0,124.0,21.0,118.0,15.0,103.0,103.0
06059063802,Census Tract 638.02,59,Orange,0.0,65.0,22.0,65.0,22.0,43.0,43.0
06111004400,Census Tract 44,111,Ventura,11.0,159.0,17.0,148.0,6.0,142.0,142.0
06111007607,Census Tract 76.07,111,Ventura,4.0,173.0,9.0,169.0,5.0,164.0,164.0
06111005906,Census Tract 59.06,111,Ventura,6.0,352.0,7.0,346.0,1.0,345.0,345.0
06111001204,Census Tract 12.04,111,Ventura,0.0,56.0,2.0,56.0,2.0,54.0,54.0
06111008402,Census Tract 84.02,111,Ventura,0.0,141.0,5.0,141.0,5.0,136.0,136.0
06111008304,Census Tract 83.04,111,Ventura,0.0,130.0,14.0,130.0,14.0,116.0,116.0
06111007800,Census Tract 78,111,Ventura,6.0,144.0,21.0,138.0,15.0,123.0,123.0
06111006301,Census Tract 63.01,111,Ventura,2.0,149.0,8.0,147.0,6.0,141.0,141.0
06027000200,Census Tract 2,27,Inyo,0.0,54.0,6.0,54.0,6.0,48.0,48.0
06027000500,Census Tract 5,27,Inyo,2.0,103.0,2.0,101.0,0.0,101.0,101.0
06027000400,Census Tract 4,27,Inyo,23.0,308.0,60.0,285.0,37.0,248.0,248.0
06067007206,Census Tract 72.06,67,Sacramento,0.0,59.0,6.0,59.0,6.0,53.0,53.0
06067007207,Census Tract 72.07,67,Sacramento,0.0,73.0,9.0,73.0,9.0,64.0,64.0
06067005803,Census Tract 58.03,67,Sacramento,0.0,74.0,14.0,74.0,14.0,60.0,60.0
06067005804,Census Tract 58.04,67,Sacramento,0.0,55.0,16.0,55.0,16.0,39.0,39.0
06077004204,Census Tract 42.04,77,San Joaquin,20.0,56.0,20.0,36.0,0.0,36.0,36.0
06077004302,Census Tract 43.02,77,San Joaquin,0.0,136.0,17.0,136.0,17.0,119.0,119.0
06077004305,Census Tract 43.05,77,San Joaquin,0.0,103.0,17.0,103.0,17.0,86.0,86.0
06077004402,Census Tract 44.02,77,San Joaquin,4.0,122.0,12.0,118.0,8.0,110.0,110.0
06077005003,Census Tract 50.03,77,San Joaquin,4.0,183.0,3.0,179.0,0.0,180.0,179.0
06059076206,Census Tract 762.06,59,Orange,2.0,161.0,17.0,159.0,15.0,144.0,144.0
06067007204,Census Tract 72.04,67,Sacramento,6.0,121.0,9.0,115.0,3.0,112.0,112.0
06067007209,Census Tract 72.09,67,Sacramento,0.0,77.0,17.0,77.0,17.0,60.0,60.0
06067007402,Census Tract 74.02,67,Sacramento,0.0,221.0,16.0,221.0,16.0,205.0,205.0
06067007403,Census Tract 74.03,67,Sacramento,0.0,110.0,18.0,110.0,18.0,92.0,92.0
06067007208,Census Tract 72.08,67,Sacramento,0.0,92.0,10.0,92.0,10.0,82.0,82.0
06059088001,Census Tract 880.01,59,Orange,0.0,87.0,21.0,87.0,21.0,66.0,66.0
06059088002,Census Tract 880.02,59,Orange,0.0,81.0,22.0,81.0,22.0,59.0,59.0
06067007413,Census Tract 74.13,67,Sacramento,0.0,130.0,11.0,130.0,11.0,119.0,119.0
06067007414,Census Tract 74.14,67,Sacramento,0.0,84.0,23.0,84.0,23.0,61.0,61.0
06067007416,Census Tract 74.16,67,Sacramento,0.0,74.0,25.0,74.0,25.0,49.0,49.0
06059099215,Census Tract 992.15,59,Orange,0.0,172.0,21.0,172.0,21.0,151.0,151.0
06059099216,Census Tract 992.16,59,Orange,1.0,98.0,19.0,97.0,18.0,79.0,79.0
06059099217,Census Tract 992.17,59,Orange,20.0,59.0,22.0,39.0,2.0,37.0,37.0
06059099220,Census Tract 992.20,59,Orange,3.0,138.0,12.0,135.0,9.0,126.0,126.0
06059099222,Census Tract 992.22,59,Orange,0.0,130.0,21.0,130.0,21.0,109.0,109.0
06037920029,Census Tract 9200.29,37,Los Angeles,0.0,76.0,8.0,76.0,8.0,68.0,68.0
06037920031,Census Tract 9200.31,37,Los Angeles,0.0,153.0,5.0,153.0,5.0,148.0,148.0
06059099512,Census Tract 995.12,59,Orange,4.0,70.0,31.0,66.0,27.0,39.0,39.0
06067007417,Census Tract 74.17,67,Sacramento,0.0,76.0,17.0,76.0,17.0,59.0,59.0
06037701302,Census Tract 7013.02,37,Los Angeles,4.0,93.0,19.0,89.0,15.0,74.0,74.0
06037701501,Census Tract 7015.01,37,Los Angeles,8.0,99.0,16.0,91.0,8.0,83.0,83.0
06037701601,Census Tract 7016.01,37,Los Angeles,8.0,78.0,12.0,70.0,4.0,66.0,66.0
06037701602,Census Tract 7016.02,37,Los Angeles,11.0,78.0,16.0,67.0,5.0,62.0,62.0
06037701701,Census Tract 7017.01,37,Los Angeles,10.0,62.0,16.0,52.0,6.0,46.0,46.0
06107001501,Census Tract 15.01,107,Tulare,2.0,90.0,15.0,88.0,13.0,75.0,75.0
06059099513,Census Tract 995.13,59,Orange,0.0,53.0,24.0,53.0,24.0,29.0,29.0
06059099514,Census Tract 995.14,59,Orange,0.0,132.0,15.0,132.0,15.0,117.0,117.0
06059099601,Census Tract 996.01,59,Orange,30.0,200.0,13.0,170.0,0.0,187.0,170.0
06059099602,Census Tract 996.02,59,Orange,0.0,67.0,21.0,67.0,21.0,46.0,46.0
06037702501,Census Tract 7025.01,37,Los Angeles,48.0,83.0,11.0,35.0,0.0,72.0,35.0
06037702502,Census Tract 7025.02,37,Los Angeles,1.0,78.0,10.0,77.0,9.0,68.0,68.0
06037702600,Census Tract 7026,37,Los Angeles,0.0,134.0,9.0,134.0,9.0,125.0,125.0
06037702700,Census Tract 7027,37,Los Angeles,3.0,67.0,11.0,64.0,8.0,56.0,56.0
06037702802,Census Tract 7028.02,37,Los Angeles,12.0,49.0,16.0,37.0,4.0,33.0,33.0
06059110303,Census Tract 1103.03,59,Orange,4.0,91.0,21.0,87.0,17.0,70.0,70.0
06037702803,Census Tract 7028.03,37,Los Angeles,10.0,59.0,14.0,49.0,4.0,45.0,45.0
06075026301,Census Tract 263.01,75,San Francisco,0.0,78.0,6.0,78.0,6.0,72.0,72.0
06075026302,Census Tract 263.02,75,San Francisco,0.0,71.0,4.0,71.0,4.0,67.0,67.0
06059063803,Census Tract 638.03,59,Orange,0.0,85.0,15.0,85.0,15.0,70.0,70.0
06059063805,Census Tract 638.05,59,Orange,0.0,57.0,24.0,57.0,24.0,33.0,33.0
06055200201,Census Tract 2002.01,55,Napa,0.0,82.0,18.0,82.0,18.0,64.0,64.0
06037900606,Census Tract 9006.06,37,Los Angeles,3.0,73.0,10.0,70.0,7.0,63.0,63.0
06059063807,Census Tract 638.07,59,Orange,0.0,110.0,15.0,110.0,15.0,95.0,95.0
06059074300,Census Tract 743,59,Orange,0.0,71.0,33.0,71.0,33.0,38.0,38.0
06059074403,Census Tract 744.03,59,Orange,3.0,97.0,11.0,94.0,8.0,86.0,86.0
06055200202,Census Tract 2002.02,55,Napa,34.0,54.0,21.0,20.0,0.0,33.0,20.0
06055200203,Census Tract 2002.03,55,Napa,0.0,53.0,23.0,53.0,23.0,30.0,30.0
06055200501,Census Tract 2005.01,55,Napa,0.0,132.0,15.0,132.0,15.0,117.0,117.0
06059076208,Census Tract 762.08,59,Orange,0.0,152.0,16.0,152.0,16.0,136.0,136.0
06059086301,Census Tract 863.01,59,Orange,2.0,170.0,18.0,168.0,16.0,152.0,152.0
06059086304,Census Tract 863.04,59,Orange,8.0,92.0,21.0,84.0,13.0,71.0,71.0
06059086305,Census Tract 863.05,59,Orange,0.0,87.0,20.0,87.0,20.0,67.0,67.0
06059086306,Census Tract 863.06,59,Orange,0.0,83.0,18.0,83.0,18.0,65.0,65.0
06077005001,Census Tract 50.01,77,San Joaquin,0.0,175.0,10.0,175.0,10.0,165.0,165.0
06059088101,Census Tract 881.01,59,Orange,0.0,50.0,13.0,50.0,13.0,37.0,37.0
06059088104,Census Tract 881.04,59,Orange,0.0,96.0,23.0,96.0,23.0,73.0,73.0
06059088105,Census Tract 881.05,59,Orange,0.0,91.0,22.0,91.0,22.0,69.0,69.0
06059088106,Census Tract 881.06,59,Orange,0.0,120.0,23.0,120.0,23.0,97.0,97.0
06055200503,Census Tract 2005.03,55,Napa,21.0,45.0,19.0,24.0,0.0,26.0,24.0
06075020401,Census Tract 204.01,75,San Francisco,0.0,54.0,6.0,54.0,6.0,48.0,48.0
06059099225,Census Tract 992.25,59,Orange,3.0,95.0,12.0,92.0,9.0,83.0,83.0
06061021123,Census Tract 211.23,61,Placer,0.0,198.0,10.0,198.0,10.0,188.0,188.0
06067007422,Census Tract 74.22,67,Sacramento,0.0,53.0,27.0,53.0,27.0,26.0,26.0
06087101200,Census Tract 1012,87,Santa Cruz,24.0,54.0,9.0,30.0,0.0,45.0,30.0
06059099223,Census Tract 992.23,59,Orange,0.0,146.0,21.0,146.0,21.0,125.0,125.0
06059099224,Census Tract 992.24,59,Orange,0.0,68.0,21.0,68.0,21.0,47.0,47.0
06061022014,Census Tract 220.14,61,Placer,15.0,51.0,2.0,36.0,0.0,49.0,36.0
06061022013,Census Tract 220.13,61,Placer,17.0,52.0,2.0,35.0,0.0,50.0,35.0
06061020402,Census Tract 204.02,61,Placer,0.0,81.0,12.0,81.0,12.0,69.0,69.0
06061020502,Census Tract 205.02,61,Placer,0.0,114.0,6.0,114.0,6.0,108.0,108.0
06061021204,Census Tract 212.04,61,Placer,0.0,78.0,6.0,78.0,6.0,72.0,72.0
06061021604,Census Tract 216.04,61,Placer,0.0,89.0,3.0,89.0,3.0,86.0,86.0
06061020714,Census Tract 207.14,61,Placer,2.0,79.0,22.0,77.0,20.0,57.0,57.0
06061021603,Census Tract 216.03,61,Placer,0.0,141.0,16.0,141.0,16.0,125.0,125.0
06061021122,Census Tract 211.22,61,Placer,0.0,81.0,19.0,81.0,19.0,62.0,62.0
06061020710,Census Tract 207.10,61,Placer,0.0,96.0,18.0,96.0,18.0,78.0,78.0
06061021043,Census Tract 210.43,61,Placer,0.0,134.0,14.0,134.0,14.0,120.0,120.0
06067005901,Census Tract 59.01,67,Sacramento,2.0,121.0,15.0,119.0,13.0,106.0,106.0
06067006002,Census Tract 60.02,67,Sacramento,0.0,95.0,19.0,95.0,19.0,76.0,76.0
06067006003,Census Tract 60.03,67,Sacramento,0.0,81.0,22.0,81.0,22.0,59.0,59.0
06067006101,Census Tract 61.01,67,Sacramento,2.0,81.0,16.0,79.0,14.0,65.0,65.0
06067006102,Census Tract 61.02,67,Sacramento,0.0,68.0,24.0,68.0,24.0,44.0,44.0
06059099604,Census Tract 996.04,59,Orange,0.0,77.0,21.0,77.0,21.0,56.0,56.0
06059099605,Census Tract 996.05,59,Orange,12.0,122.0,17.0,110.0,5.0,105.0,105.0
06059110104,Census Tract 1101.04,59,Orange,0.0,167.0,18.0,167.0,18.0,149.0,149.0
06067007701,Census Tract 77.01,67,Sacramento,1.0,158.0,17.0,157.0,16.0,141.0,141.0
06067007702,Census Tract 77.02,67,Sacramento,0.0,80.0,17.0,80.0,17.0,63.0,63.0
06067007801,Census Tract 78.01,67,Sacramento,0.0,114.0,14.0,114.0,14.0,100.0,100.0
06067007802,Census Tract 78.02,67,Sacramento,0.0,103.0,12.0,103.0,12.0,91.0,91.0
06067007904,Census Tract 79.04,67,Sacramento,0.0,149.0,18.0,149.0,18.0,131.0,131.0
06067007905,Census Tract 79.05,67,Sacramento,0.0,91.0,17.0,91.0,17.0,74.0,74.0
06037701702,Census Tract 7017.02,37,Los Angeles,3.0,65.0,16.0,62.0,13.0,49.0,49.0
06067006202,Census Tract 62.02,67,Sacramento,0.0,63.0,21.0,63.0,21.0,42.0,42.0
06067006300,Census Tract 63,67,Sacramento,0.0,75.0,16.0,75.0,16.0,59.0,59.0
06067006400,Census Tract 64,67,Sacramento,0.0,110.0,15.0,110.0,15.0,95.0,95.0
06037701802,Census Tract 7018.02,37,Los Angeles,2.0,86.0,11.0,84.0,9.0,75.0,75.0
06037702201,Census Tract 7022.01,37,Los Angeles,12.0,74.0,12.0,62.0,0.0,62.0,62.0
06111001401,Census Tract 14.01,111,Ventura,0.0,100.0,23.0,100.0,23.0,77.0,77.0
06089011802,Census Tract 118.02,89,Shasta,0.0,61.0,10.0,61.0,10.0,51.0,51.0
06089011701,Census Tract 117.01,89,Shasta,0.0,53.0,32.0,53.0,32.0,21.0,21.0
06089011001,Census Tract 110.01,89,Shasta,0.0,44.0,10.0,44.0,10.0,34.0,34.0
06089012603,Census Tract 126.03,89,Shasta,2.0,89.0,2.0,87.0,0.0,87.0,87.0
06089010806,Census Tract 108.06,89,Shasta,4.0,65.0,20.0,61.0,16.0,45.0,45.0
06067006600,Census Tract 66,67,Sacramento,0.0,107.0,18.0,107.0,18.0,89.0,89.0
06037703002,Census Tract 7030.02,37,Los Angeles,11.0,170.0,7.0,159.0,0.0,163.0,159.0
06037703100,Census Tract 7031,37,Los Angeles,0.0,101.0,8.0,101.0,8.0,93.0,93.0
06077005108,Census Tract 51.08,77,San Joaquin,0.0,109.0,20.0,109.0,20.0,89.0,89.0
06077005109,Census Tract 51.09,77,San Joaquin,2.0,68.0,20.0,66.0,18.0,48.0,48.0
06067008005,Census Tract 80.05,67,Sacramento,0.0,94.0,11.0,94.0,11.0,83.0,83.0
06067008006,Census Tract 80.06,67,Sacramento,0.0,107.0,12.0,107.0,12.0,95.0,95.0
06067008007,Census Tract 80.07,67,Sacramento,0.0,65.0,19.0,65.0,19.0,46.0,46.0
06067008009,Census Tract 80.09,67,Sacramento,2.0,93.0,13.0,91.0,11.0,80.0,80.0
06059086402,Census Tract 864.02,59,Orange,0.0,140.0,22.0,140.0,22.0,118.0,118.0
06059086404,Census Tract 864.04,59,Orange,0.0,160.0,22.0,160.0,22.0,138.0,138.0
06059086406,Census Tract 864.06,59,Orange,0.0,84.0,23.0,84.0,23.0,61.0,61.0
06059086407,Census Tract 864.07,59,Orange,0.0,146.0,16.0,146.0,16.0,130.0,130.0
06067008010,Census Tract 80.10,67,Sacramento,0.0,163.0,12.0,163.0,12.0,151.0,151.0
06067008111,Census Tract 81.11,67,Sacramento,0.0,145.0,16.0,145.0,16.0,129.0,129.0
06067008113,Census Tract 81.13,67,Sacramento,0.0,75.0,21.0,75.0,21.0,54.0,54.0
06067008117,Census Tract 81.17,67,Sacramento,0.0,53.0,28.0,53.0,28.0,25.0,25.0
06067008119,Census Tract 81.19,67,Sacramento,1.0,136.0,17.0,135.0,16.0,119.0,119.0
06067008120,Census Tract 81.20,67,Sacramento,2.0,103.0,19.0,101.0,17.0,84.0,84.0
06059086501,Census Tract 865.01,59,Orange,0.0,71.0,20.0,71.0,20.0,51.0,51.0
06059086502,Census Tract 865.02,59,Orange,0.0,153.0,23.0,153.0,23.0,130.0,130.0
06059088107,Census Tract 881.07,59,Orange,4.0,134.0,22.0,130.0,18.0,112.0,112.0
06059088201,Census Tract 882.01,59,Orange,6.0,85.0,21.0,79.0,15.0,64.0,64.0
06059088202,Census Tract 882.02,59,Orange,0.0,71.0,25.0,71.0,25.0,46.0,46.0
06059088203,Census Tract 882.03,59,Orange,0.0,80.0,21.0,80.0,21.0,59.0,59.0
06059088301,Census Tract 883.01,59,Orange,0.0,133.0,19.0,133.0,19.0,114.0,114.0
06067007001,Census Tract 70.01,67,Sacramento,0.0,90.0,15.0,90.0,15.0,75.0,75.0
06037402304,Census Tract 4023.04,37,Los Angeles,0.0,70.0,15.0,70.0,15.0,55.0,55.0
06037208301,Census Tract 2083.01,37,Los Angeles,0.0,40.0,42.0,40.0,42.0,-2.0,-2.0
06067007007,Census Tract 70.07,67,Sacramento,0.0,107.0,14.0,107.0,14.0,93.0,93.0
06037219901,Census Tract 2199.01,37,Los Angeles,1.0,85.0,18.0,84.0,17.0,67.0,67.0
06059099226,Census Tract 992.26,59,Orange,0.0,91.0,21.0,91.0,21.0,70.0,70.0
06067007501,Census Tract 75.01,67,Sacramento,2.0,157.0,17.0,155.0,15.0,140.0,140.0
06067007503,Census Tract 75.03,67,Sacramento,0.0,92.0,20.0,92.0,20.0,72.0,72.0
06067007504,Census Tract 75.04,67,Sacramento,14.0,47.0,15.0,33.0,1.0,32.0,32.0
06037551401,Census Tract 5514.01,37,Los Angeles,6.0,79.0,15.0,73.0,9.0,64.0,64.0
06037651401,Census Tract 6514.01,37,Los Angeles,0.0,57.0,13.0,57.0,13.0,44.0,44.0
06037670324,Census Tract 6703.24,37,Los Angeles,0.0,161.0,6.0,161.0,6.0,155.0,155.0
06059099246,Census Tract 992.46,59,Orange,0.0,81.0,21.0,81.0,21.0,60.0,60.0
06059099701,Census Tract 997.01,59,Orange,16.0,144.0,17.0,128.0,1.0,127.0,127.0
06067007011,Census Tract 70.11,67,Sacramento,0.0,151.0,19.0,151.0,19.0,132.0,132.0
06067007012,Census Tract 70.12,67,Sacramento,0.0,67.0,26.0,67.0,26.0,41.0,41.0
06067007013,Census Tract 70.13,67,Sacramento,0.0,61.0,33.0,61.0,33.0,28.0,28.0
06019005515,Census Tract 55.15,19,Fresno,0.0,48.0,4.0,48.0,4.0,44.0,44.0
06059110106,Census Tract 1101.06,59,Orange,0.0,80.0,28.0,80.0,28.0,52.0,52.0
06067007202,Census Tract 72.02,67,Sacramento,0.0,76.0,8.0,76.0,8.0,68.0,68.0
06077005123,Census Tract 51.23,77,San Joaquin,2.0,89.0,16.0,87.0,14.0,73.0,73.0
06077005125,Census Tract 51.25,77,San Joaquin,0.0,51.0,26.0,51.0,26.0,25.0,25.0
06077005126,Census Tract 51.26,77,San Joaquin,0.0,103.0,22.0,103.0,22.0,81.0,81.0
06077005303,Census Tract 53.03,77,San Joaquin,4.0,144.0,22.0,140.0,18.0,122.0,122.0
06077005403,Census Tract 54.03,77,San Joaquin,0.0,147.0,17.0,147.0,17.0,130.0,130.0
06111006200,Census Tract 62,111,Ventura,0.0,65.0,11.0,65.0,11.0,54.0,54.0
06111006302,Census Tract 63.02,111,Ventura,0.0,78.0,21.0,78.0,21.0,57.0,57.0
06059074803,Census Tract 748.03,59,Orange,0.0,292.0,18.0,292.0,18.0,274.0,274.0
06059075607,Census Tract 756.07,59,Orange,0.0,184.0,17.0,184.0,17.0,167.0,167.0
06059075701,Census Tract 757.01,59,Orange,0.0,186.0,17.0,186.0,17.0,169.0,169.0
06059075805,Census Tract 758.05,59,Orange,0.0,87.0,21.0,87.0,21.0,66.0,66.0
06059086601,Census Tract 866.01,59,Orange,0.0,187.0,21.0,187.0,21.0,166.0,166.0
06111006500,Census Tract 65,111,Ventura,0.0,80.0,21.0,80.0,21.0,59.0,59.0
06111007700,Census Tract 77,111,Ventura,28.0,221.0,7.0,193.0,0.0,214.0,193.0
06111007903,Census Tract 79.03,111,Ventura,0.0,155.0,13.0,155.0,13.0,142.0,142.0
06111007904,Census Tract 79.04,111,Ventura,12.0,172.0,19.0,160.0,7.0,153.0,153.0
06059086701,Census Tract 867.01,59,Orange,10.0,191.0,16.0,181.0,6.0,175.0,175.0
06059086702,Census Tract 867.02,59,Orange,0.0,156.0,22.0,156.0,22.0,134.0,134.0
06059086801,Census Tract 868.01,59,Orange,11.0,66.0,19.0,55.0,8.0,47.0,47.0
06059086602,Census Tract 866.02,59,Orange,0.0,119.0,23.0,119.0,23.0,96.0,96.0
06059088302,Census Tract 883.02,59,Orange,4.0,152.0,17.0,148.0,13.0,135.0,135.0
06059088401,Census Tract 884.01,59,Orange,0.0,115.0,21.0,115.0,21.0,94.0,94.0
06059088402,Census Tract 884.02,59,Orange,8.0,87.0,21.0,79.0,13.0,66.0,66.0
06059088403,Census Tract 884.03,59,Orange,2.0,162.0,21.0,160.0,19.0,141.0,141.0
06059088501,Census Tract 885.01,59,Orange,0.0,186.0,21.0,186.0,21.0,165.0,165.0
06059088802,Census Tract 888.02,59,Orange,6.0,122.0,22.0,116.0,16.0,100.0,100.0
06059088901,Census Tract 889.01,59,Orange,3.0,149.0,17.0,146.0,14.0,132.0,132.0
06059099227,Census Tract 992.27,59,Orange,0.0,171.0,18.0,171.0,18.0,153.0,153.0
06059099229,Census Tract 992.29,59,Orange,24.0,156.0,11.0,132.0,0.0,145.0,132.0
06059099230,Census Tract 992.30,59,Orange,0.0,107.0,21.0,107.0,21.0,86.0,86.0
06059099231,Census Tract 992.31,59,Orange,0.0,120.0,17.0,120.0,17.0,103.0,103.0
06059099232,Census Tract 992.32,59,Orange,0.0,213.0,17.0,213.0,17.0,196.0,196.0
06059099702,Census Tract 997.02,59,Orange,0.0,240.0,17.0,240.0,17.0,223.0,223.0
06059110108,Census Tract 1101.08,59,Orange,9.0,74.0,17.0,65.0,8.0,57.0,57.0
06059110109,Census Tract 1101.09,59,Orange,0.0,147.0,21.0,147.0,21.0,126.0,126.0
06059074405,Census Tract 744.05,59,Orange,2.0,134.0,23.0,132.0,21.0,111.0,111.0
06059074806,Census Tract 748.06,59,Orange,0.0,103.0,31.0,103.0,31.0,72.0,72.0
06037407602,Census Tract 4076.02,37,Los Angeles,2.0,89.0,13.0,87.0,11.0,76.0,76.0
06111006600,Census Tract 66,111,Ventura,0.0,94.0,16.0,94.0,16.0,78.0,78.0
06059074901,Census Tract 749.01,59,Orange,4.0,197.0,24.0,193.0,20.0,173.0,173.0
06059074902,Census Tract 749.02,59,Orange,0.0,120.0,32.0,120.0,32.0,88.0,88.0
06059075806,Census Tract 758.06,59,Orange,0.0,122.0,17.0,122.0,17.0,105.0,105.0
06037189904,Census Tract 1899.04,37,Los Angeles,0.0,50.0,32.0,50.0,32.0,18.0,18.0
06037190201,Census Tract 1902.01,37,Los Angeles,1.0,55.0,27.0,54.0,26.0,28.0,28.0
06059075807,Census Tract 758.07,59,Orange,2.0,126.0,19.0,124.0,17.0,107.0,107.0
06059075808,Census Tract 758.08,59,Orange,0.0,72.0,19.0,72.0,19.0,53.0,53.0
06059075810,Census Tract 758.10,59,Orange,0.0,71.0,16.0,71.0,16.0,55.0,55.0
06059086802,Census Tract 868.02,59,Orange,8.0,111.0,18.0,103.0,10.0,93.0,93.0
06059086901,Census Tract 869.01,59,Orange,6.0,211.0,21.0,205.0,15.0,190.0,190.0
06059086902,Census Tract 869.02,59,Orange,2.0,114.0,21.0,112.0,19.0,93.0,93.0
06059086803,Census Tract 868.03,59,Orange,0.0,193.0,17.0,193.0,17.0,176.0,176.0
06059086903,Census Tract 869.03,59,Orange,1.0,123.0,21.0,122.0,20.0,102.0,102.0
06059088601,Census Tract 886.01,59,Orange,0.0,208.0,20.0,208.0,20.0,188.0,188.0
06059088602,Census Tract 886.02,59,Orange,6.0,83.0,21.0,77.0,15.0,62.0,62.0
06059088502,Census Tract 885.02,59,Orange,32.0,100.0,21.0,68.0,0.0,79.0,68.0
06059088903,Census Tract 889.03,59,Orange,0.0,233.0,17.0,233.0,17.0,216.0,216.0
06059088904,Census Tract 889.04,59,Orange,0.0,133.0,21.0,133.0,21.0,112.0,112.0
06059088905,Census Tract 889.05,59,Orange,0.0,118.0,21.0,118.0,21.0,97.0,97.0
06059088902,Census Tract 889.02,59,Orange,0.0,114.0,21.0,114.0,21.0,93.0,93.0
06059099235,Census Tract 992.35,59,Orange,0.0,137.0,21.0,137.0,21.0,116.0,116.0
06059099237,Census Tract 992.37,59,Orange,0.0,78.0,21.0,78.0,21.0,57.0,57.0
06059099238,Census Tract 992.38,59,Orange,6.0,97.0,21.0,91.0,15.0,76.0,76.0
06037188100,Census Tract 1881,37,Los Angeles,30.0,77.0,9.0,47.0,0.0,68.0,47.0
06037188300,Census Tract 1883,37,Los Angeles,2.0,66.0,13.0,64.0,11.0,53.0,53.0
06059099234,Census Tract 992.34,59,Orange,15.0,103.0,21.0,88.0,6.0,82.0,82.0
06059099247,Census Tract 992.47,59,Orange,0.0,59.0,31.0,59.0,31.0,28.0,28.0
06059099248,Census Tract 992.48,59,Orange,0.0,100.0,31.0,100.0,31.0,69.0,69.0
06059099249,Census Tract 992.49,59,Orange,0.0,70.0,32.0,70.0,32.0,38.0,38.0
06037189300,Census Tract 1893,37,Los Angeles,0.0,57.0,9.0,57.0,9.0,48.0,48.0
06059099250,Census Tract 992.50,59,Orange,0.0,76.0,21.0,76.0,21.0,55.0,55.0
06059110110,Census Tract 1101.10,59,Orange,60.0,116.0,17.0,56.0,0.0,99.0,56.0
06065042623,Census Tract 426.23,65,Riverside,0.0,73.0,5.0,73.0,5.0,68.0,68.0
06065042732,Census Tract 427.32,65,Riverside,0.0,194.0,12.0,194.0,12.0,182.0,182.0
06059074406,Census Tract 744.06,59,Orange,0.0,70.0,19.0,70.0,19.0,51.0,51.0
06059074408,Census Tract 744.08,59,Orange,0.0,122.0,35.0,122.0,35.0,87.0,87.0
06065043009,Census Tract 430.09,65,Riverside,0.0,122.0,16.0,122.0,16.0,106.0,106.0
06065043601,Census Tract 436.01,65,Riverside,0.0,88.0,29.0,88.0,29.0,59.0,59.0
06065044404,Census Tract 444.04,65,Riverside,0.0,58.0,3.0,58.0,3.0,55.0,55.0
06065049600,Census Tract 496,65,Riverside,7.0,160.0,17.0,153.0,10.0,143.0,143.0
06065042726,Census Tract 427.26,65,Riverside,0.0,552.0,8.0,552.0,8.0,544.0,544.0
06065940500,Census Tract 9405,65,Riverside,6.0,38.0,3.0,32.0,0.0,35.0,32.0
06111006700,Census Tract 67,111,Ventura,0.0,64.0,19.0,64.0,19.0,45.0,45.0
06111006800,Census Tract 68,111,Ventura,0.0,79.0,16.0,79.0,16.0,63.0,63.0
06059074502,Census Tract 745.02,59,Orange,0.0,104.0,27.0,104.0,27.0,77.0,77.0
06059075002,Census Tract 750.02,59,Orange,62.0,163.0,20.0,101.0,0.0,143.0,101.0
06059075003,Census Tract 750.03,59,Orange,0.0,140.0,33.0,140.0,33.0,107.0,107.0
06059075811,Census Tract 758.11,59,Orange,1.0,75.0,22.0,74.0,21.0,53.0,53.0
06059075812,Census Tract 758.12,59,Orange,4.0,174.0,19.0,170.0,15.0,155.0,155.0
06059075815,Census Tract 758.15,59,Orange,0.0,130.0,21.0,130.0,21.0,109.0,109.0
06059075816,Census Tract 758.16,59,Orange,0.0,76.0,22.0,76.0,22.0,54.0,54.0
06059088701,Census Tract 887.01,59,Orange,0.0,132.0,21.0,132.0,21.0,111.0,111.0
06059088801,Census Tract 888.01,59,Orange,1.0,178.0,22.0,177.0,21.0,156.0,156.0
06037199120,Census Tract 1991.20,37,Los Angeles,0.0,62.0,13.0,62.0,13.0,49.0,49.0
06037199201,Census Tract 1992.01,37,Los Angeles,4.0,60.0,20.0,56.0,16.0,40.0,40.0
06037199202,Census Tract 1992.02,37,Los Angeles,1.0,51.0,13.0,50.0,12.0,38.0,38.0
06037199300,Census Tract 1993,37,Los Angeles,0.0,66.0,8.0,66.0,8.0,58.0,58.0
06111006400,Census Tract 64,111,Ventura,0.0,178.0,9.0,178.0,9.0,169.0,169.0
06111007506,Census Tract 75.06,111,Ventura,0.0,305.0,6.0,305.0,6.0,299.0,299.0
06111008001,Census Tract 80.01,111,Ventura,0.0,88.0,26.0,88.0,26.0,62.0,62.0
06111000400,Census Tract 4,111,Ventura,0.0,186.0,4.0,186.0,4.0,182.0,182.0
06037199400,Census Tract 1994,37,Los Angeles,0.0,75.0,15.0,75.0,15.0,60.0,60.0
06037199700,Census Tract 1997,37,Los Angeles,6.0,63.0,13.0,57.0,7.0,50.0,50.0
06037199900,Census Tract 1999,37,Los Angeles,1.0,50.0,19.0,49.0,18.0,31.0,31.0
06037201110,Census Tract 2011.10,37,Los Angeles,0.0,50.0,13.0,50.0,13.0,37.0,37.0
06111000600,Census Tract 6,111,Ventura,0.0,126.0,19.0,126.0,19.0,107.0,107.0
06111005401,Census Tract 54.01,111,Ventura,0.0,93.0,21.0,93.0,21.0,72.0,72.0
06111000901,Census Tract 9.01,111,Ventura,0.0,58.0,8.0,58.0,8.0,50.0,50.0
06111007300,Census Tract 73,111,Ventura,1.0,54.0,2.0,53.0,1.0,52.0,52.0
06111007901,Census Tract 79.01,111,Ventura,3.0,146.0,21.0,143.0,18.0,125.0,125.0
06111000800,Census Tract 8,111,Ventura,0.0,202.0,3.0,202.0,3.0,199.0,199.0
06111000302,Census Tract 3.02,111,Ventura,7.0,453.0,3.0,446.0,0.0,450.0,446.0
06111005911,Census Tract 59.11,111,Ventura,0.0,99.0,10.0,99.0,10.0,89.0,89.0
06111007202,Census Tract 72.02,111,Ventura,9.0,113.0,9.0,104.0,0.0,104.0,104.0
06111005907,Census Tract 59.07,111,Ventura,29.0,94.0,14.0,65.0,0.0,80.0,65.0
06111001102,Census Tract 11.02,111,Ventura,0.0,92.0,9.0,92.0,9.0,83.0,83.0
06111007402,Census Tract 74.02,111,Ventura,24.0,173.0,6.0,149.0,0.0,167.0,149.0
06111000902,Census Tract 9.02,111,Ventura,29.0,57.0,4.0,28.0,0.0,53.0,28.0
06111001002,Census Tract 10.02,111,Ventura,6.0,163.0,9.0,157.0,3.0,154.0,154.0
06055200703,Census Tract 2007.03,55,Napa,0.0,67.0,14.0,67.0,14.0,53.0,53.0
06055200400,Census Tract 2004,55,Napa,0.0,75.0,8.0,75.0,8.0,67.0,67.0
06055201700,Census Tract 2017,55,Napa,26.0,144.0,2.0,118.0,0.0,142.0,118.0
06055200802,Census Tract 2008.02,55,Napa,11.0,157.0,6.0,146.0,0.0,151.0,146.0
06037127104,Census Tract 1271.04,37,Los Angeles,1.0,86.0,15.0,85.0,14.0,71.0,71.0
06037127804,Census Tract 1278.04,37,Los Angeles,0.0,87.0,16.0,87.0,16.0,71.0,71.0
06037128102,Census Tract 1281.02,37,Los Angeles,18.0,92.0,16.0,74.0,0.0,76.0,74.0
06037132001,Census Tract 1320.01,37,Los Angeles,1.0,58.0,13.0,57.0,12.0,45.0,45.0
06037134001,Census Tract 1340.01,37,Los Angeles,0.0,66.0,17.0,66.0,17.0,49.0,49.0
06111008005,Census Tract 80.05,111,Ventura,0.0,76.0,28.0,76.0,28.0,48.0,48.0
06111000500,Census Tract 5,111,Ventura,2.0,43.0,4.0,41.0,2.0,39.0,39.0
06059099703,Census Tract 997.03,59,Orange,14.0,120.0,17.0,106.0,3.0,103.0,103.0
06059110111,Census Tract 1101.11,59,Orange,0.0,130.0,16.0,130.0,16.0,114.0,114.0
06067009900,Census Tract 99,67,Sacramento,0.0,96.0,2.0,96.0,2.0,94.0,94.0
06067000100,Census Tract 1,67,Sacramento,0.0,74.0,18.0,74.0,18.0,56.0,56.0
06037208802,Census Tract 2088.02,37,Los Angeles,0.0,49.0,28.0,49.0,28.0,21.0,21.0
06037211921,Census Tract 2119.21,37,Los Angeles,1.0,42.0,42.0,41.0,41.0,0.0,0.0
06037215102,Census Tract 2151.02,37,Los Angeles,0.0,59.0,25.0,59.0,25.0,34.0,34.0
06037217002,Census Tract 2170.02,37,Los Angeles,2.0,78.0,15.0,76.0,13.0,63.0,63.0
06037221303,Census Tract 2213.03,37,Los Angeles,0.0,47.0,27.0,47.0,27.0,20.0,20.0
06037920102,Census Tract 9201.02,37,Los Angeles,1.0,54.0,1.0,53.0,0.0,53.0,53.0
06037920115,Census Tract 9201.15,37,Los Angeles,13.0,91.0,7.0,78.0,0.0,84.0,78.0
06111006900,Census Tract 69,111,Ventura,43.0,93.0,16.0,50.0,0.0,77.0,50.0
06111007000,Census Tract 70,111,Ventura,4.0,100.0,21.0,96.0,17.0,79.0,79.0
06111007100,Census Tract 71,111,Ventura,8.0,264.0,17.0,256.0,9.0,247.0,247.0
06059075902,Census Tract 759.02,59,Orange,9.0,124.0,17.0,115.0,8.0,107.0,107.0
06037201120,Census Tract 2011.20,37,Los Angeles,0.0,68.0,14.0,68.0,14.0,54.0,54.0
06037201501,Census Tract 2015.01,37,Los Angeles,0.0,88.0,14.0,88.0,14.0,74.0,74.0
06037201503,Census Tract 2015.03,37,Los Angeles,2.0,58.0,19.0,56.0,17.0,39.0,39.0
06037201504,Census Tract 2015.04,37,Los Angeles,0.0,48.0,21.0,48.0,21.0,27.0,27.0
06037203100,Census Tract 2031,37,Los Angeles,0.0,64.0,16.0,64.0,16.0,48.0,48.0
06037203500,Census Tract 2035,37,Los Angeles,14.0,50.0,10.0,36.0,0.0,40.0,36.0
06037203710,Census Tract 2037.10,37,Los Angeles,0.0,53.0,24.0,53.0,24.0,29.0,29.0
06037203720,Census Tract 2037.20,37,Los Angeles,0.0,54.0,23.0,54.0,23.0,31.0,31.0
06075026303,Census Tract 263.03,75,San Francisco,0.0,72.0,5.0,72.0,5.0,67.0,67.0
06075026401,Census Tract 264.01,75,San Francisco,0.0,60.0,6.0,60.0,6.0,54.0,54.0
06075026402,Census Tract 264.02,75,San Francisco,0.0,82.0,5.0,82.0,5.0,77.0,77.0
06075026403,Census Tract 264.03,75,San Francisco,0.0,66.0,6.0,66.0,6.0,60.0,60.0
06075030101,Census Tract 301.01,75,San Francisco,18.0,68.0,6.0,50.0,0.0,62.0,50.0
06075030102,Census Tract 301.02,75,San Francisco,4.0,78.0,3.0,74.0,0.0,75.0,74.0
06075030201,Census Tract 302.01,75,San Francisco,0.0,64.0,6.0,64.0,6.0,58.0,58.0
06059099801,Census Tract 998.01,59,Orange,6.0,161.0,20.0,155.0,14.0,141.0,141.0
06059099802,Census Tract 998.02,59,Orange,0.0,97.0,24.0,97.0,24.0,73.0,73.0
06059099803,Census Tract 998.03,59,Orange,13.0,122.0,21.0,109.0,8.0,101.0,101.0
06059110114,Census Tract 1101.14,59,Orange,4.0,112.0,19.0,108.0,15.0,93.0,93.0
06037575801,Census Tract 5758.01,37,Los Angeles,0.0,43.0,19.0,43.0,19.0,24.0,24.0
06037651221,Census Tract 6512.21,37,Los Angeles,0.0,77.0,15.0,77.0,15.0,62.0,62.0
06037554600,Census Tract 5546,37,Los Angeles,2.0,79.0,13.0,77.0,11.0,66.0,66.0
06037620201,Census Tract 6202.01,37,Los Angeles,2.0,46.0,20.0,44.0,18.0,26.0,26.0
06075030301,Census Tract 303.01,75,San Francisco,0.0,101.0,4.0,101.0,4.0,97.0,97.0
06075030302,Census Tract 303.02,75,San Francisco,0.0,65.0,4.0,65.0,4.0,61.0,61.0
06075030400,Census Tract 304,75,San Francisco,0.0,95.0,3.0,95.0,3.0,92.0,92.0
06037189201,Census Tract 1892.01,37,Los Angeles,0.0,53.0,23.0,53.0,23.0,30.0,30.0
06037211803,Census Tract 2118.03,37,Los Angeles,0.0,58.0,34.0,58.0,34.0,24.0,24.0
06037211922,Census Tract 2119.22,37,Los Angeles,0.0,57.0,42.0,57.0,42.0,15.0,15.0
06037212501,Census Tract 2125.01,37,Los Angeles,0.0,41.0,46.0,41.0,46.0,-5.0,-5.0
06037241201,Census Tract 2412.01,37,Los Angeles,0.0,55.0,18.0,55.0,18.0,37.0,37.0
06037702002,Census Tract 7020.02,37,Los Angeles,18.0,118.0,11.0,100.0,0.0,107.0,100.0
06037269906,Census Tract 2699.06,37,Los Angeles,2.0,59.0,28.0,57.0,26.0,31.0,31.0
06029006201,Census Tract 62.01,29,Kern,0.0,47.0,3.0,47.0,3.0,44.0,44.0
06059110116,Census Tract 1101.16,59,Orange,0.0,115.0,22.0,115.0,22.0,93.0,93.0
06059075004,Census Tract 750.04,59,Orange,0.0,77.0,41.0,77.0,41.0,36.0,36.0
06075030500,Census Tract 305,75,San Francisco,0.0,63.0,3.0,63.0,3.0,60.0,60.0
06075030600,Census Tract 306,75,San Francisco,0.0,50.0,5.0,50.0,5.0,45.0,45.0
06075030700,Census Tract 307,75,San Francisco,0.0,131.0,3.0,131.0,3.0,128.0,128.0
06075030800,Census Tract 308,75,San Francisco,0.0,107.0,3.0,107.0,3.0,104.0,104.0
06059076102,Census Tract 761.02,59,Orange,89.0,236.0,16.0,147.0,0.0,220.0,147.0
06059076103,Census Tract 761.03,59,Orange,0.0,306.0,19.0,306.0,19.0,287.0,287.0
06037203900,Census Tract 2039,37,Los Angeles,0.0,60.0,19.0,60.0,19.0,41.0,41.0
06037204110,Census Tract 2041.10,37,Los Angeles,0.0,59.0,17.0,59.0,17.0,42.0,42.0
06037204120,Census Tract 2041.20,37,Los Angeles,0.0,58.0,25.0,58.0,25.0,33.0,33.0
06037204300,Census Tract 2043,37,Los Angeles,0.0,64.0,16.0,64.0,16.0,48.0,48.0
06037204600,Census Tract 2046,37,Los Angeles,0.0,58.0,17.0,58.0,17.0,41.0,41.0
06037204700,Census Tract 2047,37,Los Angeles,0.0,72.0,13.0,72.0,13.0,59.0,59.0
06037204810,Census Tract 2048.10,37,Los Angeles,0.0,81.0,15.0,81.0,15.0,66.0,66.0
06037204820,Census Tract 2048.20,37,Los Angeles,0.0,43.0,23.0,43.0,23.0,20.0,20.0
06037204910,Census Tract 2049.10,37,Los Angeles,0.0,53.0,18.0,53.0,18.0,35.0,35.0
06037137301,Census Tract 1373.01,37,Los Angeles,0.0,52.0,10.0,52.0,10.0,42.0,42.0
06037137302,Census Tract 1373.02,37,Los Angeles,0.0,95.0,8.0,95.0,8.0,87.0,87.0
06107002202,Census Tract 22.02,107,Tulare,0.0,111.0,26.0,111.0,26.0,85.0,85.0
06059099902,Census Tract 999.02,59,Orange,0.0,107.0,21.0,107.0,21.0,86.0,86.0
06037137401,Census Tract 1374.01,37,Los Angeles,4.0,107.0,8.0,103.0,4.0,99.0,99.0
06037141400,Census Tract 1414,37,Los Angeles,1.0,140.0,9.0,139.0,8.0,131.0,131.0
06037535001,Census Tract 5350.01,37,Los Angeles,0.0,61.0,19.0,61.0,19.0,42.0,42.0
06037603005,Census Tract 6030.05,37,Los Angeles,0.0,142.0,16.0,142.0,16.0,126.0,126.0
06037604001,Census Tract 6040.01,37,Los Angeles,0.0,92.0,16.0,92.0,16.0,76.0,76.0
06037104203,Census Tract 1042.03,37,Los Angeles,0.0,102.0,15.0,102.0,15.0,87.0,87.0
06037102107,Census Tract 1021.07,37,Los Angeles,0.0,78.0,4.0,78.0,4.0,74.0,74.0
06037620904,Census Tract 6209.04,37,Los Angeles,3.0,61.0,13.0,58.0,10.0,48.0,48.0
06037650003,Census Tract 6500.03,37,Los Angeles,0.0,63.0,18.0,63.0,18.0,45.0,45.0
06095250106,Census Tract 2501.06,95,Solano,0.0,78.0,6.0,78.0,6.0,72.0,72.0
06095250104,Census Tract 2501.04,95,Solano,0.0,52.0,21.0,52.0,21.0,31.0,31.0
06037203800,Census Tract 2038,37,Los Angeles,0.0,113.0,18.0,113.0,18.0,95.0,95.0
06037208610,Census Tract 2086.10,37,Los Angeles,2.0,59.0,22.0,57.0,20.0,37.0,37.0
06037208620,Census Tract 2086.20,37,Los Angeles,0.0,58.0,23.0,58.0,23.0,35.0,35.0
06037208903,Census Tract 2089.03,37,Los Angeles,0.0,55.0,32.0,55.0,32.0,23.0,23.0
06037209300,Census Tract 2093,37,Los Angeles,0.0,61.0,23.0,61.0,23.0,38.0,38.0
06037209510,Census Tract 2095.10,37,Los Angeles,3.0,50.0,30.0,47.0,27.0,20.0,20.0
06037210010,Census Tract 2100.10,37,Los Angeles,0.0,48.0,20.0,48.0,20.0,28.0,28.0
06037190510,Census Tract 1905.10,37,Los Angeles,1.0,59.0,23.0,58.0,22.0,36.0,36.0
06037190520,Census Tract 1905.20,37,Los Angeles,1.0,57.0,26.0,56.0,25.0,31.0,31.0
06037190902,Census Tract 1909.02,37,Los Angeles,31.0,61.0,18.0,30.0,0.0,43.0,30.0
06037191000,Census Tract 1910,37,Los Angeles,21.0,74.0,16.0,53.0,0.0,58.0,53.0
06037191110,Census Tract 1911.10,37,Los Angeles,1.0,61.0,25.0,60.0,24.0,36.0,36.0
06037191120,Census Tract 1911.20,37,Los Angeles,5.0,62.0,21.0,57.0,16.0,41.0,41.0
06037191201,Census Tract 1912.01,37,Los Angeles,1.0,92.0,17.0,91.0,16.0,75.0,75.0
06037191420,Census Tract 1914.20,37,Los Angeles,1.0,52.0,27.0,51.0,26.0,25.0,25.0
06037191500,Census Tract 1915,37,Los Angeles,0.0,80.0,16.0,80.0,16.0,64.0,64.0
06037191610,Census Tract 1916.10,37,Los Angeles,0.0,60.0,20.0,60.0,20.0,40.0,40.0
06037191620,Census Tract 1916.20,37,Los Angeles,8.0,51.0,27.0,43.0,19.0,24.0,24.0
06037191710,Census Tract 1917.10,37,Los Angeles,8.0,49.0,15.0,41.0,7.0,34.0,34.0
06037191820,Census Tract 1918.20,37,Los Angeles,7.0,63.0,20.0,56.0,13.0,43.0,43.0
06037137402,Census Tract 1374.02,37,Los Angeles,3.0,136.0,7.0,133.0,4.0,129.0,129.0
06085503506,Census Tract 5035.06,85,Santa Clara,0.0,155.0,17.0,155.0,17.0,138.0,138.0
06085512001,Census Tract 5120.01,85,Santa Clara,6.0,133.0,4.0,127.0,0.0,129.0,127.0
06085510300,Census Tract 5103,85,Santa Clara,23.0,116.0,11.0,93.0,0.0,105.0,93.0
06085507002,Census Tract 5070.02,85,Santa Clara,0.0,78.0,4.0,78.0,4.0,74.0,74.0
06085512307,Census Tract 5123.07,85,Santa Clara,0.0,209.0,7.0,209.0,7.0,202.0,202.0
06085511910,Census Tract 5119.10,85,Santa Clara,0.0,69.0,11.0,69.0,11.0,58.0,58.0
06085505700,Census Tract 5057,85,Santa Clara,2.0,119.0,13.0,117.0,11.0,106.0,106.0
06085506900,Census Tract 5069,85,Santa Clara,0.0,232.0,5.0,232.0,5.0,227.0,227.0
06085507301,Census Tract 5073.01,85,Santa Clara,79.0,188.0,6.0,109.0,0.0,182.0,109.0
06085501700,Census Tract 5017,85,Santa Clara,14.0,94.0,16.0,80.0,2.0,78.0,78.0
06085503116,Census Tract 5031.16,85,Santa Clara,6.0,153.0,15.0,147.0,9.0,138.0,138.0
06085507701,Census Tract 5077.01,85,Santa Clara,8.0,78.0,10.0,70.0,2.0,68.0,68.0
06083001206,Census Tract 12.06,83,Santa Barbara,13.0,68.0,18.0,55.0,5.0,50.0,50.0
06081601601,Census Tract 6016.01,81,San Mateo,8.0,57.0,5.0,49.0,0.0,52.0,49.0
06085502908,Census Tract 5029.08,85,Santa Clara,4.0,165.0,11.0,161.0,7.0,154.0,154.0
06085502909,Census Tract 5029.09,85,Santa Clara,0.0,102.0,15.0,102.0,15.0,87.0,87.0
06085509107,Census Tract 5091.07,85,Santa Clara,6.0,101.0,24.0,95.0,18.0,77.0,77.0
06085511701,Census Tract 5117.01,85,Santa Clara,20.0,106.0,5.0,86.0,0.0,101.0,86.0
06085511907,Census Tract 5119.07,85,Santa Clara,0.0,93.0,13.0,93.0,13.0,80.0,80.0
06085511912,Census Tract 5119.12,85,Santa Clara,0.0,129.0,11.0,129.0,11.0,118.0,118.0
06095252904,Census Tract 2529.04,95,Solano,8.0,306.0,3.0,298.0,0.0,303.0,298.0
06095252305,Census Tract 2523.05,95,Solano,49.0,177.0,4.0,128.0,0.0,173.0,128.0
06095251802,Census Tract 2518.02,95,Solano,0.0,67.0,16.0,67.0,16.0,51.0,51.0
06085503207,Census Tract 5032.07,85,Santa Clara,0.0,78.0,15.0,78.0,15.0,63.0,63.0
06085502910,Census Tract 5029.10,85,Santa Clara,10.0,78.0,15.0,68.0,5.0,63.0,63.0
06085503001,Census Tract 5030.01,85,Santa Clara,0.0,90.0,13.0,90.0,13.0,77.0,77.0
06023000500,Census Tract 5,23,Humboldt,27.0,70.0,50.0,43.0,23.0,20.0,20.0
06023000600,Census Tract 6,23,Humboldt,4.0,114.0,44.0,110.0,40.0,70.0,70.0
06023000700,Census Tract 7,23,Humboldt,0.0,122.0,32.0,122.0,32.0,90.0,90.0
06039000506,Census Tract 5.06,39,Madera,9.0,162.0,9.0,153.0,0.0,153.0,153.0
06039000102,Census Tract 1.02,39,Madera,0.0,90.0,1.0,90.0,1.0,89.0,89.0
06039000602,Census Tract 6.02,39,Madera,0.0,75.0,49.0,75.0,49.0,26.0,26.0
06039000103,Census Tract 1.03,39,Madera,25.0,66.0,2.0,41.0,0.0,64.0,41.0
06007000102,Census Tract 1.02,7,Butte,8.0,66.0,38.0,58.0,30.0,28.0,28.0
06085503208,Census Tract 5032.08,85,Santa Clara,0.0,69.0,16.0,69.0,16.0,53.0,53.0
06095251200,Census Tract 2512,95,Solano,20.0,67.0,22.0,47.0,2.0,45.0,45.0
06085500100,Census Tract 5001,85,Santa Clara,19.0,186.0,12.0,167.0,0.0,174.0,167.0
06085500200,Census Tract 5002,85,Santa Clara,28.0,103.0,13.0,75.0,0.0,90.0,75.0
06085500300,Census Tract 5003,85,Santa Clara,40.0,83.0,10.0,43.0,0.0,73.0,43.0
06095252502,Census Tract 2525.02,95,Solano,16.0,45.0,25.0,29.0,9.0,20.0,20.0
06095250200,Census Tract 2502,95,Solano,6.0,91.0,21.0,85.0,15.0,70.0,70.0
06085500400,Census Tract 5004,85,Santa Clara,3.0,60.0,16.0,57.0,13.0,44.0,44.0
06085500600,Census Tract 5006,85,Santa Clara,35.0,135.0,14.0,100.0,0.0,121.0,100.0
06085500902,Census Tract 5009.02,85,Santa Clara,0.0,98.0,34.0,98.0,34.0,64.0,64.0
06085501000,Census Tract 5010,85,Santa Clara,33.0,87.0,18.0,54.0,0.0,69.0,54.0
06085503210,Census Tract 5032.10,85,Santa Clara,0.0,88.0,13.0,88.0,13.0,75.0,75.0
06085503211,Census Tract 5032.11,85,Santa Clara,0.0,110.0,16.0,110.0,16.0,94.0,94.0
06007001000,Census Tract 10,7,Butte,47.0,102.0,39.0,55.0,0.0,63.0,55.0
06067000501,Census Tract 5.01,67,Sacramento,13.0,48.0,43.0,35.0,30.0,5.0,5.0
06067000502,Census Tract 5.02,67,Sacramento,18.0,48.0,39.0,30.0,21.0,9.0,9.0
06007000201,Census Tract 2.01,7,Butte,0.0,83.0,34.0,83.0,34.0,49.0,49.0
06085503002,Census Tract 5030.02,85,Santa Clara,0.0,75.0,14.0,75.0,14.0,61.0,61.0
06085503003,Census Tract 5030.03,85,Santa Clara,3.0,107.0,12.0,104.0,9.0,95.0,95.0
06085511800,Census Tract 5118,85,Santa Clara,0.0,116.0,1.0,116.0,1.0,115.0,115.0
06085512305,Census Tract 5123.05,85,Santa Clara,0.0,97.0,4.0,97.0,4.0,93.0,93.0
06085511914,Census Tract 5119.14,85,Santa Clara,5.0,170.0,10.0,165.0,5.0,160.0,160.0
06085507302,Census Tract 5073.02,85,Santa Clara,3.0,65.0,5.0,62.0,2.0,60.0,60.0
06085504307,Census Tract 5043.07,85,Santa Clara,4.0,136.0,13.0,132.0,9.0,123.0,123.0
06085503504,Census Tract 5035.04,85,Santa Clara,0.0,129.0,16.0,129.0,16.0,113.0,113.0
06085504318,Census Tract 5043.18,85,Santa Clara,20.0,203.0,8.0,183.0,0.0,195.0,183.0
06085507500,Census Tract 5075,85,Santa Clara,0.0,166.0,9.0,166.0,9.0,157.0,157.0
06085512200,Census Tract 5122,85,Santa Clara,0.0,129.0,1.0,129.0,1.0,128.0,128.0
06085507203,Census Tract 5072.03,85,Santa Clara,4.0,68.0,12.0,64.0,8.0,56.0,56.0
06085503802,Census Tract 5038.02,85,Santa Clara,0.0,245.0,13.0,245.0,13.0,232.0,232.0
06007000300,Census Tract 3,7,Butte,0.0,89.0,39.0,89.0,39.0,50.0,50.0
06085512402,Census Tract 5124.02,85,Santa Clara,0.0,189.0,2.0,189.0,2.0,187.0,187.0
06085506604,Census Tract 5066.04,85,Santa Clara,6.0,215.0,11.0,209.0,5.0,204.0,204.0
06085512308,Census Tract 5123.08,85,Santa Clara,27.0,357.0,4.0,330.0,0.0,353.0,330.0
06085501200,Census Tract 5012,85,Santa Clara,14.0,75.0,18.0,61.0,4.0,57.0,57.0
06085501300,Census Tract 5013,85,Santa Clara,0.0,71.0,19.0,71.0,19.0,52.0,52.0
06085501401,Census Tract 5014.01,85,Santa Clara,4.0,62.0,17.0,58.0,13.0,45.0,45.0
06085501800,Census Tract 5018,85,Santa Clara,4.0,98.0,14.0,94.0,10.0,84.0,84.0
06085503105,Census Tract 5031.05,85,Santa Clara,0.0,49.0,12.0,49.0,12.0,37.0,37.0
06059099233,Census Tract 992.33,59,Orange,0.0,79.0,21.0,79.0,21.0,58.0,58.0
06059099502,Census Tract 995.02,59,Orange,0.0,35.0,5.0,35.0,5.0,30.0,30.0
06059001101,Census Tract 11.01,59,Orange,0.0,102.0,18.0,102.0,18.0,84.0,84.0
06085507401,Census Tract 5074.01,85,Santa Clara,0.0,159.0,9.0,159.0,9.0,150.0,150.0
06085507100,Census Tract 5071,85,Santa Clara,26.0,64.0,12.0,38.0,0.0,52.0,38.0
06085507805,Census Tract 5078.05,85,Santa Clara,24.0,103.0,11.0,79.0,0.0,92.0,79.0
06085507702,Census Tract 5077.02,85,Santa Clara,16.0,160.0,6.0,144.0,0.0,154.0,144.0
06085505303,Census Tract 5053.03,85,Santa Clara,0.0,126.0,16.0,126.0,16.0,110.0,110.0
06085503707,Census Tract 5037.07,85,Santa Clara,0.0,96.0,19.0,96.0,19.0,77.0,77.0
06059001102,Census Tract 11.02,59,Orange,0.0,73.0,24.0,73.0,24.0,49.0,49.0
06059062628,Census Tract 626.28,59,Orange,0.0,74.0,15.0,74.0,15.0,59.0,59.0
06085502001,Census Tract 5020.01,85,Santa Clara,0.0,104.0,14.0,104.0,14.0,90.0,90.0
06085502002,Census Tract 5020.02,85,Santa Clara,2.0,107.0,17.0,105.0,15.0,90.0,90.0
06059001103,Census Tract 11.03,59,Orange,5.0,106.0,21.0,101.0,16.0,85.0,85.0
06007000501,Census Tract 5.01,7,Butte,0.0,75.0,27.0,75.0,27.0,48.0,48.0
06007000502,Census Tract 5.02,7,Butte,0.0,86.0,59.0,86.0,59.0,27.0,27.0
06085501501,Census Tract 5015.01,85,Santa Clara,0.0,90.0,21.0,90.0,21.0,69.0,69.0
06085501502,Census Tract 5015.02,85,Santa Clara,0.0,89.0,18.0,89.0,18.0,71.0,71.0
06007001100,Census Tract 11,7,Butte,0.0,76.0,24.0,76.0,24.0,52.0,52.0
06085502101,Census Tract 5021.01,85,Santa Clara,31.0,115.0,12.0,84.0,0.0,103.0,84.0
06085502202,Census Tract 5022.02,85,Santa Clara,0.0,65.0,16.0,65.0,16.0,49.0,49.0
06007001200,Census Tract 12,7,Butte,4.0,66.0,21.0,62.0,17.0,45.0,45.0
06007001300,Census Tract 13,7,Butte,4.0,70.0,31.0,66.0,27.0,39.0,39.0
06007002800,Census Tract 28,7,Butte,3.0,85.0,30.0,82.0,27.0,55.0,55.0
06007003100,Census Tract 31,7,Butte,0.0,107.0,18.0,107.0,18.0,89.0,89.0
06007000202,Census Tract 2.02,7,Butte,2.0,66.0,48.0,64.0,46.0,18.0,18.0
06065044927,Census Tract 449.27,65,Riverside,4.0,102.0,14.0,98.0,10.0,88.0,88.0
06065043812,Census Tract 438.12,65,Riverside,0.0,104.0,5.0,104.0,5.0,99.0,99.0
06085502701,Census Tract 5027.01,85,Santa Clara,20.0,129.0,12.0,109.0,0.0,117.0,109.0
06085502800,Census Tract 5028,85,Santa Clara,0.0,90.0,12.0,90.0,12.0,78.0,78.0
06085502903,Census Tract 5029.03,85,Santa Clara,0.0,113.0,12.0,113.0,12.0,101.0,101.0
06085502906,Census Tract 5029.06,85,Santa Clara,50.0,108.0,13.0,58.0,0.0,95.0,58.0
06085503110,Census Tract 5031.10,85,Santa Clara,0.0,78.0,19.0,78.0,19.0,59.0,59.0
06007000601,Census Tract 6.01,7,Butte,0.0,58.0,46.0,58.0,46.0,12.0,12.0
06093000701,Census Tract 7.01,93,Siskiyou,19.0,95.0,8.0,76.0,0.0,87.0,76.0
06093001200,Census Tract 12,93,Siskiyou,0.0,47.0,4.0,47.0,4.0,43.0,43.0
06093000800,Census Tract 8,93,Siskiyou,0.0,95.0,4.0,95.0,4.0,91.0,91.0
06093000703,Census Tract 7.03,93,Siskiyou,0.0,94.0,92.0,94.0,92.0,2.0,2.0
06093000200,Census Tract 2,93,Siskiyou,0.0,46.0,6.0,46.0,6.0,40.0,40.0
06093001100,Census Tract 11,93,Siskiyou,5.0,71.0,14.0,66.0,9.0,57.0,57.0
06093000300,Census Tract 3,93,Siskiyou,2.0,98.0,5.0,96.0,3.0,93.0,93.0
06093000702,Census Tract 7.02,93,Siskiyou,11.0,102.0,35.0,91.0,24.0,67.0,67.0
06085502400,Census Tract 5024,85,Santa Clara,2.0,174.0,10.0,172.0,8.0,164.0,164.0
06085510200,Census Tract 5102,85,Santa Clara,28.0,121.0,10.0,93.0,0.0,111.0,93.0
06085512309,Census Tract 5123.09,85,Santa Clara,0.0,132.0,5.0,132.0,5.0,127.0,127.0
06085510001,Census Tract 5100.01,85,Santa Clara,26.0,173.0,9.0,147.0,0.0,164.0,147.0
06085500500,Census Tract 5005,85,Santa Clara,0.0,114.0,11.0,114.0,11.0,103.0,103.0
06085512100,Census Tract 5121,85,Santa Clara,4.0,49.0,2.0,45.0,0.0,47.0,45.0
06085507402,Census Tract 5074.02,85,Santa Clara,60.0,92.0,11.0,32.0,0.0,81.0,32.0
06007000604,Census Tract 6.04,7,Butte,0.0,66.0,60.0,66.0,60.0,6.0,6.0
06007000700,Census Tract 7,7,Butte,2.0,75.0,35.0,73.0,33.0,40.0,40.0
06007000800,Census Tract 8,7,Butte,0.0,88.0,31.0,88.0,31.0,57.0,57.0
06085502907,Census Tract 5029.07,85,Santa Clara,0.0,79.0,15.0,79.0,15.0,64.0,64.0
06085503336,Census Tract 5033.36,85,Santa Clara,0.0,67.0,17.0,67.0,17.0,50.0,50.0
06037272100,Census Tract 2721,37,Los Angeles,0.0,80.0,12.0,80.0,12.0,68.0,68.0
06037403403,Census Tract 4034.03,37,Los Angeles,2.0,121.0,7.0,119.0,5.0,114.0,114.0
06037407302,Census Tract 4073.02,37,Los Angeles,0.0,81.0,14.0,81.0,14.0,67.0,67.0
06037530902,Census Tract 5309.02,37,Los Angeles,0.0,80.0,18.0,80.0,18.0,62.0,62.0
06037221110,Census Tract 2211.10,37,Los Angeles,1.0,50.0,27.0,49.0,26.0,23.0,23.0
06037212303,Census Tract 2123.03,37,Los Angeles,3.0,59.0,33.0,56.0,30.0,26.0,26.0
06037201200,Census Tract 2012,37,Los Angeles,0.0,51.0,19.0,51.0,19.0,32.0,32.0
06037191203,Census Tract 1912.03,37,Los Angeles,0.0,43.0,28.0,43.0,28.0,15.0,15.0
06033000602,Census Tract 6.02,33,Lake,3.0,42.0,4.0,39.0,1.0,38.0,38.0
06033001302,Census Tract 13.02,33,Lake,8.0,109.0,4.0,101.0,0.0,105.0,101.0
06033001101,Census Tract 11.01,33,Lake,0.0,59.0,6.0,59.0,6.0,53.0,53.0
06033000901,Census Tract 9.01,33,Lake,0.0,75.0,11.0,75.0,11.0,64.0,64.0
06033000703,Census Tract 7.03,33,Lake,0.0,58.0,16.0,58.0,16.0,42.0,42.0
06033001102,Census Tract 11.02,33,Lake,0.0,50.0,11.0,50.0,11.0,39.0,39.0
06033000902,Census Tract 9.02,33,Lake,0.0,187.0,8.0,187.0,8.0,179.0,179.0
06033000704,Census Tract 7.04,33,Lake,0.0,60.0,20.0,60.0,20.0,40.0,40.0
06033000402,Census Tract 4.02,33,Lake,4.0,64.0,32.0,60.0,28.0,32.0,32.0
06033000401,Census Tract 4.01,33,Lake,0.0,69.0,28.0,69.0,28.0,41.0,41.0
06033000601,Census Tract 6.01,33,Lake,0.0,50.0,35.0,50.0,35.0,15.0,15.0
06033001301,Census Tract 13.01,33,Lake,0.0,184.0,25.0,184.0,25.0,159.0,159.0
06019008403,Census Tract 84.03,19,Fresno,0.0,45.0,16.0,45.0,16.0,29.0,29.0
06019008303,Census Tract 83.03,19,Fresno,11.0,113.0,8.0,102.0,0.0,105.0,102.0
06019008405,Census Tract 84.05,19,Fresno,0.0,54.0,3.0,54.0,3.0,51.0,51.0
06019004003,Census Tract 40.03,19,Fresno,2.0,99.0,13.0,97.0,11.0,86.0,86.0
06019004005,Census Tract 40.05,19,Fresno,2.0,75.0,13.0,73.0,11.0,62.0,62.0
06019007204,Census Tract 72.04,19,Fresno,1.0,153.0,6.0,152.0,5.0,147.0,147.0
06019008200,Census Tract 82,19,Fresno,1.0,116.0,1.0,115.0,0.0,115.0,115.0
06019007203,Census Tract 72.03,19,Fresno,0.0,50.0,21.0,50.0,21.0,29.0,29.0
06019005526,Census Tract 55.26,19,Fresno,0.0,45.0,46.0,45.0,46.0,-1.0,-1.0
06019004004,Census Tract 40.04,19,Fresno,5.0,92.0,10.0,87.0,5.0,82.0,82.0
06019006001,Census Tract 60.01,19,Fresno,0.0,128.0,13.0,128.0,13.0,115.0,115.0
06019006409,Census Tract 64.09,19,Fresno,0.0,39.0,1.0,39.0,1.0,38.0,38.0
06019006407,Census Tract 64.07,19,Fresno,0.0,60.0,2.0,60.0,2.0,58.0,58.0
06019006410,Census Tract 64.10,19,Fresno,0.0,77.0,3.0,77.0,3.0,74.0,74.0
06019005914,Census Tract 59.14,19,Fresno,0.0,95.0,26.0,95.0,26.0,69.0,69.0
06019006606,Census Tract 66.06,19,Fresno,0.0,95.0,29.0,95.0,29.0,66.0,66.0
06019001415,Census Tract 14.15,19,Fresno,0.0,93.0,18.0,93.0,18.0,75.0,75.0
06019001417,Census Tract 14.17,19,Fresno,0.0,164.0,18.0,164.0,18.0,146.0,146.0
06019008504,Census Tract 85.04,19,Fresno,0.0,92.0,11.0,92.0,11.0,81.0,81.0
06019001416,Census Tract 14.16,19,Fresno,0.0,122.0,18.0,122.0,18.0,104.0,104.0
06019005913,Census Tract 59.13,19,Fresno,0.0,68.0,31.0,68.0,31.0,37.0,37.0
06019005916,Census Tract 59.16,19,Fresno,0.0,53.0,5.0,53.0,5.0,48.0,48.0
06019007101,Census Tract 71.01,19,Fresno,25.0,102.0,11.0,77.0,0.0,91.0,77.0
06019007102,Census Tract 71.02,19,Fresno,2.0,49.0,20.0,47.0,18.0,29.0,29.0
06019006002,Census Tract 60.02,19,Fresno,10.0,82.0,25.0,72.0,15.0,57.0,57.0
06019006102,Census Tract 61.02,19,Fresno,0.0,91.0,23.0,91.0,23.0,68.0,68.0
06019006302,Census Tract 63.02,19,Fresno,0.0,47.0,3.0,47.0,3.0,44.0,44.0
06019006301,Census Tract 63.01,19,Fresno,2.0,106.0,5.0,104.0,3.0,101.0,101.0
06019005529,Census Tract 55.29,19,Fresno,0.0,144.0,21.0,144.0,21.0,123.0,123.0
06019006406,Census Tract 64.06,19,Fresno,0.0,62.0,4.0,62.0,4.0,58.0,58.0
06019008404,Census Tract 84.04,19,Fresno,3.0,60.0,28.0,57.0,25.0,32.0,32.0
06019008503,Census Tract 85.03,19,Fresno,3.0,91.0,31.0,88.0,28.0,60.0,60.0
06019006408,Census Tract 64.08,19,Fresno,0.0,32.0,1.0,32.0,1.0,31.0,31.0
06019006411,Census Tract 64.11,19,Fresno,1.0,42.0,1.0,41.0,0.0,41.0,41.0
06019006101,Census Tract 61.01,19,Fresno,2.0,67.0,12.0,65.0,10.0,55.0,55.0
06019001418,Census Tract 14.18,19,Fresno,0.0,49.0,22.0,49.0,22.0,27.0,27.0
06019004218,Census Tract 42.18,19,Fresno,0.0,195.0,9.0,195.0,9.0,186.0,186.0
06019005528,Census Tract 55.28,19,Fresno,0.0,47.0,30.0,47.0,30.0,17.0,17.0
06019006605,Census Tract 66.05,19,Fresno,0.0,49.0,38.0,49.0,38.0,11.0,11.0
06019005915,Census Tract 59.15,19,Fresno,0.0,90.0,6.0,90.0,6.0,84.0,84.0
06019008600,Census Tract 86,19,Fresno,3.0,72.0,4.0,69.0,1.0,68.0,68.0
06019003811,Census Tract 38.11,19,Fresno,0.0,217.0,13.0,217.0,13.0,204.0,204.0
06019004217,Census Tract 42.17,19,Fresno,3.0,64.0,23.0,61.0,20.0,41.0,41.0
06019003812,Census Tract 38.12,19,Fresno,2.0,76.0,8.0,74.0,6.0,68.0,68.0
06019004705,Census Tract 47.05,19,Fresno,0.0,44.0,39.0,44.0,39.0,5.0,5.0
06019004706,Census Tract 47.06,19,Fresno,0.0,87.0,35.0,87.0,35.0,52.0,52.0
06019004006,Census Tract 40.06,19,Fresno,0.0,74.0,10.0,74.0,10.0,64.0,64.0
06019000701,Census Tract 7.01,19,Fresno,0.0,54.0,31.0,54.0,31.0,23.0,23.0
06019000702,Census Tract 7.02,19,Fresno,0.0,40.0,13.0,40.0,13.0,27.0,27.0
06019000601,Census Tract 6.01,19,Fresno,0.0,63.0,33.0,63.0,33.0,30.0,30.0
06051000102,Census Tract 1.02,51,Mono,15.0,63.0,6.0,48.0,0.0,57.0,48.0
06051000101,Census Tract 1.01,51,Mono,0.0,81.0,5.0,81.0,5.0,76.0,76.0
06061022200,Census Tract 222,61,Placer,14.0,50.0,7.0,36.0,0.0,43.0,36.0
06061023800,Census Tract 238,61,Placer,0.0,62.0,12.0,62.0,12.0,50.0,50.0
06061022600,Census Tract 226,61,Placer,34.0,105.0,19.0,71.0,0.0,86.0,71.0
06061023400,Census Tract 234,61,Placer,4.0,134.0,8.0,130.0,4.0,126.0,126.0
06061023700,Census Tract 237,61,Placer,0.0,64.0,16.0,64.0,16.0,48.0,48.0
06037135201,Census Tract 1352.01,37,Los Angeles,1.0,65.0,10.0,64.0,9.0,55.0,55.0
06037119400,Census Tract 1194,37,Los Angeles,0.0,95.0,12.0,95.0,12.0,83.0,83.0
06037113213,Census Tract 1132.13,37,Los Angeles,4.0,108.0,11.0,104.0,7.0,97.0,97.0
06037296600,Census Tract 2966,37,Los Angeles,6.0,86.0,14.0,80.0,8.0,72.0,72.0
06037575300,Census Tract 5753,37,Los Angeles,0.0,61.0,16.0,61.0,16.0,45.0,45.0
06019004410,Census Tract 44.10,19,Fresno,0.0,52.0,42.0,52.0,42.0,10.0,10.0
06019003401,Census Tract 34.01,19,Fresno,4.0,68.0,37.0,64.0,33.0,31.0,31.0
06019003402,Census Tract 34.02,19,Fresno,0.0,45.0,36.0,45.0,36.0,9.0,9.0
06019005527,Census Tract 55.27,19,Fresno,14.0,61.0,25.0,47.0,11.0,36.0,36.0
06019004411,Census Tract 44.11,19,Fresno,9.0,47.0,16.0,38.0,7.0,31.0,31.0
06037554001,Census Tract 5540.01,37,Los Angeles,0.0,84.0,12.0,84.0,12.0,72.0,72.0
06037920013,Census Tract 9200.13,37,Los Angeles,9.0,280.0,4.0,271.0,0.0,276.0,271.0
06037920312,Census Tract 9203.12,37,Los Angeles,0.0,110.0,3.0,110.0,3.0,107.0,107.0
06037535501,Census Tract 5355.01,37,Los Angeles,0.0,57.0,18.0,57.0,18.0,39.0,39.0
06037237300,Census Tract 2373,37,Los Angeles,3.0,95.0,13.0,92.0,10.0,82.0,82.0
06037408402,Census Tract 4084.02,37,Los Angeles,67.0,157.0,4.0,90.0,0.0,153.0,90.0
06037227010,Census Tract 2270.10,37,Los Angeles,0.0,62.0,17.0,62.0,17.0,45.0,45.0
06037219300,Census Tract 2193,37,Los Angeles,0.0,64.0,16.0,64.0,16.0,48.0,48.0
06037204420,Census Tract 2044.20,37,Los Angeles,0.0,49.0,23.0,49.0,23.0,26.0,26.0
06037404701,Census Tract 4047.01,37,Los Angeles,16.0,120.0,10.0,104.0,0.0,110.0,104.0
06037211320,Census Tract 2113.20,37,Los Angeles,0.0,52.0,30.0,52.0,30.0,22.0,22.0
06037262301,Census Tract 2623.01,37,Los Angeles,6.0,61.0,4.0,55.0,0.0,57.0,55.0
06037218120,Census Tract 2181.20,37,Los Angeles,0.0,66.0,19.0,66.0,19.0,47.0,47.0
06037209403,Census Tract 2094.03,37,Los Angeles,0.0,54.0,35.0,54.0,35.0,19.0,19.0
06037208902,Census Tract 2089.02,37,Los Angeles,0.0,42.0,30.0,42.0,30.0,12.0,12.0
06037212203,Census Tract 2122.03,37,Los Angeles,6.0,49.0,39.0,43.0,33.0,10.0,10.0
06037433901,Census Tract 4339.01,37,Los Angeles,4.0,102.0,15.0,98.0,11.0,87.0,87.0
06071000504,Census Tract 5.04,71,San Bernardino,0.0,112.0,10.0,112.0,10.0,102.0,102.0
06071000117,Census Tract 1.17,71,San Bernardino,0.0,197.0,14.0,197.0,14.0,183.0,183.0
06071001906,Census Tract 19.06,71,San Bernardino,0.0,1350.0,12.0,1350.0,12.0,1338.0,1338.0
06071009202,Census Tract 92.02,71,San Bernardino,0.0,43.0,2.0,43.0,2.0,41.0,41.0
06071002017,Census Tract 20.17,71,San Bernardino,0.0,146.0,13.0,146.0,13.0,133.0,133.0
06071001501,Census Tract 15.01,71,San Bernardino,0.0,71.0,38.0,71.0,38.0,33.0,33.0
06071003505,Census Tract 35.05,71,San Bernardino,0.0,179.0,29.0,179.0,29.0,150.0,150.0
06071003801,Census Tract 38.01,71,San Bernardino,0.0,111.0,24.0,111.0,24.0,87.0,87.0
06071004510,Census Tract 45.10,71,San Bernardino,3.0,92.0,13.0,89.0,10.0,79.0,79.0
06037194200,Census Tract 1942,37,Los Angeles,4.0,65.0,8.0,61.0,4.0,57.0,57.0
06037404901,Census Tract 4049.01,37,Los Angeles,0.0,107.0,12.0,107.0,12.0,95.0,95.0
06037183620,Census Tract 1836.20,37,Los Angeles,0.0,56.0,18.0,56.0,18.0,38.0,38.0
06037139303,Census Tract 1393.03,37,Los Angeles,0.0,99.0,20.0,99.0,20.0,79.0,79.0
06037123410,Census Tract 1234.10,37,Los Angeles,1.0,69.0,18.0,68.0,17.0,51.0,51.0
06037120010,Census Tract 1200.10,37,Los Angeles,0.0,53.0,17.0,53.0,17.0,36.0,36.0
06037117510,Census Tract 1175.10,37,Los Angeles,1.0,73.0,22.0,72.0,21.0,51.0,51.0
06037576501,Census Tract 5765.01,37,Los Angeles,0.0,52.0,24.0,52.0,24.0,28.0,28.0
06037294810,Census Tract 2948.10,37,Los Angeles,0.0,72.0,23.0,72.0,23.0,49.0,49.0
06071011102,Census Tract 111.02,71,San Bernardino,0.0,41.0,2.0,41.0,2.0,39.0,39.0
06071007904,Census Tract 79.04,71,San Bernardino,0.0,174.0,8.0,174.0,8.0,166.0,166.0
06071008602,Census Tract 86.02,71,San Bernardino,0.0,122.0,5.0,122.0,5.0,117.0,117.0
06071011206,Census Tract 112.06,71,San Bernardino,0.0,41.0,17.0,41.0,17.0,24.0,24.0
06071010424,Census Tract 104.24,71,San Bernardino,0.0,36.0,1.0,36.0,1.0,35.0,35.0
06071012002,Census Tract 120.02,71,San Bernardino,8.0,81.0,9.0,73.0,1.0,72.0,72.0
06071012101,Census Tract 121.01,71,San Bernardino,10.0,149.0,3.0,139.0,0.0,146.0,139.0
06071012103,Census Tract 121.03,71,San Bernardino,0.0,63.0,3.0,63.0,3.0,60.0,60.0
06071009913,Census Tract 99.13,71,San Bernardino,18.0,101.0,9.0,83.0,0.0,92.0,83.0
06071010422,Census Tract 104.22,71,San Bernardino,0.0,44.0,6.0,44.0,6.0,38.0,38.0
06071010420,Census Tract 104.20,71,San Bernardino,14.0,66.0,3.0,52.0,0.0,63.0,52.0
06071010803,Census Tract 108.03,71,San Bernardino,0.0,123.0,14.0,123.0,14.0,109.0,109.0
06071011205,Census Tract 112.05,71,San Bernardino,21.0,52.0,20.0,31.0,0.0,32.0,31.0
06071010419,Census Tract 104.19,71,San Bernardino,0.0,60.0,4.0,60.0,4.0,56.0,56.0
06071002703,Census Tract 27.03,71,San Bernardino,0.0,179.0,24.0,179.0,24.0,155.0,155.0
06071009201,Census Tract 92.01,71,San Bernardino,1.0,106.0,6.0,105.0,5.0,100.0,100.0
06071004603,Census Tract 46.03,71,San Bernardino,0.0,126.0,16.0,126.0,16.0,110.0,110.0
06071011101,Census Tract 111.01,71,San Bernardino,0.0,115.0,4.0,115.0,4.0,111.0,111.0
06071025000,Census Tract 250,71,San Bernardino,0.0,67.0,1.0,67.0,1.0,66.0,66.0
06071012700,Census Tract 127,71,San Bernardino,16.0,98.0,6.0,82.0,0.0,92.0,82.0
06071012500,Census Tract 125,71,San Bernardino,2.0,86.0,16.0,84.0,14.0,70.0,70.0
06023000400,Census Tract 4,23,Humboldt,0.0,78.0,30.0,78.0,30.0,48.0,48.0
06001406100,Census Tract 4061,1,Alameda,3.0,87.0,9.0,84.0,6.0,78.0,78.0
06111000701,Census Tract 7.01,111,Ventura,4.0,172.0,22.0,168.0,18.0,150.0,150.0
06111003801,Census Tract 38.01,111,Ventura,0.0,107.0,27.0,107.0,27.0,80.0,80.0
06111005205,Census Tract 52.05,111,Ventura,0.0,312.0,8.0,312.0,8.0,304.0,304.0
06111003010,Census Tract 30.10,111,Ventura,0.0,59.0,30.0,59.0,30.0,29.0,29.0
06111000304,Census Tract 3.04,111,Ventura,0.0,106.0,4.0,106.0,4.0,102.0,102.0
06023011100,Census Tract 111,23,Humboldt,2.0,153.0,5.0,151.0,3.0,148.0,148.0
06023000800,Census Tract 8,23,Humboldt,1.0,108.0,16.0,107.0,15.0,92.0,92.0
06023010102,Census Tract 101.02,23,Humboldt,5.0,66.0,2.0,61.0,0.0,64.0,61.0
06023010502,Census Tract 105.02,23,Humboldt,0.0,158.0,15.0,158.0,15.0,143.0,143.0
06023001200,Census Tract 12,23,Humboldt,12.0,43.0,3.0,31.0,0.0,40.0,31.0
06023000200,Census Tract 2,23,Humboldt,16.0,143.0,42.0,127.0,26.0,101.0,101.0
06023000900,Census Tract 9,23,Humboldt,0.0,103.0,10.0,103.0,10.0,93.0,93.0
06023010400,Census Tract 104,23,Humboldt,0.0,87.0,13.0,87.0,13.0,74.0,74.0
06023011200,Census Tract 112,23,Humboldt,7.0,56.0,3.0,49.0,0.0,53.0,49.0
06037573002,Census Tract 5730.02,37,Los Angeles,0.0,59.0,23.0,59.0,23.0,36.0,36.0
06037400205,Census Tract 4002.05,37,Los Angeles,0.0,54.0,3.0,54.0,3.0,51.0,51.0
06037552900,Census Tract 5529,37,Los Angeles,0.0,162.0,11.0,162.0,11.0,151.0,151.0
06037242300,Census Tract 2423,37,Los Angeles,1.0,74.0,16.0,73.0,15.0,58.0,58.0
06037535503,Census Tract 5355.03,37,Los Angeles,0.0,52.0,23.0,52.0,23.0,29.0,29.0
06037534201,Census Tract 5342.01,37,Los Angeles,0.0,70.0,18.0,70.0,18.0,52.0,52.0
06023000100,Census Tract 1,23,Humboldt,4.0,101.0,33.0,97.0,29.0,68.0,68.0
06023010200,Census Tract 102,23,Humboldt,28.0,66.0,3.0,38.0,0.0,63.0,38.0
06023000300,Census Tract 3,23,Humboldt,0.0,124.0,46.0,124.0,46.0,78.0,78.0
06023010800,Census Tract 108,23,Humboldt,16.0,61.0,7.0,45.0,0.0,54.0,45.0
06023010300,Census Tract 103,23,Humboldt,15.0,58.0,3.0,43.0,0.0,55.0,43.0
06023010600,Census Tract 106,23,Humboldt,0.0,45.0,6.0,45.0,6.0,39.0,39.0
06019005512,Census Tract 55.12,19,Fresno,8.0,155.0,16.0,147.0,8.0,139.0,139.0
06019005513,Census Tract 55.13,19,Fresno,6.0,61.0,22.0,55.0,16.0,39.0,39.0
06019005514,Census Tract 55.14,19,Fresno,9.0,88.0,22.0,79.0,13.0,66.0,66.0
06019007002,Census Tract 70.02,19,Fresno,4.0,90.0,26.0,86.0,22.0,64.0,64.0
06019007003,Census Tract 70.03,19,Fresno,0.0,163.0,13.0,163.0,13.0,150.0,150.0
06019005602,Census Tract 56.02,19,Fresno,10.0,77.0,20.0,67.0,10.0,57.0,57.0
06019007202,Census Tract 72.02,19,Fresno,2.0,126.0,15.0,124.0,13.0,111.0,111.0
06047000504,Census Tract 5.04,47,Merced,0.0,138.0,16.0,138.0,16.0,122.0,122.0
06047000602,Census Tract 6.02,47,Merced,0.0,69.0,37.0,69.0,37.0,32.0,32.0
06047000603,Census Tract 6.03,47,Merced,0.0,112.0,21.0,112.0,21.0,91.0,91.0
06047000701,Census Tract 7.01,47,Merced,0.0,61.0,35.0,61.0,35.0,26.0,26.0
06047000702,Census Tract 7.02,47,Merced,6.0,118.0,9.0,112.0,3.0,109.0,109.0
06047000801,Census Tract 8.01,47,Merced,0.0,106.0,23.0,106.0,23.0,83.0,83.0
06037541700,Census Tract 5417,37,Los Angeles,0.0,98.0,11.0,98.0,11.0,87.0,87.0
06037533603,Census Tract 5336.03,37,Los Angeles,0.0,102.0,14.0,102.0,14.0,88.0,88.0
06037980015,Census Tract 9800.15,37,Los Angeles,9.0,41.0,6.0,32.0,0.0,35.0,32.0
06029004402,Census Tract 44.02,29,Kern,4.0,76.0,21.0,72.0,17.0,55.0,55.0
06047000802,Census Tract 8.02,47,Merced,0.0,94.0,28.0,94.0,28.0,66.0,66.0
06085501402,Census Tract 5014.02,85,Santa Clara,0.0,59.0,23.0,59.0,23.0,36.0,36.0
06047001003,Census Tract 10.03,47,Merced,0.0,91.0,30.0,91.0,30.0,61.0,61.0
06019004303,Census Tract 43.03,19,Fresno,0.0,103.0,18.0,103.0,18.0,85.0,85.0
06005000102,Census Tract 1.02,5,Amador,0.0,46.0,12.0,46.0,12.0,34.0,34.0
06005000303,Census Tract 3.03,5,Amador,4.0,201.0,22.0,197.0,18.0,179.0,179.0
06005000101,Census Tract 1.01,5,Amador,0.0,182.0,33.0,182.0,33.0,149.0,149.0
06005000304,Census Tract 3.04,5,Amador,0.0,103.0,21.0,103.0,21.0,82.0,82.0
06047001401,Census Tract 14.01,47,Merced,0.0,63.0,32.0,63.0,32.0,31.0,31.0
06047001402,Census Tract 14.02,47,Merced,0.0,76.0,19.0,76.0,19.0,57.0,57.0
06047001501,Census Tract 15.01,47,Merced,0.0,56.0,17.0,56.0,17.0,39.0,39.0
06047001601,Census Tract 16.01,47,Merced,0.0,91.0,29.0,91.0,29.0,62.0,62.0
06029004901,Census Tract 49.01,29,Kern,0.0,88.0,24.0,88.0,24.0,64.0,64.0
06019005405,Census Tract 54.05,19,Fresno,0.0,74.0,26.0,74.0,26.0,48.0,48.0
06019005504,Census Tract 55.04,19,Fresno,0.0,58.0,22.0,58.0,22.0,36.0,36.0
06037262601,Census Tract 2626.01,37,Los Angeles,0.0,78.0,7.0,78.0,7.0,71.0,71.0
06073010015,Census Tract 100.15,73,San Diego,7.0,146.0,3.0,139.0,0.0,143.0,139.0
06073020810,Census Tract 208.10,73,San Diego,0.0,123.0,3.0,123.0,3.0,120.0,120.0
06073021900,Census Tract 219,73,San Diego,14.0,79.0,7.0,65.0,0.0,72.0,65.0
06073020026,Census Tract 200.26,73,San Diego,20.0,94.0,11.0,74.0,0.0,83.0,74.0
06073020028,Census Tract 200.28,73,San Diego,0.0,77.0,31.0,77.0,31.0,46.0,46.0
06073013421,Census Tract 134.21,73,San Diego,0.0,91.0,13.0,91.0,13.0,78.0,78.0
06073020811,Census Tract 208.11,73,San Diego,0.0,161.0,3.0,161.0,3.0,158.0,158.0
06073021206,Census Tract 212.06,73,San Diego,0.0,66.0,3.0,66.0,3.0,63.0,63.0
06073017051,Census Tract 170.51,73,San Diego,0.0,111.0,13.0,111.0,13.0,98.0,98.0
06073017109,Census Tract 171.09,73,San Diego,10.0,169.0,10.0,159.0,0.0,159.0,159.0
06019005507,Census Tract 55.07,19,Fresno,0.0,120.0,22.0,120.0,22.0,98.0,98.0
06029005402,Census Tract 54.02,29,Kern,0.0,114.0,13.0,114.0,13.0,101.0,101.0
06047001004,Census Tract 10.04,47,Merced,0.0,71.0,30.0,71.0,30.0,41.0,41.0
06047001005,Census Tract 10.05,47,Merced,1.0,51.0,25.0,50.0,24.0,26.0,26.0
06047001101,Census Tract 11.01,47,Merced,0.0,106.0,27.0,106.0,27.0,79.0,79.0
06071008402,Census Tract 84.02,71,San Bernardino,0.0,94.0,21.0,94.0,21.0,73.0,73.0
06071008404,Census Tract 84.04,71,San Bernardino,0.0,59.0,29.0,59.0,29.0,30.0,30.0
06071008800,Census Tract 88,71,San Bernardino,0.0,182.0,19.0,182.0,19.0,163.0,163.0
06047001200,Census Tract 12,47,Merced,0.0,90.0,21.0,90.0,21.0,69.0,69.0
06047001301,Census Tract 13.01,47,Merced,2.0,61.0,26.0,59.0,24.0,35.0,35.0
06047001302,Census Tract 13.02,47,Merced,12.0,56.0,33.0,44.0,21.0,23.0,23.0
06033000502,Census Tract 5.02,33,Lake,0.0,69.0,15.0,69.0,15.0,54.0,54.0
06047001700,Census Tract 17,47,Merced,0.0,145.0,21.0,145.0,21.0,124.0,124.0
06047001801,Census Tract 18.01,47,Merced,26.0,77.0,10.0,51.0,0.0,67.0,51.0
06047002201,Census Tract 22.01,47,Merced,0.0,153.0,18.0,153.0,18.0,135.0,135.0
06073019809,Census Tract 198.09,73,San Diego,0.0,95.0,12.0,95.0,12.0,83.0,83.0
06073020029,Census Tract 200.29,73,San Diego,11.0,186.0,9.0,175.0,0.0,177.0,175.0
06073020309,Census Tract 203.09,73,San Diego,2.0,103.0,13.0,101.0,11.0,90.0,90.0
06073021205,Census Tract 212.05,73,San Diego,4.0,200.0,7.0,196.0,3.0,193.0,193.0
06071003506,Census Tract 35.06,71,San Bernardino,0.0,107.0,26.0,107.0,26.0,81.0,81.0
06071000404,Census Tract 4.04,71,San Bernardino,2.0,125.0,20.0,123.0,18.0,105.0,105.0
06037300100,Census Tract 3001,37,Los Angeles,0.0,154.0,6.0,154.0,6.0,148.0,148.0
06073000400,Census Tract 4,73,San Diego,44.0,85.0,19.0,41.0,0.0,66.0,41.0
06073000500,Census Tract 5,73,San Diego,0.0,61.0,20.0,61.0,20.0,41.0,41.0
06073000600,Census Tract 6,73,San Diego,5.0,65.0,22.0,60.0,17.0,43.0,43.0
06037300501,Census Tract 3005.01,37,Los Angeles,0.0,62.0,11.0,62.0,11.0,51.0,51.0
06111002700,Census Tract 27,111,Ventura,18.0,111.0,20.0,93.0,2.0,91.0,91.0
06111002800,Census Tract 28,111,Ventura,13.0,175.0,6.0,162.0,0.0,169.0,162.0
06111003608,Census Tract 36.08,111,Ventura,0.0,77.0,27.0,77.0,27.0,50.0,50.0
06111003700,Census Tract 37,111,Ventura,0.0,138.0,26.0,138.0,26.0,112.0,112.0
06083003102,Census Tract 31.02,83,Santa Barbara,0.0,63.0,1.0,63.0,1.0,62.0,62.0
06083001704,Census Tract 17.04,83,Santa Barbara,3.0,72.0,9.0,69.0,6.0,63.0,63.0
06073003103,Census Tract 31.03,73,San Diego,0.0,167.0,15.0,167.0,15.0,152.0,152.0
06073003105,Census Tract 31.05,73,San Diego,0.0,110.0,19.0,110.0,19.0,91.0,91.0
06053010202,Census Tract 102.02,53,Monterey,0.0,90.0,5.0,90.0,5.0,85.0,85.0
06053013000,Census Tract 130,53,Monterey,20.0,64.0,16.0,44.0,0.0,48.0,44.0
06053010603,Census Tract 106.03,53,Monterey,0.0,189.0,21.0,189.0,21.0,168.0,168.0
06053013300,Census Tract 133,53,Monterey,12.0,116.0,12.0,104.0,0.0,104.0,104.0
06053013500,Census Tract 135,53,Monterey,0.0,91.0,25.0,91.0,25.0,66.0,66.0
06053013700,Census Tract 137,53,Monterey,0.0,99.0,36.0,99.0,36.0,63.0,63.0
06053013800,Census Tract 138,53,Monterey,0.0,104.0,27.0,104.0,27.0,77.0,77.0
06053000101,Census Tract 1.01,53,Monterey,0.0,55.0,10.0,55.0,10.0,45.0,45.0
06053000103,Census Tract 1.03,53,Monterey,18.0,86.0,30.0,68.0,12.0,56.0,56.0
06083000302,Census Tract 3.02,83,Santa Barbara,0.0,76.0,23.0,76.0,23.0,53.0,53.0
06053010604,Census Tract 106.04,53,Monterey,0.0,144.0,27.0,144.0,27.0,117.0,117.0
06053010605,Census Tract 106.05,53,Monterey,0.0,98.0,29.0,98.0,29.0,69.0,69.0
06053010900,Census Tract 109,53,Monterey,0.0,94.0,16.0,94.0,16.0,78.0,78.0
06053013900,Census Tract 139,53,Monterey,0.0,52.0,30.0,52.0,30.0,22.0,22.0
06039000104,Census Tract 1.04,39,Madera,12.0,164.0,9.0,152.0,0.0,155.0,152.0
06039000509,Census Tract 5.09,39,Madera,0.0,232.0,6.0,232.0,6.0,226.0,226.0
06111004000,Census Tract 40,111,Ventura,0.0,162.0,24.0,162.0,24.0,138.0,138.0
06111004101,Census Tract 41.01,111,Ventura,0.0,169.0,25.0,169.0,25.0,144.0,144.0
06053011302,Census Tract 113.02,53,Monterey,4.0,162.0,22.0,158.0,18.0,140.0,140.0
06053012000,Census Tract 120,53,Monterey,4.0,76.0,29.0,72.0,25.0,47.0,47.0
06053012100,Census Tract 121,53,Monterey,12.0,55.0,28.0,43.0,16.0,27.0,27.0
06111004200,Census Tract 42,111,Ventura,0.0,100.0,23.0,100.0,23.0,77.0,77.0
06111004503,Census Tract 45.03,111,Ventura,0.0,90.0,35.0,90.0,35.0,55.0,55.0
06111004504,Census Tract 45.04,111,Ventura,0.0,103.0,29.0,103.0,29.0,74.0,74.0
06085504505,Census Tract 5045.05,85,Santa Clara,14.0,574.0,12.0,560.0,0.0,562.0,560.0
06029000400,Census Tract 4,29,Kern,0.0,74.0,16.0,74.0,16.0,58.0,58.0
06029000504,Census Tract 5.04,29,Kern,0.0,76.0,16.0,76.0,16.0,60.0,60.0
06029000506,Census Tract 5.06,29,Kern,0.0,52.0,16.0,52.0,16.0,36.0,36.0
06029000507,Census Tract 5.07,29,Kern,32.0,66.0,7.0,34.0,0.0,59.0,34.0
06085503903,Census Tract 5039.03,85,Santa Clara,0.0,67.0,17.0,67.0,17.0,50.0,50.0
06013386000,Census Tract 3860,13,Contra Costa,8.0,72.0,21.0,64.0,13.0,51.0,51.0
06013354001,Census Tract 3540.01,13,Contra Costa,0.0,59.0,6.0,59.0,6.0,53.0,53.0
06013318000,Census Tract 3180,13,Contra Costa,0.0,65.0,6.0,65.0,6.0,59.0,59.0
06013314200,Census Tract 3142,13,Contra Costa,0.0,81.0,7.0,81.0,7.0,74.0,74.0
06013357000,Census Tract 3570,13,Contra Costa,0.0,57.0,6.0,57.0,6.0,51.0,51.0
06071008403,Census Tract 84.03,71,San Bernardino,0.0,96.0,14.0,96.0,14.0,82.0,82.0
06013337100,Census Tract 3371,13,Contra Costa,0.0,68.0,13.0,68.0,13.0,55.0,55.0
06013363000,Census Tract 3630,13,Contra Costa,0.0,221.0,10.0,221.0,10.0,211.0,211.0
06013321101,Census Tract 3211.01,13,Contra Costa,20.0,194.0,10.0,174.0,0.0,184.0,174.0
06013320001,Census Tract 3200.01,13,Contra Costa,0.0,65.0,5.0,65.0,5.0,60.0,60.0
06013307205,Census Tract 3072.05,13,Contra Costa,0.0,174.0,12.0,174.0,12.0,162.0,162.0
06013355302,Census Tract 3553.02,13,Contra Costa,0.0,65.0,8.0,65.0,8.0,57.0,57.0
06053012200,Census Tract 122,53,Monterey,4.0,63.0,32.0,59.0,28.0,31.0,31.0
06013307101,Census Tract 3071.01,13,Contra Costa,0.0,94.0,14.0,94.0,14.0,80.0,80.0
06111003615,Census Tract 36.15,111,Ventura,0.0,58.0,20.0,58.0,20.0,38.0,38.0
06111005803,Census Tract 58.03,111,Ventura,0.0,82.0,14.0,82.0,14.0,68.0,68.0
06111008307,Census Tract 83.07,111,Ventura,0.0,79.0,28.0,79.0,28.0,51.0,51.0
06111007515,Census Tract 75.15,111,Ventura,0.0,88.0,9.0,88.0,9.0,79.0,79.0
06111001511,Census Tract 15.11,111,Ventura,0.0,59.0,34.0,59.0,34.0,25.0,25.0
06111008308,Census Tract 83.08,111,Ventura,0.0,107.0,6.0,107.0,6.0,101.0,101.0
06111003617,Census Tract 36.17,111,Ventura,2.0,48.0,23.0,46.0,21.0,25.0,25.0
06111003101,Census Tract 31.01,111,Ventura,0.0,97.0,24.0,97.0,24.0,73.0,73.0
06111008502,Census Tract 85.02,111,Ventura,4.0,53.0,4.0,49.0,0.0,49.0,49.0
06111003902,Census Tract 39.02,111,Ventura,0.0,87.0,25.0,87.0,25.0,62.0,62.0
06111001509,Census Tract 15.09,111,Ventura,0.0,109.0,23.0,109.0,23.0,86.0,86.0
06111009600,Census Tract 96,111,Ventura,0.0,78.0,5.0,78.0,5.0,73.0,73.0
06073002902,Census Tract 29.02,73,San Diego,0.0,93.0,17.0,93.0,17.0,76.0,76.0
06073002903,Census Tract 29.03,73,San Diego,0.0,70.0,18.0,70.0,18.0,52.0,52.0
06013341000,Census Tract 3410,13,Contra Costa,6.0,123.0,11.0,117.0,5.0,112.0,112.0
06013385100,Census Tract 3851,13,Contra Costa,2.0,56.0,14.0,54.0,12.0,42.0,42.0
06013392000,Census Tract 3920,13,Contra Costa,0.0,53.0,21.0,53.0,21.0,32.0,32.0
06013351200,Census Tract 3512,13,Contra Costa,0.0,129.0,7.0,129.0,7.0,122.0,122.0
06071000115,Census Tract 1.15,71,San Bernardino,10.0,291.0,9.0,281.0,0.0,282.0,281.0
06071002031,Census Tract 20.31,71,San Bernardino,0.0,182.0,23.0,182.0,23.0,159.0,159.0
06029000800,Census Tract 8,29,Kern,0.0,75.0,19.0,75.0,19.0,56.0,56.0
06029000903,Census Tract 9.03,29,Kern,0.0,79.0,23.0,79.0,23.0,56.0,56.0
06029000904,Census Tract 9.04,29,Kern,2.0,72.0,19.0,70.0,17.0,53.0,53.0
06071008100,Census Tract 81,71,San Bernardino,7.0,61.0,24.0,54.0,17.0,37.0,37.0
06053014102,Census Tract 141.02,53,Monterey,43.0,159.0,9.0,116.0,0.0,150.0,116.0
06071011203,Census Tract 112.03,71,San Bernardino,7.0,47.0,13.0,40.0,6.0,34.0,34.0
06053014301,Census Tract 143.01,53,Monterey,10.0,55.0,9.0,45.0,0.0,46.0,45.0
06013365002,Census Tract 3650.02,13,Contra Costa,0.0,79.0,8.0,79.0,8.0,71.0,71.0
06013307201,Census Tract 3072.01,13,Contra Costa,10.0,83.0,17.0,73.0,7.0,66.0,66.0
06073019903,Census Tract 199.03,73,San Diego,0.0,100.0,7.0,100.0,7.0,93.0,93.0
06035040303,Census Tract 403.03,35,Lassen,2.0,76.0,16.0,74.0,14.0,60.0,60.0
06053014302,Census Tract 143.02,53,Monterey,6.0,58.0,8.0,52.0,2.0,50.0,50.0
06013308001,Census Tract 3080.01,13,Contra Costa,8.0,209.0,11.0,201.0,3.0,198.0,198.0
06065042624,Census Tract 426.24,65,Riverside,0.0,105.0,5.0,105.0,5.0,100.0,100.0
06013307202,Census Tract 3072.02,13,Contra Costa,0.0,85.0,25.0,85.0,25.0,60.0,60.0
06065042730,Census Tract 427.30,65,Riverside,0.0,164.0,8.0,164.0,8.0,156.0,156.0
06065042731,Census Tract 427.31,65,Riverside,0.0,369.0,7.0,369.0,7.0,362.0,362.0
06065042733,Census Tract 427.33,65,Riverside,0.0,2168.0,8.0,2168.0,8.0,2160.0,2160.0
06065042737,Census Tract 427.37,65,Riverside,2.0,106.0,4.0,104.0,2.0,102.0,102.0
06065042745,Census Tract 427.45,65,Riverside,0.0,202.0,5.0,202.0,5.0,197.0,197.0
06065043007,Census Tract 430.07,65,Riverside,0.0,254.0,8.0,254.0,8.0,246.0,246.0
06065043246,Census Tract 432.46,65,Riverside,3.0,158.0,9.0,155.0,6.0,149.0,149.0
06065043254,Census Tract 432.54,65,Riverside,21.0,84.0,5.0,63.0,0.0,79.0,63.0
06065043265,Census Tract 432.65,65,Riverside,0.0,208.0,16.0,208.0,16.0,192.0,192.0
06065043267,Census Tract 432.67,65,Riverside,4.0,124.0,14.0,120.0,10.0,110.0,110.0
06065043272,Census Tract 432.72,65,Riverside,0.0,122.0,4.0,122.0,4.0,118.0,118.0
06065041913,Census Tract 419.13,65,Riverside,0.0,127.0,16.0,127.0,16.0,111.0,111.0
06065043008,Census Tract 430.08,65,Riverside,0.0,119.0,6.0,119.0,6.0,113.0,113.0
06065043813,Census Tract 438.13,65,Riverside,59.0,145.0,2.0,86.0,0.0,143.0,86.0
06065044516,Census Tract 445.16,65,Riverside,0.0,191.0,10.0,191.0,10.0,181.0,181.0
06029000905,Census Tract 9.05,29,Kern,0.0,56.0,26.0,56.0,26.0,30.0,30.0
06029000906,Census Tract 9.06,29,Kern,0.0,73.0,25.0,73.0,25.0,48.0,48.0
06053012302,Census Tract 123.02,53,Monterey,6.0,53.0,40.0,47.0,34.0,13.0,13.0
06053012401,Census Tract 124.01,53,Monterey,8.0,46.0,26.0,38.0,18.0,20.0,20.0
06053012402,Census Tract 124.02,53,Monterey,4.0,63.0,15.0,59.0,11.0,48.0,48.0
06029000907,Census Tract 9.07,29,Kern,0.0,53.0,26.0,53.0,26.0,27.0,27.0
06029000908,Census Tract 9.08,29,Kern,0.0,78.0,20.0,78.0,20.0,58.0,58.0
06029000909,Census Tract 9.09,29,Kern,0.0,54.0,18.0,54.0,18.0,36.0,36.0
06111007516,Census Tract 75.16,111,Ventura,0.0,100.0,23.0,100.0,23.0,77.0,77.0
06111004507,Census Tract 45.07,111,Ventura,0.0,72.0,60.0,72.0,60.0,12.0,12.0
06111001901,Census Tract 19.01,111,Ventura,4.0,76.0,20.0,72.0,16.0,56.0,56.0
06111004508,Census Tract 45.08,111,Ventura,0.0,79.0,39.0,79.0,39.0,40.0,40.0
06111002302,Census Tract 23.02,111,Ventura,2.0,102.0,15.0,100.0,13.0,87.0,87.0
06111002301,Census Tract 23.01,111,Ventura,0.0,55.0,34.0,55.0,34.0,21.0,21.0
06111005804,Census Tract 58.04,111,Ventura,0.0,123.0,13.0,123.0,13.0,110.0,110.0
06111001510,Census Tract 15.10,111,Ventura,17.0,73.0,22.0,56.0,5.0,51.0,51.0
06111005307,Census Tract 53.07,111,Ventura,0.0,153.0,16.0,153.0,16.0,137.0,137.0
06111001801,Census Tract 18.01,111,Ventura,12.0,88.0,18.0,76.0,6.0,70.0,70.0
06111003301,Census Tract 33.01,111,Ventura,2.0,59.0,30.0,57.0,28.0,29.0,29.0
06111005006,Census Tract 50.06,111,Ventura,0.0,64.0,16.0,64.0,16.0,48.0,48.0
06111009400,Census Tract 94,111,Ventura,0.0,49.0,17.0,49.0,17.0,32.0,32.0
06111008501,Census Tract 85.01,111,Ventura,0.0,146.0,17.0,146.0,17.0,129.0,129.0
06111001303,Census Tract 13.03,111,Ventura,0.0,126.0,16.0,126.0,16.0,110.0,110.0
06111009500,Census Tract 95,111,Ventura,2.0,64.0,2.0,62.0,0.0,62.0,62.0
06111009700,Census Tract 97,111,Ventura,0.0,82.0,1.0,82.0,1.0,81.0,81.0
06111005602,Census Tract 56.02,111,Ventura,17.0,115.0,3.0,98.0,0.0,112.0,98.0
06111001508,Census Tract 15.08,111,Ventura,3.0,103.0,23.0,100.0,20.0,80.0,80.0
06111001304,Census Tract 13.04,111,Ventura,0.0,69.0,29.0,69.0,29.0,40.0,40.0
06111003102,Census Tract 31.02,111,Ventura,0.0,86.0,26.0,86.0,26.0,60.0,60.0
06111009200,Census Tract 92,111,Ventura,17.0,136.0,17.0,119.0,0.0,119.0,119.0
06111003618,Census Tract 36.18,111,Ventura,1.0,34.0,9.0,33.0,8.0,25.0,25.0
06111008601,Census Tract 86.01,111,Ventura,0.0,101.0,33.0,101.0,33.0,68.0,68.0
06111003613,Census Tract 36.13,111,Ventura,0.0,123.0,27.0,123.0,27.0,96.0,96.0
06111003614,Census Tract 36.14,111,Ventura,0.0,100.0,24.0,100.0,24.0,76.0,76.0
06111003302,Census Tract 33.02,111,Ventura,0.0,149.0,24.0,149.0,24.0,125.0,125.0
06111005601,Census Tract 56.01,111,Ventura,4.0,166.0,16.0,162.0,12.0,150.0,150.0
06111008602,Census Tract 86.02,111,Ventura,0.0,59.0,31.0,59.0,31.0,28.0,28.0
06111006101,Census Tract 61.01,111,Ventura,2.0,104.0,15.0,102.0,13.0,89.0,89.0
06111006102,Census Tract 61.02,111,Ventura,24.0,112.0,10.0,88.0,0.0,102.0,88.0
06111005308,Census Tract 53.08,111,Ventura,0.0,66.0,15.0,66.0,15.0,51.0,51.0
06111009300,Census Tract 93,111,Ventura,1.0,123.0,2.0,122.0,1.0,121.0,121.0
06111005005,Census Tract 50.05,111,Ventura,0.0,90.0,20.0,90.0,20.0,70.0,70.0
06111003616,Census Tract 36.16,111,Ventura,2.0,89.0,14.0,87.0,12.0,75.0,75.0
06111003901,Census Tract 39.01,111,Ventura,0.0,68.0,34.0,68.0,34.0,34.0,34.0
06085506606,Census Tract 5066.06,85,Santa Clara,0.0,109.0,15.0,109.0,15.0,94.0,94.0
06053014105,Census Tract 141.05,53,Monterey,0.0,100.0,13.0,100.0,13.0,87.0,87.0
06085504506,Census Tract 5045.06,85,Santa Clara,20.0,187.0,12.0,167.0,0.0,175.0,167.0
06085504507,Census Tract 5045.07,85,Santa Clara,8.0,140.0,12.0,132.0,4.0,128.0,128.0
06085506701,Census Tract 5067.01,85,Santa Clara,34.0,97.0,13.0,63.0,0.0,84.0,63.0
06053010400,Census Tract 104,53,Monterey,4.0,198.0,18.0,194.0,14.0,180.0,180.0
06029001201,Census Tract 12.01,29,Kern,0.0,46.0,28.0,46.0,28.0,18.0,18.0
06029001202,Census Tract 12.02,29,Kern,0.0,81.0,24.0,81.0,24.0,57.0,57.0
06029001500,Census Tract 15,29,Kern,0.0,49.0,19.0,49.0,19.0,30.0,30.0
06095252915,Census Tract 2529.15,95,Solano,0.0,144.0,6.0,144.0,6.0,138.0,138.0
06095252314,Census Tract 2523.14,95,Solano,8.0,97.0,18.0,89.0,10.0,79.0,79.0
06085508203,Census Tract 5082.03,85,Santa Clara,9.0,111.0,13.0,102.0,4.0,98.0,98.0
06013308002,Census Tract 3080.02,13,Contra Costa,0.0,122.0,11.0,122.0,11.0,111.0,111.0
06085506702,Census Tract 5067.02,85,Santa Clara,0.0,129.0,13.0,129.0,13.0,116.0,116.0
06053012700,Census Tract 127,53,Monterey,20.0,76.0,21.0,56.0,1.0,55.0,55.0
06053012800,Census Tract 128,53,Monterey,4.0,102.0,15.0,98.0,11.0,87.0,87.0
06085506703,Census Tract 5067.03,85,Santa Clara,0.0,80.0,14.0,80.0,14.0,66.0,66.0
06013343002,Census Tract 3430.02,13,Contra Costa,12.0,88.0,11.0,76.0,0.0,77.0,76.0
06013348000,Census Tract 3480,13,Contra Costa,4.0,111.0,6.0,107.0,2.0,105.0,105.0
06013352101,Census Tract 3521.01,13,Contra Costa,13.0,74.0,6.0,61.0,0.0,68.0,61.0
06013359202,Census Tract 3592.02,13,Contra Costa,0.0,159.0,7.0,159.0,7.0,152.0,152.0
06085504805,Census Tract 5048.05,85,Santa Clara,9.0,201.0,14.0,192.0,5.0,187.0,187.0
06103001101,Census Tract 11.01,103,Tehama,30.0,53.0,11.0,23.0,0.0,42.0,23.0
06103000701,Census Tract 7.01,103,Tehama,12.0,102.0,68.0,90.0,56.0,34.0,34.0
06103000702,Census Tract 7.02,103,Tehama,4.0,74.0,44.0,70.0,40.0,30.0,30.0
06103000202,Census Tract 2.02,103,Tehama,0.0,102.0,11.0,102.0,11.0,91.0,91.0
06103001102,Census Tract 11.02,103,Tehama,8.0,163.0,47.0,155.0,39.0,116.0,116.0
06103000201,Census Tract 2.01,103,Tehama,0.0,103.0,14.0,103.0,14.0,89.0,89.0
06025010102,Census Tract 101.02,25,Imperial,10.0,68.0,3.0,58.0,0.0,65.0,58.0
06025010101,Census Tract 101.01,25,Imperial,0.0,71.0,3.0,71.0,3.0,68.0,68.0
06025012001,Census Tract 120.01,25,Imperial,0.0,210.0,70.0,210.0,70.0,140.0,140.0
06085504806,Census Tract 5048.06,85,Santa Clara,4.0,61.0,18.0,57.0,14.0,43.0,43.0
06085505007,Census Tract 5050.07,85,Santa Clara,0.0,88.0,9.0,88.0,9.0,79.0,79.0
06085505203,Census Tract 5052.03,85,Santa Clara,28.0,91.0,14.0,63.0,0.0,77.0,63.0
06029000902,Census Tract 9.02,29,Kern,0.0,61.0,25.0,61.0,25.0,36.0,36.0
06029006002,Census Tract 60.02,29,Kern,0.0,43.0,11.0,43.0,11.0,32.0,32.0
06037310100,Census Tract 3101,37,Los Angeles,0.0,153.0,4.0,153.0,4.0,149.0,149.0
06085508204,Census Tract 5082.04,85,Santa Clara,0.0,92.0,16.0,92.0,16.0,76.0,76.0
06085508505,Census Tract 5085.05,85,Santa Clara,0.0,94.0,15.0,94.0,15.0,79.0,79.0
06043000200,Census Tract 2,43,Mariposa,4.0,71.0,19.0,67.0,15.0,52.0,52.0
06057001205,Census Tract 12.05,57,Nevada,19.0,91.0,9.0,72.0,0.0,82.0,72.0
06029002820,Census Tract 28.20,29,Kern,0.0,165.0,18.0,165.0,18.0,147.0,147.0
06029001700,Census Tract 17,29,Kern,1.0,97.0,15.0,96.0,14.0,82.0,82.0
06037300200,Census Tract 3002,37,Los Angeles,2.0,137.0,9.0,135.0,7.0,128.0,128.0
06037300400,Census Tract 3004,37,Los Angeles,0.0,129.0,9.0,129.0,9.0,120.0,120.0
06085504802,Census Tract 5048.02,85,Santa Clara,6.0,96.0,12.0,90.0,6.0,84.0,84.0
06085505301,Census Tract 5053.01,85,Santa Clara,0.0,118.0,17.0,118.0,17.0,101.0,101.0
06085505302,Census Tract 5053.02,85,Santa Clara,8.0,105.0,14.0,97.0,6.0,91.0,91.0
06085505304,Census Tract 5053.04,85,Santa Clara,0.0,73.0,16.0,73.0,16.0,57.0,57.0
06085505305,Census Tract 5053.05,85,Santa Clara,0.0,126.0,13.0,126.0,13.0,113.0,113.0
06085505401,Census Tract 5054.01,85,Santa Clara,4.0,159.0,15.0,155.0,11.0,144.0,144.0
06037300701,Census Tract 3007.01,37,Los Angeles,0.0,149.0,4.0,149.0,4.0,145.0,145.0
06037300902,Census Tract 3009.02,37,Los Angeles,0.0,50.0,6.0,50.0,6.0,44.0,44.0
06085505402,Census Tract 5054.02,85,Santa Clara,7.0,65.0,16.0,58.0,9.0,49.0,49.0
06013384000,Census Tract 3840,13,Contra Costa,0.0,79.0,17.0,79.0,17.0,62.0,62.0
06013305000,Census Tract 3050,13,Contra Costa,9.0,144.0,7.0,135.0,0.0,137.0,135.0
06029001801,Census Tract 18.01,29,Kern,0.0,92.0,19.0,92.0,19.0,73.0,73.0
06029001901,Census Tract 19.01,29,Kern,9.0,68.0,22.0,59.0,13.0,46.0,46.0
06029001902,Census Tract 19.02,29,Kern,0.0,72.0,22.0,72.0,22.0,50.0,50.0
06029002100,Census Tract 21,29,Kern,0.0,51.0,24.0,51.0,24.0,27.0,27.0
06085508601,Census Tract 5086.01,85,Santa Clara,5.0,76.0,14.0,71.0,9.0,62.0,62.0
06029002302,Census Tract 23.02,29,Kern,0.0,59.0,19.0,59.0,19.0,40.0,40.0
06037320300,Census Tract 3203,37,Los Angeles,21.0,155.0,10.0,134.0,0.0,145.0,134.0
06085505403,Census Tract 5054.03,85,Santa Clara,2.0,234.0,14.0,232.0,12.0,220.0,220.0
06085505500,Census Tract 5055,85,Santa Clara,0.0,96.0,14.0,96.0,14.0,82.0,82.0
06085505600,Census Tract 5056,85,Santa Clara,14.0,95.0,16.0,81.0,2.0,79.0,79.0
06085505800,Census Tract 5058,85,Santa Clara,32.0,75.0,13.0,43.0,0.0,62.0,43.0
06085506803,Census Tract 5068.03,85,Santa Clara,48.0,187.0,11.0,139.0,0.0,176.0,139.0
06085507806,Census Tract 5078.06,85,Santa Clara,36.0,125.0,12.0,89.0,0.0,113.0,89.0
06085507807,Census Tract 5078.07,85,Santa Clara,0.0,66.0,17.0,66.0,17.0,49.0,49.0
06029006202,Census Tract 62.02,29,Kern,0.0,166.0,2.0,166.0,2.0,164.0,164.0
06029003103,Census Tract 31.03,29,Kern,0.0,66.0,13.0,66.0,13.0,53.0,53.0
06029001101,Census Tract 11.01,29,Kern,0.0,108.0,17.0,108.0,17.0,91.0,91.0
06029003807,Census Tract 38.07,29,Kern,0.0,76.0,18.0,76.0,18.0,58.0,58.0
06085508301,Census Tract 5083.01,85,Santa Clara,2.0,87.0,12.0,85.0,10.0,75.0,75.0
06085508303,Census Tract 5083.03,85,Santa Clara,2.0,56.0,15.0,54.0,13.0,41.0,41.0
06053010504,Census Tract 105.04,53,Monterey,7.0,118.0,5.0,111.0,0.0,113.0,111.0
06029002600,Census Tract 26,29,Kern,0.0,56.0,19.0,56.0,19.0,37.0,37.0
06085506000,Census Tract 5060,85,Santa Clara,3.0,101.0,14.0,98.0,11.0,87.0,87.0
06085506101,Census Tract 5061.01,85,Santa Clara,0.0,97.0,13.0,97.0,13.0,84.0,84.0
06085506102,Census Tract 5061.02,85,Santa Clara,2.0,92.0,15.0,90.0,13.0,77.0,77.0
06085507808,Census Tract 5078.08,85,Santa Clara,0.0,126.0,13.0,126.0,13.0,113.0,113.0
06053001500,Census Tract 15,53,Monterey,14.0,96.0,14.0,82.0,0.0,82.0,82.0
06053001700,Census Tract 17,53,Monterey,0.0,103.0,31.0,103.0,31.0,72.0,72.0
06029003124,Census Tract 31.24,29,Kern,0.0,101.0,15.0,101.0,15.0,86.0,86.0
06029003806,Census Tract 38.06,29,Kern,0.0,154.0,15.0,154.0,15.0,139.0,139.0
06111004704,Census Tract 47.04,111,Ventura,0.0,46.0,6.0,46.0,6.0,40.0,40.0
06029005600,Census Tract 56,29,Kern,4.0,45.0,4.0,41.0,0.0,41.0,41.0
06029006004,Census Tract 60.04,29,Kern,8.0,35.0,1.0,27.0,0.0,34.0,27.0
06029005700,Census Tract 57,29,Kern,0.0,43.0,1.0,43.0,1.0,42.0,42.0
06029005104,Census Tract 51.04,29,Kern,0.0,72.0,3.0,72.0,3.0,69.0,69.0
06029000505,Census Tract 5.05,29,Kern,0.0,69.0,21.0,69.0,21.0,48.0,48.0
06001410000,Census Tract 4100,1,Alameda,0.0,56.0,5.0,56.0,5.0,51.0,51.0
06029003810,Census Tract 38.10,29,Kern,0.0,60.0,18.0,60.0,18.0,42.0,42.0
06029003303,Census Tract 33.03,29,Kern,0.0,34.0,2.0,34.0,2.0,32.0,32.0
06029003900,Census Tract 39,29,Kern,47.0,113.0,2.0,66.0,0.0,111.0,66.0
06029003808,Census Tract 38.08,29,Kern,9.0,99.0,17.0,90.0,8.0,82.0,82.0
06085506103,Census Tract 5061.03,85,Santa Clara,6.0,111.0,13.0,105.0,7.0,98.0,98.0
06085506203,Census Tract 5062.03,85,Santa Clara,3.0,142.0,16.0,139.0,13.0,126.0,126.0
06085506204,Census Tract 5062.04,85,Santa Clara,0.0,116.0,12.0,116.0,12.0,104.0,104.0
06001430200,Census Tract 4302,1,Alameda,0.0,165.0,5.0,165.0,5.0,160.0,160.0
06001407900,Census Tract 4079,1,Alameda,2.0,55.0,12.0,53.0,10.0,43.0,43.0
06001436601,Census Tract 4366.01,1,Alameda,2.0,154.0,12.0,152.0,10.0,142.0,142.0
06029003811,Census Tract 38.11,29,Kern,0.0,59.0,18.0,59.0,18.0,41.0,41.0
06029003812,Census Tract 38.12,29,Kern,0.0,110.0,14.0,110.0,14.0,96.0,96.0
06029004101,Census Tract 41.01,29,Kern,1.0,151.0,16.0,150.0,15.0,135.0,135.0
06037301400,Census Tract 3014,37,Los Angeles,0.0,79.0,10.0,79.0,10.0,69.0,69.0
06037301501,Census Tract 3015.01,37,Los Angeles,0.0,45.0,17.0,45.0,17.0,28.0,28.0
06037301502,Census Tract 3015.02,37,Los Angeles,0.0,187.0,16.0,187.0,16.0,171.0,171.0
06037301601,Census Tract 3016.01,37,Los Angeles,10.0,115.0,9.0,105.0,0.0,106.0,105.0
06037301701,Census Tract 3017.01,37,Los Angeles,2.0,54.0,13.0,52.0,11.0,41.0,41.0
06037301602,Census Tract 3016.02,37,Los Angeles,2.0,72.0,13.0,70.0,11.0,59.0,59.0
06037301702,Census Tract 3017.02,37,Los Angeles,0.0,99.0,14.0,99.0,14.0,85.0,85.0
06001401400,Census Tract 4014,1,Alameda,0.0,62.0,14.0,62.0,14.0,48.0,48.0
06029004102,Census Tract 41.02,29,Kern,0.0,107.0,21.0,107.0,21.0,86.0,86.0
06037302002,Census Tract 3020.02,37,Los Angeles,3.0,77.0,18.0,74.0,15.0,59.0,59.0
06113010401,Census Tract 104.01,113,Yolo,3.0,71.0,1.0,68.0,0.0,70.0,68.0
06029002804,Census Tract 28.04,29,Kern,0.0,47.0,19.0,47.0,19.0,28.0,28.0
06073017022,Census Tract 170.22,73,San Diego,2.0,155.0,10.0,153.0,8.0,145.0,145.0
06073009901,Census Tract 99.01,73,San Diego,0.0,41.0,8.0,41.0,8.0,33.0,33.0
06073017045,Census Tract 170.45,73,San Diego,0.0,58.0,15.0,58.0,15.0,43.0,43.0
06073013503,Census Tract 135.03,73,San Diego,0.0,154.0,13.0,154.0,13.0,141.0,141.0
06073020017,Census Tract 200.17,73,San Diego,8.0,66.0,10.0,58.0,2.0,56.0,56.0
06073015403,Census Tract 154.03,73,San Diego,0.0,58.0,12.0,58.0,12.0,46.0,46.0
06073010103,Census Tract 101.03,73,San Diego,0.0,79.0,8.0,79.0,8.0,71.0,71.0
06073018504,Census Tract 185.04,73,San Diego,18.0,151.0,8.0,133.0,0.0,143.0,133.0
06073020801,Census Tract 208.01,73,San Diego,0.0,127.0,2.0,127.0,2.0,125.0,125.0
06073018608,Census Tract 186.08,73,San Diego,0.0,69.0,10.0,69.0,10.0,59.0,59.0
06073005900,Census Tract 59,73,San Diego,0.0,66.0,33.0,66.0,33.0,33.0,33.0
06073020500,Census Tract 205,73,San Diego,14.0,96.0,15.0,82.0,1.0,81.0,81.0
06073019001,Census Tract 190.01,73,San Diego,0.0,182.0,2.0,182.0,2.0,180.0,180.0
06073009505,Census Tract 95.05,73,San Diego,0.0,134.0,5.0,134.0,5.0,129.0,129.0
06001400500,Census Tract 4005,1,Alameda,0.0,52.0,16.0,52.0,16.0,36.0,36.0
06001451102,Census Tract 4511.02,1,Alameda,0.0,84.0,6.0,84.0,6.0,78.0,78.0
06029002806,Census Tract 28.06,29,Kern,16.0,59.0,13.0,43.0,0.0,46.0,43.0
06029002807,Census Tract 28.07,29,Kern,0.0,66.0,16.0,66.0,16.0,50.0,50.0
06029003203,Census Tract 32.03,29,Kern,0.0,51.0,22.0,51.0,22.0,29.0,29.0
06085507903,Census Tract 5079.03,85,Santa Clara,0.0,96.0,13.0,96.0,13.0,83.0,83.0
06085508401,Census Tract 5084.01,85,Santa Clara,18.0,205.0,10.0,187.0,0.0,195.0,187.0
06085508404,Census Tract 5084.04,85,Santa Clara,21.0,134.0,12.0,113.0,0.0,122.0,113.0
06001432800,Census Tract 4328,1,Alameda,0.0,78.0,6.0,78.0,6.0,72.0,72.0
06001435400,Census Tract 4354,1,Alameda,13.0,109.0,11.0,96.0,0.0,98.0,96.0
06001438000,Census Tract 4380,1,Alameda,0.0,78.0,8.0,78.0,8.0,70.0,70.0
06001451201,Census Tract 4512.01,1,Alameda,0.0,191.0,7.0,191.0,7.0,184.0,184.0
06001451202,Census Tract 4512.02,1,Alameda,34.0,119.0,2.0,85.0,0.0,117.0,85.0
06029003400,Census Tract 34,29,Kern,0.0,77.0,10.0,77.0,10.0,67.0,67.0
06029003500,Census Tract 35,29,Kern,5.0,131.0,12.0,126.0,7.0,119.0,119.0
06029003600,Census Tract 36,29,Kern,0.0,83.0,12.0,83.0,12.0,71.0,71.0
06029006003,Census Tract 60.03,29,Kern,0.0,213.0,10.0,213.0,10.0,203.0,203.0
06115040500,Census Tract 405,115,Yuba,8.0,77.0,32.0,69.0,24.0,45.0,45.0
06115040600,Census Tract 406,115,Yuba,0.0,142.0,24.0,142.0,24.0,118.0,118.0
06109003200,Census Tract 32,109,Tuolumne,8.0,219.0,5.0,211.0,0.0,214.0,211.0
06109001200,Census Tract 12,109,Tuolumne,14.0,84.0,20.0,70.0,6.0,64.0,64.0
06109005201,Census Tract 52.01,109,Tuolumne,0.0,58.0,4.0,58.0,4.0,54.0,54.0
06109001100,Census Tract 11,109,Tuolumne,8.0,125.0,29.0,117.0,21.0,96.0,96.0
06085508503,Census Tract 5085.03,85,Santa Clara,18.0,125.0,14.0,107.0,0.0,111.0,107.0
06001401500,Census Tract 4015,1,Alameda,0.0,49.0,18.0,49.0,18.0,31.0,31.0
06029004601,Census Tract 46.01,29,Kern,0.0,58.0,18.0,58.0,18.0,40.0,40.0
06029005103,Census Tract 51.03,29,Kern,0.0,41.0,2.0,41.0,2.0,39.0,39.0
06029002811,Census Tract 28.11,29,Kern,0.0,74.0,15.0,74.0,15.0,59.0,59.0
06029002813,Census Tract 28.13,29,Kern,0.0,69.0,23.0,69.0,23.0,46.0,46.0
06073003208,Census Tract 32.08,73,San Diego,0.0,163.0,18.0,163.0,18.0,145.0,145.0
06085507904,Census Tract 5079.04,85,Santa Clara,20.0,61.0,15.0,41.0,0.0,46.0,41.0
06101050101,Census Tract 501.01,101,Sutter,0.0,160.0,26.0,160.0,26.0,134.0,134.0
06029002814,Census Tract 28.14,29,Kern,0.0,69.0,24.0,69.0,24.0,45.0,45.0
06029002815,Census Tract 28.15,29,Kern,0.0,72.0,26.0,72.0,26.0,46.0,46.0
06029002816,Census Tract 28.16,29,Kern,0.0,104.0,23.0,104.0,23.0,81.0,81.0
06029002817,Census Tract 28.17,29,Kern,0.0,87.0,24.0,87.0,24.0,63.0,63.0
06029002818,Census Tract 28.18,29,Kern,0.0,83.0,22.0,83.0,22.0,61.0,61.0
06085504412,Census Tract 5044.12,85,Santa Clara,8.0,105.0,17.0,97.0,9.0,88.0,88.0
06085504413,Census Tract 5044.13,85,Santa Clara,0.0,49.0,21.0,49.0,21.0,28.0,28.0
06085504414,Census Tract 5044.14,85,Santa Clara,24.0,111.0,12.0,87.0,0.0,99.0,87.0
06085504415,Census Tract 5044.15,85,Santa Clara,0.0,104.0,15.0,104.0,15.0,89.0,89.0
06085504416,Census Tract 5044.16,85,Santa Clara,0.0,79.0,16.0,79.0,16.0,63.0,63.0
06073013414,Census Tract 134.14,73,San Diego,0.0,217.0,12.0,217.0,12.0,205.0,205.0
06073013415,Census Tract 134.15,73,San Diego,10.0,45.0,20.0,35.0,10.0,25.0,25.0
06073013416,Census Tract 134.16,73,San Diego,0.0,88.0,14.0,88.0,14.0,74.0,74.0
06073013417,Census Tract 134.17,73,San Diego,0.0,58.0,15.0,58.0,15.0,43.0,43.0
06073013418,Census Tract 134.18,73,San Diego,0.0,136.0,16.0,136.0,16.0,120.0,120.0
06111005002,Census Tract 50.02,111,Ventura,18.0,62.0,9.0,44.0,0.0,53.0,44.0
06073018517,Census Tract 185.17,73,San Diego,22.0,82.0,15.0,60.0,0.0,67.0,60.0
06073018518,Census Tract 185.18,73,San Diego,11.0,72.0,21.0,61.0,10.0,51.0,51.0
06073018519,Census Tract 185.19,73,San Diego,0.0,160.0,17.0,160.0,17.0,143.0,143.0
06073018601,Census Tract 186.01,73,San Diego,2.0,99.0,10.0,97.0,8.0,89.0,89.0
06029000102,Census Tract 1.02,29,Kern,0.0,53.0,22.0,53.0,22.0,31.0,31.0
06073008303,Census Tract 83.03,73,San Diego,0.0,62.0,10.0,62.0,10.0,52.0,52.0
06073012200,Census Tract 122,73,San Diego,22.0,68.0,16.0,46.0,0.0,52.0,46.0
06073020706,Census Tract 207.06,73,San Diego,0.0,147.0,5.0,147.0,5.0,142.0,142.0
06111005202,Census Tract 52.02,111,Ventura,20.0,52.0,7.0,32.0,0.0,45.0,32.0
06001401600,Census Tract 4016,1,Alameda,0.0,45.0,16.0,45.0,16.0,29.0,29.0
06001402400,Census Tract 4024,1,Alameda,0.0,45.0,22.0,45.0,22.0,23.0,23.0
06085504418,Census Tract 5044.18,85,Santa Clara,0.0,82.0,16.0,82.0,16.0,66.0,66.0
06085504421,Census Tract 5044.21,85,Santa Clara,3.0,120.0,13.0,117.0,10.0,107.0,107.0
06073000700,Census Tract 7,73,San Diego,0.0,86.0,24.0,86.0,24.0,62.0,62.0
06037310703,Census Tract 3107.03,37,Los Angeles,8.0,87.0,13.0,79.0,5.0,74.0,74.0
06037310900,Census Tract 3109,37,Los Angeles,0.0,197.0,9.0,197.0,9.0,188.0,188.0
06001402200,Census Tract 4022,1,Alameda,0.0,46.0,15.0,46.0,15.0,31.0,31.0
06073000800,Census Tract 8,73,San Diego,0.0,97.0,26.0,97.0,26.0,71.0,71.0
06037311000,Census Tract 3110,37,Los Angeles,8.0,75.0,11.0,67.0,3.0,64.0,64.0
06037311100,Census Tract 3111,37,Los Angeles,0.0,78.0,10.0,78.0,10.0,68.0,68.0
06037311200,Census Tract 3112,37,Los Angeles,0.0,64.0,13.0,64.0,13.0,51.0,51.0
06037311300,Census Tract 3113,37,Los Angeles,2.0,75.0,12.0,73.0,10.0,63.0,63.0
06037311400,Census Tract 3114,37,Los Angeles,0.0,54.0,13.0,54.0,13.0,41.0,41.0
06085507905,Census Tract 5079.05,85,Santa Clara,0.0,138.0,14.0,138.0,14.0,124.0,124.0
06001402500,Census Tract 4025,1,Alameda,0.0,40.0,21.0,40.0,21.0,19.0,19.0
06001402600,Census Tract 4026,1,Alameda,8.0,36.0,22.0,28.0,14.0,14.0,14.0
06001402700,Census Tract 4027,1,Alameda,0.0,40.0,20.0,40.0,20.0,20.0,20.0
06001403000,Census Tract 4030,1,Alameda,0.0,51.0,21.0,51.0,21.0,30.0,30.0
06037237900,Census Tract 2379,37,Los Angeles,0.0,71.0,13.0,71.0,13.0,58.0,58.0
06037534700,Census Tract 5347,37,Los Angeles,0.0,66.0,17.0,66.0,17.0,49.0,49.0
06037228600,Census Tract 2286,37,Los Angeles,1.0,79.0,18.0,78.0,17.0,61.0,61.0
06037222600,Census Tract 2226,37,Los Angeles,3.0,56.0,16.0,53.0,13.0,40.0,40.0
06037407101,Census Tract 4071.01,37,Los Angeles,0.0,91.0,12.0,91.0,12.0,79.0,79.0
06037482502,Census Tract 4825.02,37,Los Angeles,0.0,78.0,16.0,78.0,16.0,62.0,62.0
06037208904,Census Tract 2089.04,37,Los Angeles,0.0,52.0,38.0,52.0,38.0,14.0,14.0
06085504422,Census Tract 5044.22,85,Santa Clara,0.0,72.0,18.0,72.0,18.0,54.0,54.0
06073013505,Census Tract 135.05,73,San Diego,2.0,102.0,13.0,100.0,11.0,89.0,89.0
06073013506,Census Tract 135.06,73,San Diego,0.0,79.0,8.0,79.0,8.0,71.0,71.0
06073013604,Census Tract 136.04,73,San Diego,8.0,126.0,11.0,118.0,3.0,115.0,115.0
06085506304,Census Tract 5063.04,85,Santa Clara,50.0,143.0,16.0,93.0,0.0,127.0,93.0
06085506305,Census Tract 5063.05,85,Santa Clara,0.0,122.0,16.0,122.0,16.0,106.0,106.0
06073013802,Census Tract 138.02,73,San Diego,0.0,68.0,25.0,68.0,25.0,43.0,43.0
06073018609,Census Tract 186.09,73,San Diego,0.0,168.0,18.0,168.0,18.0,150.0,150.0
06001404501,Census Tract 4045.01,1,Alameda,0.0,45.0,12.0,45.0,12.0,33.0,33.0
06001403800,Census Tract 4038,1,Alameda,0.0,64.0,16.0,64.0,16.0,48.0,48.0
06001403900,Census Tract 4039,1,Alameda,0.0,61.0,18.0,61.0,18.0,43.0,43.0
06037302202,Census Tract 3022.02,37,Los Angeles,0.0,87.0,18.0,87.0,18.0,69.0,69.0
06037139703,Census Tract 1397.03,37,Los Angeles,0.0,56.0,6.0,56.0,6.0,50.0,50.0
06037430502,Census Tract 4305.02,37,Los Angeles,0.0,178.0,7.0,178.0,7.0,171.0,171.0
06037300702,Census Tract 3007.02,37,Los Angeles,2.0,129.0,4.0,127.0,2.0,125.0,125.0
06037123602,Census Tract 1236.02,37,Los Angeles,0.0,62.0,13.0,62.0,13.0,49.0,49.0
06037122410,Census Tract 1224.10,37,Los Angeles,1.0,82.0,15.0,81.0,14.0,67.0,67.0
06037131300,Census Tract 1313,37,Los Angeles,0.0,92.0,12.0,92.0,12.0,80.0,80.0
06037115302,Census Tract 1153.02,37,Los Angeles,1.0,72.0,14.0,71.0,13.0,58.0,58.0
06037109700,Census Tract 1097,37,Los Angeles,1.0,89.0,10.0,88.0,9.0,79.0,79.0
06037910501,Census Tract 9105.01,37,Los Angeles,4.0,114.0,10.0,110.0,6.0,104.0,104.0
06041106001,Census Tract 1060.01,41,Marin,45.0,137.0,6.0,92.0,0.0,131.0,92.0
06001404000,Census Tract 4040,1,Alameda,0.0,57.0,21.0,57.0,21.0,36.0,36.0
06001438300,Census Tract 4383,1,Alameda,0.0,102.0,14.0,102.0,14.0,88.0,88.0
06037576402,Census Tract 5764.02,37,Los Angeles,0.0,62.0,23.0,62.0,23.0,39.0,39.0
06037543903,Census Tract 5439.03,37,Los Angeles,29.0,88.0,11.0,59.0,0.0,77.0,59.0
06037571102,Census Tract 5711.02,37,Los Angeles,0.0,75.0,11.0,75.0,11.0,64.0,64.0
06085506402,Census Tract 5064.02,85,Santa Clara,4.0,112.0,14.0,108.0,10.0,98.0,98.0
06085506503,Census Tract 5065.03,85,Santa Clara,4.0,161.0,12.0,157.0,8.0,149.0,149.0
06111005203,Census Tract 52.03,111,Ventura,0.0,130.0,16.0,130.0,16.0,114.0,114.0
06111005304,Census Tract 53.04,111,Ventura,0.0,134.0,15.0,134.0,15.0,119.0,119.0
06111005306,Census Tract 53.06,111,Ventura,0.0,108.0,16.0,108.0,16.0,92.0,92.0
06111005403,Census Tract 54.03,111,Ventura,0.0,62.0,31.0,62.0,31.0,31.0,31.0
06111005404,Census Tract 54.04,111,Ventura,5.0,88.0,21.0,83.0,16.0,67.0,67.0
06009000122,Census Tract 1.22,9,Calaveras,7.0,114.0,15.0,107.0,8.0,99.0,99.0
06009000504,Census Tract 5.04,9,Calaveras,0.0,34.0,10.0,34.0,10.0,24.0,24.0
06009000121,Census Tract 1.21,9,Calaveras,2.0,119.0,16.0,117.0,14.0,103.0,103.0
06009000501,Census Tract 5.01,9,Calaveras,8.0,126.0,24.0,118.0,16.0,102.0,102.0
06085507906,Census Tract 5079.06,85,Santa Clara,0.0,85.0,14.0,85.0,14.0,71.0,71.0
06099002402,Census Tract 24.02,99,Stanislaus,0.0,102.0,26.0,102.0,26.0,76.0,76.0
06037543701,Census Tract 5437.01,37,Los Angeles,0.0,68.0,16.0,68.0,16.0,52.0,52.0
06037241300,Census Tract 2413,37,Los Angeles,0.0,45.0,18.0,45.0,18.0,27.0,27.0
06037228410,Census Tract 2284.10,37,Los Angeles,0.0,55.0,24.0,55.0,24.0,31.0,31.0
06037531800,Census Tract 5318,37,Los Angeles,0.0,81.0,16.0,81.0,16.0,65.0,65.0
06037910809,Census Tract 9108.09,37,Los Angeles,0.0,57.0,4.0,57.0,4.0,53.0,53.0
06037204200,Census Tract 2042,37,Los Angeles,0.0,54.0,23.0,54.0,23.0,31.0,31.0
06037209820,Census Tract 2098.20,37,Los Angeles,0.0,45.0,30.0,45.0,30.0,15.0,15.0
06037214600,Census Tract 2146,37,Los Angeles,0.0,50.0,17.0,50.0,17.0,33.0,33.0
06037211420,Census Tract 2114.20,37,Los Angeles,1.0,55.0,21.0,54.0,20.0,34.0,34.0
06037191810,Census Tract 1918.10,37,Los Angeles,2.0,52.0,20.0,50.0,18.0,32.0,32.0
06037480302,Census Tract 4803.02,37,Los Angeles,6.0,73.0,13.0,67.0,7.0,60.0,60.0
06037192620,Census Tract 1926.20,37,Los Angeles,0.0,58.0,26.0,58.0,26.0,32.0,32.0
06073001000,Census Tract 10,73,San Diego,0.0,97.0,23.0,97.0,23.0,74.0,74.0
06073001100,Census Tract 11,73,San Diego,0.0,63.0,22.0,63.0,22.0,41.0,41.0
06085506601,Census Tract 5066.01,85,Santa Clara,17.0,86.0,13.0,69.0,0.0,73.0,69.0
06085506603,Census Tract 5066.03,85,Santa Clara,0.0,89.0,15.0,89.0,15.0,74.0,74.0
06085506605,Census Tract 5066.05,85,Santa Clara,0.0,102.0,17.0,102.0,17.0,85.0,85.0
06019006405,Census Tract 64.05,19,Fresno,0.0,243.0,2.0,243.0,2.0,241.0,241.0
06079010202,Census Tract 102.02,79,San Luis Obispo,0.0,156.0,12.0,156.0,12.0,144.0,144.0
06019005912,Census Tract 59.12,19,Fresno,0.0,733.0,7.0,733.0,7.0,726.0,726.0
06079011501,Census Tract 115.01,79,San Luis Obispo,3.0,54.0,38.0,51.0,35.0,16.0,16.0
06079011600,Census Tract 116,79,San Luis Obispo,7.0,75.0,3.0,68.0,0.0,72.0,68.0
06079012503,Census Tract 125.03,79,San Luis Obispo,0.0,200.0,21.0,200.0,21.0,179.0,179.0
06079010703,Census Tract 107.03,79,San Luis Obispo,0.0,92.0,22.0,92.0,22.0,70.0,70.0
06079012302,Census Tract 123.02,79,San Luis Obispo,1.0,104.0,1.0,103.0,0.0,103.0,103.0
06073001400,Census Tract 14,73,San Diego,0.0,61.0,24.0,61.0,24.0,37.0,37.0
06073001500,Census Tract 15,73,San Diego,4.0,71.0,24.0,67.0,20.0,47.0,47.0
06085508101,Census Tract 5081.01,85,Santa Clara,20.0,161.0,10.0,141.0,0.0,151.0,141.0
06073013905,Census Tract 139.05,73,San Diego,0.0,97.0,14.0,97.0,14.0,83.0,83.0
06073013907,Census Tract 139.07,73,San Diego,0.0,77.0,18.0,77.0,18.0,59.0,59.0
06073013908,Census Tract 139.08,73,San Diego,0.0,82.0,20.0,82.0,20.0,62.0,62.0
06073013909,Census Tract 139.09,73,San Diego,0.0,104.0,20.0,104.0,20.0,84.0,84.0
06073014001,Census Tract 140.01,73,San Diego,6.0,107.0,15.0,101.0,9.0,92.0,92.0
06001450701,Census Tract 4507.01,1,Alameda,4.0,57.0,1.0,53.0,0.0,56.0,53.0
06073019206,Census Tract 192.06,73,San Diego,0.0,120.0,18.0,120.0,18.0,102.0,102.0
06073019404,Census Tract 194.04,73,San Diego,0.0,83.0,20.0,83.0,20.0,63.0,63.0
06073019405,Census Tract 194.05,73,San Diego,0.0,100.0,20.0,100.0,20.0,80.0,80.0
06073019406,Census Tract 194.06,73,San Diego,0.0,120.0,15.0,120.0,15.0,105.0,105.0
06001403600,Census Tract 4036,1,Alameda,0.0,74.0,20.0,74.0,20.0,54.0,54.0
06001435300,Census Tract 4353,1,Alameda,0.0,103.0,11.0,103.0,11.0,92.0,92.0
06001409800,Census Tract 4098,1,Alameda,0.0,59.0,9.0,59.0,9.0,50.0,50.0
06001440306,Census Tract 4403.06,1,Alameda,0.0,78.0,15.0,78.0,15.0,63.0,63.0
06001450601,Census Tract 4506.01,1,Alameda,12.0,60.0,2.0,48.0,0.0,58.0,48.0
06037124500,Census Tract 1245,37,Los Angeles,1.0,56.0,14.0,55.0,13.0,42.0,42.0
06037301203,Census Tract 3012.03,37,Los Angeles,0.0,70.0,17.0,70.0,17.0,53.0,53.0
06037127910,Census Tract 1279.10,37,Los Angeles,0.0,100.0,16.0,100.0,16.0,84.0,84.0
06037123205,Census Tract 1232.05,37,Los Angeles,0.0,60.0,15.0,60.0,15.0,45.0,45.0
06037108103,Census Tract 1081.03,37,Los Angeles,0.0,76.0,8.0,76.0,8.0,68.0,68.0
06037575101,Census Tract 5751.01,37,Los Angeles,0.0,67.0,20.0,67.0,20.0,47.0,47.0
06037900102,Census Tract 9001.02,37,Los Angeles,0.0,33.0,1.0,33.0,1.0,32.0,32.0
06037570001,Census Tract 5700.01,37,Los Angeles,24.0,104.0,10.0,80.0,0.0,94.0,80.0
06001435700,Census Tract 4357,1,Alameda,10.0,103.0,11.0,93.0,1.0,92.0,92.0
06001400600,Census Tract 4006,1,Alameda,0.0,41.0,23.0,41.0,23.0,18.0,18.0
06037310800,Census Tract 3108,37,Los Angeles,51.0,115.0,9.0,64.0,0.0,106.0,64.0
06037311700,Census Tract 3117,37,Los Angeles,16.0,150.0,8.0,134.0,0.0,142.0,134.0
06037311802,Census Tract 3118.02,37,Los Angeles,4.0,65.0,14.0,61.0,10.0,51.0,51.0
06001442000,Census Tract 4420,1,Alameda,0.0,72.0,4.0,72.0,4.0,68.0,68.0
06001426100,Census Tract 4261,1,Alameda,0.0,116.0,7.0,116.0,7.0,109.0,109.0
06001400100,Census Tract 4001,1,Alameda,1.0,56.0,5.0,55.0,4.0,51.0,51.0
06001433700,Census Tract 4337,1,Alameda,0.0,67.0,11.0,67.0,11.0,56.0,56.0
06001437500,Census Tract 4375,1,Alameda,0.0,94.0,16.0,94.0,16.0,78.0,78.0
06001441100,Census Tract 4411,1,Alameda,1.0,88.0,3.0,87.0,2.0,85.0,85.0
06001451503,Census Tract 4515.03,1,Alameda,0.0,158.0,8.0,158.0,8.0,150.0,150.0
06001408100,Census Tract 4081,1,Alameda,0.0,143.0,4.0,143.0,4.0,139.0,139.0
06001450742,Census Tract 4507.42,1,Alameda,5.0,155.0,4.0,150.0,0.0,151.0,150.0
06001404502,Census Tract 4045.02,1,Alameda,6.0,126.0,7.0,120.0,1.0,119.0,119.0
06001440301,Census Tract 4403.01,1,Alameda,0.0,172.0,6.0,172.0,6.0,166.0,166.0
06001406800,Census Tract 4068,1,Alameda,0.0,63.0,13.0,63.0,13.0,50.0,50.0
06001430500,Census Tract 4305,1,Alameda,6.0,133.0,8.0,127.0,2.0,125.0,125.0
06001442200,Census Tract 4422,1,Alameda,0.0,260.0,6.0,260.0,6.0,254.0,254.0
06001436402,Census Tract 4364.02,1,Alameda,0.0,62.0,6.0,62.0,6.0,56.0,56.0
06001431100,Census Tract 4311,1,Alameda,0.0,72.0,13.0,72.0,13.0,59.0,59.0
06075980501,Census Tract 9805.01,75,San Francisco,0.0,31.0,3.0,31.0,3.0,28.0,28.0
06085510400,Census Tract 5104,85,Santa Clara,49.0,83.0,13.0,34.0,0.0,70.0,34.0
06085510700,Census Tract 5107,85,Santa Clara,22.0,98.0,14.0,76.0,0.0,84.0,76.0
06001421200,Census Tract 4212,1,Alameda,0.0,74.0,11.0,74.0,11.0,63.0,63.0
06001422800,Census Tract 4228,1,Alameda,11.0,58.0,20.0,47.0,9.0,38.0,38.0
06001405000,Census Tract 4050,1,Alameda,1.0,59.0,14.0,58.0,13.0,45.0,45.0
06017030804,Census Tract 308.04,17,El Dorado,12.0,209.0,7.0,197.0,0.0,202.0,197.0
06017030901,Census Tract 309.01,17,El Dorado,4.0,77.0,7.0,73.0,3.0,70.0,70.0
06017031000,Census Tract 310,17,El Dorado,19.0,169.0,11.0,150.0,0.0,158.0,150.0
06017031200,Census Tract 312,17,El Dorado,18.0,148.0,13.0,130.0,0.0,135.0,130.0
06017031301,Census Tract 313.01,17,El Dorado,2.0,72.0,8.0,70.0,6.0,64.0,64.0
06111005502,Census Tract 55.02,111,Ventura,22.0,142.0,20.0,120.0,0.0,122.0,120.0
06111005503,Census Tract 55.03,111,Ventura,0.0,94.0,22.0,94.0,22.0,72.0,72.0
06111005504,Census Tract 55.04,111,Ventura,0.0,98.0,22.0,98.0,22.0,76.0,76.0
06111005700,Census Tract 57,111,Ventura,7.0,60.0,13.0,53.0,6.0,47.0,47.0
06079010902,Census Tract 109.02,79,San Luis Obispo,0.0,59.0,40.0,59.0,40.0,19.0,19.0
06079011101,Census Tract 111.01,79,San Luis Obispo,1.0,102.0,35.0,101.0,34.0,67.0,67.0
06079011103,Census Tract 111.03,79,San Luis Obispo,30.0,89.0,20.0,59.0,0.0,69.0,59.0
06079010701,Census Tract 107.01,79,San Luis Obispo,0.0,115.0,24.0,115.0,24.0,91.0,91.0
06001400900,Census Tract 4009,1,Alameda,0.0,50.0,20.0,50.0,20.0,30.0,30.0
06001400700,Census Tract 4007,1,Alameda,0.0,67.0,14.0,67.0,14.0,53.0,53.0
06001400800,Census Tract 4008,1,Alameda,0.0,69.0,15.0,69.0,15.0,54.0,54.0
06001451602,Census Tract 4516.02,1,Alameda,16.0,176.0,7.0,160.0,0.0,169.0,160.0
06001400200,Census Tract 4002,1,Alameda,0.0,51.0,16.0,51.0,16.0,35.0,35.0
06017031504,Census Tract 315.04,17,El Dorado,0.0,300.0,7.0,300.0,7.0,293.0,293.0
06017030701,Census Tract 307.01,17,El Dorado,0.0,186.0,13.0,186.0,13.0,173.0,173.0
06111005901,Census Tract 59.01,111,Ventura,0.0,143.0,13.0,143.0,13.0,130.0,130.0
06085509106,Census Tract 5091.06,85,Santa Clara,2.0,80.0,17.0,78.0,15.0,63.0,63.0
06085509108,Census Tract 5091.08,85,Santa Clara,34.0,127.0,11.0,93.0,0.0,116.0,93.0
06073014002,Census Tract 140.02,73,San Diego,0.0,86.0,14.0,86.0,14.0,72.0,72.0
06073014101,Census Tract 141.01,73,San Diego,0.0,86.0,18.0,86.0,18.0,68.0,68.0
06073014102,Census Tract 141.02,73,San Diego,0.0,78.0,19.0,78.0,19.0,59.0,59.0
06073014200,Census Tract 142,73,San Diego,0.0,177.0,14.0,177.0,14.0,163.0,163.0
06073014601,Census Tract 146.01,73,San Diego,4.0,96.0,17.0,92.0,13.0,79.0,79.0
06073015704,Census Tract 157.04,73,San Diego,0.0,107.0,22.0,107.0,22.0,85.0,85.0
06073019501,Census Tract 195.01,73,San Diego,0.0,79.0,24.0,79.0,24.0,55.0,55.0
06001435200,Census Tract 4352,1,Alameda,0.0,87.0,8.0,87.0,8.0,79.0,79.0
06001410300,Census Tract 4103,1,Alameda,0.0,82.0,17.0,82.0,17.0,65.0,65.0
06001409900,Census Tract 4099,1,Alameda,0.0,64.0,6.0,64.0,6.0,58.0,58.0
06073001600,Census Tract 16,73,San Diego,0.0,111.0,25.0,111.0,25.0,86.0,86.0
06073001700,Census Tract 17,73,San Diego,0.0,93.0,26.0,93.0,26.0,67.0,67.0
06085510801,Census Tract 5108.01,85,Santa Clara,0.0,127.0,11.0,127.0,11.0,116.0,116.0
06085510802,Census Tract 5108.02,85,Santa Clara,8.0,50.0,17.0,42.0,9.0,33.0,33.0
06085510803,Census Tract 5108.03,85,Santa Clara,4.0,70.0,16.0,66.0,12.0,54.0,54.0
06085510900,Census Tract 5109,85,Santa Clara,0.0,89.0,13.0,89.0,13.0,76.0,76.0
06085511000,Census Tract 5110,85,Santa Clara,0.0,215.0,12.0,215.0,12.0,203.0,203.0
06073019502,Census Tract 195.02,73,San Diego,0.0,119.0,24.0,119.0,24.0,95.0,95.0
06073019804,Census Tract 198.04,73,San Diego,0.0,95.0,13.0,95.0,13.0,82.0,82.0
06073019805,Census Tract 198.05,73,San Diego,4.0,92.0,17.0,88.0,13.0,75.0,75.0
06001421300,Census Tract 4213,1,Alameda,0.0,86.0,12.0,86.0,12.0,74.0,74.0
06001450741,Census Tract 4507.41,1,Alameda,6.0,180.0,9.0,174.0,3.0,171.0,171.0
06017030504,Census Tract 305.04,17,El Dorado,0.0,55.0,11.0,55.0,11.0,44.0,44.0
06017030709,Census Tract 307.09,17,El Dorado,0.0,145.0,15.0,145.0,15.0,130.0,130.0
06017030807,Census Tract 308.07,17,El Dorado,2.0,80.0,26.0,78.0,24.0,54.0,54.0
06017031800,Census Tract 318,17,El Dorado,14.0,282.0,20.0,268.0,6.0,262.0,262.0
06001423200,Census Tract 4232,1,Alameda,2.0,58.0,19.0,56.0,17.0,39.0,39.0
06085511100,Census Tract 5111,85,Santa Clara,20.0,132.0,11.0,112.0,0.0,121.0,112.0
06085511400,Census Tract 5114,85,Santa Clara,15.0,69.0,13.0,54.0,0.0,56.0,54.0
06085512024,Census Tract 5120.24,85,Santa Clara,36.0,115.0,13.0,79.0,0.0,102.0,79.0
06085512025,Census Tract 5120.25,85,Santa Clara,0.0,65.0,15.0,65.0,15.0,50.0,50.0
06085512026,Census Tract 5120.26,85,Santa Clara,0.0,79.0,11.0,79.0,11.0,68.0,68.0
06001406000,Census Tract 4060,1,Alameda,2.0,71.0,8.0,69.0,6.0,63.0,63.0
06001423902,Census Tract 4239.02,1,Alameda,14.0,41.0,23.0,27.0,9.0,18.0,18.0
06001443200,Census Tract 4432,1,Alameda,0.0,82.0,3.0,82.0,3.0,79.0,79.0
06001404200,Census Tract 4042,1,Alameda,0.0,71.0,8.0,71.0,8.0,63.0,63.0
06085509109,Census Tract 5091.09,85,Santa Clara,32.0,257.0,11.0,225.0,0.0,246.0,225.0
06085509201,Census Tract 5092.01,85,Santa Clara,2.0,158.0,13.0,156.0,11.0,145.0,145.0
06001400300,Census Tract 4003,1,Alameda,2.0,117.0,12.0,115.0,10.0,105.0,105.0
06085512027,Census Tract 5120.27,85,Santa Clara,54.0,82.0,12.0,28.0,0.0,70.0,28.0
06001427900,Census Tract 4279,1,Alameda,0.0,94.0,14.0,94.0,14.0,80.0,80.0
06001421500,Census Tract 4215,1,Alameda,0.0,75.0,10.0,75.0,10.0,65.0,65.0
06001407500,Census Tract 4075,1,Alameda,4.0,58.0,18.0,54.0,14.0,40.0,40.0
06001451401,Census Tract 4514.01,1,Alameda,13.0,119.0,6.0,106.0,0.0,113.0,106.0
06001443103,Census Tract 4431.03,1,Alameda,8.0,97.0,3.0,89.0,0.0,94.0,89.0
06001430600,Census Tract 4306,1,Alameda,0.0,146.0,8.0,146.0,8.0,138.0,138.0
06001451300,Census Tract 4513,1,Alameda,62.0,154.0,4.0,92.0,0.0,150.0,92.0
06001421600,Census Tract 4216,1,Alameda,0.0,74.0,11.0,74.0,11.0,63.0,63.0
06001408300,Census Tract 4083,1,Alameda,0.0,78.0,10.0,78.0,10.0,68.0,68.0
06001450607,Census Tract 4506.07,1,Alameda,29.0,191.0,6.0,162.0,0.0,185.0,162.0
06001401800,Census Tract 4018,1,Alameda,0.0,39.0,23.0,39.0,23.0,16.0,16.0
06085509202,Census Tract 5092.02,85,Santa Clara,0.0,113.0,13.0,113.0,13.0,100.0,100.0
06085509302,Census Tract 5093.02,85,Santa Clara,5.0,88.0,16.0,83.0,11.0,72.0,72.0
06041101200,Census Tract 1012,41,Marin,23.0,69.0,7.0,46.0,0.0,62.0,46.0
06041117000,Census Tract 1170,41,Marin,10.0,102.0,13.0,92.0,3.0,89.0,89.0
06041110100,Census Tract 1101,41,Marin,38.0,134.0,8.0,96.0,0.0,126.0,96.0
06041133000,Census Tract 1330,41,Marin,11.0,73.0,1.0,62.0,0.0,72.0,62.0
06041114100,Census Tract 1141,41,Marin,6.0,120.0,8.0,114.0,2.0,112.0,112.0
06041124200,Census Tract 1242,41,Marin,5.0,151.0,5.0,146.0,0.0,146.0,146.0
06041114200,Census Tract 1142,41,Marin,0.0,67.0,10.0,67.0,10.0,57.0,57.0
06041108100,Census Tract 1081,41,Marin,24.0,196.0,8.0,172.0,0.0,188.0,172.0
06041128100,Census Tract 1281,41,Marin,16.0,178.0,7.0,162.0,0.0,171.0,162.0
06041121200,Census Tract 1212,41,Marin,34.0,126.0,7.0,92.0,0.0,119.0,92.0
06041126200,Census Tract 1262,41,Marin,17.0,87.0,11.0,70.0,0.0,76.0,70.0
06041110200,Census Tract 1102,41,Marin,29.0,115.0,6.0,86.0,0.0,109.0,86.0
06041113000,Census Tract 1130,41,Marin,0.0,82.0,4.0,82.0,4.0,78.0,78.0
06001400400,Census Tract 4004,1,Alameda,0.0,69.0,15.0,69.0,15.0,54.0,54.0
06073021302,Census Tract 213.02,73,San Diego,0.0,152.0,1.0,152.0,1.0,151.0,151.0
06073009504,Census Tract 95.04,73,San Diego,6.0,186.0,3.0,180.0,0.0,183.0,180.0
06073019205,Census Tract 192.05,73,San Diego,0.0,141.0,15.0,141.0,15.0,126.0,126.0
06073017041,Census Tract 170.41,73,San Diego,5.0,155.0,12.0,150.0,7.0,143.0,143.0
06073017810,Census Tract 178.10,73,San Diego,6.0,120.0,11.0,114.0,5.0,109.0,109.0
06073020903,Census Tract 209.03,73,San Diego,17.0,101.0,1.0,84.0,0.0,100.0,84.0
06073014300,Census Tract 143,73,San Diego,0.0,89.0,20.0,89.0,20.0,69.0,69.0
06073014500,Census Tract 145,73,San Diego,0.0,81.0,19.0,81.0,19.0,62.0,62.0
06073014804,Census Tract 148.04,73,San Diego,0.0,87.0,19.0,87.0,19.0,68.0,68.0
06073010800,Census Tract 108,73,San Diego,5.0,52.0,26.0,47.0,21.0,26.0,26.0
06073007100,Census Tract 71,73,San Diego,8.0,82.0,12.0,74.0,4.0,70.0,70.0
06073006802,Census Tract 68.02,73,San Diego,8.0,107.0,21.0,99.0,13.0,86.0,86.0
06073020023,Census Tract 200.23,73,San Diego,2.0,86.0,11.0,84.0,9.0,75.0,75.0
06037533403,Census Tract 5334.03,37,Los Angeles,0.0,50.0,19.0,50.0,19.0,31.0,31.0
06023011000,Census Tract 110,23,Humboldt,0.0,200.0,30.0,200.0,30.0,170.0,170.0
06001401000,Census Tract 4010,1,Alameda,0.0,90.0,12.0,90.0,12.0,78.0,78.0
06085509303,Census Tract 5093.03,85,Santa Clara,4.0,92.0,22.0,88.0,18.0,70.0,70.0
06073018803,Census Tract 188.03,73,San Diego,0.0,133.0,3.0,133.0,3.0,130.0,130.0
06073013701,Census Tract 137.01,73,San Diego,0.0,57.0,14.0,57.0,14.0,43.0,43.0
06073020904,Census Tract 209.04,73,San Diego,6.0,83.0,2.0,77.0,0.0,81.0,77.0
06073016806,Census Tract 168.06,73,San Diego,0.0,84.0,17.0,84.0,17.0,67.0,67.0
06073019602,Census Tract 196.02,73,San Diego,0.0,133.0,10.0,133.0,10.0,123.0,123.0
06073019203,Census Tract 192.03,73,San Diego,0.0,58.0,11.0,58.0,11.0,47.0,47.0
06073021204,Census Tract 212.04,73,San Diego,16.0,154.0,3.0,138.0,0.0,151.0,138.0
06073003207,Census Tract 32.07,73,San Diego,0.0,125.0,9.0,125.0,9.0,116.0,116.0
06073019107,Census Tract 191.07,73,San Diego,10.0,59.0,2.0,49.0,0.0,57.0,49.0
06073008347,Census Tract 83.47,73,San Diego,0.0,203.0,14.0,203.0,14.0,189.0,189.0
06073005000,Census Tract 50,73,San Diego,4.0,47.0,14.0,43.0,10.0,33.0,33.0
06073014803,Census Tract 148.03,73,San Diego,10.0,90.0,15.0,80.0,5.0,75.0,75.0
06073003003,Census Tract 30.03,73,San Diego,0.0,108.0,12.0,108.0,12.0,96.0,96.0
06073015802,Census Tract 158.02,73,San Diego,6.0,94.0,22.0,88.0,16.0,72.0,72.0
06073013702,Census Tract 137.02,73,San Diego,0.0,135.0,13.0,135.0,13.0,122.0,122.0
06073017106,Census Tract 171.06,73,San Diego,2.0,117.0,4.0,115.0,2.0,113.0,113.0
06073016902,Census Tract 169.02,73,San Diego,12.0,55.0,2.0,43.0,0.0,53.0,43.0
06073017010,Census Tract 170.10,73,San Diego,0.0,73.0,5.0,73.0,5.0,68.0,68.0
06073016811,Census Tract 168.11,73,San Diego,0.0,104.0,12.0,104.0,12.0,92.0,92.0
06073008313,Census Tract 83.13,73,San Diego,0.0,50.0,14.0,50.0,14.0,36.0,36.0
06073018700,Census Tract 187,73,San Diego,0.0,3168.0,1.0,3168.0,1.0,3167.0,3167.0
06073019701,Census Tract 197.01,73,San Diego,4.0,211.0,12.0,207.0,8.0,199.0,199.0
06073020708,Census Tract 207.08,73,San Diego,12.0,82.0,10.0,70.0,0.0,72.0,70.0
06073020405,Census Tract 204.05,73,San Diego,6.0,91.0,9.0,85.0,3.0,82.0,82.0
06085512029,Census Tract 5120.29,85,Santa Clara,0.0,244.0,12.0,244.0,12.0,232.0,232.0
06001423601,Census Tract 4236.01,1,Alameda,0.0,51.0,17.0,51.0,17.0,34.0,34.0
06001435102,Census Tract 4351.02,1,Alameda,34.0,127.0,6.0,93.0,0.0,121.0,93.0
06001431200,Census Tract 4312,1,Alameda,0.0,142.0,9.0,142.0,9.0,133.0,133.0
06001440332,Census Tract 4403.32,1,Alameda,0.0,65.0,8.0,65.0,8.0,57.0,57.0
06001404400,Census Tract 4044,1,Alameda,0.0,107.0,6.0,107.0,6.0,101.0,101.0
06001404600,Census Tract 4046,1,Alameda,0.0,84.0,6.0,84.0,6.0,78.0,78.0
06001406700,Census Tract 4067,1,Alameda,0.0,95.0,10.0,95.0,10.0,85.0,85.0
06001436500,Census Tract 4365,1,Alameda,28.0,114.0,9.0,86.0,0.0,105.0,86.0
06001430800,Census Tract 4308,1,Alameda,0.0,139.0,9.0,139.0,9.0,130.0,130.0
06073006801,Census Tract 68.01,73,San Diego,0.0,62.0,26.0,62.0,26.0,36.0,36.0
06073009802,Census Tract 98.02,73,San Diego,2.0,166.0,15.0,164.0,13.0,151.0,151.0
06073018801,Census Tract 188.01,73,San Diego,3.0,81.0,6.0,78.0,3.0,75.0,75.0
06073013906,Census Tract 139.06,73,San Diego,0.0,106.0,16.0,106.0,16.0,90.0,90.0
06073002301,Census Tract 23.01,73,San Diego,0.0,55.0,32.0,55.0,32.0,23.0,23.0
06073002302,Census Tract 23.02,73,San Diego,0.0,104.0,29.0,104.0,29.0,75.0,75.0
06073002401,Census Tract 24.01,73,San Diego,0.0,76.0,26.0,76.0,26.0,50.0,50.0
06073002402,Census Tract 24.02,73,San Diego,0.0,83.0,30.0,83.0,30.0,53.0,53.0
06073002501,Census Tract 25.01,73,San Diego,0.0,90.0,19.0,90.0,19.0,71.0,71.0
06085512030,Census Tract 5120.30,85,Santa Clara,0.0,63.0,15.0,63.0,15.0,48.0,48.0
06073002705,Census Tract 27.05,73,San Diego,0.0,86.0,19.0,86.0,19.0,67.0,67.0
06073002707,Census Tract 27.07,73,San Diego,0.0,88.0,34.0,88.0,34.0,54.0,54.0
06073002708,Census Tract 27.08,73,San Diego,0.0,80.0,26.0,80.0,26.0,54.0,54.0
06073002709,Census Tract 27.09,73,San Diego,0.0,71.0,27.0,71.0,27.0,44.0,44.0
06001401100,Census Tract 4011,1,Alameda,0.0,73.0,13.0,73.0,13.0,60.0,60.0
06073003114,Census Tract 31.14,73,San Diego,0.0,70.0,20.0,70.0,20.0,50.0,50.0
06073003115,Census Tract 31.15,73,San Diego,0.0,145.0,17.0,145.0,17.0,128.0,128.0
06085512034,Census Tract 5120.34,85,Santa Clara,4.0,64.0,16.0,60.0,12.0,48.0,48.0
06085509304,Census Tract 5093.04,85,Santa Clara,2.0,80.0,13.0,78.0,11.0,67.0,67.0
06001401200,Census Tract 4012,1,Alameda,0.0,50.0,15.0,50.0,15.0,35.0,35.0
06001401300,Census Tract 4013,1,Alameda,35.0,67.0,14.0,32.0,0.0,53.0,32.0
06037134305,Census Tract 1343.05,37,Los Angeles,0.0,71.0,21.0,71.0,21.0,50.0,50.0
06037920020,Census Tract 9200.20,37,Los Angeles,0.0,103.0,4.0,103.0,4.0,99.0,99.0
06037910706,Census Tract 9107.06,37,Los Angeles,0.0,256.0,3.0,256.0,3.0,253.0,253.0
06037910601,Census Tract 9106.01,37,Los Angeles,0.0,126.0,8.0,126.0,8.0,118.0,118.0
06037910804,Census Tract 9108.04,37,Los Angeles,0.0,124.0,2.0,124.0,2.0,122.0,122.0
06037575102,Census Tract 5751.02,37,Los Angeles,0.0,63.0,20.0,63.0,20.0,43.0,43.0
06037543201,Census Tract 5432.01,37,Los Angeles,0.0,80.0,13.0,80.0,13.0,67.0,67.0
06037553602,Census Tract 5536.02,37,Los Angeles,0.0,98.0,17.0,98.0,17.0,81.0,81.0
06085511702,Census Tract 5117.02,85,Santa Clara,0.0,72.0,10.0,72.0,10.0,62.0,62.0
06085511905,Census Tract 5119.05,85,Santa Clara,0.0,70.0,15.0,70.0,15.0,55.0,55.0
06085512505,Census Tract 5125.05,85,Santa Clara,0.0,239.0,10.0,239.0,10.0,229.0,229.0
06041112100,Census Tract 1121,41,Marin,14.0,96.0,13.0,82.0,0.0,83.0,82.0
06041103100,Census Tract 1031,41,Marin,4.0,219.0,3.0,215.0,0.0,216.0,215.0
06041104300,Census Tract 1043,41,Marin,0.0,50.0,6.0,50.0,6.0,44.0,44.0
06041107000,Census Tract 1070,41,Marin,0.0,194.0,5.0,194.0,5.0,189.0,189.0
06041118100,Census Tract 1181,41,Marin,3.0,62.0,11.0,59.0,8.0,51.0,51.0
06041127000,Census Tract 1270,41,Marin,0.0,93.0,10.0,93.0,10.0,83.0,83.0
06041116000,Census Tract 1160,41,Marin,6.0,66.0,18.0,60.0,12.0,48.0,48.0
06041124100,Census Tract 1241,41,Marin,18.0,131.0,7.0,113.0,0.0,124.0,113.0
06041132200,Census Tract 1322,41,Marin,23.0,68.0,1.0,45.0,0.0,67.0,45.0
06041104102,Census Tract 1041.02,41,Marin,8.0,136.0,15.0,128.0,7.0,121.0,121.0
06041104200,Census Tract 1042,41,Marin,21.0,175.0,5.0,154.0,0.0,170.0,154.0
06037620001,Census Tract 6200.01,37,Los Angeles,13.0,100.0,12.0,87.0,0.0,88.0,87.0
06037535604,Census Tract 5356.04,37,Los Angeles,0.0,77.0,19.0,77.0,19.0,58.0,58.0
06037532900,Census Tract 5329,37,Los Angeles,0.0,96.0,15.0,96.0,15.0,81.0,81.0
06037400501,Census Tract 4005.01,37,Los Angeles,0.0,48.0,4.0,48.0,4.0,44.0,44.0
06037401303,Census Tract 4013.03,37,Los Angeles,0.0,54.0,5.0,54.0,5.0,49.0,49.0
06037401304,Census Tract 4013.04,37,Los Angeles,2.0,111.0,4.0,109.0,2.0,107.0,107.0
06037576302,Census Tract 5763.02,37,Los Angeles,2.0,51.0,23.0,49.0,21.0,28.0,28.0
06037460401,Census Tract 4604.01,37,Los Angeles,0.0,33.0,6.0,33.0,6.0,27.0,27.0
06037910002,Census Tract 9100.02,37,Los Angeles,0.0,267.0,2.0,267.0,2.0,265.0,265.0
06073001900,Census Tract 19,73,San Diego,0.0,64.0,16.0,64.0,16.0,48.0,48.0
06073002001,Census Tract 20.01,73,San Diego,0.0,71.0,13.0,71.0,13.0,58.0,58.0
06073009509,Census Tract 95.09,73,San Diego,4.0,119.0,9.0,115.0,5.0,110.0,110.0
06073010012,Census Tract 100.12,73,San Diego,4.0,266.0,27.0,262.0,23.0,239.0,239.0
06073011902,Census Tract 119.02,73,San Diego,0.0,133.0,16.0,133.0,16.0,117.0,117.0
06073012401,Census Tract 124.01,73,San Diego,0.0,75.0,17.0,75.0,17.0,58.0,58.0
06073013903,Census Tract 139.03,73,San Diego,0.0,74.0,11.0,74.0,11.0,63.0,63.0
06073014400,Census Tract 144,73,San Diego,5.0,92.0,16.0,87.0,11.0,76.0,76.0
06073015200,Census Tract 152,73,San Diego,0.0,75.0,10.0,75.0,10.0,65.0,65.0
06073015301,Census Tract 153.01,73,San Diego,0.0,71.0,26.0,71.0,26.0,45.0,45.0
06073015405,Census Tract 154.05,73,San Diego,0.0,123.0,10.0,123.0,10.0,113.0,113.0
06073016809,Census Tract 168.09,73,San Diego,28.0,129.0,9.0,101.0,0.0,120.0,101.0
06073016901,Census Tract 169.01,73,San Diego,0.0,205.0,3.0,205.0,3.0,202.0,202.0
06073017044,Census Tract 170.44,73,San Diego,0.0,154.0,14.0,154.0,14.0,140.0,140.0
06073017046,Census Tract 170.46,73,San Diego,0.0,89.0,11.0,89.0,11.0,78.0,78.0
06073017049,Census Tract 170.49,73,San Diego,0.0,71.0,6.0,71.0,6.0,65.0,65.0
06073008310,Census Tract 83.10,73,San Diego,0.0,142.0,9.0,142.0,9.0,133.0,133.0
06041122000,Census Tract 1220,41,Marin,0.0,32.0,27.0,32.0,27.0,5.0,5.0
06041123000,Census Tract 1230,41,Marin,2.0,54.0,9.0,52.0,7.0,45.0,45.0
06041125000,Census Tract 1250,41,Marin,0.0,101.0,11.0,101.0,11.0,90.0,90.0
06041115000,Census Tract 1150,41,Marin,8.0,205.0,7.0,197.0,0.0,198.0,197.0
06001441924,Census Tract 4419.24,1,Alameda,0.0,195.0,8.0,195.0,8.0,187.0,187.0
06041103200,Census Tract 1032,41,Marin,7.0,166.0,10.0,159.0,3.0,156.0,156.0
06041101100,Census Tract 1011,41,Marin,0.0,62.0,4.0,62.0,4.0,58.0,58.0
06041119100,Census Tract 1191,41,Marin,20.0,114.0,8.0,94.0,0.0,106.0,94.0
06001440100,Census Tract 4401,1,Alameda,0.0,51.0,2.0,51.0,2.0,49.0,49.0
06001451601,Census Tract 4516.01,1,Alameda,12.0,106.0,6.0,94.0,0.0,100.0,94.0
06041121100,Census Tract 1211,41,Marin,12.0,130.0,11.0,118.0,0.0,119.0,118.0
06041126100,Census Tract 1261,41,Marin,4.0,139.0,9.0,135.0,5.0,130.0,130.0
06041128200,Census Tract 1282,41,Marin,0.0,109.0,11.0,109.0,11.0,98.0,98.0
06073015100,Census Tract 151,73,San Diego,3.0,93.0,14.0,90.0,11.0,79.0,79.0
06073016608,Census Tract 166.08,73,San Diego,2.0,55.0,13.0,53.0,11.0,42.0,42.0
06085509401,Census Tract 5094.01,85,Santa Clara,32.0,98.0,20.0,66.0,0.0,78.0,66.0
06085509403,Census Tract 5094.03,85,Santa Clara,5.0,84.0,23.0,79.0,18.0,61.0,61.0
06085509404,Census Tract 5094.04,85,Santa Clara,15.0,143.0,16.0,128.0,1.0,127.0,127.0
06085509500,Census Tract 5095,85,Santa Clara,6.0,112.0,17.0,106.0,11.0,95.0,95.0
06085512005,Census Tract 5120.05,85,Santa Clara,0.0,163.0,11.0,163.0,11.0,152.0,152.0
06073020021,Census Tract 200.21,73,San Diego,6.0,131.0,12.0,125.0,6.0,119.0,119.0
06073020024,Census Tract 200.24,73,San Diego,0.0,92.0,16.0,92.0,16.0,76.0,76.0
06073020025,Census Tract 200.25,73,San Diego,0.0,121.0,15.0,121.0,15.0,106.0,106.0
06073020106,Census Tract 201.06,73,San Diego,0.0,84.0,16.0,84.0,16.0,68.0,68.0
06073009103,Census Tract 91.03,73,San Diego,0.0,75.0,16.0,75.0,16.0,59.0,59.0
06073008328,Census Tract 83.28,73,San Diego,0.0,244.0,8.0,244.0,8.0,236.0,236.0
06073006500,Census Tract 65,73,San Diego,44.0,69.0,11.0,25.0,0.0,58.0,25.0
06073004501,Census Tract 45.01,73,San Diego,0.0,57.0,37.0,57.0,37.0,20.0,20.0
06073003204,Census Tract 32.04,73,San Diego,6.0,73.0,11.0,67.0,5.0,62.0,62.0
06073016609,Census Tract 166.09,73,San Diego,0.0,119.0,10.0,119.0,10.0,109.0,109.0
06073020108,Census Tract 201.08,73,San Diego,0.0,110.0,22.0,110.0,22.0,88.0,88.0
06073020109,Census Tract 201.09,73,San Diego,2.0,107.0,17.0,105.0,15.0,90.0,90.0
06073020202,Census Tract 202.02,73,San Diego,0.0,170.0,20.0,170.0,20.0,150.0,150.0
06073020206,Census Tract 202.06,73,San Diego,0.0,113.0,23.0,113.0,23.0,90.0,90.0
06073020207,Census Tract 202.07,73,San Diego,2.0,114.0,23.0,112.0,21.0,91.0,91.0
06073013504,Census Tract 135.04,73,San Diego,0.0,87.0,14.0,87.0,14.0,73.0,73.0
06073013605,Census Tract 136.05,73,San Diego,0.0,150.0,9.0,150.0,9.0,141.0,141.0
06073020015,Census Tract 200.15,73,San Diego,0.0,136.0,12.0,136.0,12.0,124.0,124.0
06073009706,Census Tract 97.06,73,San Diego,0.0,172.0,8.0,172.0,8.0,164.0,164.0
06073015406,Census Tract 154.06,73,San Diego,0.0,60.0,9.0,60.0,9.0,51.0,51.0
06073019702,Census Tract 197.02,73,San Diego,2.0,112.0,10.0,110.0,8.0,102.0,102.0
06073019601,Census Tract 196.01,73,San Diego,0.0,142.0,11.0,142.0,11.0,131.0,131.0
06073017047,Census Tract 170.47,73,San Diego,0.0,103.0,14.0,103.0,14.0,89.0,89.0
06073009704,Census Tract 97.04,73,San Diego,0.0,155.0,12.0,155.0,12.0,143.0,143.0
06073015501,Census Tract 155.01,73,San Diego,0.0,124.0,4.0,124.0,4.0,120.0,120.0
06073019303,Census Tract 193.03,73,San Diego,0.0,252.0,7.0,252.0,7.0,245.0,245.0
06073019208,Census Tract 192.08,73,San Diego,0.0,76.0,4.0,76.0,4.0,72.0,72.0
06073020807,Census Tract 208.07,73,San Diego,0.0,69.0,2.0,69.0,2.0,67.0,67.0
06073003401,Census Tract 34.01,73,San Diego,0.0,122.0,13.0,122.0,13.0,109.0,109.0
06073017033,Census Tract 170.33,73,San Diego,0.0,129.0,7.0,129.0,7.0,122.0,122.0
06073020305,Census Tract 203.05,73,San Diego,9.0,175.0,11.0,166.0,2.0,164.0,164.0
06073020902,Census Tract 209.02,73,San Diego,0.0,66.0,1.0,66.0,1.0,65.0,65.0
06073020710,Census Tract 207.10,73,San Diego,0.0,47.0,4.0,47.0,4.0,43.0,43.0
06073009502,Census Tract 95.02,73,San Diego,0.0,76.0,11.0,76.0,11.0,65.0,65.0
06073002601,Census Tract 26.01,73,San Diego,0.0,111.0,23.0,111.0,23.0,88.0,88.0
06073002602,Census Tract 26.02,73,San Diego,0.0,82.0,24.0,82.0,24.0,58.0,58.0
06073002702,Census Tract 27.02,73,San Diego,0.0,88.0,18.0,88.0,18.0,70.0,70.0
06073002710,Census Tract 27.10,73,San Diego,0.0,78.0,25.0,78.0,25.0,53.0,53.0
06073002801,Census Tract 28.01,73,San Diego,20.0,72.0,12.0,52.0,0.0,60.0,52.0
06085509600,Census Tract 5096,85,Santa Clara,1.0,71.0,16.0,70.0,15.0,55.0,55.0
06085509700,Census Tract 5097,85,Santa Clara,4.0,61.0,16.0,57.0,12.0,45.0,45.0
06085509802,Census Tract 5098.02,85,Santa Clara,4.0,65.0,17.0,61.0,13.0,48.0,48.0
06037143902,Census Tract 1439.02,37,Los Angeles,2.0,65.0,8.0,63.0,6.0,57.0,57.0
06037141700,Census Tract 1417,37,Los Angeles,0.0,68.0,7.0,68.0,7.0,61.0,61.0
06037311500,Census Tract 3115,37,Los Angeles,8.0,129.0,11.0,121.0,3.0,118.0,118.0
06037123420,Census Tract 1234.20,37,Los Angeles,1.0,84.0,14.0,83.0,13.0,70.0,70.0
06037134101,Census Tract 1341.01,37,Los Angeles,0.0,89.0,12.0,89.0,12.0,77.0,77.0
06073002905,Census Tract 29.05,73,San Diego,0.0,77.0,20.0,77.0,20.0,57.0,57.0
06073003201,Census Tract 32.01,73,San Diego,0.0,116.0,17.0,116.0,17.0,99.0,99.0
06073003202,Census Tract 32.02,73,San Diego,0.0,107.0,19.0,107.0,19.0,88.0,88.0
06065042622,Census Tract 426.22,65,Riverside,8.0,113.0,15.0,105.0,7.0,98.0,98.0
06065042724,Census Tract 427.24,65,Riverside,0.0,127.0,24.0,127.0,24.0,103.0,103.0
06065042728,Census Tract 427.28,65,Riverside,0.0,111.0,11.0,111.0,11.0,100.0,100.0
06085509901,Census Tract 5099.01,85,Santa Clara,0.0,58.0,14.0,58.0,14.0,44.0,44.0
06045010100,Census Tract 101,45,Mendocino,0.0,66.0,2.0,66.0,2.0,64.0,64.0
06073020019,Census Tract 200.19,73,San Diego,4.0,194.0,11.0,190.0,7.0,183.0,183.0
06073010005,Census Tract 100.05,73,San Diego,0.0,499.0,17.0,499.0,17.0,482.0,482.0
06073015602,Census Tract 156.02,73,San Diego,0.0,61.0,10.0,61.0,10.0,51.0,51.0
06073019103,Census Tract 191.03,73,San Diego,0.0,170.0,3.0,170.0,3.0,167.0,167.0
06073013801,Census Tract 138.01,73,San Diego,0.0,118.0,14.0,118.0,14.0,104.0,104.0
06073008346,Census Tract 83.46,73,San Diego,57.0,92.0,6.0,35.0,0.0,86.0,35.0
06073020105,Census Tract 201.05,73,San Diego,13.0,90.0,13.0,77.0,0.0,77.0,77.0
06073016807,Census Tract 168.07,73,San Diego,0.0,208.0,9.0,208.0,9.0,199.0,199.0
06073018904,Census Tract 189.04,73,San Diego,2.0,212.0,12.0,210.0,10.0,200.0,200.0
06073009400,Census Tract 94,73,San Diego,0.0,73.0,3.0,73.0,3.0,70.0,70.0
06073008324,Census Tract 83.24,73,San Diego,4.0,225.0,9.0,221.0,5.0,216.0,216.0
06073017403,Census Tract 174.03,73,San Diego,0.0,113.0,10.0,113.0,10.0,103.0,103.0
06073016616,Census Tract 166.16,73,San Diego,0.0,72.0,13.0,72.0,13.0,59.0,59.0
06073008311,Census Tract 83.11,73,San Diego,0.0,58.0,13.0,58.0,13.0,45.0,45.0
06073002002,Census Tract 20.02,73,San Diego,0.0,50.0,19.0,50.0,19.0,31.0,31.0
06073002100,Census Tract 21,73,San Diego,0.0,103.0,22.0,103.0,22.0,81.0,81.0
06115040100,Census Tract 401,115,Yuba,20.0,93.0,17.0,73.0,0.0,76.0,73.0
06115040800,Census Tract 408,115,Yuba,0.0,102.0,5.0,102.0,5.0,97.0,97.0
06115040902,Census Tract 409.02,115,Yuba,0.0,37.0,5.0,37.0,5.0,32.0,32.0
06115040901,Census Tract 409.01,115,Yuba,0.0,67.0,3.0,67.0,3.0,64.0,64.0
06115040400,Census Tract 404,115,Yuba,0.0,151.0,12.0,151.0,12.0,139.0,139.0
06065041804,Census Tract 418.04,65,Riverside,0.0,98.0,21.0,98.0,21.0,77.0,77.0
06065041805,Census Tract 418.05,65,Riverside,2.0,129.0,26.0,127.0,24.0,103.0,103.0
06065041807,Census Tract 418.07,65,Riverside,0.0,56.0,33.0,56.0,33.0,23.0,23.0
06065041808,Census Tract 418.08,65,Riverside,0.0,183.0,19.0,183.0,19.0,164.0,164.0
06073002201,Census Tract 22.01,73,San Diego,0.0,60.0,35.0,60.0,35.0,25.0,25.0
06073002202,Census Tract 22.02,73,San Diego,5.0,82.0,30.0,77.0,25.0,52.0,52.0
06037301000,Census Tract 3010,37,Los Angeles,16.0,115.0,9.0,99.0,0.0,106.0,99.0
06073018511,Census Tract 185.11,73,San Diego,0.0,83.0,16.0,83.0,16.0,67.0,67.0
06073018516,Census Tract 185.16,73,San Diego,0.0,84.0,14.0,84.0,14.0,70.0,70.0
06073018903,Census Tract 189.03,73,San Diego,6.0,145.0,8.0,139.0,2.0,137.0,137.0
06073018905,Census Tract 189.05,73,San Diego,0.0,175.0,13.0,175.0,13.0,162.0,162.0
06073018906,Census Tract 189.06,73,San Diego,0.0,175.0,10.0,175.0,10.0,165.0,165.0
06073019105,Census Tract 191.05,73,San Diego,10.0,262.0,3.0,252.0,0.0,259.0,252.0
06073019301,Census Tract 193.01,73,San Diego,0.0,164.0,11.0,164.0,11.0,153.0,153.0
06073019403,Census Tract 194.03,73,San Diego,0.0,148.0,12.0,148.0,12.0,136.0,136.0
06073019902,Census Tract 199.02,73,San Diego,20.0,113.0,13.0,93.0,0.0,100.0,93.0
06073019904,Census Tract 199.04,73,San Diego,4.0,147.0,10.0,143.0,6.0,137.0,137.0
06073019905,Census Tract 199.05,73,San Diego,0.0,129.0,11.0,129.0,11.0,118.0,118.0
06073020107,Census Tract 201.07,73,San Diego,0.0,107.0,14.0,107.0,14.0,93.0,93.0
06073020401,Census Tract 204.01,73,San Diego,0.0,62.0,7.0,62.0,7.0,55.0,55.0
06073020404,Census Tract 204.04,73,San Diego,0.0,172.0,11.0,172.0,11.0,161.0,161.0
06073020705,Census Tract 207.05,73,San Diego,0.0,111.0,11.0,111.0,11.0,100.0,100.0
06073020805,Census Tract 208.05,73,San Diego,0.0,88.0,8.0,88.0,8.0,80.0,80.0
06073020806,Census Tract 208.06,73,San Diego,14.0,131.0,8.0,117.0,0.0,123.0,117.0
06041129000,Census Tract 1290,41,Marin,0.0,64.0,19.0,64.0,19.0,45.0,45.0
06041132100,Census Tract 1321,41,Marin,9.0,47.0,3.0,38.0,0.0,44.0,38.0
06041102100,Census Tract 1021,41,Marin,2.0,58.0,7.0,56.0,5.0,51.0,51.0
06041106002,Census Tract 1060.02,41,Marin,39.0,133.0,6.0,94.0,0.0,127.0,94.0
06071000821,Census Tract 8.21,71,San Bernardino,64.0,103.0,21.0,39.0,0.0,82.0,39.0
06037620301,Census Tract 6203.01,37,Los Angeles,0.0,95.0,13.0,95.0,13.0,82.0,82.0
06037540502,Census Tract 5405.02,37,Los Angeles,0.0,131.0,17.0,131.0,17.0,114.0,114.0
06037242600,Census Tract 2426,37,Los Angeles,0.0,78.0,19.0,78.0,19.0,59.0,59.0
06073000100,Census Tract 1,73,San Diego,4.0,61.0,17.0,57.0,13.0,44.0,44.0
06073016610,Census Tract 166.10,73,San Diego,0.0,97.0,18.0,97.0,18.0,79.0,79.0
06073016613,Census Tract 166.13,73,San Diego,0.0,48.0,23.0,48.0,23.0,25.0,25.0
06073016614,Census Tract 166.14,73,San Diego,8.0,81.0,14.0,73.0,6.0,67.0,67.0
06073016615,Census Tract 166.15,73,San Diego,9.0,84.0,14.0,75.0,5.0,70.0,70.0
06073017020,Census Tract 170.20,73,San Diego,0.0,105.0,4.0,105.0,4.0,101.0,101.0
06073003107,Census Tract 31.07,73,San Diego,0.0,130.0,17.0,130.0,17.0,113.0,113.0
06073003108,Census Tract 31.08,73,San Diego,0.0,74.0,20.0,74.0,20.0,54.0,54.0
06073017809,Census Tract 178.09,73,San Diego,0.0,61.0,17.0,61.0,17.0,44.0,44.0
06073018612,Census Tract 186.12,73,San Diego,0.0,127.0,9.0,127.0,9.0,118.0,118.0
06073019503,Census Tract 195.03,73,San Diego,28.0,134.0,16.0,106.0,0.0,118.0,106.0
06073020208,Census Tract 202.08,73,San Diego,0.0,78.0,26.0,78.0,26.0,52.0,52.0
06073020209,Census Tract 202.09,73,San Diego,0.0,102.0,22.0,102.0,22.0,80.0,80.0
06073020210,Census Tract 202.10,73,San Diego,0.0,100.0,21.0,100.0,21.0,79.0,79.0
06073020211,Census Tract 202.11,73,San Diego,0.0,144.0,17.0,144.0,17.0,127.0,127.0
06085509902,Census Tract 5099.02,85,Santa Clara,6.0,109.0,11.0,103.0,5.0,98.0,98.0
06073017306,Census Tract 173.06,73,San Diego,4.0,66.0,10.0,62.0,6.0,56.0,56.0
06073008350,Census Tract 83.50,73,San Diego,57.0,176.0,5.0,119.0,0.0,171.0,119.0
06065044804,Census Tract 448.04,65,Riverside,0.0,67.0,20.0,67.0,20.0,47.0,47.0
06073002803,Census Tract 28.03,73,San Diego,0.0,84.0,20.0,84.0,20.0,64.0,64.0
06073002804,Census Tract 28.04,73,San Diego,0.0,94.0,17.0,94.0,17.0,77.0,77.0
06073003001,Census Tract 30.01,73,San Diego,4.0,101.0,14.0,97.0,10.0,87.0,87.0
06073003004,Census Tract 30.04,73,San Diego,0.0,127.0,19.0,127.0,19.0,108.0,108.0
06073003101,Census Tract 31.01,73,San Diego,0.0,90.0,21.0,90.0,21.0,69.0,69.0
06037401201,Census Tract 4012.01,37,Los Angeles,0.0,74.0,8.0,74.0,8.0,66.0,66.0
06037401202,Census Tract 4012.02,37,Los Angeles,19.0,88.0,7.0,69.0,0.0,81.0,69.0
06037401203,Census Tract 4012.03,37,Los Angeles,0.0,107.0,9.0,107.0,9.0,98.0,98.0
06037401311,Census Tract 4013.11,37,Los Angeles,5.0,180.0,6.0,175.0,1.0,174.0,174.0
06037401312,Census Tract 4013.12,37,Los Angeles,4.0,103.0,8.0,99.0,4.0,95.0,95.0
06037403401,Census Tract 4034.01,37,Los Angeles,2.0,109.0,8.0,107.0,6.0,101.0,101.0
06059021824,Census Tract 218.24,59,Orange,0.0,59.0,19.0,59.0,19.0,40.0,40.0
06059021829,Census Tract 218.29,59,Orange,0.0,104.0,15.0,104.0,15.0,89.0,89.0
06079011300,Census Tract 113,79,San Luis Obispo,38.0,78.0,14.0,40.0,0.0,64.0,40.0
06079011400,Census Tract 114,79,San Luis Obispo,0.0,31.0,44.0,31.0,44.0,-13.0,-13.0
06073016617,Census Tract 166.17,73,San Diego,42.0,72.0,16.0,30.0,0.0,56.0,30.0
06073016804,Census Tract 168.04,73,San Diego,12.0,312.0,10.0,300.0,0.0,302.0,300.0
06073016810,Census Tract 168.10,73,San Diego,0.0,62.0,14.0,62.0,14.0,48.0,48.0
06073017006,Census Tract 170.06,73,San Diego,0.0,72.0,13.0,72.0,13.0,59.0,59.0
06073020601,Census Tract 206.01,73,San Diego,0.0,154.0,19.0,154.0,19.0,135.0,135.0
06073020602,Census Tract 206.02,73,San Diego,0.0,159.0,15.0,159.0,15.0,144.0,144.0
06037408800,Census Tract 4088,37,Los Angeles,1.0,95.0,10.0,94.0,9.0,85.0,85.0
06073020707,Census Tract 207.07,73,San Diego,4.0,120.0,19.0,116.0,15.0,101.0,101.0
06073013412,Census Tract 134.12,73,San Diego,0.0,119.0,10.0,119.0,10.0,109.0,109.0
06073020403,Census Tract 204.03,73,San Diego,0.0,88.0,12.0,88.0,12.0,76.0,76.0
06073021304,Census Tract 213.04,73,San Diego,8.0,68.0,2.0,60.0,0.0,66.0,60.0
06069000100,Census Tract 1,69,San Benito,0.0,153.0,2.0,153.0,2.0,151.0,151.0
06069000200,Census Tract 2,69,San Benito,0.0,214.0,4.0,214.0,4.0,210.0,210.0
06069000300,Census Tract 3,69,San Benito,5.0,198.0,18.0,193.0,13.0,180.0,180.0
06037433601,Census Tract 4336.01,37,Los Angeles,0.0,112.0,12.0,112.0,12.0,100.0,100.0
06065045000,Census Tract 450,65,Riverside,35.0,75.0,16.0,40.0,0.0,59.0,40.0
06079011901,Census Tract 119.01,79,San Luis Obispo,7.0,77.0,19.0,70.0,12.0,58.0,58.0
06019007500,Census Tract 75,19,Fresno,0.0,116.0,4.0,116.0,4.0,112.0,112.0
06019008000,Census Tract 80,19,Fresno,2.0,67.0,9.0,65.0,7.0,58.0,58.0
06073017009,Census Tract 170.09,73,San Diego,2.0,100.0,11.0,98.0,9.0,89.0,89.0
06073017014,Census Tract 170.14,73,San Diego,5.0,61.0,15.0,56.0,10.0,46.0,46.0
06073017018,Census Tract 170.18,73,San Diego,8.0,105.0,16.0,97.0,8.0,89.0,89.0
06073017021,Census Tract 170.21,73,San Diego,0.0,73.0,4.0,73.0,4.0,69.0,69.0
06069000400,Census Tract 4,69,San Benito,0.0,184.0,31.0,184.0,31.0,153.0,153.0
06037401500,Census Tract 4015,37,Los Angeles,10.0,155.0,6.0,145.0,0.0,149.0,145.0
06037401601,Census Tract 4016.01,37,Los Angeles,20.0,120.0,8.0,100.0,0.0,112.0,100.0
06037401602,Census Tract 4016.02,37,Los Angeles,0.0,130.0,9.0,130.0,9.0,121.0,121.0
06075026201,Census Tract 262.01,75,San Francisco,0.0,62.0,5.0,62.0,5.0,57.0,57.0
06075026202,Census Tract 262.02,75,San Francisco,0.0,61.0,6.0,61.0,6.0,55.0,55.0
06075020101,Census Tract 201.01,75,San Francisco,0.0,47.0,6.0,47.0,6.0,41.0,41.0
06075017803,Census Tract 178.03,75,San Francisco,0.0,39.0,8.0,39.0,8.0,31.0,31.0
06075012503,Census Tract 125.03,75,San Francisco,5.0,43.0,10.0,38.0,5.0,33.0,33.0
06075017804,Census Tract 178.04,75,San Francisco,20.0,53.0,6.0,33.0,0.0,47.0,33.0
06037403402,Census Tract 4034.02,37,Los Angeles,0.0,73.0,10.0,73.0,10.0,63.0,63.0
06037403404,Census Tract 4034.04,37,Los Angeles,0.0,54.0,8.0,54.0,8.0,46.0,46.0
06037430101,Census Tract 4301.01,37,Los Angeles,14.0,110.0,9.0,96.0,0.0,101.0,96.0
06037430102,Census Tract 4301.02,37,Los Angeles,0.0,112.0,11.0,112.0,11.0,101.0,101.0
06037434001,Census Tract 4340.01,37,Los Angeles,3.0,88.0,12.0,85.0,9.0,76.0,76.0
06037463200,Census Tract 4632,37,Los Angeles,0.0,72.0,10.0,72.0,10.0,62.0,62.0
06037463300,Census Tract 4633,37,Los Angeles,0.0,50.0,16.0,50.0,16.0,34.0,34.0
06037463400,Census Tract 4634,37,Los Angeles,2.0,127.0,9.0,125.0,7.0,118.0,118.0
06037463700,Census Tract 4637,37,Los Angeles,24.0,71.0,10.0,47.0,0.0,61.0,47.0
06063000502,Census Tract 5.02,63,Plumas,0.0,66.0,15.0,66.0,15.0,51.0,51.0
06063000501,Census Tract 5.01,63,Plumas,0.0,62.0,25.0,62.0,25.0,37.0,37.0
06101050701,Census Tract 507.01,101,Sutter,0.0,77.0,11.0,77.0,11.0,66.0,66.0
06079011800,Census Tract 118,79,San Luis Obispo,12.0,291.0,12.0,279.0,0.0,279.0,279.0
06079012502,Census Tract 125.02,79,San Luis Obispo,13.0,185.0,20.0,172.0,7.0,165.0,165.0
06101051000,Census Tract 510,101,Sutter,0.0,55.0,4.0,55.0,4.0,51.0,51.0
06101051100,Census Tract 511,101,Sutter,0.0,50.0,3.0,50.0,3.0,47.0,47.0
06101050601,Census Tract 506.01,101,Sutter,2.0,166.0,14.0,164.0,12.0,152.0,152.0
06101050102,Census Tract 501.02,101,Sutter,8.0,78.0,38.0,70.0,30.0,40.0,40.0
06101050900,Census Tract 509,101,Sutter,0.0,41.0,2.0,41.0,2.0,39.0,39.0
06101050201,Census Tract 502.01,101,Sutter,0.0,67.0,43.0,67.0,43.0,24.0,24.0
06101050603,Census Tract 506.03,101,Sutter,10.0,104.0,15.0,94.0,5.0,89.0,89.0
06101050800,Census Tract 508,101,Sutter,0.0,111.0,3.0,111.0,3.0,108.0,108.0
06073017031,Census Tract 170.31,73,San Diego,0.0,75.0,20.0,75.0,20.0,55.0,55.0
06073017034,Census Tract 170.34,73,San Diego,0.0,139.0,13.0,139.0,13.0,126.0,126.0
06073017035,Census Tract 170.35,73,San Diego,0.0,74.0,14.0,74.0,14.0,60.0,60.0
06073017036,Census Tract 170.36,73,San Diego,2.0,72.0,21.0,70.0,19.0,51.0,51.0
06073017037,Census Tract 170.37,73,San Diego,12.0,119.0,12.0,107.0,0.0,107.0,107.0
06071001702,Census Tract 17.02,71,San Bernardino,1.0,163.0,20.0,162.0,19.0,143.0,143.0
06037277100,Census Tract 2771,37,Los Angeles,0.0,388.0,12.0,388.0,12.0,376.0,376.0
06037277200,Census Tract 2772,37,Los Angeles,68.0,138.0,13.0,70.0,0.0,125.0,70.0
06071003000,Census Tract 30,71,San Bernardino,18.0,65.0,29.0,47.0,11.0,36.0,36.0
06037401901,Census Tract 4019.01,37,Los Angeles,30.0,86.0,10.0,56.0,0.0,76.0,56.0
06037401902,Census Tract 4019.02,37,Los Angeles,10.0,113.0,8.0,103.0,0.0,105.0,103.0
06071004604,Census Tract 46.04,71,San Bernardino,0.0,79.0,21.0,79.0,21.0,58.0,58.0
06071010804,Census Tract 108.04,71,San Bernardino,0.0,70.0,13.0,70.0,13.0,57.0,57.0
06071012001,Census Tract 120.01,71,San Bernardino,0.0,99.0,10.0,99.0,10.0,89.0,89.0
06071010417,Census Tract 104.17,71,San Bernardino,4.0,68.0,5.0,64.0,1.0,63.0,63.0
06037430302,Census Tract 4303.02,37,Los Angeles,0.0,107.0,9.0,107.0,9.0,98.0,98.0
06101050202,Census Tract 502.02,101,Sutter,7.0,88.0,36.0,81.0,29.0,52.0,52.0
06101050301,Census Tract 503.01,101,Sutter,0.0,51.0,45.0,51.0,45.0,6.0,6.0
06037430400,Census Tract 4304,37,Los Angeles,2.0,89.0,7.0,87.0,5.0,82.0,82.0
06101050302,Census Tract 503.02,101,Sutter,0.0,110.0,32.0,110.0,32.0,78.0,78.0
06101050501,Census Tract 505.01,101,Sutter,0.0,164.0,18.0,164.0,18.0,146.0,146.0
06073017039,Census Tract 170.39,73,San Diego,0.0,178.0,10.0,178.0,10.0,168.0,168.0
06073017040,Census Tract 170.40,73,San Diego,4.0,109.0,12.0,105.0,8.0,97.0,97.0
06099002504,Census Tract 25.04,99,Stanislaus,2.0,96.0,23.0,94.0,21.0,73.0,73.0
06099002503,Census Tract 25.03,99,Stanislaus,0.0,81.0,29.0,81.0,29.0,52.0,52.0
06099002006,Census Tract 20.06,99,Stanislaus,0.0,74.0,34.0,74.0,34.0,40.0,40.0
06099002005,Census Tract 20.05,99,Stanislaus,0.0,67.0,37.0,67.0,37.0,30.0,30.0
06099003805,Census Tract 38.05,99,Stanislaus,23.0,64.0,25.0,41.0,2.0,39.0,39.0
06099004000,Census Tract 40,99,Stanislaus,0.0,75.0,3.0,75.0,3.0,72.0,72.0
06037400206,Census Tract 4002.06,37,Los Angeles,0.0,97.0,7.0,97.0,7.0,90.0,90.0
06113010102,Census Tract 101.02,113,Yolo,15.0,46.0,3.0,31.0,0.0,43.0,31.0
06113011102,Census Tract 111.02,113,Yolo,0.0,111.0,19.0,111.0,19.0,92.0,92.0
06113010505,Census Tract 105.05,113,Yolo,4.0,119.0,2.0,115.0,0.0,117.0,115.0
06113011500,Census Tract 115,113,Yolo,21.0,146.0,1.0,125.0,0.0,145.0,125.0
06073017043,Census Tract 170.43,73,San Diego,8.0,151.0,12.0,143.0,4.0,139.0,139.0
06025011202,Census Tract 112.02,25,Imperial,8.0,122.0,40.0,114.0,32.0,82.0,82.0
06037291110,Census Tract 2911.10,37,Los Angeles,0.0,60.0,15.0,60.0,15.0,45.0,45.0
06037291130,Census Tract 2911.30,37,Los Angeles,1.0,67.0,11.0,66.0,10.0,56.0,56.0
06037291210,Census Tract 2912.10,37,Los Angeles,4.0,95.0,12.0,91.0,8.0,83.0,83.0
06037291220,Census Tract 2912.20,37,Los Angeles,0.0,61.0,14.0,61.0,14.0,47.0,47.0
06037291300,Census Tract 2913,37,Los Angeles,0.0,56.0,8.0,56.0,8.0,48.0,48.0
06019005406,Census Tract 54.06,19,Fresno,0.0,63.0,26.0,63.0,26.0,37.0,37.0
06019005407,Census Tract 54.07,19,Fresno,0.0,55.0,31.0,55.0,31.0,24.0,24.0
06019005605,Census Tract 56.05,19,Fresno,0.0,38.0,36.0,38.0,36.0,2.0,2.0
06037402101,Census Tract 4021.01,37,Los Angeles,0.0,87.0,12.0,87.0,12.0,75.0,75.0
06019005606,Census Tract 56.06,19,Fresno,1.0,60.0,24.0,59.0,23.0,36.0,36.0
06019005701,Census Tract 57.01,19,Fresno,22.0,69.0,23.0,47.0,1.0,46.0,46.0
06019005702,Census Tract 57.02,19,Fresno,0.0,131.0,22.0,131.0,22.0,109.0,109.0
06019005703,Census Tract 57.03,19,Fresno,0.0,107.0,22.0,107.0,22.0,85.0,85.0
06037403407,Census Tract 4034.07,37,Los Angeles,0.0,57.0,6.0,57.0,6.0,51.0,51.0
06101050503,Census Tract 505.03,101,Sutter,0.0,175.0,20.0,175.0,20.0,155.0,155.0
06101050504,Census Tract 505.04,101,Sutter,0.0,259.0,11.0,259.0,11.0,248.0,248.0
06101050604,Census Tract 506.04,101,Sutter,0.0,100.0,35.0,100.0,35.0,65.0,65.0
06025010500,Census Tract 105,25,Imperial,2.0,202.0,27.0,200.0,25.0,175.0,175.0
06025010700,Census Tract 107,25,Imperial,0.0,100.0,22.0,100.0,22.0,78.0,78.0
06025011400,Census Tract 114,25,Imperial,0.0,87.0,26.0,87.0,26.0,61.0,61.0
06037430600,Census Tract 4306,37,Los Angeles,0.0,89.0,7.0,89.0,7.0,82.0,82.0
06073017501,Census Tract 175.01,73,San Diego,15.0,67.0,15.0,52.0,0.0,52.0,52.0
06073017502,Census Tract 175.02,73,San Diego,6.0,81.0,15.0,75.0,9.0,66.0,66.0
06073017603,Census Tract 176.03,73,San Diego,3.0,70.0,16.0,67.0,13.0,54.0,54.0
06073017701,Census Tract 177.01,73,San Diego,0.0,127.0,12.0,127.0,12.0,115.0,115.0
06073017702,Census Tract 177.02,73,San Diego,0.0,74.0,17.0,74.0,17.0,57.0,57.0
06071001803,Census Tract 18.03,71,San Bernardino,26.0,77.0,11.0,51.0,0.0,66.0,51.0
06037293302,Census Tract 2933.02,37,Los Angeles,2.0,98.0,12.0,96.0,10.0,86.0,86.0
06037293304,Census Tract 2933.04,37,Los Angeles,0.0,92.0,17.0,92.0,17.0,75.0,75.0
06037294110,Census Tract 2941.10,37,Los Angeles,0.0,71.0,13.0,71.0,13.0,58.0,58.0
06037294120,Census Tract 2941.20,37,Los Angeles,0.0,51.0,10.0,51.0,10.0,41.0,41.0
06037294200,Census Tract 2942,37,Los Angeles,0.0,75.0,13.0,75.0,13.0,62.0,62.0
06037294410,Census Tract 2944.10,37,Los Angeles,5.0,100.0,14.0,95.0,9.0,86.0,86.0
06037293301,Census Tract 2933.01,37,Los Angeles,0.0,57.0,14.0,57.0,14.0,43.0,43.0
06019005509,Census Tract 55.09,19,Fresno,20.0,122.0,22.0,102.0,2.0,100.0,100.0
06019005508,Census Tract 55.08,19,Fresno,0.0,127.0,22.0,127.0,22.0,105.0,105.0
06019005704,Census Tract 57.04,19,Fresno,3.0,103.0,22.0,100.0,19.0,81.0,81.0
06019005801,Census Tract 58.01,19,Fresno,7.0,93.0,22.0,86.0,15.0,71.0,71.0
06019005802,Census Tract 58.02,19,Fresno,2.0,128.0,21.0,126.0,19.0,107.0,107.0
06047000202,Census Tract 2.02,47,Merced,0.0,52.0,9.0,52.0,9.0,43.0,43.0
06047000201,Census Tract 2.01,47,Merced,0.0,56.0,4.0,56.0,4.0,52.0,52.0
06047000401,Census Tract 4.01,47,Merced,0.0,46.0,5.0,46.0,5.0,41.0,41.0
06047002401,Census Tract 24.01,47,Merced,0.0,46.0,3.0,46.0,3.0,43.0,43.0
06019006700,Census Tract 67,19,Fresno,1.0,141.0,15.0,140.0,14.0,126.0,126.0
06043000102,Census Tract 1.02,43,Mariposa,0.0,59.0,19.0,59.0,19.0,40.0,40.0
06043000101,Census Tract 1.01,43,Mariposa,19.0,148.0,25.0,129.0,6.0,123.0,123.0
06043000301,Census Tract 3.01,43,Mariposa,0.0,219.0,37.0,219.0,37.0,182.0,182.0
06043000302,Census Tract 3.02,43,Mariposa,8.0,60.0,23.0,52.0,15.0,37.0,37.0
06071001703,Census Tract 17.03,71,San Bernardino,0.0,107.0,26.0,107.0,26.0,81.0,81.0
06037402102,Census Tract 4021.02,37,Los Angeles,0.0,92.0,8.0,92.0,8.0,84.0,84.0
06037402301,Census Tract 4023.01,37,Los Angeles,0.0,90.0,11.0,90.0,11.0,79.0,79.0
06073017808,Census Tract 178.08,73,San Diego,12.0,182.0,9.0,170.0,0.0,173.0,170.0
06073017811,Census Tract 178.11,73,San Diego,4.0,257.0,12.0,253.0,8.0,245.0,245.0
06037294620,Census Tract 2946.20,37,Los Angeles,0.0,69.0,14.0,69.0,14.0,55.0,55.0
06037294510,Census Tract 2945.10,37,Los Angeles,1.0,77.0,18.0,76.0,17.0,59.0,59.0
06037294820,Census Tract 2948.20,37,Los Angeles,4.0,62.0,21.0,58.0,17.0,41.0,41.0
06037294900,Census Tract 2949,37,Los Angeles,0.0,71.0,16.0,71.0,16.0,55.0,55.0
06037296210,Census Tract 2962.10,37,Los Angeles,0.0,58.0,17.0,58.0,17.0,41.0,41.0
06037296300,Census Tract 2963,37,Los Angeles,3.0,103.0,12.0,100.0,9.0,91.0,91.0
06037294610,Census Tract 2946.10,37,Los Angeles,1.0,77.0,14.0,76.0,13.0,63.0,63.0
06037460200,Census Tract 4602,37,Los Angeles,0.0,134.0,7.0,134.0,7.0,127.0,127.0
06037460301,Census Tract 4603.01,37,Los Angeles,0.0,86.0,6.0,86.0,6.0,80.0,80.0
06037460302,Census Tract 4603.02,37,Los Angeles,0.0,101.0,11.0,101.0,11.0,90.0,90.0
06033000501,Census Tract 5.01,33,Lake,0.0,90.0,4.0,90.0,4.0,86.0,86.0
06037400602,Census Tract 4006.02,37,Los Angeles,32.0,85.0,10.0,53.0,0.0,75.0,53.0
06037275311,Census Tract 2753.11,37,Los Angeles,3.0,93.0,11.0,90.0,8.0,82.0,82.0
06037275400,Census Tract 2754,37,Los Angeles,3.0,83.0,15.0,80.0,12.0,68.0,68.0
06071001400,Census Tract 14,71,San Bernardino,35.0,73.0,31.0,38.0,0.0,42.0,38.0
06073018000,Census Tract 180,73,San Diego,0.0,76.0,16.0,76.0,16.0,60.0,60.0
06037296500,Census Tract 2965,37,Los Angeles,1.0,63.0,13.0,62.0,12.0,50.0,50.0
06037297120,Census Tract 2971.20,37,Los Angeles,2.0,60.0,20.0,58.0,18.0,40.0,40.0
06037297300,Census Tract 2973,37,Los Angeles,1.0,52.0,8.0,51.0,7.0,44.0,44.0
06037297400,Census Tract 2974,37,Los Angeles,0.0,81.0,7.0,81.0,7.0,74.0,74.0
06073008365,Census Tract 83.65,73,San Diego,0.0,59.0,14.0,59.0,14.0,45.0,45.0
06073014805,Census Tract 148.05,73,San Diego,0.0,100.0,18.0,100.0,18.0,82.0,82.0
06037407001,Census Tract 4070.01,37,Los Angeles,0.0,127.0,13.0,127.0,13.0,114.0,114.0
06037407002,Census Tract 4070.02,37,Los Angeles,0.0,79.0,7.0,79.0,7.0,72.0,72.0
06037407102,Census Tract 4071.02,37,Los Angeles,0.0,130.0,13.0,130.0,13.0,117.0,117.0
06037407301,Census Tract 4073.01,37,Los Angeles,0.0,80.0,13.0,80.0,13.0,67.0,67.0
06059075504,Census Tract 755.04,59,Orange,12.0,83.0,17.0,71.0,5.0,66.0,66.0
06037430701,Census Tract 4307.01,37,Los Angeles,3.0,95.0,7.0,92.0,4.0,88.0,88.0
06085508403,Census Tract 5084.03,85,Santa Clara,24.0,64.0,15.0,40.0,0.0,49.0,40.0
06073010011,Census Tract 100.11,73,San Diego,0.0,102.0,22.0,102.0,22.0,80.0,80.0
06073018400,Census Tract 184,73,San Diego,27.0,70.0,18.0,43.0,0.0,52.0,43.0
06073018509,Census Tract 185.09,73,San Diego,9.0,111.0,15.0,102.0,6.0,96.0,96.0
06113011400,Census Tract 114,113,Yolo,64.0,123.0,1.0,59.0,0.0,122.0,59.0
06073018512,Census Tract 185.12,73,San Diego,0.0,83.0,14.0,83.0,14.0,69.0,69.0
06073018515,Census Tract 185.15,73,San Diego,0.0,115.0,10.0,115.0,10.0,105.0,105.0
06037403408,Census Tract 4034.08,37,Los Angeles,0.0,162.0,7.0,162.0,7.0,155.0,155.0
06037407400,Census Tract 4074,37,Los Angeles,0.0,46.0,16.0,46.0,16.0,30.0,30.0
06037407701,Census Tract 4077.01,37,Los Angeles,0.0,95.0,12.0,95.0,12.0,83.0,83.0
06037407702,Census Tract 4077.02,37,Los Angeles,2.0,176.0,9.0,174.0,7.0,167.0,167.0
06037430721,Census Tract 4307.21,37,Los Angeles,19.0,68.0,6.0,49.0,0.0,62.0,49.0
06037430803,Census Tract 4308.03,37,Los Angeles,0.0,115.0,9.0,115.0,9.0,106.0,106.0
06037431002,Census Tract 4310.02,37,Los Angeles,0.0,67.0,11.0,67.0,11.0,56.0,56.0
06037460502,Census Tract 4605.02,37,Los Angeles,1.0,123.0,8.0,122.0,7.0,115.0,115.0
06075017602,Census Tract 176.02,75,San Francisco,18.0,45.0,7.0,27.0,0.0,38.0,27.0
06075060703,Census Tract 607.03,75,San Francisco,12.0,80.0,6.0,68.0,0.0,74.0,68.0
06075061402,Census Tract 614.02,75,San Francisco,0.0,50.0,5.0,50.0,5.0,45.0,45.0
06075061502,Census Tract 615.02,75,San Francisco,4.0,48.0,7.0,44.0,3.0,41.0,41.0
06075017903,Census Tract 179.03,75,San Francisco,0.0,41.0,2.0,41.0,2.0,39.0,39.0
06075045201,Census Tract 452.01,75,San Francisco,0.0,49.0,6.0,49.0,6.0,43.0,43.0
06075035102,Census Tract 351.02,75,San Francisco,0.0,63.0,5.0,63.0,5.0,58.0,58.0
06029003305,Census Tract 33.05,29,Kern,0.0,77.0,5.0,77.0,5.0,72.0,72.0
06029005203,Census Tract 52.03,29,Kern,0.0,70.0,1.0,70.0,1.0,69.0,69.0
06029005508,Census Tract 55.08,29,Kern,0.0,56.0,2.0,56.0,2.0,54.0,54.0
06029006006,Census Tract 60.06,29,Kern,0.0,119.0,4.0,119.0,4.0,115.0,115.0
06029006303,Census Tract 63.03,29,Kern,6.0,110.0,15.0,104.0,9.0,95.0,95.0
06029006500,Census Tract 65,29,Kern,4.0,41.0,1.0,37.0,0.0,40.0,37.0
06071000103,Census Tract 1.03,71,San Bernardino,0.0,98.0,20.0,98.0,20.0,78.0,78.0
06071000105,Census Tract 1.05,71,San Bernardino,32.0,152.0,14.0,120.0,0.0,138.0,120.0
06025012400,Census Tract 124,25,Imperial,0.0,36.0,1.0,36.0,1.0,35.0,35.0
06025010200,Census Tract 102,25,Imperial,0.0,82.0,3.0,82.0,3.0,79.0,79.0
06025010300,Census Tract 103,25,Imperial,0.0,36.0,2.0,36.0,2.0,34.0,34.0
06025011100,Census Tract 111,25,Imperial,0.0,112.0,4.0,112.0,4.0,108.0,108.0
06025010800,Census Tract 108,25,Imperial,0.0,41.0,3.0,41.0,3.0,38.0,38.0
06025012301,Census Tract 123.01,25,Imperial,0.0,110.0,1.0,110.0,1.0,109.0,109.0
06025010900,Census Tract 109,25,Imperial,1.0,129.0,13.0,128.0,12.0,116.0,116.0
06025940000,Census Tract 9400,25,Imperial,0.0,39.0,5.0,39.0,5.0,34.0,34.0
06037408133,Census Tract 4081.33,37,Los Angeles,0.0,111.0,12.0,111.0,12.0,99.0,99.0
06025011600,Census Tract 116,25,Imperial,1.0,175.0,36.0,174.0,35.0,139.0,139.0
06025011700,Census Tract 117,25,Imperial,6.0,106.0,36.0,100.0,30.0,70.0,70.0
06025011801,Census Tract 118.01,25,Imperial,0.0,79.0,28.0,79.0,28.0,51.0,51.0
06025011802,Census Tract 118.02,25,Imperial,0.0,106.0,39.0,106.0,39.0,67.0,67.0
06037400304,Census Tract 4003.04,37,Los Angeles,14.0,287.0,7.0,273.0,0.0,280.0,273.0
06075980600,Census Tract 9806,75,San Francisco,0.0,41.0,2.0,41.0,2.0,39.0,39.0
06071000107,Census Tract 1.07,71,San Bernardino,1.0,67.0,28.0,66.0,27.0,39.0,39.0
06071000108,Census Tract 1.08,71,San Bernardino,0.0,184.0,19.0,184.0,19.0,165.0,165.0
06037276000,Census Tract 2760,37,Los Angeles,48.0,6125.0,8.0,6077.0,0.0,6117.0,6077.0
06037276400,Census Tract 2764,37,Los Angeles,0.0,903.0,11.0,903.0,11.0,892.0,892.0
06037276500,Census Tract 2765,37,Los Angeles,34.0,2419.0,12.0,2385.0,0.0,2407.0,2385.0
06037402501,Census Tract 4025.01,37,Los Angeles,0.0,120.0,13.0,120.0,13.0,107.0,107.0
06037402702,Census Tract 4027.02,37,Los Angeles,0.0,96.0,10.0,96.0,10.0,86.0,86.0
06081606800,Census Tract 6068,81,San Mateo,36.0,85.0,8.0,49.0,0.0,77.0,49.0
06037240020,Census Tract 2400.20,37,Los Angeles,0.0,84.0,15.0,84.0,15.0,69.0,69.0
06037533103,Census Tract 5331.03,37,Los Angeles,0.0,58.0,17.0,58.0,17.0,41.0,41.0
06037402703,Census Tract 4027.03,37,Los Angeles,0.0,106.0,12.0,106.0,12.0,94.0,94.0
06037403702,Census Tract 4037.02,37,Los Angeles,0.0,87.0,10.0,87.0,10.0,77.0,77.0
06037403703,Census Tract 4037.03,37,Los Angeles,0.0,104.0,9.0,104.0,9.0,95.0,95.0
06037403721,Census Tract 4037.21,37,Los Angeles,0.0,134.0,9.0,134.0,9.0,125.0,125.0
06037403722,Census Tract 4037.22,37,Los Angeles,2.0,133.0,10.0,131.0,8.0,123.0,123.0
06085506804,Census Tract 5068.04,85,Santa Clara,0.0,91.0,13.0,91.0,13.0,78.0,78.0
06073004300,Census Tract 43,73,San Diego,0.0,74.0,21.0,74.0,21.0,53.0,53.0
06073004400,Census Tract 44,73,San Diego,0.0,78.0,22.0,78.0,22.0,56.0,56.0
06073004600,Census Tract 46,73,San Diego,0.0,49.0,34.0,49.0,34.0,15.0,15.0
06073004700,Census Tract 47,73,San Diego,0.0,43.0,36.0,43.0,36.0,7.0,7.0
06073004800,Census Tract 48,73,San Diego,0.0,66.0,28.0,66.0,28.0,38.0,38.0
06073004900,Census Tract 49,73,San Diego,0.0,108.0,24.0,108.0,24.0,84.0,84.0
06073009102,Census Tract 91.02,73,San Diego,0.0,93.0,21.0,93.0,21.0,72.0,72.0
06073009104,Census Tract 91.04,73,San Diego,0.0,60.0,16.0,60.0,16.0,44.0,44.0
06073009107,Census Tract 91.07,73,San Diego,1.0,105.0,23.0,104.0,22.0,82.0,82.0
06081606000,Census Tract 6060,81,San Mateo,2.0,129.0,16.0,127.0,14.0,113.0,113.0
06081606100,Census Tract 6061,81,San Mateo,2.0,58.0,6.0,56.0,4.0,52.0,52.0
06081606400,Census Tract 6064,81,San Mateo,2.0,107.0,15.0,105.0,13.0,92.0,92.0
06081603900,Census Tract 6039,81,San Mateo,4.0,135.0,10.0,131.0,6.0,125.0,125.0
06081613200,Census Tract 6132,81,San Mateo,12.0,270.0,2.0,258.0,0.0,268.0,258.0
06095253203,Census Tract 2532.03,95,Solano,6.0,94.0,18.0,88.0,12.0,76.0,76.0
06095253402,Census Tract 2534.02,95,Solano,0.0,236.0,6.0,236.0,6.0,230.0,230.0
06095252903,Census Tract 2529.03,95,Solano,0.0,120.0,2.0,120.0,2.0,118.0,118.0
06089012400,Census Tract 124,89,Shasta,0.0,62.0,2.0,62.0,2.0,60.0,60.0
06081610202,Census Tract 6102.02,81,San Mateo,89.0,134.0,11.0,45.0,0.0,123.0,45.0
06081603400,Census Tract 6034,81,San Mateo,0.0,142.0,4.0,142.0,4.0,138.0,138.0
06081611800,Census Tract 6118,81,San Mateo,11.0,59.0,6.0,48.0,0.0,53.0,48.0
06081608100,Census Tract 6081,81,San Mateo,0.0,77.0,15.0,77.0,15.0,62.0,62.0
06081613300,Census Tract 6133,81,San Mateo,12.0,62.0,5.0,50.0,0.0,57.0,50.0
06081607300,Census Tract 6073,81,San Mateo,0.0,74.0,12.0,74.0,12.0,62.0,62.0
06081613600,Census Tract 6136,81,San Mateo,1.0,100.0,3.0,99.0,2.0,97.0,97.0
06081603100,Census Tract 6031,81,San Mateo,0.0,72.0,5.0,72.0,5.0,67.0,67.0
06081605600,Census Tract 6056,81,San Mateo,2.0,185.0,5.0,183.0,3.0,180.0,180.0
06081604600,Census Tract 6046,81,San Mateo,0.0,60.0,12.0,60.0,12.0,48.0,48.0
06073005500,Census Tract 55,73,San Diego,0.0,32.0,32.0,32.0,32.0,0.0,0.0
06073005700,Census Tract 57,73,San Diego,0.0,55.0,40.0,55.0,40.0,15.0,15.0
06073009201,Census Tract 92.01,73,San Diego,4.0,159.0,16.0,155.0,12.0,143.0,143.0
06073009301,Census Tract 93.01,73,San Diego,0.0,116.0,17.0,116.0,17.0,99.0,99.0
06073009506,Census Tract 95.06,73,San Diego,0.0,84.0,17.0,84.0,17.0,67.0,67.0
06073009602,Census Tract 96.02,73,San Diego,0.0,80.0,15.0,80.0,15.0,65.0,65.0
06081606500,Census Tract 6065,81,San Mateo,0.0,84.0,12.0,84.0,12.0,72.0,72.0
06081606600,Census Tract 6066,81,San Mateo,8.0,82.0,13.0,74.0,5.0,69.0,69.0
06081606900,Census Tract 6069,81,San Mateo,4.0,62.0,7.0,58.0,3.0,55.0,55.0
06081600600,Census Tract 6006,81,San Mateo,33.0,82.0,16.0,49.0,0.0,66.0,49.0
06081601100,Census Tract 6011,81,San Mateo,0.0,126.0,14.0,126.0,14.0,112.0,112.0
06081601200,Census Tract 6012,81,San Mateo,0.0,153.0,10.0,153.0,10.0,143.0,143.0
06081613502,Census Tract 6135.02,81,San Mateo,3.0,485.0,3.0,482.0,0.0,482.0,482.0
06053011303,Census Tract 113.03,53,Monterey,16.0,70.0,1.0,54.0,0.0,69.0,54.0
06053011802,Census Tract 118.02,53,Monterey,11.0,52.0,21.0,41.0,10.0,31.0,31.0
06053014800,Census Tract 148,53,Monterey,0.0,209.0,2.0,209.0,2.0,207.0,207.0
06081612900,Census Tract 6129,81,San Mateo,2.0,108.0,11.0,106.0,9.0,97.0,97.0
06081605700,Census Tract 6057,81,San Mateo,0.0,128.0,5.0,128.0,5.0,123.0,123.0
06053014700,Census Tract 147,53,Monterey,0.0,186.0,5.0,186.0,5.0,181.0,181.0
06055201402,Census Tract 2014.02,55,Napa,4.0,59.0,4.0,55.0,0.0,55.0,55.0
06055201403,Census Tract 2014.03,55,Napa,4.0,35.0,1.0,31.0,0.0,34.0,31.0
06055201101,Census Tract 2011.01,55,Napa,0.0,51.0,16.0,51.0,16.0,35.0,35.0
06055201401,Census Tract 2014.01,55,Napa,23.0,59.0,2.0,36.0,0.0,57.0,36.0
06079010016,Census Tract 100.16,79,San Luis Obispo,42.0,160.0,3.0,118.0,0.0,157.0,118.0
06019001407,Census Tract 14.07,19,Fresno,0.0,93.0,31.0,93.0,31.0,62.0,62.0
06019003104,Census Tract 31.04,19,Fresno,12.0,98.0,11.0,86.0,0.0,87.0,86.0
06019005805,Census Tract 58.05,19,Fresno,10.0,461.0,10.0,451.0,0.0,451.0,451.0
06097151800,Census Tract 1518,97,Sonoma,2.0,109.0,18.0,107.0,16.0,91.0,91.0
06075015701,Census Tract 157.01,75,San Francisco,0.0,64.0,5.0,64.0,5.0,59.0,59.0
06075015402,Census Tract 154.02,75,San Francisco,0.0,46.0,6.0,46.0,6.0,40.0,40.0
06075016602,Census Tract 166.02,75,San Francisco,0.0,40.0,9.0,40.0,9.0,31.0,31.0
06075016601,Census Tract 166.01,75,San Francisco,0.0,47.0,8.0,47.0,8.0,39.0,39.0
06075012504,Census Tract 125.04,75,San Francisco,1.0,31.0,21.0,30.0,20.0,10.0,10.0
06075020102,Census Tract 201.02,75,San Francisco,0.0,47.0,9.0,47.0,9.0,38.0,38.0
06073006000,Census Tract 60,73,San Diego,17.0,100.0,21.0,83.0,4.0,79.0,79.0
06073006300,Census Tract 63,73,San Diego,0.0,33.0,17.0,33.0,17.0,16.0,16.0
06073009603,Census Tract 96.03,73,San Diego,21.0,162.0,16.0,141.0,0.0,146.0,141.0
06073009604,Census Tract 96.04,73,San Diego,16.0,71.0,16.0,55.0,0.0,55.0,55.0
06073009703,Census Tract 97.03,73,San Diego,0.0,72.0,16.0,72.0,16.0,56.0,56.0
06073009705,Census Tract 97.05,73,San Diego,0.0,77.0,14.0,77.0,14.0,63.0,63.0
06073009801,Census Tract 98.01,73,San Diego,0.0,112.0,15.0,112.0,15.0,97.0,97.0
06073011802,Census Tract 118.02,73,San Diego,0.0,168.0,22.0,168.0,22.0,146.0,146.0
06081607100,Census Tract 6071,81,San Mateo,0.0,60.0,12.0,60.0,12.0,48.0,48.0
06081607200,Census Tract 6072,81,San Mateo,23.0,101.0,14.0,78.0,0.0,87.0,78.0
06053010306,Census Tract 103.06,53,Monterey,0.0,40.0,4.0,40.0,4.0,36.0,36.0
06053010804,Census Tract 108.04,53,Monterey,2.0,112.0,3.0,110.0,1.0,109.0,109.0
06053000701,Census Tract 7.01,53,Monterey,0.0,130.0,38.0,130.0,38.0,92.0,92.0
06053014601,Census Tract 146.01,53,Monterey,0.0,76.0,4.0,76.0,4.0,72.0,72.0
06053011101,Census Tract 111.01,53,Monterey,0.0,35.0,1.0,35.0,1.0,34.0,34.0
06053011502,Census Tract 115.02,53,Monterey,17.0,48.0,1.0,31.0,0.0,47.0,31.0
06053011604,Census Tract 116.04,53,Monterey,15.0,49.0,3.0,34.0,0.0,46.0,34.0
06081607400,Census Tract 6074,81,San Mateo,2.0,100.0,13.0,98.0,11.0,87.0,87.0
06013304002,Census Tract 3040.02,13,Contra Costa,3.0,57.0,2.0,54.0,0.0,55.0,54.0
06071009119,Census Tract 91.19,71,San Bernardino,0.0,127.0,4.0,127.0,4.0,123.0,123.0
06071000118,Census Tract 1.18,71,San Bernardino,0.0,122.0,9.0,122.0,9.0,113.0,113.0
06071009109,Census Tract 91.09,71,San Bernardino,0.0,82.0,4.0,82.0,4.0,78.0,78.0
06075020802,Census Tract 208.02,75,San Francisco,0.0,42.0,9.0,42.0,9.0,33.0,33.0
06075020801,Census Tract 208.01,75,San Francisco,0.0,54.0,8.0,54.0,8.0,46.0,46.0
06075061401,Census Tract 614.01,75,San Francisco,0.0,51.0,5.0,51.0,5.0,46.0,46.0
06075020702,Census Tract 207.02,75,San Francisco,0.0,41.0,9.0,41.0,9.0,32.0,32.0
06075060702,Census Tract 607.02,75,San Francisco,7.0,44.0,5.0,37.0,0.0,39.0,37.0
06073006600,Census Tract 66,73,San Diego,0.0,48.0,30.0,48.0,30.0,18.0,18.0
06073006900,Census Tract 69,73,San Diego,0.0,129.0,16.0,129.0,16.0,113.0,113.0
06073007002,Census Tract 70.02,73,San Diego,0.0,61.0,18.0,61.0,18.0,43.0,43.0
06073009804,Census Tract 98.04,73,San Diego,13.0,121.0,15.0,108.0,2.0,106.0,106.0
06073009805,Census Tract 98.05,73,San Diego,0.0,88.0,8.0,88.0,8.0,80.0,80.0
06073010001,Census Tract 100.01,73,San Diego,0.0,98.0,15.0,98.0,15.0,83.0,83.0
06073010003,Census Tract 100.03,73,San Diego,0.0,133.0,19.0,133.0,19.0,114.0,114.0
06073010004,Census Tract 100.04,73,San Diego,0.0,124.0,18.0,124.0,18.0,106.0,106.0
06073012002,Census Tract 120.02,73,San Diego,0.0,74.0,28.0,74.0,28.0,46.0,46.0
06073012003,Census Tract 120.03,73,San Diego,0.0,62.0,20.0,62.0,20.0,42.0,42.0
06073012101,Census Tract 121.01,73,San Diego,0.0,51.0,25.0,51.0,25.0,26.0,26.0
06081607701,Census Tract 6077.01,81,San Mateo,0.0,101.0,13.0,101.0,13.0,88.0,88.0
06081607702,Census Tract 6077.02,81,San Mateo,0.0,64.0,18.0,64.0,18.0,46.0,46.0
06081607800,Census Tract 6078,81,San Mateo,16.0,71.0,13.0,55.0,0.0,58.0,55.0
06081608002,Census Tract 6080.02,81,San Mateo,0.0,85.0,13.0,85.0,13.0,72.0,72.0
06091010000,Census Tract 100,91,Sierra,3.0,83.0,29.0,80.0,26.0,54.0,54.0
06037402904,Census Tract 4029.04,37,Los Angeles,0.0,76.0,9.0,76.0,9.0,67.0,67.0
06075012001,Census Tract 120.01,75,San Francisco,2.0,37.0,14.0,35.0,12.0,23.0,23.0
06075010101,Census Tract 101.01,75,San Francisco,3.0,39.0,3.0,36.0,0.0,36.0,36.0
06075010102,Census Tract 101.02,75,San Francisco,0.0,39.0,12.0,39.0,12.0,27.0,27.0
06075033001,Census Tract 330.01,75,San Francisco,0.0,70.0,5.0,70.0,5.0,65.0,65.0
06075033002,Census Tract 330.02,75,San Francisco,0.0,69.0,4.0,69.0,4.0,65.0,65.0
06075031401,Census Tract 314.01,75,San Francisco,0.0,48.0,6.0,48.0,6.0,42.0,42.0
06075025501,Census Tract 255.01,75,San Francisco,0.0,67.0,5.0,67.0,5.0,62.0,62.0
06075061504,Census Tract 615.04,75,San Francisco,3.0,42.0,11.0,39.0,8.0,31.0,31.0
06075061507,Census Tract 615.07,75,San Francisco,8.0,36.0,4.0,28.0,0.0,32.0,28.0
06075025502,Census Tract 255.02,75,San Francisco,0.0,61.0,5.0,61.0,5.0,56.0,56.0
06075016101,Census Tract 161.01,75,San Francisco,0.0,44.0,10.0,44.0,10.0,34.0,34.0
06075016102,Census Tract 161.02,75,San Francisco,0.0,42.0,7.0,42.0,7.0,35.0,35.0
06075012801,Census Tract 128.01,75,San Francisco,0.0,48.0,6.0,48.0,6.0,42.0,42.0
06075010402,Census Tract 104.02,75,San Francisco,0.0,40.0,8.0,40.0,8.0,32.0,32.0
06075061101,Census Tract 611.01,75,San Francisco,10.0,42.0,8.0,32.0,0.0,34.0,32.0
06075047904,Census Tract 479.04,75,San Francisco,5.0,33.0,2.0,28.0,0.0,31.0,28.0
06075061102,Census Tract 611.02,75,San Francisco,0.0,37.0,17.0,37.0,17.0,20.0,20.0
06075012403,Census Tract 124.03,75,San Francisco,0.0,37.0,16.0,37.0,16.0,21.0,21.0
06075047903,Census Tract 479.03,75,San Francisco,0.0,57.0,5.0,57.0,5.0,52.0,52.0
06075035101,Census Tract 351.01,75,San Francisco,0.0,62.0,6.0,62.0,6.0,56.0,56.0
06075061506,Census Tract 615.06,75,San Francisco,20.0,56.0,10.0,36.0,0.0,46.0,36.0
06075061505,Census Tract 615.05,75,San Francisco,0.0,34.0,24.0,34.0,24.0,10.0,10.0
06075045202,Census Tract 452.02,75,San Francisco,4.0,51.0,7.0,47.0,3.0,44.0,44.0
06075012406,Census Tract 124.06,75,San Francisco,0.0,35.0,14.0,35.0,14.0,21.0,21.0
06075012404,Census Tract 124.04,75,San Francisco,0.0,38.0,16.0,38.0,16.0,22.0,22.0
06075017604,Census Tract 176.04,75,San Francisco,5.0,47.0,10.0,42.0,5.0,37.0,37.0
06075015401,Census Tract 154.01,75,San Francisco,0.0,50.0,5.0,50.0,5.0,45.0,45.0
06075010901,Census Tract 109.01,75,San Francisco,0.0,38.0,10.0,38.0,10.0,28.0,28.0
06075012204,Census Tract 122.04,75,San Francisco,0.0,40.0,16.0,40.0,16.0,24.0,24.0
06075015202,Census Tract 152.02,75,San Francisco,2.0,44.0,8.0,42.0,6.0,36.0,36.0
06075010902,Census Tract 109.02,75,San Francisco,0.0,41.0,10.0,41.0,10.0,31.0,31.0
06075015201,Census Tract 152.01,75,San Francisco,0.0,36.0,11.0,36.0,11.0,25.0,25.0
06075020701,Census Tract 207.01,75,San Francisco,0.0,51.0,8.0,51.0,8.0,43.0,43.0
06075011001,Census Tract 110.01,75,San Francisco,0.0,40.0,10.0,40.0,10.0,30.0,30.0
06075011102,Census Tract 111.02,75,San Francisco,0.0,39.0,10.0,39.0,10.0,29.0,29.0
06075012002,Census Tract 120.02,75,San Francisco,5.0,38.0,14.0,33.0,9.0,24.0,24.0
06075010401,Census Tract 104.01,75,San Francisco,0.0,42.0,9.0,42.0,9.0,33.0,33.0
06075010701,Census Tract 107.01,75,San Francisco,6.0,46.0,11.0,40.0,5.0,35.0,35.0
06075010702,Census Tract 107.02,75,San Francisco,0.0,36.0,12.0,36.0,12.0,24.0,24.0
06075011002,Census Tract 110.02,75,San Francisco,0.0,38.0,10.0,38.0,10.0,28.0,28.0
06075012203,Census Tract 122.03,75,San Francisco,0.0,36.0,16.0,36.0,16.0,20.0,20.0
06075031402,Census Tract 314.02,75,San Francisco,0.0,67.0,5.0,67.0,5.0,62.0,62.0
06075013401,Census Tract 134.01,75,San Francisco,0.0,37.0,8.0,37.0,8.0,29.0,29.0
06075013402,Census Tract 134.02,75,San Francisco,0.0,44.0,8.0,44.0,8.0,36.0,36.0
06075012802,Census Tract 128.02,75,San Francisco,0.0,42.0,8.0,42.0,8.0,34.0,34.0
06075013002,Census Tract 130.02,75,San Francisco,0.0,51.0,8.0,51.0,8.0,43.0,43.0
06075020202,Census Tract 202.02,75,San Francisco,0.0,47.0,8.0,47.0,8.0,39.0,39.0
06075020601,Census Tract 206.01,75,San Francisco,0.0,51.0,6.0,51.0,6.0,45.0,45.0
06075020201,Census Tract 202.01,75,San Francisco,0.0,38.0,9.0,38.0,9.0,29.0,29.0
06075061508,Census Tract 615.08,75,San Francisco,2.0,46.0,6.0,44.0,4.0,40.0,40.0
06075013001,Census Tract 130.01,75,San Francisco,0.0,39.0,8.0,39.0,8.0,31.0,31.0
06075010201,Census Tract 102.01,75,San Francisco,4.0,41.0,8.0,37.0,4.0,33.0,33.0
06075011101,Census Tract 111.01,75,San Francisco,0.0,40.0,10.0,40.0,10.0,30.0,30.0
06073007200,Census Tract 72,73,San Diego,0.0,114.0,11.0,114.0,11.0,103.0,103.0
06073007302,Census Tract 73.02,73,San Diego,0.0,54.0,23.0,54.0,23.0,31.0,31.0
06073007501,Census Tract 75.01,73,San Diego,0.0,73.0,21.0,73.0,21.0,52.0,52.0
06073007502,Census Tract 75.02,73,San Diego,0.0,58.0,23.0,58.0,23.0,35.0,35.0
06073010009,Census Tract 100.09,73,San Diego,16.0,245.0,10.0,229.0,0.0,235.0,229.0
06073010010,Census Tract 100.10,73,San Diego,2.0,126.0,19.0,124.0,17.0,107.0,107.0
06073010013,Census Tract 100.13,73,San Diego,0.0,294.0,22.0,294.0,22.0,272.0,272.0
06073010106,Census Tract 101.06,73,San Diego,0.0,138.0,18.0,138.0,18.0,120.0,120.0
06073010107,Census Tract 101.07,73,San Diego,0.0,168.0,14.0,168.0,14.0,154.0,154.0
06073012102,Census Tract 121.02,73,San Diego,10.0,58.0,20.0,48.0,10.0,38.0,38.0
06073012302,Census Tract 123.02,73,San Diego,13.0,44.0,33.0,31.0,20.0,11.0,11.0
06073012304,Census Tract 123.04,73,San Diego,0.0,105.0,19.0,105.0,19.0,86.0,86.0
06037275200,Census Tract 2752,37,Los Angeles,13.0,67.0,19.0,54.0,6.0,48.0,48.0
06037702801,Census Tract 7028.01,37,Los Angeles,30.0,101.0,12.0,71.0,0.0,89.0,71.0
06037226420,Census Tract 2264.20,37,Los Angeles,0.0,79.0,20.0,79.0,20.0,59.0,59.0
06073012402,Census Tract 124.02,73,San Diego,7.0,134.0,22.0,127.0,15.0,112.0,112.0
06081608023,Census Tract 6080.23,81,San Mateo,0.0,58.0,14.0,58.0,14.0,44.0,44.0
06081608200,Census Tract 6082,81,San Mateo,0.0,83.0,13.0,83.0,13.0,70.0,70.0
06081608300,Census Tract 6083,81,San Mateo,0.0,58.0,11.0,58.0,11.0,47.0,47.0
06081608400,Census Tract 6084,81,San Mateo,12.0,112.0,11.0,100.0,0.0,101.0,100.0
06081608501,Census Tract 6085.01,81,San Mateo,0.0,110.0,12.0,110.0,12.0,98.0,98.0
06081608502,Census Tract 6085.02,81,San Mateo,0.0,59.0,20.0,59.0,20.0,39.0,39.0
06037219010,Census Tract 2190.10,37,Los Angeles,0.0,55.0,19.0,55.0,19.0,36.0,36.0
06037530006,Census Tract 5300.06,37,Los Angeles,4.0,93.0,16.0,89.0,12.0,77.0,77.0
06037208720,Census Tract 2087.20,37,Los Angeles,0.0,47.0,32.0,47.0,32.0,15.0,15.0
06037208710,Census Tract 2087.10,37,Los Angeles,0.0,56.0,31.0,56.0,31.0,25.0,25.0
06037404902,Census Tract 4049.02,37,Los Angeles,0.0,67.0,15.0,67.0,15.0,52.0,52.0
06037481401,Census Tract 4814.01,37,Los Angeles,28.0,103.0,12.0,75.0,0.0,91.0,75.0
06037190901,Census Tract 1909.01,37,Los Angeles,34.0,58.0,18.0,24.0,0.0,40.0,24.0
06037189702,Census Tract 1897.02,37,Los Angeles,1.0,54.0,11.0,53.0,10.0,43.0,43.0
06037181300,Census Tract 1813,37,Los Angeles,0.0,75.0,11.0,75.0,11.0,64.0,64.0
06037300901,Census Tract 3009.01,37,Los Angeles,0.0,121.0,5.0,121.0,5.0,116.0,116.0
06073008002,Census Tract 80.02,73,San Diego,0.0,55.0,20.0,55.0,20.0,35.0,35.0
06073010110,Census Tract 101.10,73,San Diego,0.0,255.0,14.0,255.0,14.0,241.0,241.0
06073010111,Census Tract 101.11,73,San Diego,0.0,155.0,27.0,155.0,27.0,128.0,128.0
06073010112,Census Tract 101.12,73,San Diego,0.0,143.0,24.0,143.0,24.0,119.0,119.0
06073010300,Census Tract 103,73,San Diego,0.0,71.0,20.0,71.0,20.0,51.0,51.0
06073010401,Census Tract 104.01,73,San Diego,0.0,49.0,33.0,49.0,33.0,16.0,16.0
06073012600,Census Tract 126,73,San Diego,0.0,104.0,8.0,104.0,8.0,96.0,96.0
06073012700,Census Tract 127,73,San Diego,11.0,113.0,20.0,102.0,9.0,93.0,93.0
06073012800,Census Tract 128,73,San Diego,0.0,82.0,21.0,82.0,21.0,61.0,61.0
06073012900,Census Tract 129,73,San Diego,4.0,78.0,18.0,74.0,14.0,60.0,60.0
06073013000,Census Tract 130,73,San Diego,6.0,127.0,17.0,121.0,11.0,110.0,110.0
06081608600,Census Tract 6086,81,San Mateo,0.0,103.0,11.0,103.0,11.0,92.0,92.0
06081608700,Census Tract 6087,81,San Mateo,4.0,213.0,9.0,209.0,5.0,204.0,204.0
06081609000,Census Tract 6090,81,San Mateo,4.0,68.0,12.0,64.0,8.0,56.0,56.0
06081609300,Census Tract 6093,81,San Mateo,0.0,86.0,14.0,86.0,14.0,72.0,72.0
06073008101,Census Tract 81.01,73,San Diego,1.0,69.0,17.0,68.0,16.0,52.0,52.0
06073008102,Census Tract 81.02,73,San Diego,0.0,71.0,15.0,71.0,15.0,56.0,56.0
06073008301,Census Tract 83.01,73,San Diego,0.0,63.0,14.0,63.0,14.0,49.0,49.0
06073008306,Census Tract 83.06,73,San Diego,0.0,52.0,13.0,52.0,13.0,39.0,39.0
06073010402,Census Tract 104.02,73,San Diego,0.0,103.0,25.0,103.0,25.0,78.0,78.0
06073010501,Census Tract 105.01,73,San Diego,0.0,40.0,31.0,40.0,31.0,9.0,9.0
06073010502,Census Tract 105.02,73,San Diego,9.0,111.0,20.0,102.0,11.0,91.0,91.0
06073010601,Census Tract 106.01,73,San Diego,4.0,37.0,6.0,33.0,2.0,31.0,31.0
06073013205,Census Tract 132.05,73,San Diego,0.0,53.0,16.0,53.0,16.0,37.0,37.0
06073013102,Census Tract 131.02,73,San Diego,1.0,185.0,15.0,184.0,14.0,170.0,170.0
06073013103,Census Tract 131.03,73,San Diego,2.0,49.0,13.0,47.0,11.0,36.0,36.0
06073013104,Census Tract 131.04,73,San Diego,0.0,132.0,21.0,132.0,21.0,111.0,111.0
06073013203,Census Tract 132.03,73,San Diego,0.0,141.0,20.0,141.0,20.0,121.0,121.0
06073013204,Census Tract 132.04,73,San Diego,0.0,92.0,24.0,92.0,24.0,68.0,68.0
06081609900,Census Tract 6099,81,San Mateo,4.0,64.0,12.0,60.0,8.0,52.0,52.0
06081610000,Census Tract 6100,81,San Mateo,12.0,95.0,12.0,83.0,0.0,83.0,83.0
06081610100,Census Tract 6101,81,San Mateo,0.0,63.0,20.0,63.0,20.0,43.0,43.0
06081610201,Census Tract 6102.01,81,San Mateo,73.0,158.0,12.0,85.0,0.0,146.0,85.0
06073010109,Census Tract 101.09,73,San Diego,0.0,109.0,6.0,109.0,6.0,103.0,103.0
06073008307,Census Tract 83.07,73,San Diego,0.0,72.0,14.0,72.0,14.0,58.0,58.0
06073008327,Census Tract 83.27,73,San Diego,0.0,155.0,8.0,155.0,8.0,147.0,147.0
06073008330,Census Tract 83.30,73,San Diego,0.0,125.0,17.0,125.0,17.0,108.0,108.0
06073010900,Census Tract 109,73,San Diego,3.0,44.0,18.0,41.0,15.0,26.0,26.0
06073011000,Census Tract 110,73,San Diego,9.0,58.0,21.0,49.0,12.0,37.0,37.0
06073011100,Census Tract 111,73,San Diego,0.0,69.0,21.0,69.0,21.0,48.0,48.0
06073013306,Census Tract 133.06,73,San Diego,0.0,88.0,19.0,88.0,19.0,69.0,69.0
06073013206,Census Tract 132.06,73,San Diego,0.0,144.0,17.0,144.0,17.0,127.0,127.0
06073013301,Census Tract 133.01,73,San Diego,0.0,105.0,16.0,105.0,16.0,89.0,89.0
06073013302,Census Tract 133.02,73,San Diego,0.0,174.0,18.0,174.0,18.0,156.0,156.0
06073013303,Census Tract 133.03,73,San Diego,0.0,101.0,18.0,101.0,18.0,83.0,83.0
06081610203,Census Tract 6102.03,81,San Mateo,7.0,63.0,18.0,56.0,11.0,45.0,45.0
06081610303,Census Tract 6103.03,81,San Mateo,0.0,208.0,6.0,208.0,6.0,202.0,202.0
06081610400,Census Tract 6104,81,San Mateo,3.0,151.0,14.0,148.0,11.0,137.0,137.0
06081610500,Census Tract 6105,81,San Mateo,0.0,111.0,13.0,111.0,13.0,98.0,98.0
06081610601,Census Tract 6106.01,81,San Mateo,0.0,169.0,15.0,169.0,15.0,154.0,154.0
06081610602,Census Tract 6106.02,81,San Mateo,0.0,66.0,13.0,66.0,13.0,53.0,53.0
06095250400,Census Tract 2504,95,Solano,0.0,78.0,23.0,78.0,23.0,55.0,55.0
06095250501,Census Tract 2505.01,95,Solano,0.0,57.0,21.0,57.0,21.0,36.0,36.0
06095250502,Census Tract 2505.02,95,Solano,0.0,67.0,18.0,67.0,18.0,49.0,49.0
06095250601,Census Tract 2506.01,95,Solano,0.0,95.0,16.0,95.0,16.0,79.0,79.0
06037430200,Census Tract 4302,37,Los Angeles,0.0,41.0,6.0,41.0,6.0,35.0,35.0
06065042516,Census Tract 425.16,65,Riverside,0.0,73.0,33.0,73.0,33.0,40.0,40.0
06065042716,Census Tract 427.16,65,Riverside,0.0,106.0,18.0,106.0,18.0,88.0,88.0
06065042717,Census Tract 427.17,65,Riverside,0.0,117.0,13.0,117.0,13.0,104.0,104.0
06065042902,Census Tract 429.02,65,Riverside,0.0,94.0,5.0,94.0,5.0,89.0,89.0
06065042903,Census Tract 429.03,65,Riverside,0.0,104.0,5.0,104.0,5.0,99.0,99.0
06065043006,Census Tract 430.06,65,Riverside,2.0,95.0,12.0,93.0,10.0,83.0,83.0
06065043206,Census Tract 432.06,65,Riverside,21.0,242.0,15.0,221.0,0.0,227.0,221.0
06065043216,Census Tract 432.16,65,Riverside,33.0,165.0,15.0,132.0,0.0,150.0,132.0
06065043217,Census Tract 432.17,65,Riverside,0.0,70.0,18.0,70.0,18.0,52.0,52.0
06065042300,Census Tract 423,65,Riverside,0.0,299.0,11.0,299.0,11.0,288.0,288.0
06065042511,Census Tract 425.11,65,Riverside,0.0,89.0,26.0,89.0,26.0,63.0,63.0
06001401700,Census Tract 4017,1,Alameda,5.0,45.0,4.0,40.0,0.0,41.0,40.0
06089010200,Census Tract 102,89,Shasta,21.0,54.0,37.0,33.0,16.0,17.0,17.0
06073014602,Census Tract 146.02,73,San Diego,0.0,107.0,13.0,107.0,13.0,94.0,94.0
06073011300,Census Tract 113,73,San Diego,0.0,50.0,6.0,50.0,6.0,44.0,44.0
06073013601,Census Tract 136.01,73,San Diego,2.0,113.0,12.0,111.0,10.0,101.0,101.0
06073017048,Census Tract 170.48,73,San Diego,0.0,199.0,11.0,199.0,11.0,188.0,188.0
06073009507,Census Tract 95.07,73,San Diego,0.0,79.0,10.0,79.0,10.0,69.0,69.0
06073007800,Census Tract 78,73,San Diego,5.0,113.0,15.0,108.0,10.0,98.0,98.0
06073008503,Census Tract 85.03,73,San Diego,0.0,241.0,11.0,241.0,11.0,230.0,230.0
06073020304,Census Tract 203.04,73,San Diego,2.0,159.0,6.0,157.0,4.0,153.0,153.0
06073015502,Census Tract 155.02,73,San Diego,21.0,66.0,4.0,45.0,0.0,62.0,45.0
06073021202,Census Tract 212.02,73,San Diego,12.0,87.0,2.0,75.0,0.0,85.0,75.0
06073016201,Census Tract 162.01,73,San Diego,0.0,124.0,10.0,124.0,10.0,114.0,114.0
06037278102,Census Tract 2781.02,37,Los Angeles,4.0,58.0,7.0,54.0,3.0,51.0,51.0
06037294301,Census Tract 2943.01,37,Los Angeles,0.0,54.0,15.0,54.0,15.0,39.0,39.0
06037294302,Census Tract 2943.02,37,Los Angeles,0.0,80.0,14.0,80.0,14.0,66.0,66.0
06037294421,Census Tract 2944.21,37,Los Angeles,5.0,54.0,16.0,49.0,11.0,38.0,38.0
06037294701,Census Tract 2947.01,37,Los Angeles,1.0,58.0,10.0,57.0,9.0,48.0,48.0
06037296401,Census Tract 2964.01,37,Los Angeles,0.0,70.0,13.0,70.0,13.0,57.0,57.0
06037101400,Census Tract 1014,37,Los Angeles,0.0,89.0,5.0,89.0,5.0,84.0,84.0
06073018510,Census Tract 185.10,73,San Diego,13.0,61.0,15.0,48.0,2.0,46.0,46.0
06073019803,Census Tract 198.03,73,San Diego,11.0,135.0,11.0,124.0,0.0,124.0,124.0
06073015302,Census Tract 153.02,73,San Diego,0.0,93.0,11.0,93.0,11.0,82.0,82.0
06073010104,Census Tract 101.04,73,San Diego,0.0,77.0,17.0,77.0,17.0,60.0,60.0
06073017601,Census Tract 176.01,73,San Diego,13.0,127.0,7.0,114.0,0.0,120.0,114.0
06073016606,Census Tract 166.06,73,San Diego,0.0,74.0,13.0,74.0,13.0,61.0,61.0
06073019002,Census Tract 190.02,73,San Diego,17.0,122.0,3.0,105.0,0.0,119.0,105.0
06073008501,Census Tract 85.01,73,San Diego,0.0,145.0,12.0,145.0,12.0,133.0,133.0
06073003601,Census Tract 36.01,73,San Diego,0.0,64.0,22.0,64.0,22.0,42.0,42.0
06073013411,Census Tract 134.11,73,San Diego,0.0,97.0,10.0,97.0,10.0,87.0,87.0
06037573601,Census Tract 5736.01,37,Los Angeles,29.0,154.0,7.0,125.0,0.0,147.0,125.0
06073002703,Census Tract 27.03,73,San Diego,4.0,118.0,15.0,114.0,11.0,103.0,103.0
06037900103,Census Tract 9001.03,37,Los Angeles,0.0,121.0,3.0,121.0,3.0,118.0,118.0
06037900104,Census Tract 9001.04,37,Los Angeles,0.0,102.0,2.0,102.0,2.0,100.0,100.0
06037900505,Census Tract 9005.05,37,Los Angeles,0.0,74.0,11.0,74.0,11.0,63.0,63.0
06037900506,Census Tract 9005.06,37,Los Angeles,0.0,90.0,11.0,90.0,11.0,79.0,79.0
06037900608,Census Tract 9006.08,37,Los Angeles,0.0,70.0,11.0,70.0,11.0,59.0,59.0
06061021045,Census Tract 210.45,61,Placer,0.0,75.0,27.0,75.0,27.0,48.0,48.0
06073003109,Census Tract 31.09,73,San Diego,0.0,72.0,20.0,72.0,20.0,52.0,52.0
06073003111,Census Tract 31.11,73,San Diego,0.0,157.0,18.0,157.0,18.0,139.0,139.0
06073003112,Census Tract 31.12,73,San Diego,0.0,94.0,17.0,94.0,17.0,77.0,77.0
06073003113,Census Tract 31.13,73,San Diego,0.0,105.0,17.0,105.0,17.0,88.0,88.0
06061022400,Census Tract 224,61,Placer,0.0,106.0,19.0,106.0,19.0,87.0,87.0
06061023900,Census Tract 239,61,Placer,0.0,68.0,17.0,68.0,17.0,51.0,51.0
06061023200,Census Tract 232,61,Placer,44.0,137.0,9.0,93.0,0.0,128.0,93.0
06037183402,Census Tract 1834.02,37,Los Angeles,0.0,60.0,18.0,60.0,18.0,42.0,42.0
06037183701,Census Tract 1837.01,37,Los Angeles,1.0,61.0,17.0,60.0,16.0,44.0,44.0
06037183702,Census Tract 1837.02,37,Los Angeles,1.0,55.0,14.0,54.0,13.0,41.0,41.0
06037186201,Census Tract 1862.01,37,Los Angeles,1.0,60.0,18.0,59.0,17.0,42.0,42.0
06037186203,Census Tract 1862.03,37,Los Angeles,0.0,51.0,14.0,51.0,14.0,37.0,37.0
06037186302,Census Tract 1863.02,37,Los Angeles,0.0,89.0,10.0,89.0,10.0,79.0,79.0
06037296402,Census Tract 2964.02,37,Los Angeles,0.0,70.0,13.0,70.0,13.0,57.0,57.0
06037296902,Census Tract 2969.02,37,Los Angeles,0.0,70.0,18.0,70.0,18.0,52.0,52.0
06037297202,Census Tract 2972.02,37,Los Angeles,0.0,69.0,17.0,69.0,17.0,52.0,52.0
06037297601,Census Tract 2976.01,37,Los Angeles,3.0,61.0,8.0,58.0,5.0,53.0,53.0
06037297602,Census Tract 2976.02,37,Los Angeles,2.0,60.0,16.0,58.0,14.0,44.0,44.0
06037104204,Census Tract 1042.04,37,Los Angeles,2.0,74.0,8.0,72.0,6.0,66.0,66.0
06037106645,Census Tract 1066.45,37,Los Angeles,0.0,70.0,8.0,70.0,8.0,62.0,62.0
06037121102,Census Tract 1211.02,37,Los Angeles,0.0,56.0,5.0,56.0,5.0,51.0,51.0
06037124104,Census Tract 1241.04,37,Los Angeles,4.0,59.0,23.0,55.0,19.0,36.0,36.0
06073007701,Census Tract 77.01,73,San Diego,0.0,74.0,28.0,74.0,28.0,46.0,46.0
06073007907,Census Tract 79.07,73,San Diego,0.0,60.0,31.0,60.0,31.0,29.0,29.0
06073021600,Census Tract 216,73,San Diego,2.0,55.0,5.0,53.0,3.0,50.0,50.0
06073021800,Census Tract 218,73,San Diego,23.0,46.0,18.0,23.0,0.0,28.0,23.0
06037406702,Census Tract 4067.02,37,Los Angeles,15.0,171.0,8.0,156.0,0.0,163.0,156.0
06037302505,Census Tract 3025.05,37,Los Angeles,0.0,74.0,18.0,74.0,18.0,56.0,56.0
06037302506,Census Tract 3025.06,37,Los Angeles,0.0,60.0,13.0,60.0,13.0,47.0,47.0
06037400403,Census Tract 4004.03,37,Los Angeles,0.0,92.0,4.0,92.0,4.0,88.0,88.0
06089010703,Census Tract 107.03,89,Shasta,0.0,91.0,36.0,91.0,36.0,55.0,55.0
06079010204,Census Tract 102.04,79,San Luis Obispo,0.0,135.0,24.0,135.0,24.0,111.0,111.0
06079011002,Census Tract 110.02,79,San Luis Obispo,28.0,89.0,19.0,61.0,0.0,70.0,61.0
06037186403,Census Tract 1864.03,37,Los Angeles,0.0,54.0,17.0,54.0,17.0,37.0,37.0
06073022000,Census Tract 220,73,San Diego,0.0,91.0,25.0,91.0,25.0,66.0,66.0
06073008003,Census Tract 80.03,73,San Diego,0.0,67.0,24.0,67.0,24.0,43.0,43.0
06073008006,Census Tract 80.06,73,San Diego,1.0,74.0,17.0,73.0,16.0,57.0,57.0
06073008361,Census Tract 83.61,73,San Diego,34.0,58.0,28.0,24.0,0.0,30.0,24.0
06073008362,Census Tract 83.62,73,San Diego,16.0,66.0,22.0,50.0,6.0,44.0,44.0
06037186404,Census Tract 1864.04,37,Los Angeles,0.0,51.0,20.0,51.0,20.0,31.0,31.0
06037187101,Census Tract 1871.01,37,Los Angeles,0.0,62.0,14.0,62.0,14.0,48.0,48.0
06037188201,Census Tract 1882.01,37,Los Angeles,0.0,55.0,15.0,55.0,15.0,40.0,40.0
06037189101,Census Tract 1891.01,37,Los Angeles,9.0,47.0,20.0,38.0,11.0,27.0,27.0
06037189102,Census Tract 1891.02,37,Los Angeles,0.0,60.0,16.0,60.0,16.0,44.0,44.0
06037189202,Census Tract 1892.02,37,Los Angeles,0.0,54.0,13.0,54.0,13.0,41.0,41.0
06037190802,Census Tract 1908.02,37,Los Angeles,10.0,50.0,18.0,40.0,8.0,32.0,32.0
06037191301,Census Tract 1913.01,37,Los Angeles,10.0,44.0,25.0,34.0,15.0,19.0,19.0
06037191302,Census Tract 1913.02,37,Los Angeles,0.0,42.0,20.0,42.0,20.0,22.0,22.0
06037124902,Census Tract 1249.02,37,Los Angeles,0.0,59.0,22.0,59.0,22.0,37.0,37.0
06037481605,Census Tract 4816.05,37,Los Angeles,0.0,59.0,15.0,59.0,15.0,44.0,44.0
06037481606,Census Tract 4816.06,37,Los Angeles,2.0,100.0,14.0,98.0,12.0,86.0,86.0
06037533703,Census Tract 5337.03,37,Los Angeles,0.0,69.0,17.0,69.0,17.0,52.0,52.0
06019003302,Census Tract 33.02,19,Fresno,0.0,73.0,31.0,73.0,31.0,42.0,42.0
06019004901,Census Tract 49.01,19,Fresno,0.0,77.0,27.0,77.0,27.0,50.0,50.0
06019001303,Census Tract 13.03,19,Fresno,0.0,50.0,44.0,50.0,44.0,6.0,6.0
06073009305,Census Tract 93.05,73,San Diego,0.0,151.0,17.0,151.0,17.0,134.0,134.0
06037500404,Census Tract 5004.04,37,Los Angeles,0.0,88.0,12.0,88.0,12.0,76.0,76.0
06037501001,Census Tract 5010.01,37,Los Angeles,0.0,57.0,15.0,57.0,15.0,42.0,42.0
06037300301,Census Tract 3003.01,37,Los Angeles,4.0,145.0,5.0,141.0,1.0,140.0,140.0
06037301205,Census Tract 3012.05,37,Los Angeles,0.0,49.0,15.0,49.0,15.0,34.0,34.0
06037134905,Census Tract 1349.05,37,Los Angeles,2.0,106.0,8.0,104.0,6.0,98.0,98.0
06073009306,Census Tract 93.06,73,San Diego,22.0,133.0,12.0,111.0,0.0,121.0,111.0
06073018613,Census Tract 186.13,73,San Diego,0.0,74.0,16.0,74.0,16.0,58.0,58.0
06073009510,Census Tract 95.10,73,San Diego,0.0,79.0,16.0,79.0,16.0,63.0,63.0
06073012501,Census Tract 125.01,73,San Diego,0.0,85.0,31.0,85.0,31.0,54.0,54.0
06007002900,Census Tract 29,7,Butte,0.0,54.0,23.0,54.0,23.0,31.0,31.0
06037543306,Census Tract 5433.06,37,Los Angeles,2.0,147.0,7.0,145.0,5.0,140.0,140.0
06037576301,Census Tract 5763.01,37,Los Angeles,6.0,68.0,17.0,62.0,11.0,51.0,51.0
06037576903,Census Tract 5769.03,37,Los Angeles,0.0,62.0,23.0,62.0,23.0,39.0,39.0
06037577504,Census Tract 5775.04,37,Los Angeles,0.0,39.0,6.0,39.0,6.0,33.0,33.0
06037900609,Census Tract 9006.09,37,Los Angeles,0.0,93.0,8.0,93.0,8.0,85.0,85.0
06007000103,Census Tract 1.03,7,Butte,2.0,127.0,35.0,125.0,33.0,92.0,92.0
06007000104,Census Tract 1.04,7,Butte,2.0,100.0,39.0,98.0,37.0,61.0,61.0
06007000401,Census Tract 4.01,7,Butte,0.0,110.0,29.0,110.0,29.0,81.0,81.0
06019000902,Census Tract 9.02,19,Fresno,10.0,90.0,25.0,80.0,15.0,65.0,65.0
06019001408,Census Tract 14.08,19,Fresno,0.0,51.0,32.0,51.0,32.0,19.0,19.0
06019001304,Census Tract 13.04,19,Fresno,0.0,98.0,31.0,98.0,31.0,67.0,67.0
06019000901,Census Tract 9.01,19,Fresno,0.0,61.0,25.0,61.0,25.0,36.0,36.0
06001433600,Census Tract 4336,1,Alameda,8.0,208.0,10.0,200.0,2.0,198.0,198.0
06037901009,Census Tract 9010.09,37,Los Angeles,0.0,107.0,8.0,107.0,8.0,99.0,99.0
06037901010,Census Tract 9010.10,37,Los Angeles,0.0,110.0,8.0,110.0,8.0,102.0,102.0
06037901011,Census Tract 9010.11,37,Los Angeles,0.0,92.0,8.0,92.0,8.0,84.0,84.0
06037910504,Census Tract 9105.04,37,Los Angeles,0.0,74.0,10.0,74.0,10.0,64.0,64.0
06081613900,Census Tract 6139,81,San Mateo,0.0,163.0,8.0,163.0,8.0,155.0,155.0
06019004215,Census Tract 42.15,19,Fresno,24.0,81.0,22.0,57.0,0.0,59.0,57.0
06073012502,Census Tract 125.02,73,San Diego,4.0,70.0,10.0,66.0,6.0,60.0,60.0
06073013420,Census Tract 134.20,73,San Diego,0.0,70.0,15.0,70.0,15.0,55.0,55.0
06073019808,Census Tract 198.08,73,San Diego,0.0,101.0,14.0,101.0,14.0,87.0,87.0
06073014901,Census Tract 149.01,73,San Diego,0.0,103.0,16.0,103.0,16.0,87.0,87.0
06037192002,Census Tract 1920.02,37,Los Angeles,0.0,53.0,14.0,53.0,14.0,39.0,39.0
06037194401,Census Tract 1944.01,37,Los Angeles,0.0,53.0,19.0,53.0,19.0,34.0,34.0
06037194402,Census Tract 1944.02,37,Los Angeles,6.0,65.0,17.0,59.0,11.0,48.0,48.0
06037195201,Census Tract 1952.01,37,Los Angeles,0.0,52.0,17.0,52.0,17.0,35.0,35.0
06037195202,Census Tract 1952.02,37,Los Angeles,1.0,55.0,14.0,54.0,13.0,41.0,41.0
06037195804,Census Tract 1958.04,37,Los Angeles,0.0,47.0,22.0,47.0,22.0,25.0,25.0
06037195901,Census Tract 1959.01,37,Los Angeles,0.0,48.0,24.0,48.0,24.0,24.0,24.0
06037195902,Census Tract 1959.02,37,Los Angeles,0.0,42.0,22.0,42.0,22.0,20.0,20.0
06037195903,Census Tract 1959.03,37,Los Angeles,0.0,43.0,26.0,43.0,26.0,17.0,17.0
06037201601,Census Tract 2016.01,37,Los Angeles,0.0,46.0,17.0,46.0,17.0,29.0,29.0
06037201602,Census Tract 2016.02,37,Los Angeles,1.0,51.0,12.0,50.0,11.0,39.0,39.0
06073016503,Census Tract 165.03,73,San Diego,0.0,62.0,26.0,62.0,26.0,36.0,36.0
06007000904,Census Tract 9.04,7,Butte,0.0,103.0,29.0,103.0,29.0,74.0,74.0
06007003001,Census Tract 30.01,7,Butte,0.0,61.0,41.0,61.0,41.0,20.0,20.0
06007003502,Census Tract 35.02,7,Butte,0.0,92.0,6.0,92.0,6.0,86.0,86.0
06007000901,Census Tract 9.01,7,Butte,0.0,55.0,15.0,55.0,15.0,40.0,40.0
06007000903,Census Tract 9.03,7,Butte,34.0,98.0,25.0,64.0,0.0,73.0,64.0
06089010704,Census Tract 107.04,89,Shasta,0.0,90.0,31.0,90.0,31.0,59.0,59.0
06089010603,Census Tract 106.03,89,Shasta,0.0,39.0,15.0,39.0,15.0,24.0,24.0
06089010807,Census Tract 108.07,89,Shasta,0.0,92.0,16.0,92.0,16.0,76.0,76.0
06089011803,Census Tract 118.03,89,Shasta,1.0,55.0,7.0,54.0,6.0,48.0,48.0
06037141101,Census Tract 1411.01,37,Los Angeles,0.0,100.0,15.0,100.0,15.0,85.0,85.0
06037190202,Census Tract 1902.02,37,Los Angeles,6.0,49.0,28.0,43.0,22.0,21.0,21.0
06037207103,Census Tract 2071.03,37,Los Angeles,7.0,48.0,23.0,41.0,16.0,25.0,25.0
06037211704,Census Tract 2117.04,37,Los Angeles,1.0,51.0,30.0,50.0,29.0,21.0,21.0
06037237102,Census Tract 2371.02,37,Los Angeles,1.0,63.0,19.0,62.0,18.0,44.0,44.0
06037240401,Census Tract 2404.01,37,Los Angeles,1.0,83.0,15.0,82.0,14.0,68.0,68.0
06037262704,Census Tract 2627.04,37,Los Angeles,0.0,79.0,8.0,79.0,8.0,71.0,71.0
06037264102,Census Tract 2641.02,37,Los Angeles,7.0,62.0,20.0,55.0,13.0,42.0,42.0
06037620305,Census Tract 6203.05,37,Los Angeles,20.0,146.0,8.0,126.0,0.0,138.0,126.0
06089011402,Census Tract 114.02,89,Shasta,0.0,60.0,43.0,60.0,43.0,17.0,17.0
06019004216,Census Tract 42.16,19,Fresno,5.0,93.0,19.0,88.0,14.0,74.0,74.0
06019005804,Census Tract 58.04,19,Fresno,0.0,117.0,22.0,117.0,22.0,95.0,95.0
06019001411,Census Tract 14.11,19,Fresno,0.0,237.0,22.0,237.0,22.0,215.0,215.0
06019001412,Census Tract 14.12,19,Fresno,0.0,87.0,16.0,87.0,16.0,71.0,71.0
06019002904,Census Tract 29.04,19,Fresno,0.0,67.0,31.0,67.0,31.0,36.0,36.0
06019001409,Census Tract 14.09,19,Fresno,4.0,56.0,23.0,52.0,19.0,33.0,33.0
06019002905,Census Tract 29.05,19,Fresno,0.0,59.0,32.0,59.0,32.0,27.0,27.0
06037621104,Census Tract 6211.04,37,Los Angeles,0.0,155.0,10.0,155.0,10.0,145.0,145.0
06037621204,Census Tract 6212.04,37,Los Angeles,14.0,64.0,9.0,50.0,0.0,55.0,50.0
06037621324,Census Tract 6213.24,37,Los Angeles,2.0,71.0,11.0,69.0,9.0,60.0,60.0
06037621326,Census Tract 6213.26,37,Los Angeles,4.0,68.0,10.0,64.0,6.0,58.0,58.0
06037650004,Census Tract 6500.04,37,Los Angeles,0.0,91.0,15.0,91.0,15.0,76.0,76.0
06037650401,Census Tract 6504.01,37,Los Angeles,25.0,94.0,7.0,69.0,0.0,87.0,69.0
06037650901,Census Tract 6509.01,37,Los Angeles,77.0,124.0,7.0,47.0,0.0,117.0,47.0
06037570402,Census Tract 5704.02,37,Los Angeles,0.0,61.0,10.0,61.0,10.0,51.0,51.0
06037570602,Census Tract 5706.02,37,Los Angeles,0.0,98.0,13.0,98.0,13.0,85.0,85.0
06037570603,Census Tract 5706.03,37,Los Angeles,0.0,86.0,15.0,86.0,15.0,71.0,71.0
06037570701,Census Tract 5707.01,37,Los Angeles,4.0,196.0,10.0,192.0,6.0,186.0,186.0
06073016504,Census Tract 165.04,73,San Diego,0.0,150.0,18.0,150.0,18.0,132.0,132.0
06073007905,Census Tract 79.05,73,San Diego,0.0,55.0,28.0,55.0,28.0,27.0,27.0
06073007910,Census Tract 79.10,73,San Diego,5.0,60.0,21.0,55.0,16.0,39.0,39.0
06073014902,Census Tract 149.02,73,San Diego,4.0,61.0,17.0,57.0,13.0,44.0,44.0
06073000201,Census Tract 2.01,73,San Diego,0.0,52.0,23.0,52.0,23.0,29.0,29.0
06073002711,Census Tract 27.11,73,San Diego,0.0,65.0,17.0,65.0,17.0,48.0,48.0
06037552302,Census Tract 5523.02,37,Los Angeles,0.0,79.0,13.0,79.0,13.0,66.0,66.0
06037553503,Census Tract 5535.03,37,Los Angeles,0.0,58.0,20.0,58.0,20.0,38.0,38.0
06037571704,Census Tract 5717.04,37,Los Angeles,0.0,66.0,19.0,66.0,19.0,47.0,47.0
06037573003,Census Tract 5730.03,37,Los Angeles,0.0,42.0,19.0,42.0,19.0,23.0,23.0
06037920044,Census Tract 9200.44,37,Los Angeles,0.0,69.0,13.0,69.0,13.0,56.0,56.0
06037570800,Census Tract 5708,37,Los Angeles,6.0,125.0,8.0,119.0,2.0,117.0,117.0
06037570901,Census Tract 5709.01,37,Los Angeles,0.0,122.0,10.0,122.0,10.0,112.0,112.0
06037570902,Census Tract 5709.02,37,Los Angeles,0.0,70.0,13.0,70.0,13.0,57.0,57.0
06037571000,Census Tract 5710,37,Los Angeles,0.0,121.0,10.0,121.0,10.0,111.0,111.0
06037571101,Census Tract 5711.01,37,Los Angeles,0.0,107.0,11.0,107.0,11.0,96.0,96.0
06037651302,Census Tract 6513.02,37,Los Angeles,1.0,144.0,8.0,143.0,7.0,136.0,136.0
06089012102,Census Tract 121.02,89,Shasta,4.0,49.0,21.0,45.0,17.0,28.0,28.0
06089010803,Census Tract 108.03,89,Shasta,3.0,124.0,30.0,121.0,27.0,94.0,94.0
06089011401,Census Tract 114.01,89,Shasta,0.0,83.0,40.0,83.0,40.0,43.0,43.0
06089011801,Census Tract 118.01,89,Shasta,0.0,92.0,11.0,92.0,11.0,81.0,81.0
06019003808,Census Tract 38.08,19,Fresno,5.0,103.0,17.0,98.0,12.0,86.0,86.0
06037262706,Census Tract 2627.06,37,Los Angeles,1.0,75.0,8.0,74.0,7.0,67.0,67.0
06037604002,Census Tract 6040.02,37,Los Angeles,0.0,73.0,16.0,73.0,16.0,57.0,57.0
06037701304,Census Tract 7013.04,37,Los Angeles,5.0,136.0,8.0,131.0,3.0,128.0,128.0
06037101122,Census Tract 1011.22,37,Los Angeles,0.0,93.0,8.0,93.0,8.0,85.0,85.0
06037104404,Census Tract 1044.04,37,Los Angeles,0.0,70.0,17.0,70.0,17.0,53.0,53.0
06037104703,Census Tract 1047.03,37,Los Angeles,1.0,55.0,12.0,54.0,11.0,43.0,43.0
06037104704,Census Tract 1047.04,37,Los Angeles,2.0,92.0,10.0,90.0,8.0,82.0,82.0
06037106405,Census Tract 1064.05,37,Los Angeles,0.0,86.0,12.0,86.0,12.0,74.0,74.0
06037106407,Census Tract 1064.07,37,Los Angeles,0.0,53.0,27.0,53.0,27.0,26.0,26.0
06037670413,Census Tract 6704.13,37,Los Angeles,0.0,121.0,9.0,121.0,9.0,112.0,112.0
06019004801,Census Tract 48.01,19,Fresno,0.0,78.0,33.0,78.0,33.0,45.0,45.0
06019004902,Census Tract 49.02,19,Fresno,0.0,47.0,36.0,47.0,36.0,11.0,11.0
06019003301,Census Tract 33.01,19,Fresno,0.0,62.0,31.0,62.0,31.0,31.0,31.0
06019002906,Census Tract 29.06,19,Fresno,9.0,99.0,30.0,90.0,21.0,69.0,69.0
06073003304,Census Tract 33.04,73,San Diego,0.0,69.0,27.0,69.0,27.0,42.0,42.0
06073007908,Census Tract 79.08,73,San Diego,3.0,62.0,31.0,59.0,28.0,31.0,31.0
06073014806,Census Tract 148.06,73,San Diego,2.0,65.0,22.0,63.0,20.0,43.0,43.0
06073008363,Census Tract 83.63,73,San Diego,0.0,93.0,42.0,93.0,42.0,51.0,51.0
06037106648,Census Tract 1066.48,37,Los Angeles,0.0,95.0,14.0,95.0,14.0,81.0,81.0
06037109603,Census Tract 1096.03,37,Los Angeles,0.0,89.0,13.0,89.0,13.0,76.0,76.0
06037109604,Census Tract 1096.04,37,Los Angeles,1.0,68.0,12.0,67.0,11.0,56.0,56.0
06037111206,Census Tract 1112.06,37,Los Angeles,0.0,100.0,8.0,100.0,8.0,92.0,92.0
06037113101,Census Tract 1131.01,37,Los Angeles,3.0,77.0,9.0,74.0,6.0,68.0,68.0
06037278001,Census Tract 2780.01,37,Los Angeles,5.0,239.0,10.0,234.0,5.0,229.0,229.0
06037104403,Census Tract 1044.03,37,Los Angeles,0.0,54.0,15.0,54.0,15.0,39.0,39.0
06037501803,Census Tract 5018.03,37,Los Angeles,0.0,105.0,17.0,105.0,17.0,88.0,88.0
06037501804,Census Tract 5018.04,37,Los Angeles,0.0,50.0,18.0,50.0,18.0,32.0,32.0
06073008364,Census Tract 83.64,73,San Diego,4.0,73.0,21.0,69.0,17.0,52.0,52.0
06089011702,Census Tract 117.02,89,Shasta,0.0,60.0,31.0,60.0,31.0,29.0,29.0
06089012101,Census Tract 121.01,89,Shasta,3.0,96.0,28.0,93.0,25.0,68.0,68.0
06089011209,Census Tract 112.09,89,Shasta,2.0,104.0,36.0,102.0,34.0,68.0,68.0
06037502003,Census Tract 5020.03,37,Los Angeles,0.0,59.0,16.0,59.0,16.0,43.0,43.0
06037502004,Census Tract 5020.04,37,Los Angeles,0.0,72.0,11.0,72.0,11.0,61.0,61.0
06037404201,Census Tract 4042.01,37,Los Angeles,0.0,70.0,13.0,70.0,13.0,57.0,57.0
06037404504,Census Tract 4045.04,37,Los Angeles,0.0,95.0,16.0,95.0,16.0,79.0,79.0
06037405301,Census Tract 4053.01,37,Los Angeles,0.0,65.0,14.0,65.0,14.0,51.0,51.0
06037405302,Census Tract 4053.02,37,Los Angeles,0.0,134.0,10.0,134.0,10.0,124.0,124.0
06019005204,Census Tract 52.04,19,Fresno,0.0,62.0,31.0,62.0,31.0,31.0,31.0
06019004802,Census Tract 48.02,19,Fresno,0.0,75.0,30.0,75.0,30.0,45.0,45.0
06019003702,Census Tract 37.02,19,Fresno,0.0,86.0,29.0,86.0,29.0,57.0,57.0
06019003807,Census Tract 38.07,19,Fresno,0.0,59.0,17.0,59.0,17.0,42.0,42.0
06019003809,Census Tract 38.09,19,Fresno,4.0,87.0,21.0,83.0,17.0,66.0,66.0
06019003810,Census Tract 38.10,19,Fresno,0.0,130.0,22.0,130.0,22.0,108.0,108.0
06073008366,Census Tract 83.66,73,San Diego,4.0,197.0,9.0,193.0,5.0,188.0,188.0
06073009511,Census Tract 95.11,73,San Diego,0.0,81.0,17.0,81.0,17.0,64.0,64.0
06037117101,Census Tract 1171.01,37,Los Angeles,0.0,102.0,15.0,102.0,15.0,87.0,87.0
06037117201,Census Tract 1172.01,37,Los Angeles,0.0,77.0,14.0,77.0,14.0,63.0,63.0
06037117407,Census Tract 1174.07,37,Los Angeles,0.0,67.0,29.0,67.0,29.0,38.0,38.0
06037117408,Census Tract 1174.08,37,Los Angeles,4.0,55.0,21.0,51.0,17.0,34.0,34.0
06037119342,Census Tract 1193.42,37,Los Angeles,0.0,58.0,27.0,58.0,27.0,31.0,31.0
06037120103,Census Tract 1201.03,37,Los Angeles,0.0,56.0,35.0,56.0,35.0,21.0,21.0
06037700102,Census Tract 7001.02,37,Los Angeles,11.0,76.0,18.0,65.0,7.0,58.0,58.0
06037920118,Census Tract 9201.18,37,Los Angeles,0.0,148.0,8.0,148.0,8.0,140.0,140.0
06037402406,Census Tract 4024.06,37,Los Angeles,0.0,77.0,12.0,77.0,12.0,65.0,65.0
06047000301,Census Tract 3.01,47,Merced,0.0,121.0,8.0,121.0,8.0,113.0,113.0
06077005129,Census Tract 51.29,77,San Joaquin,11.0,118.0,23.0,107.0,12.0,95.0,95.0
06077005307,Census Tract 53.07,77,San Joaquin,4.0,66.0,23.0,62.0,19.0,43.0,43.0
06077002201,Census Tract 22.01,77,San Joaquin,0.0,77.0,17.0,77.0,17.0,60.0,60.0
06077002202,Census Tract 22.02,77,San Joaquin,10.0,104.0,17.0,94.0,7.0,87.0,87.0
06077003410,Census Tract 34.10,77,San Joaquin,0.0,101.0,19.0,101.0,19.0,82.0,82.0
06037408006,Census Tract 4080.06,37,Los Angeles,2.0,73.0,7.0,71.0,5.0,66.0,66.0
06037430003,Census Tract 4300.03,37,Los Angeles,0.0,49.0,4.0,49.0,4.0,45.0,45.0
06037430301,Census Tract 4303.01,37,Los Angeles,0.0,48.0,3.0,48.0,3.0,45.0,45.0
06037274202,Census Tract 2742.02,37,Los Angeles,0.0,94.0,9.0,94.0,9.0,85.0,85.0
06047000505,Census Tract 5.05,47,Merced,0.0,166.0,6.0,166.0,6.0,160.0,160.0
06047000901,Census Tract 9.01,47,Merced,0.0,69.0,2.0,69.0,2.0,67.0,67.0
06047000503,Census Tract 5.03,47,Merced,22.0,54.0,4.0,32.0,0.0,50.0,32.0
06047000303,Census Tract 3.03,47,Merced,0.0,51.0,4.0,51.0,4.0,47.0,47.0
06047001502,Census Tract 15.02,47,Merced,0.0,50.0,46.0,50.0,46.0,4.0,4.0
06077003407,Census Tract 34.07,77,San Joaquin,2.0,47.0,21.0,45.0,19.0,26.0,26.0
06071000826,Census Tract 8.26,71,San Bernardino,0.0,91.0,25.0,91.0,25.0,66.0,66.0
06071000824,Census Tract 8.24,71,San Bernardino,0.0,111.0,28.0,111.0,28.0,83.0,83.0
06071000818,Census Tract 8.18,71,San Bernardino,4.0,126.0,20.0,122.0,16.0,106.0,106.0
06071000904,Census Tract 9.04,71,San Bernardino,0.0,79.0,31.0,79.0,31.0,48.0,48.0
06071001104,Census Tract 11.04,71,San Bernardino,0.0,134.0,25.0,134.0,25.0,109.0,109.0
06071000823,Census Tract 8.23,71,San Bernardino,0.0,135.0,24.0,135.0,24.0,111.0,111.0
06037113102,Census Tract 1131.02,37,Los Angeles,1.0,61.0,7.0,60.0,6.0,54.0,54.0
06037115404,Census Tract 1154.04,37,Los Angeles,1.0,55.0,13.0,54.0,12.0,42.0,42.0
06037117202,Census Tract 1172.02,37,Los Angeles,1.0,58.0,10.0,57.0,9.0,48.0,48.0
06037119001,Census Tract 1190.01,37,Los Angeles,0.0,87.0,12.0,87.0,12.0,75.0,75.0
06037119202,Census Tract 1192.02,37,Los Angeles,0.0,85.0,13.0,85.0,13.0,72.0,72.0
06037121801,Census Tract 1218.01,37,Los Angeles,0.0,86.0,18.0,86.0,18.0,68.0,68.0
06037121802,Census Tract 1218.02,37,Los Angeles,0.0,72.0,13.0,72.0,13.0,59.0,59.0
06037125402,Census Tract 1254.02,37,Los Angeles,3.0,74.0,15.0,71.0,12.0,59.0,59.0
06037480304,Census Tract 4803.04,37,Los Angeles,8.0,78.0,19.0,70.0,11.0,59.0,59.0
06037533002,Census Tract 5330.02,37,Los Angeles,0.0,47.0,24.0,47.0,24.0,23.0,23.0
06037536103,Census Tract 5361.03,37,Los Angeles,0.0,93.0,12.0,93.0,12.0,81.0,81.0
06037543322,Census Tract 5433.22,37,Los Angeles,0.0,195.0,9.0,195.0,9.0,186.0,186.0
06037543400,Census Tract 5434,37,Los Angeles,29.0,73.0,7.0,44.0,0.0,66.0,44.0
06037543501,Census Tract 5435.01,37,Los Angeles,0.0,143.0,8.0,143.0,8.0,135.0,135.0
06037543502,Census Tract 5435.02,37,Los Angeles,0.0,93.0,12.0,93.0,12.0,81.0,81.0
06071004507,Census Tract 45.07,71,San Bernardino,0.0,105.0,24.0,105.0,24.0,81.0,81.0
06071004509,Census Tract 45.09,71,San Bernardino,0.0,86.0,23.0,86.0,23.0,63.0,63.0
06071000503,Census Tract 5.03,71,San Bernardino,0.0,102.0,29.0,102.0,29.0,73.0,73.0
06071007110,Census Tract 71.10,71,San Bernardino,9.0,112.0,21.0,103.0,12.0,91.0,91.0
06067007426,Census Tract 74.26,67,Sacramento,0.0,54.0,29.0,54.0,29.0,25.0,25.0
06067007427,Census Tract 74.27,67,Sacramento,1.0,224.0,19.0,223.0,18.0,205.0,205.0
06067007429,Census Tract 74.29,67,Sacramento,0.0,99.0,27.0,99.0,27.0,72.0,72.0
06037502801,Census Tract 5028.01,37,Los Angeles,3.0,175.0,9.0,172.0,6.0,166.0,166.0
06037503105,Census Tract 5031.05,37,Los Angeles,0.0,68.0,12.0,68.0,12.0,56.0,56.0
06037503106,Census Tract 5031.06,37,Los Angeles,0.0,76.0,13.0,76.0,13.0,63.0,63.0
06037301801,Census Tract 3018.01,37,Los Angeles,9.0,105.0,15.0,96.0,6.0,90.0,90.0
06037301802,Census Tract 3018.02,37,Los Angeles,4.0,97.0,19.0,93.0,15.0,78.0,78.0
06037302004,Census Tract 3020.04,37,Los Angeles,0.0,77.0,22.0,77.0,22.0,55.0,55.0
06037302401,Census Tract 3024.01,37,Los Angeles,13.0,160.0,11.0,147.0,0.0,149.0,147.0
06037302503,Census Tract 3025.03,37,Los Angeles,0.0,70.0,22.0,70.0,22.0,48.0,48.0
06037302504,Census Tract 3025.04,37,Los Angeles,0.0,61.0,21.0,61.0,21.0,40.0,40.0
06037120104,Census Tract 1201.04,37,Los Angeles,0.0,51.0,19.0,51.0,19.0,32.0,32.0
06037120107,Census Tract 1201.07,37,Los Angeles,1.0,73.0,28.0,72.0,27.0,45.0,45.0
06037120108,Census Tract 1201.08,37,Los Angeles,0.0,85.0,21.0,85.0,21.0,64.0,64.0
06047002301,Census Tract 23.01,47,Merced,14.0,392.0,15.0,378.0,1.0,377.0,377.0
06047001901,Census Tract 19.01,47,Merced,2.0,155.0,3.0,153.0,1.0,152.0,152.0
06047001902,Census Tract 19.02,47,Merced,0.0,49.0,2.0,49.0,2.0,47.0,47.0
06047000601,Census Tract 6.01,47,Merced,0.0,109.0,21.0,109.0,21.0,88.0,88.0
06047001503,Census Tract 15.03,47,Merced,0.0,100.0,38.0,100.0,38.0,62.0,62.0
06067007430,Census Tract 74.30,67,Sacramento,0.0,197.0,20.0,197.0,20.0,177.0,177.0
06067007431,Census Tract 74.31,67,Sacramento,0.0,69.0,25.0,69.0,25.0,44.0,44.0
06067007432,Census Tract 74.32,67,Sacramento,0.0,96.0,26.0,96.0,26.0,70.0,70.0
06033000300,Census Tract 3,33,Lake,2.0,88.0,7.0,86.0,5.0,81.0,81.0
06033000801,Census Tract 8.01,33,Lake,0.0,89.0,40.0,89.0,40.0,49.0,49.0
06115040301,Census Tract 403.01,115,Yuba,0.0,79.0,30.0,79.0,30.0,49.0,49.0
06037121101,Census Tract 1211.01,37,Los Angeles,0.0,67.0,19.0,67.0,19.0,48.0,48.0
06037121221,Census Tract 1212.21,37,Los Angeles,0.0,52.0,18.0,52.0,18.0,34.0,34.0
06037121222,Census Tract 1212.22,37,Los Angeles,0.0,121.0,11.0,121.0,11.0,110.0,110.0
06037124103,Census Tract 1241.03,37,Los Angeles,0.0,46.0,23.0,46.0,23.0,23.0,23.0
06037124105,Census Tract 1241.05,37,Los Angeles,0.0,51.0,23.0,51.0,23.0,28.0,28.0
06037124203,Census Tract 1242.03,37,Los Angeles,0.0,49.0,23.0,49.0,23.0,26.0,26.0
06037124903,Census Tract 1249.03,37,Los Angeles,15.0,70.0,23.0,55.0,8.0,47.0,47.0
06037127604,Census Tract 1276.04,37,Los Angeles,2.0,63.0,19.0,61.0,17.0,44.0,44.0
06037127606,Census Tract 1276.06,37,Los Angeles,0.0,70.0,17.0,70.0,17.0,53.0,53.0
06037127712,Census Tract 1277.12,37,Los Angeles,1.0,91.0,17.0,90.0,16.0,74.0,74.0
06037131701,Census Tract 1317.01,37,Los Angeles,0.0,98.0,16.0,98.0,16.0,82.0,82.0
06037134521,Census Tract 1345.21,37,Los Angeles,1.0,52.0,22.0,51.0,21.0,30.0,30.0
06037135113,Census Tract 1351.13,37,Los Angeles,0.0,63.0,16.0,63.0,16.0,47.0,47.0
06037137103,Census Tract 1371.03,37,Los Angeles,10.0,99.0,15.0,89.0,5.0,84.0,84.0
06037408136,Census Tract 4081.36,37,Los Angeles,0.0,68.0,13.0,68.0,13.0,55.0,55.0
06037571300,Census Tract 5713,37,Los Angeles,0.0,101.0,9.0,101.0,9.0,92.0,92.0
06037571400,Census Tract 5714,37,Los Angeles,6.0,104.0,9.0,98.0,3.0,95.0,95.0
06037571502,Census Tract 5715.02,37,Los Angeles,0.0,99.0,11.0,99.0,11.0,88.0,88.0
06037571600,Census Tract 5716,37,Los Angeles,0.0,49.0,24.0,49.0,24.0,25.0,25.0
06037571701,Census Tract 5717.01,37,Los Angeles,1.0,98.0,9.0,97.0,8.0,89.0,89.0
06037571800,Census Tract 5718,37,Los Angeles,2.0,61.0,8.0,59.0,6.0,53.0,53.0
06071001002,Census Tract 10.02,71,San Bernardino,0.0,130.0,30.0,130.0,30.0,100.0,100.0
06071000208,Census Tract 2.08,71,San Bernardino,0.0,81.0,29.0,81.0,29.0,52.0,52.0
06071000205,Census Tract 2.05,71,San Bernardino,2.0,97.0,26.0,95.0,24.0,71.0,71.0
06071001001,Census Tract 10.01,71,San Bernardino,0.0,117.0,27.0,117.0,27.0,90.0,90.0
06071000207,Census Tract 2.07,71,San Bernardino,0.0,104.0,29.0,104.0,29.0,75.0,75.0
06071001504,Census Tract 15.04,71,San Bernardino,0.0,102.0,29.0,102.0,29.0,73.0,73.0
06037408138,Census Tract 4081.38,37,Los Angeles,0.0,110.0,14.0,110.0,14.0,96.0,96.0
06037408139,Census Tract 4081.39,37,Los Angeles,0.0,88.0,15.0,88.0,15.0,73.0,73.0
06037408724,Census Tract 4087.24,37,Los Angeles,0.0,144.0,18.0,144.0,18.0,126.0,126.0
06075020402,Census Tract 204.02,75,San Francisco,0.0,65.0,4.0,65.0,4.0,61.0,61.0
06037571900,Census Tract 5719,37,Los Angeles,0.0,143.0,9.0,143.0,9.0,134.0,134.0
06037572001,Census Tract 5720.01,37,Los Angeles,2.0,126.0,10.0,124.0,8.0,116.0,116.0
06037670001,Census Tract 6700.01,37,Los Angeles,4.0,67.0,13.0,63.0,9.0,54.0,54.0
06037670002,Census Tract 6700.02,37,Los Angeles,0.0,64.0,14.0,64.0,14.0,50.0,50.0
06037670003,Census Tract 6700.03,37,Los Angeles,0.0,128.0,11.0,128.0,11.0,117.0,117.0
06071006204,Census Tract 62.04,71,San Bernardino,10.0,75.0,31.0,65.0,21.0,44.0,44.0
06071006203,Census Tract 62.03,71,San Bernardino,0.0,96.0,29.0,96.0,29.0,67.0,67.0
06071006601,Census Tract 66.01,71,San Bernardino,16.0,82.0,23.0,66.0,7.0,59.0,59.0
06067008505,Census Tract 85.05,67,Sacramento,0.0,49.0,24.0,49.0,24.0,25.0,25.0
06067008507,Census Tract 85.07,67,Sacramento,51.0,87.0,14.0,36.0,0.0,73.0,36.0
06075980900,Census Tract 9809,75,San Francisco,8.0,38.0,2.0,30.0,0.0,36.0,30.0
06013336202,Census Tract 3362.02,13,Contra Costa,0.0,116.0,25.0,116.0,25.0,91.0,91.0
06037542104,Census Tract 5421.04,37,Los Angeles,0.0,74.0,17.0,74.0,17.0,57.0,57.0
06037552301,Census Tract 5523.01,37,Los Angeles,15.0,78.0,11.0,63.0,0.0,67.0,63.0
06067008704,Census Tract 87.04,67,Sacramento,0.0,86.0,20.0,86.0,20.0,66.0,66.0
06067009010,Census Tract 90.10,67,Sacramento,56.0,178.0,12.0,122.0,0.0,166.0,122.0
06067009329,Census Tract 93.29,67,Sacramento,0.0,78.0,19.0,78.0,19.0,59.0,59.0
06067009331,Census Tract 93.31,67,Sacramento,0.0,233.0,17.0,233.0,17.0,216.0,216.0
06037573004,Census Tract 5730.04,37,Los Angeles,0.0,86.0,20.0,86.0,20.0,66.0,66.0
06037576904,Census Tract 5769.04,37,Los Angeles,0.0,55.0,21.0,55.0,21.0,34.0,34.0
06037208302,Census Tract 2083.02,37,Los Angeles,0.0,69.0,19.0,69.0,19.0,50.0,50.0
06037208401,Census Tract 2084.01,37,Los Angeles,2.0,52.0,27.0,50.0,25.0,25.0,25.0
06037208402,Census Tract 2084.02,37,Los Angeles,6.0,48.0,22.0,42.0,16.0,26.0,26.0
06037208502,Census Tract 2085.02,37,Los Angeles,0.0,47.0,25.0,47.0,25.0,22.0,22.0
06037208801,Census Tract 2088.01,37,Los Angeles,0.0,49.0,25.0,49.0,25.0,24.0,24.0
06037209103,Census Tract 2091.03,37,Los Angeles,0.0,46.0,36.0,46.0,36.0,10.0,10.0
06037209104,Census Tract 2091.04,37,Los Angeles,0.0,43.0,49.0,43.0,49.0,-6.0,-6.0
06037310201,Census Tract 3102.01,37,Los Angeles,0.0,127.0,12.0,127.0,12.0,115.0,115.0
06037310202,Census Tract 3102.02,37,Los Angeles,0.0,114.0,13.0,114.0,13.0,101.0,101.0
06037310501,Census Tract 3105.01,37,Los Angeles,24.0,77.0,9.0,53.0,0.0,68.0,53.0
06037310601,Census Tract 3106.01,37,Los Angeles,8.0,167.0,13.0,159.0,5.0,154.0,154.0
06037533803,Census Tract 5338.03,37,Los Angeles,0.0,96.0,14.0,96.0,14.0,82.0,82.0
06037533804,Census Tract 5338.04,37,Los Angeles,0.0,62.0,18.0,62.0,18.0,44.0,44.0
06037533901,Census Tract 5339.01,37,Los Angeles,0.0,87.0,15.0,87.0,15.0,72.0,72.0
06115040302,Census Tract 403.02,115,Yuba,0.0,46.0,29.0,46.0,29.0,17.0,17.0
06011000200,Census Tract 2,11,Colusa,8.0,197.0,29.0,189.0,21.0,168.0,168.0
06011000500,Census Tract 5,11,Colusa,0.0,72.0,32.0,72.0,32.0,40.0,40.0
06011000100,Census Tract 1,11,Colusa,0.0,128.0,18.0,128.0,18.0,110.0,110.0
06011000400,Census Tract 4,11,Colusa,1.0,47.0,13.0,46.0,12.0,34.0,34.0
06037310602,Census Tract 3106.02,37,Los Angeles,6.0,59.0,14.0,53.0,8.0,45.0,45.0
06037320201,Census Tract 3202.01,37,Los Angeles,2.0,78.0,13.0,76.0,11.0,65.0,65.0
06037320202,Census Tract 3202.02,37,Los Angeles,8.0,125.0,10.0,117.0,2.0,115.0,115.0
06037120105,Census Tract 1201.05,37,Los Angeles,0.0,55.0,17.0,55.0,17.0,38.0,38.0
06037543905,Census Tract 5439.05,37,Los Angeles,0.0,103.0,8.0,103.0,8.0,95.0,95.0
06037544001,Census Tract 5440.01,37,Los Angeles,10.0,75.0,9.0,65.0,0.0,66.0,65.0
06037544002,Census Tract 5440.02,37,Los Angeles,2.0,66.0,10.0,64.0,8.0,56.0,56.0
06037550201,Census Tract 5502.01,37,Los Angeles,0.0,63.0,18.0,63.0,18.0,45.0,45.0
06037533902,Census Tract 5339.02,37,Los Angeles,0.0,75.0,15.0,75.0,15.0,60.0,60.0
06037534001,Census Tract 5340.01,37,Los Angeles,0.0,86.0,14.0,86.0,14.0,72.0,72.0
06067009201,Census Tract 92.01,67,Sacramento,5.0,177.0,4.0,172.0,0.0,173.0,172.0
06067007106,Census Tract 71.06,67,Sacramento,4.0,190.0,11.0,186.0,7.0,179.0,179.0
06067008703,Census Tract 87.03,67,Sacramento,16.0,121.0,11.0,105.0,0.0,110.0,105.0
06067005509,Census Tract 55.09,67,Sacramento,0.0,44.0,48.0,44.0,48.0,-4.0,-4.0
06067008508,Census Tract 85.08,67,Sacramento,32.0,794.0,6.0,762.0,0.0,788.0,762.0
06067009328,Census Tract 93.28,67,Sacramento,0.0,162.0,15.0,162.0,15.0,147.0,147.0
06067003204,Census Tract 32.04,67,Sacramento,0.0,103.0,21.0,103.0,21.0,82.0,82.0
06067009332,Census Tract 93.32,67,Sacramento,0.0,47.0,10.0,47.0,10.0,37.0,37.0
06067009634,Census Tract 96.34,67,Sacramento,0.0,84.0,25.0,84.0,25.0,59.0,59.0
06101050702,Census Tract 507.02,101,Sutter,0.0,122.0,5.0,122.0,5.0,117.0,117.0
06101050403,Census Tract 504.03,101,Sutter,0.0,62.0,19.0,62.0,19.0,43.0,43.0
06037550202,Census Tract 5502.02,37,Los Angeles,16.0,104.0,11.0,88.0,0.0,93.0,88.0
06037550601,Census Tract 5506.01,37,Los Angeles,0.0,132.0,12.0,132.0,12.0,120.0,120.0
06037550602,Census Tract 5506.02,37,Los Angeles,8.0,83.0,11.0,75.0,3.0,72.0,72.0
06037550901,Census Tract 5509.01,37,Los Angeles,12.0,87.0,12.0,75.0,0.0,75.0,75.0
06037980024,Census Tract 9800.24,37,Los Angeles,0.0,31.0,4.0,31.0,4.0,27.0,27.0
06019000300,Census Tract 3,19,Fresno,0.0,73.0,26.0,73.0,26.0,47.0,47.0
06071001312,Census Tract 13.12,71,San Bernardino,0.0,127.0,20.0,127.0,20.0,107.0,107.0
06071002206,Census Tract 22.06,71,San Bernardino,0.0,254.0,23.0,254.0,23.0,231.0,231.0
06071000604,Census Tract 6.04,71,San Bernardino,0.0,144.0,22.0,144.0,22.0,122.0,122.0
06071000501,Census Tract 5.01,71,San Bernardino,0.0,208.0,21.0,208.0,21.0,187.0,187.0
06071007306,Census Tract 73.06,71,San Bernardino,0.0,167.0,18.0,167.0,18.0,149.0,149.0
06037980026,Census Tract 9800.26,37,Los Angeles,0.0,30.0,3.0,30.0,3.0,27.0,27.0
06013355115,Census Tract 3551.15,13,Contra Costa,10.0,448.0,14.0,438.0,4.0,434.0,434.0
06013351103,Census Tract 3511.03,13,Contra Costa,0.0,56.0,12.0,56.0,12.0,44.0,44.0
06013351101,Census Tract 3511.01,13,Contra Costa,0.0,71.0,14.0,71.0,14.0,57.0,57.0
06037211201,Census Tract 2112.01,37,Los Angeles,0.0,47.0,34.0,47.0,34.0,13.0,13.0
06037212502,Census Tract 2125.02,37,Los Angeles,10.0,59.0,24.0,49.0,14.0,35.0,35.0
06037212702,Census Tract 2127.02,37,Los Angeles,0.0,58.0,14.0,58.0,14.0,44.0,44.0
06037543503,Census Tract 5435.03,37,Los Angeles,34.0,108.0,10.0,74.0,0.0,98.0,74.0
06037543601,Census Tract 5436.01,37,Los Angeles,12.0,95.0,16.0,83.0,4.0,79.0,79.0
06071007604,Census Tract 76.04,71,San Bernardino,0.0,83.0,12.0,83.0,12.0,71.0,71.0
06071007410,Census Tract 74.10,71,San Bernardino,0.0,126.0,22.0,126.0,22.0,104.0,104.0
06071007409,Census Tract 74.09,71,San Bernardino,0.0,162.0,22.0,162.0,22.0,140.0,140.0
06037214501,Census Tract 2145.01,37,Los Angeles,12.0,66.0,15.0,54.0,3.0,51.0,51.0
06037216401,Census Tract 2164.01,37,Los Angeles,4.0,65.0,20.0,61.0,16.0,45.0,45.0
06037216402,Census Tract 2164.02,37,Los Angeles,1.0,50.0,27.0,49.0,26.0,23.0,23.0
06037217001,Census Tract 2170.01,37,Los Angeles,2.0,55.0,17.0,53.0,15.0,38.0,38.0
06037218701,Census Tract 2187.01,37,Los Angeles,0.0,43.0,17.0,43.0,17.0,26.0,26.0
06037218702,Census Tract 2187.02,37,Los Angeles,0.0,52.0,21.0,52.0,21.0,31.0,31.0
06037219902,Census Tract 2199.02,37,Los Angeles,1.0,66.0,14.0,65.0,13.0,52.0,52.0
06037221304,Census Tract 2213.04,37,Los Angeles,0.0,64.0,27.0,64.0,27.0,37.0,37.0
06037221401,Census Tract 2214.01,37,Los Angeles,0.0,61.0,17.0,61.0,17.0,44.0,44.0
06037122122,Census Tract 1221.22,37,Los Angeles,0.0,56.0,13.0,56.0,13.0,43.0,43.0
06037127805,Census Tract 1278.05,37,Los Angeles,0.0,65.0,16.0,65.0,16.0,49.0,49.0
06037183103,Census Tract 1831.03,37,Los Angeles,0.0,75.0,16.0,75.0,16.0,59.0,59.0
06037183104,Census Tract 1831.04,37,Los Angeles,0.0,46.0,16.0,46.0,16.0,30.0,30.0
06037543603,Census Tract 5436.03,37,Los Angeles,0.0,74.0,11.0,74.0,11.0,63.0,63.0
06037543703,Census Tract 5437.03,37,Los Angeles,0.0,90.0,13.0,90.0,13.0,77.0,77.0
06037543801,Census Tract 5438.01,37,Los Angeles,12.0,97.0,9.0,85.0,0.0,88.0,85.0
06065043262,Census Tract 432.62,65,Riverside,0.0,103.0,17.0,103.0,17.0,86.0,86.0
06065040101,Census Tract 401.01,65,Riverside,7.0,86.0,9.0,79.0,2.0,77.0,77.0
06037186301,Census Tract 1863.01,37,Los Angeles,0.0,54.0,12.0,54.0,12.0,42.0,42.0
06037531503,Census Tract 5315.03,37,Los Angeles,0.0,49.0,12.0,49.0,12.0,37.0,37.0
06037531504,Census Tract 5315.04,37,Los Angeles,0.0,71.0,18.0,71.0,18.0,53.0,53.0
06037550902,Census Tract 5509.02,37,Los Angeles,3.0,108.0,13.0,105.0,10.0,95.0,95.0
06037551101,Census Tract 5511.01,37,Los Angeles,8.0,77.0,10.0,69.0,2.0,67.0,67.0
06037551102,Census Tract 5511.02,37,Los Angeles,4.0,108.0,10.0,104.0,6.0,98.0,98.0
06037551402,Census Tract 5514.02,37,Los Angeles,2.0,100.0,12.0,98.0,10.0,88.0,88.0
06037551501,Census Tract 5515.01,37,Los Angeles,0.0,88.0,11.0,88.0,11.0,77.0,77.0
06071000403,Census Tract 4.03,71,San Bernardino,0.0,90.0,18.0,90.0,18.0,72.0,72.0
06071000815,Census Tract 8.15,71,San Bernardino,0.0,87.0,21.0,87.0,21.0,66.0,66.0
06071000817,Census Tract 8.17,71,San Bernardino,0.0,74.0,17.0,74.0,17.0,57.0,57.0
06037551502,Census Tract 5515.02,37,Los Angeles,3.0,82.0,12.0,79.0,9.0,70.0,70.0
06037552001,Census Tract 5520.01,37,Los Angeles,0.0,78.0,14.0,78.0,14.0,64.0,64.0
06037552002,Census Tract 5520.02,37,Los Angeles,0.0,66.0,15.0,66.0,15.0,51.0,51.0
06013365003,Census Tract 3650.03,13,Contra Costa,16.0,127.0,13.0,111.0,0.0,114.0,111.0
06013339001,Census Tract 3390.01,13,Contra Costa,32.0,76.0,20.0,44.0,0.0,56.0,44.0
06013345111,Census Tract 3451.11,13,Contra Costa,31.0,124.0,14.0,93.0,0.0,110.0,93.0
06013345114,Census Tract 3451.14,13,Contra Costa,0.0,278.0,9.0,278.0,9.0,269.0,269.0
06013345116,Census Tract 3451.16,13,Contra Costa,0.0,59.0,19.0,59.0,19.0,40.0,40.0
06037572201,Census Tract 5722.01,37,Los Angeles,0.0,121.0,10.0,121.0,10.0,111.0,111.0
06037572202,Census Tract 5722.02,37,Los Angeles,15.0,61.0,10.0,46.0,0.0,51.0,46.0
06037572301,Census Tract 5723.01,37,Los Angeles,0.0,64.0,14.0,64.0,14.0,50.0,50.0
06037572600,Census Tract 5726,37,Los Angeles,0.0,84.0,11.0,84.0,11.0,73.0,73.0
06037572700,Census Tract 5727,37,Los Angeles,0.0,87.0,12.0,87.0,12.0,75.0,75.0
06037573201,Census Tract 5732.01,37,Los Angeles,0.0,66.0,17.0,66.0,17.0,49.0,49.0
06037573300,Census Tract 5733,37,Los Angeles,0.0,63.0,14.0,63.0,14.0,49.0,49.0
06037670202,Census Tract 6702.02,37,Los Angeles,14.0,66.0,7.0,52.0,0.0,59.0,52.0
06041120002,Census Tract 1200.02,41,Marin,6.0,103.0,10.0,97.0,4.0,93.0,93.0
06041112204,Census Tract 1122.04,41,Marin,0.0,93.0,42.0,93.0,42.0,51.0,51.0
06041104103,Census Tract 1041.03,41,Marin,0.0,65.0,12.0,65.0,12.0,53.0,53.0
06041108202,Census Tract 1082.02,41,Marin,21.0,117.0,11.0,96.0,0.0,106.0,96.0
06041130204,Census Tract 1302.04,41,Marin,2.0,54.0,9.0,52.0,7.0,45.0,45.0
06041130203,Census Tract 1302.03,41,Marin,0.0,52.0,26.0,52.0,26.0,26.0,26.0
06041105001,Census Tract 1050.01,41,Marin,1.0,107.0,15.0,106.0,14.0,92.0,92.0
06041105002,Census Tract 1050.02,41,Marin,16.0,75.0,8.0,59.0,0.0,67.0,59.0
06041111002,Census Tract 1110.02,41,Marin,8.0,98.0,16.0,90.0,8.0,82.0,82.0
06041108201,Census Tract 1082.01,41,Marin,2.0,59.0,22.0,57.0,20.0,37.0,37.0
06041112203,Census Tract 1122.03,41,Marin,0.0,53.0,66.0,53.0,66.0,-13.0,-13.0
06041120001,Census Tract 1200.01,41,Marin,0.0,45.0,28.0,45.0,28.0,17.0,17.0
06041104104,Census Tract 1041.04,41,Marin,2.0,126.0,13.0,124.0,11.0,113.0,113.0
06071000606,Census Tract 6.06,71,San Bernardino,0.0,89.0,34.0,89.0,34.0,55.0,55.0
06071000813,Census Tract 8.13,71,San Bernardino,0.0,79.0,20.0,79.0,20.0,59.0,59.0
06071000603,Census Tract 6.03,71,San Bernardino,2.0,112.0,23.0,110.0,21.0,89.0,89.0
06071007903,Census Tract 79.03,71,San Bernardino,0.0,99.0,21.0,99.0,21.0,78.0,78.0
06071008710,Census Tract 87.10,71,San Bernardino,0.0,107.0,24.0,107.0,24.0,83.0,83.0
06013359105,Census Tract 3591.05,13,Contra Costa,0.0,100.0,13.0,100.0,13.0,87.0,87.0
06037980010,Census Tract 9800.10,37,Los Angeles,2.0,31.0,7.0,29.0,5.0,24.0,24.0
06037222002,Census Tract 2220.02,37,Los Angeles,0.0,72.0,16.0,72.0,16.0,56.0,56.0
06037226001,Census Tract 2260.01,37,Los Angeles,2.0,44.0,13.0,42.0,11.0,31.0,31.0
06037221402,Census Tract 2214.02,37,Los Angeles,0.0,51.0,18.0,51.0,18.0,33.0,33.0
06037400207,Census Tract 4002.07,37,Los Angeles,0.0,106.0,6.0,106.0,6.0,100.0,100.0
06037670406,Census Tract 6704.06,37,Los Angeles,0.0,53.0,12.0,53.0,12.0,41.0,41.0
06037670407,Census Tract 6704.07,37,Los Angeles,0.0,167.0,11.0,167.0,11.0,156.0,156.0
06071008709,Census Tract 87.09,71,San Bernardino,0.0,107.0,20.0,107.0,20.0,87.0,87.0
06037402001,Census Tract 4020.01,37,Los Angeles,4.0,81.0,11.0,77.0,7.0,70.0,70.0
06037402002,Census Tract 4020.02,37,Los Angeles,0.0,69.0,10.0,69.0,10.0,59.0,59.0
06037402303,Census Tract 4023.03,37,Los Angeles,0.0,65.0,13.0,65.0,13.0,52.0,52.0
06037207101,Census Tract 2071.01,37,Los Angeles,0.0,81.0,23.0,81.0,23.0,58.0,58.0
06037207102,Census Tract 2071.02,37,Los Angeles,15.0,65.0,20.0,50.0,5.0,45.0,45.0
06037211703,Census Tract 2117.03,37,Los Angeles,5.0,64.0,30.0,59.0,25.0,34.0,34.0
06037212701,Census Tract 2127.01,37,Los Angeles,1.0,49.0,19.0,48.0,18.0,30.0,30.0
06037533806,Census Tract 5338.06,37,Los Angeles,0.0,63.0,13.0,63.0,13.0,50.0,50.0
06037535002,Census Tract 5350.02,37,Los Angeles,0.0,59.0,18.0,59.0,18.0,41.0,41.0
06099002401,Census Tract 24.01,99,Stanislaus,0.0,77.0,41.0,77.0,41.0,36.0,36.0
06099003804,Census Tract 38.04,99,Stanislaus,2.0,131.0,21.0,129.0,19.0,110.0,110.0
06037651304,Census Tract 6513.04,37,Los Angeles,0.0,114.0,9.0,114.0,9.0,105.0,105.0
06037651402,Census Tract 6514.02,37,Los Angeles,6.0,124.0,9.0,118.0,3.0,115.0,115.0
06037670326,Census Tract 6703.26,37,Los Angeles,0.0,81.0,6.0,81.0,6.0,75.0,75.0
06037670328,Census Tract 6703.28,37,Los Angeles,0.0,119.0,6.0,119.0,6.0,113.0,113.0
06037670416,Census Tract 6704.16,37,Los Angeles,0.0,95.0,6.0,95.0,6.0,89.0,89.0
06037534002,Census Tract 5340.02,37,Los Angeles,0.0,67.0,14.0,67.0,14.0,53.0,53.0
06037534101,Census Tract 5341.01,37,Los Angeles,0.0,44.0,18.0,44.0,18.0,26.0,26.0
06037534202,Census Tract 5342.02,37,Los Angeles,0.0,80.0,17.0,80.0,17.0,63.0,63.0
06071002014,Census Tract 20.14,71,San Bernardino,0.0,96.0,16.0,96.0,16.0,80.0,80.0
06071000819,Census Tract 8.19,71,San Bernardino,0.0,165.0,18.0,165.0,18.0,147.0,147.0
06071000820,Census Tract 8.20,71,San Bernardino,0.0,95.0,16.0,95.0,16.0,79.0,79.0
06071000203,Census Tract 2.03,71,San Bernardino,2.0,92.0,27.0,90.0,25.0,65.0,65.0
06069000602,Census Tract 6.02,69,San Benito,0.0,97.0,40.0,97.0,40.0,57.0,57.0
06049000300,Census Tract 3,49,Modoc,0.0,52.0,3.0,52.0,3.0,49.0,49.0
06049000200,Census Tract 2,49,Modoc,0.0,50.0,5.0,50.0,5.0,45.0,45.0
06049000100,Census Tract 1,49,Modoc,10.0,108.0,47.0,98.0,37.0,61.0,61.0
06049000400,Census Tract 4,49,Modoc,2.0,43.0,6.0,41.0,4.0,37.0,37.0
06069000601,Census Tract 6.01,69,San Benito,0.0,156.0,29.0,156.0,29.0,127.0,127.0
06071001707,Census Tract 17.07,71,San Bernardino,5.0,137.0,25.0,132.0,20.0,112.0,112.0
06071001706,Census Tract 17.06,71,San Bernardino,2.0,132.0,31.0,130.0,29.0,101.0,101.0
06071002011,Census Tract 20.11,71,San Bernardino,0.0,97.0,17.0,97.0,17.0,80.0,80.0
06071000814,Census Tract 8.14,71,San Bernardino,0.0,92.0,20.0,92.0,20.0,72.0,72.0
06071000816,Census Tract 8.16,71,San Bernardino,0.0,130.0,21.0,130.0,21.0,109.0,109.0
06109985202,Census Tract 9852.02,109,Tuolumne,0.0,46.0,90.0,46.0,90.0,-44.0,-44.0
06071009906,Census Tract 99.06,71,San Bernardino,0.0,109.0,21.0,109.0,21.0,88.0,88.0
06071009911,Census Tract 99.11,71,San Bernardino,0.0,163.0,16.0,163.0,16.0,147.0,147.0
06071009910,Census Tract 99.10,71,San Bernardino,3.0,92.0,16.0,89.0,13.0,76.0,76.0
06065040405,Census Tract 404.05,65,Riverside,0.0,119.0,14.0,119.0,14.0,105.0,105.0
06065042012,Census Tract 420.12,65,Riverside,4.0,176.0,20.0,172.0,16.0,156.0,156.0
06071004004,Census Tract 40.04,71,San Bernardino,4.0,130.0,7.0,126.0,3.0,123.0,123.0
06071000901,Census Tract 9.01,71,San Bernardino,0.0,99.0,24.0,99.0,24.0,75.0,75.0
06071002016,Census Tract 20.16,71,San Bernardino,0.0,77.0,24.0,77.0,24.0,53.0,53.0
06071002027,Census Tract 20.27,71,San Bernardino,0.0,115.0,24.0,115.0,24.0,91.0,91.0
06071002103,Census Tract 21.03,71,San Bernardino,0.0,92.0,36.0,92.0,36.0,56.0,56.0
06071009908,Census Tract 99.08,71,San Bernardino,1.0,94.0,22.0,93.0,21.0,72.0,72.0
06071009912,Census Tract 99.12,71,San Bernardino,6.0,108.0,20.0,102.0,14.0,88.0,88.0
06071001311,Census Tract 13.11,71,San Bernardino,2.0,78.0,27.0,76.0,25.0,51.0,51.0
06071011204,Census Tract 112.04,71,San Bernardino,0.0,44.0,17.0,44.0,17.0,27.0,27.0
06037573401,Census Tract 5734.01,37,Los Angeles,2.0,42.0,13.0,40.0,11.0,29.0,29.0
06037573402,Census Tract 5734.02,37,Los Angeles,7.0,219.0,7.0,212.0,0.0,212.0,212.0
06037573403,Census Tract 5734.03,37,Los Angeles,0.0,80.0,10.0,80.0,10.0,70.0,70.0
06037573700,Census Tract 5737,37,Los Angeles,0.0,113.0,10.0,113.0,10.0,103.0,103.0
06037621301,Census Tract 6213.01,37,Los Angeles,0.0,200.0,10.0,200.0,10.0,190.0,190.0
06037621400,Census Tract 6214,37,Los Angeles,2.0,97.0,11.0,95.0,9.0,86.0,86.0
06037650001,Census Tract 6500.01,37,Los Angeles,0.0,142.0,10.0,142.0,10.0,132.0,132.0
06037650101,Census Tract 6501.01,37,Los Angeles,2.0,101.0,9.0,99.0,7.0,92.0,92.0
06037650102,Census Tract 6501.02,37,Los Angeles,2.0,52.0,14.0,50.0,12.0,38.0,38.0
06037650200,Census Tract 6502,37,Los Angeles,0.0,137.0,8.0,137.0,8.0,129.0,129.0
06071002109,Census Tract 21.09,71,San Bernardino,48.0,194.0,15.0,146.0,0.0,179.0,146.0
06071002028,Census Tract 20.28,71,San Bernardino,0.0,146.0,23.0,146.0,23.0,123.0,123.0
06071001308,Census Tract 13.08,71,San Bernardino,0.0,101.0,32.0,101.0,32.0,69.0,69.0
06071001309,Census Tract 13.09,71,San Bernardino,0.0,101.0,29.0,101.0,29.0,72.0,72.0
06071008601,Census Tract 86.01,71,San Bernardino,0.0,120.0,15.0,120.0,15.0,105.0,105.0
06071007603,Census Tract 76.03,71,San Bernardino,3.0,96.0,26.0,93.0,23.0,70.0,70.0
06071002801,Census Tract 28.01,71,San Bernardino,0.0,123.0,29.0,123.0,29.0,94.0,94.0
06071000903,Census Tract 9.03,71,San Bernardino,2.0,68.0,29.0,66.0,27.0,39.0,39.0
06071001901,Census Tract 19.01,71,San Bernardino,0.0,116.0,24.0,116.0,24.0,92.0,92.0
06001438204,Census Tract 4382.04,1,Alameda,0.0,126.0,10.0,126.0,10.0,116.0,116.0
06001440336,Census Tract 4403.36,1,Alameda,0.0,88.0,11.0,88.0,11.0,77.0,77.0
06037534301,Census Tract 5343.01,37,Los Angeles,0.0,67.0,14.0,67.0,14.0,53.0,53.0
06037534302,Census Tract 5343.02,37,Los Angeles,0.0,65.0,16.0,65.0,16.0,49.0,49.0
06037534203,Census Tract 5342.03,37,Los Angeles,0.0,59.0,15.0,59.0,15.0,44.0,44.0
06037534404,Census Tract 5344.04,37,Los Angeles,0.0,58.0,20.0,58.0,20.0,38.0,38.0
06037534405,Census Tract 5344.05,37,Los Angeles,0.0,70.0,18.0,70.0,18.0,52.0,52.0
06001441926,Census Tract 4419.26,1,Alameda,0.0,93.0,20.0,93.0,20.0,73.0,73.0
06001442301,Census Tract 4423.01,1,Alameda,0.0,114.0,11.0,114.0,11.0,103.0,103.0
06001442601,Census Tract 4426.01,1,Alameda,0.0,76.0,12.0,76.0,12.0,64.0,64.0
06071001305,Census Tract 13.05,71,San Bernardino,0.0,110.0,30.0,110.0,30.0,80.0,80.0
06071001310,Census Tract 13.10,71,San Bernardino,0.0,104.0,28.0,104.0,28.0,76.0,76.0
06071001103,Census Tract 11.03,71,San Bernardino,0.0,83.0,26.0,83.0,26.0,57.0,57.0
06071001307,Census Tract 13.07,71,San Bernardino,0.0,74.0,29.0,74.0,29.0,45.0,45.0
06071001813,Census Tract 18.13,71,San Bernardino,2.0,114.0,27.0,112.0,25.0,87.0,87.0
06001443104,Census Tract 4431.04,1,Alameda,0.0,145.0,9.0,145.0,9.0,136.0,136.0
06001444601,Census Tract 4446.01,1,Alameda,0.0,161.0,7.0,161.0,7.0,154.0,154.0
06037541605,Census Tract 5416.05,37,Los Angeles,0.0,95.0,14.0,95.0,14.0,81.0,81.0
06037541801,Census Tract 5418.01,37,Los Angeles,0.0,101.0,15.0,101.0,15.0,86.0,86.0
06071000605,Census Tract 6.05,71,San Bernardino,4.0,100.0,29.0,96.0,25.0,71.0,71.0
06071001704,Census Tract 17.04,71,San Bernardino,0.0,96.0,24.0,96.0,24.0,72.0,72.0
06071001810,Census Tract 18.10,71,San Bernardino,0.0,111.0,33.0,111.0,33.0,78.0,78.0
06071002013,Census Tract 20.13,71,San Bernardino,4.0,88.0,23.0,84.0,19.0,65.0,65.0
06071002101,Census Tract 21.01,71,San Bernardino,0.0,81.0,30.0,81.0,30.0,51.0,51.0
06071001101,Census Tract 11.01,71,San Bernardino,0.0,83.0,37.0,83.0,37.0,46.0,46.0
06071001804,Census Tract 18.04,71,San Bernardino,0.0,159.0,24.0,159.0,24.0,135.0,135.0
06001450746,Census Tract 4507.46,1,Alameda,0.0,95.0,10.0,95.0,10.0,85.0,85.0
06001451505,Census Tract 4515.05,1,Alameda,0.0,67.0,11.0,67.0,11.0,56.0,56.0
06037541802,Census Tract 5418.02,37,Los Angeles,0.0,92.0,12.0,92.0,12.0,80.0,80.0
06037542000,Census Tract 5420,37,Los Angeles,0.0,90.0,13.0,90.0,13.0,77.0,77.0
06001451506,Census Tract 4515.06,1,Alameda,0.0,73.0,14.0,73.0,14.0,59.0,59.0
06001451704,Census Tract 4517.04,1,Alameda,3.0,98.0,9.0,95.0,6.0,89.0,89.0
06071001809,Census Tract 18.09,71,San Bernardino,2.0,105.0,22.0,103.0,20.0,83.0,83.0
06071002023,Census Tract 20.23,71,San Bernardino,0.0,125.0,27.0,125.0,27.0,98.0,98.0
06071002018,Census Tract 20.18,71,San Bernardino,5.0,126.0,20.0,121.0,15.0,106.0,106.0
06071001806,Census Tract 18.06,71,San Bernardino,0.0,108.0,27.0,108.0,27.0,81.0,81.0
06001405902,Census Tract 4059.02,1,Alameda,0.0,49.0,18.0,49.0,18.0,31.0,31.0
06001410500,Census Tract 4105,1,Alameda,0.0,45.0,15.0,45.0,15.0,30.0,30.0
06001425104,Census Tract 4251.04,1,Alameda,3.0,67.0,12.0,64.0,9.0,55.0,55.0
06001433104,Census Tract 4331.04,1,Alameda,0.0,87.0,12.0,87.0,12.0,75.0,75.0
06071001808,Census Tract 18.08,71,San Bernardino,24.0,98.0,31.0,74.0,7.0,67.0,67.0
06071001812,Census Tract 18.12,71,San Bernardino,0.0,85.0,35.0,85.0,35.0,50.0,50.0
06071002015,Census Tract 20.15,71,San Bernardino,1.0,101.0,23.0,100.0,22.0,78.0,78.0
06071002029,Census Tract 20.29,71,San Bernardino,0.0,133.0,23.0,133.0,23.0,110.0,110.0
06071002025,Census Tract 20.25,71,San Bernardino,0.0,134.0,25.0,134.0,25.0,109.0,109.0
06067009408,Census Tract 94.08,67,Sacramento,0.0,45.0,7.0,45.0,7.0,38.0,38.0
06001440333,Census Tract 4403.33,1,Alameda,4.0,59.0,8.0,55.0,4.0,51.0,51.0
06037573800,Census Tract 5738,37,Los Angeles,0.0,93.0,10.0,93.0,10.0,83.0,83.0
06037573902,Census Tract 5739.02,37,Los Angeles,0.0,53.0,15.0,53.0,15.0,38.0,38.0
06037574000,Census Tract 5740,37,Los Angeles,9.0,117.0,10.0,108.0,1.0,107.0,107.0
06037574100,Census Tract 5741,37,Los Angeles,4.0,113.0,9.0,109.0,5.0,104.0,104.0
06067009632,Census Tract 96.32,67,Sacramento,0.0,165.0,18.0,165.0,18.0,147.0,147.0
06067009633,Census Tract 96.33,67,Sacramento,0.0,63.0,32.0,63.0,32.0,31.0,31.0
06067009635,Census Tract 96.35,67,Sacramento,4.0,131.0,9.0,127.0,5.0,122.0,122.0
06071002019,Census Tract 20.19,71,San Bernardino,0.0,97.0,21.0,97.0,21.0,76.0,76.0
06001441524,Census Tract 4415.24,1,Alameda,0.0,80.0,10.0,80.0,10.0,70.0,70.0
06001442602,Census Tract 4426.02,1,Alameda,0.0,99.0,11.0,99.0,11.0,88.0,88.0
06001443322,Census Tract 4433.22,1,Alameda,8.0,78.0,12.0,70.0,4.0,66.0,66.0
06037574201,Census Tract 5742.01,37,Los Angeles,0.0,63.0,11.0,63.0,11.0,52.0,52.0
06037574202,Census Tract 5742.02,37,Los Angeles,20.0,49.0,11.0,29.0,0.0,38.0,29.0
06037574300,Census Tract 5743,37,Los Angeles,4.0,136.0,8.0,132.0,4.0,128.0,128.0
06037650300,Census Tract 6503,37,Los Angeles,9.0,209.0,9.0,200.0,0.0,200.0,200.0
06037650501,Census Tract 6505.01,37,Los Angeles,0.0,62.0,13.0,62.0,13.0,49.0,49.0
06037650502,Census Tract 6505.02,37,Los Angeles,0.0,89.0,11.0,89.0,11.0,78.0,78.0
06037650603,Census Tract 6506.03,37,Los Angeles,0.0,74.0,11.0,74.0,11.0,63.0,63.0
06071002107,Census Tract 21.07,71,San Bernardino,0.0,112.0,27.0,112.0,27.0,85.0,85.0
06071002038,Census Tract 20.38,71,San Bernardino,0.0,125.0,23.0,125.0,23.0,102.0,102.0
06071002035,Census Tract 20.35,71,San Bernardino,4.0,198.0,23.0,194.0,19.0,175.0,175.0
06071002604,Census Tract 26.04,71,San Bernardino,0.0,149.0,32.0,149.0,32.0,117.0,117.0
06071002705,Census Tract 27.05,71,San Bernardino,0.0,177.0,20.0,177.0,20.0,157.0,157.0
06071003509,Census Tract 35.09,71,San Bernardino,0.0,111.0,24.0,111.0,24.0,87.0,87.0
06071003404,Census Tract 34.04,71,San Bernardino,0.0,133.0,33.0,133.0,33.0,100.0,100.0
06067009639,Census Tract 96.39,67,Sacramento,6.0,88.0,16.0,82.0,10.0,72.0,72.0
06067004501,Census Tract 45.01,67,Sacramento,0.0,70.0,20.0,70.0,20.0,50.0,50.0
06067004502,Census Tract 45.02,67,Sacramento,0.0,80.0,16.0,80.0,16.0,64.0,64.0
06067004701,Census Tract 47.01,67,Sacramento,4.0,60.0,23.0,56.0,19.0,37.0,37.0
06067004702,Census Tract 47.02,67,Sacramento,2.0,78.0,22.0,76.0,20.0,56.0,56.0
06067005204,Census Tract 52.04,67,Sacramento,0.0,86.0,14.0,86.0,14.0,72.0,72.0
06067005510,Census Tract 55.10,67,Sacramento,0.0,85.0,34.0,85.0,34.0,51.0,51.0
06067005904,Census Tract 59.04,67,Sacramento,0.0,96.0,17.0,96.0,17.0,79.0,79.0
06029004702,Census Tract 47.02,29,Kern,13.0,58.0,12.0,45.0,0.0,46.0,45.0
06029004603,Census Tract 46.03,29,Kern,0.0,56.0,21.0,56.0,21.0,35.0,35.0
06071004101,Census Tract 41.01,71,San Bernardino,0.0,94.0,17.0,94.0,17.0,77.0,77.0
06071004104,Census Tract 41.04,71,San Bernardino,0.0,114.0,15.0,114.0,15.0,99.0,99.0
06001450745,Census Tract 4507.45,1,Alameda,0.0,198.0,5.0,198.0,5.0,193.0,193.0
06001981900,Census Tract 9819,1,Alameda,0.0,30.0,6.0,30.0,6.0,24.0,24.0
06071002207,Census Tract 22.07,71,San Bernardino,14.0,143.0,12.0,129.0,0.0,131.0,129.0
06071003605,Census Tract 36.05,71,San Bernardino,0.0,83.0,29.0,83.0,29.0,54.0,54.0
06071003609,Census Tract 36.09,71,San Bernardino,18.0,87.0,22.0,69.0,4.0,65.0,65.0
06071003611,Census Tract 36.11,71,San Bernardino,0.0,91.0,41.0,91.0,41.0,50.0,50.0
06071004301,Census Tract 43.01,71,San Bernardino,0.0,86.0,28.0,86.0,28.0,58.0,58.0
06071004505,Census Tract 45.05,71,San Bernardino,0.0,93.0,26.0,93.0,26.0,67.0,67.0
06001428700,Census Tract 4287,1,Alameda,16.0,116.0,4.0,100.0,0.0,112.0,100.0
06001403701,Census Tract 4037.01,1,Alameda,0.0,48.0,30.0,48.0,30.0,18.0,18.0
06001404102,Census Tract 4041.02,1,Alameda,2.0,53.0,26.0,51.0,24.0,27.0,27.0
06071007305,Census Tract 73.05,71,San Bernardino,0.0,122.0,26.0,122.0,26.0,96.0,96.0
06029006304,Census Tract 63.04,29,Kern,0.0,93.0,12.0,93.0,12.0,81.0,81.0
06029006404,Census Tract 64.04,29,Kern,0.0,73.0,9.0,73.0,9.0,64.0,64.0
06029006403,Census Tract 64.03,29,Kern,0.0,124.0,18.0,124.0,18.0,106.0,106.0
06029005003,Census Tract 50.03,29,Kern,4.0,58.0,10.0,54.0,6.0,48.0,48.0
06037542401,Census Tract 5424.01,37,Los Angeles,12.0,72.0,11.0,60.0,0.0,61.0,60.0
06037542402,Census Tract 5424.02,37,Los Angeles,0.0,71.0,10.0,71.0,10.0,61.0,61.0
06037542502,Census Tract 5425.02,37,Los Angeles,0.0,88.0,13.0,88.0,13.0,75.0,75.0
06071002606,Census Tract 26.06,71,San Bernardino,0.0,163.0,20.0,163.0,20.0,143.0,143.0
06071002307,Census Tract 23.07,71,San Bernardino,0.0,151.0,26.0,151.0,26.0,125.0,125.0
06071002306,Census Tract 23.06,71,San Bernardino,8.0,75.0,15.0,67.0,7.0,60.0,60.0
06071003503,Census Tract 35.03,71,San Bernardino,6.0,110.0,17.0,104.0,11.0,93.0,93.0
06071005701,Census Tract 57.01,71,San Bernardino,16.0,48.0,18.0,32.0,2.0,30.0,30.0
06097150203,Census Tract 1502.03,97,Sonoma,0.0,111.0,14.0,111.0,14.0,97.0,97.0
06097150204,Census Tract 1502.04,97,Sonoma,6.0,80.0,18.0,74.0,12.0,62.0,62.0
06097150306,Census Tract 1503.06,97,Sonoma,0.0,82.0,8.0,82.0,8.0,74.0,74.0
06001425103,Census Tract 4251.03,1,Alameda,12.0,52.0,13.0,40.0,1.0,39.0,39.0
06001435103,Census Tract 4351.03,1,Alameda,2.0,131.0,2.0,129.0,0.0,129.0,129.0
06001437702,Census Tract 4377.02,1,Alameda,0.0,77.0,21.0,77.0,21.0,56.0,56.0
06097152906,Census Tract 1529.06,97,Sonoma,4.0,153.0,6.0,149.0,2.0,147.0,147.0
06097153806,Census Tract 1538.06,97,Sonoma,12.0,76.0,23.0,64.0,11.0,53.0,53.0
06071003507,Census Tract 35.07,71,San Bernardino,0.0,107.0,26.0,107.0,26.0,81.0,81.0
06071003510,Census Tract 35.10,71,San Bernardino,0.0,84.0,21.0,84.0,21.0,63.0,63.0
06071003603,Census Tract 36.03,71,San Bernardino,0.0,92.0,29.0,92.0,29.0,63.0,63.0
06071003405,Census Tract 34.05,71,San Bernardino,0.0,115.0,34.0,115.0,34.0,81.0,81.0
06071003102,Census Tract 31.02,71,San Bernardino,0.0,144.0,29.0,144.0,29.0,115.0,115.0
06071002803,Census Tract 28.03,71,San Bernardino,0.0,87.0,33.0,87.0,33.0,54.0,54.0
06001440334,Census Tract 4403.34,1,Alameda,0.0,85.0,12.0,85.0,12.0,73.0,73.0
06001441523,Census Tract 4415.23,1,Alameda,0.0,81.0,18.0,81.0,18.0,63.0,63.0
06037574400,Census Tract 5744,37,Los Angeles,0.0,109.0,7.0,109.0,7.0,102.0,102.0
06037574500,Census Tract 5745,37,Los Angeles,0.0,145.0,8.0,145.0,8.0,137.0,137.0
06037574602,Census Tract 5746.02,37,Los Angeles,0.0,40.0,17.0,40.0,17.0,23.0,23.0
06037574800,Census Tract 5748,37,Los Angeles,0.0,62.0,12.0,62.0,12.0,50.0,50.0
06037574901,Census Tract 5749.01,37,Los Angeles,6.0,76.0,11.0,70.0,5.0,65.0,65.0
06037574902,Census Tract 5749.02,37,Los Angeles,10.0,111.0,14.0,101.0,4.0,97.0,97.0
06037575001,Census Tract 5750.01,37,Los Angeles,0.0,76.0,13.0,76.0,13.0,63.0,63.0
06037575002,Census Tract 5750.02,37,Los Angeles,4.0,69.0,13.0,65.0,9.0,56.0,56.0
06071003301,Census Tract 33.01,71,San Bernardino,0.0,106.0,24.0,106.0,24.0,82.0,82.0
06071003101,Census Tract 31.01,71,San Bernardino,0.0,92.0,28.0,92.0,28.0,64.0,64.0
06097150612,Census Tract 1506.12,97,Sonoma,33.0,108.0,2.0,75.0,0.0,106.0,75.0
06097150611,Census Tract 1506.11,97,Sonoma,0.0,112.0,17.0,112.0,17.0,95.0,95.0
06097150609,Census Tract 1506.09,97,Sonoma,5.0,132.0,19.0,127.0,14.0,113.0,113.0
06097153807,Census Tract 1538.07,97,Sonoma,0.0,89.0,4.0,89.0,4.0,85.0,85.0
06097153808,Census Tract 1538.08,97,Sonoma,15.0,95.0,17.0,80.0,2.0,78.0,78.0
06097154201,Census Tract 1542.01,97,Sonoma,0.0,118.0,6.0,118.0,6.0,112.0,112.0
06037602900,Census Tract 6029,37,Los Angeles,0.0,102.0,8.0,102.0,8.0,94.0,94.0
06037603004,Census Tract 6030.04,37,Los Angeles,1.0,46.0,27.0,45.0,26.0,19.0,19.0
06071003302,Census Tract 33.02,71,San Bernardino,3.0,197.0,20.0,194.0,17.0,177.0,177.0
06071003606,Census Tract 36.06,71,San Bernardino,0.0,113.0,21.0,113.0,21.0,92.0,92.0
06071003612,Census Tract 36.12,71,San Bernardino,5.0,95.0,19.0,90.0,14.0,76.0,76.0
06071004003,Census Tract 40.03,71,San Bernardino,0.0,134.0,12.0,134.0,12.0,122.0,122.0
06071004001,Census Tract 40.01,71,San Bernardino,0.0,91.0,18.0,91.0,18.0,73.0,73.0
06097152905,Census Tract 1529.05,97,Sonoma,0.0,95.0,26.0,95.0,26.0,69.0,69.0
06037503301,Census Tract 5033.01,37,Los Angeles,0.0,71.0,12.0,71.0,12.0,59.0,59.0
06037503302,Census Tract 5033.02,37,Los Angeles,0.0,132.0,10.0,132.0,10.0,122.0,122.0
06097153103,Census Tract 1531.03,97,Sonoma,0.0,119.0,23.0,119.0,23.0,96.0,96.0
06097153804,Census Tract 1538.04,97,Sonoma,2.0,94.0,26.0,92.0,24.0,68.0,68.0
06067005205,Census Tract 52.05,67,Sacramento,30.0,67.0,9.0,37.0,0.0,58.0,37.0
06067007016,Census Tract 70.16,67,Sacramento,9.0,141.0,12.0,132.0,3.0,129.0,129.0
06071004103,Census Tract 41.03,71,San Bernardino,0.0,128.0,19.0,128.0,19.0,109.0,109.0
06071003607,Census Tract 36.07,71,San Bernardino,0.0,123.0,24.0,123.0,24.0,99.0,99.0
06037503401,Census Tract 5034.01,37,Los Angeles,0.0,218.0,9.0,218.0,9.0,209.0,209.0
06071003804,Census Tract 38.04,71,San Bernardino,0.0,105.0,18.0,105.0,18.0,87.0,87.0
06071004302,Census Tract 43.02,71,San Bernardino,6.0,75.0,19.0,69.0,13.0,56.0,56.0
06067007020,Census Tract 70.20,67,Sacramento,0.0,106.0,17.0,106.0,17.0,89.0,89.0
06067007428,Census Tract 74.28,67,Sacramento,2.0,62.0,24.0,60.0,22.0,38.0,38.0
06067008506,Census Tract 85.06,67,Sacramento,2.0,60.0,26.0,58.0,24.0,34.0,34.0
06067008509,Census Tract 85.09,67,Sacramento,0.0,97.0,18.0,97.0,18.0,79.0,79.0
06067009011,Census Tract 90.11,67,Sacramento,6.0,142.0,12.0,136.0,6.0,130.0,130.0
06071003803,Census Tract 38.03,71,San Bernardino,0.0,102.0,26.0,102.0,26.0,76.0,76.0
06071006604,Census Tract 66.04,71,San Bernardino,0.0,75.0,33.0,75.0,33.0,42.0,42.0
06071006603,Census Tract 66.03,71,San Bernardino,0.0,109.0,24.0,109.0,24.0,85.0,85.0
06071004403,Census Tract 44.03,71,San Bernardino,0.0,97.0,29.0,97.0,29.0,68.0,68.0
06071004404,Census Tract 44.04,71,San Bernardino,0.0,104.0,26.0,104.0,26.0,78.0,78.0
06067009622,Census Tract 96.22,67,Sacramento,0.0,215.0,16.0,215.0,16.0,199.0,199.0
06067005301,Census Tract 53.01,67,Sacramento,35.0,59.0,11.0,24.0,0.0,48.0,24.0
06067005903,Census Tract 59.03,67,Sacramento,0.0,56.0,33.0,56.0,33.0,23.0,23.0
06067007019,Census Tract 70.19,67,Sacramento,24.0,73.0,11.0,49.0,0.0,62.0,49.0
06067007103,Census Tract 71.03,67,Sacramento,18.0,95.0,18.0,77.0,0.0,77.0,77.0
06037503902,Census Tract 5039.02,37,Los Angeles,10.0,113.0,6.0,103.0,0.0,107.0,103.0
06059063009,Census Tract 630.09,59,Orange,12.0,48.0,14.0,36.0,2.0,34.0,34.0
06037542601,Census Tract 5426.01,37,Los Angeles,0.0,57.0,17.0,57.0,17.0,40.0,40.0
06037542602,Census Tract 5426.02,37,Los Angeles,0.0,98.0,14.0,98.0,14.0,84.0,84.0
06037542700,Census Tract 5427,37,Los Angeles,0.0,118.0,13.0,118.0,13.0,105.0,105.0
06037542800,Census Tract 5428,37,Los Angeles,0.0,65.0,14.0,65.0,14.0,51.0,51.0
06065044605,Census Tract 446.05,65,Riverside,2.0,106.0,15.0,104.0,13.0,91.0,91.0
06065048800,Census Tract 488,65,Riverside,0.0,79.0,15.0,79.0,15.0,64.0,64.0
06065031602,Census Tract 316.02,65,Riverside,0.0,120.0,25.0,120.0,25.0,95.0,95.0
06065040611,Census Tract 406.11,65,Riverside,8.0,153.0,21.0,145.0,13.0,132.0,132.0
06037542900,Census Tract 5429,37,Los Angeles,0.0,71.0,14.0,71.0,14.0,57.0,57.0
06059087901,Census Tract 879.01,59,Orange,3.0,73.0,23.0,70.0,20.0,50.0,50.0
06059110115,Census Tract 1101.15,59,Orange,2.0,74.0,19.0,72.0,17.0,55.0,55.0
06059087404,Census Tract 874.04,59,Orange,0.0,96.0,34.0,96.0,34.0,62.0,62.0
06037575201,Census Tract 5752.01,37,Los Angeles,0.0,61.0,17.0,61.0,17.0,44.0,44.0
06037575401,Census Tract 5754.01,37,Los Angeles,0.0,59.0,14.0,59.0,14.0,45.0,45.0
06037575402,Census Tract 5754.02,37,Los Angeles,0.0,54.0,23.0,54.0,23.0,31.0,31.0
06085503326,Census Tract 5033.26,85,Santa Clara,0.0,202.0,8.0,202.0,8.0,194.0,194.0
06037575802,Census Tract 5758.02,37,Los Angeles,0.0,61.0,23.0,61.0,23.0,38.0,38.0
06037575901,Census Tract 5759.01,37,Los Angeles,0.0,57.0,18.0,57.0,18.0,39.0,39.0
06037575902,Census Tract 5759.02,37,Los Angeles,0.0,78.0,22.0,78.0,22.0,56.0,56.0
06037576200,Census Tract 5762,37,Los Angeles,21.0,85.0,15.0,64.0,0.0,70.0,64.0
06037603101,Census Tract 6031.01,37,Los Angeles,0.0,103.0,14.0,103.0,14.0,89.0,89.0
06037603200,Census Tract 6032,37,Los Angeles,0.0,60.0,12.0,60.0,12.0,48.0,48.0
06037603301,Census Tract 6033.01,37,Los Angeles,2.0,72.0,13.0,70.0,11.0,59.0,59.0
06037603302,Census Tract 6033.02,37,Los Angeles,20.0,90.0,12.0,70.0,0.0,78.0,70.0
06037603400,Census Tract 6034,37,Los Angeles,4.0,86.0,12.0,82.0,8.0,74.0,74.0
06037603500,Census Tract 6035,37,Los Angeles,0.0,62.0,14.0,62.0,14.0,48.0,48.0
06037603600,Census Tract 6036,37,Los Angeles,0.0,85.0,13.0,85.0,13.0,72.0,72.0
06085512603,Census Tract 5126.03,85,Santa Clara,8.0,112.0,11.0,104.0,3.0,101.0,101.0
06085512042,Census Tract 5120.42,85,Santa Clara,0.0,63.0,20.0,63.0,20.0,43.0,43.0
06085511301,Census Tract 5113.01,85,Santa Clara,0.0,78.0,17.0,78.0,17.0,61.0,61.0
06085512312,Census Tract 5123.12,85,Santa Clara,0.0,98.0,14.0,98.0,14.0,84.0,84.0
06037603702,Census Tract 6037.02,37,Los Angeles,0.0,85.0,8.0,85.0,8.0,77.0,77.0
06065040812,Census Tract 408.12,65,Riverside,2.0,77.0,18.0,75.0,16.0,59.0,59.0
06065040815,Census Tract 408.15,65,Riverside,8.0,79.0,29.0,71.0,21.0,50.0,50.0
06037503601,Census Tract 5036.01,37,Los Angeles,0.0,88.0,11.0,88.0,11.0,77.0,77.0
06037503602,Census Tract 5036.02,37,Los Angeles,16.0,81.0,7.0,65.0,0.0,74.0,65.0
06037503701,Census Tract 5037.01,37,Los Angeles,0.0,101.0,12.0,101.0,12.0,89.0,89.0
06037503702,Census Tract 5037.02,37,Los Angeles,10.0,99.0,10.0,89.0,0.0,89.0,89.0
06065040816,Census Tract 408.16,65,Riverside,0.0,59.0,26.0,59.0,26.0,33.0,33.0
06065045212,Census Tract 452.12,65,Riverside,0.0,49.0,20.0,49.0,20.0,29.0,29.0
06101050401,Census Tract 504.01,101,Sutter,0.0,83.0,41.0,83.0,41.0,42.0,42.0
06101050402,Census Tract 504.02,101,Sutter,0.0,91.0,18.0,91.0,18.0,73.0,73.0
06085503327,Census Tract 5033.27,85,Santa Clara,8.0,104.0,14.0,96.0,6.0,90.0,90.0
06085512039,Census Tract 5120.39,85,Santa Clara,0.0,120.0,14.0,120.0,14.0,106.0,106.0
06065045213,Census Tract 452.13,65,Riverside,0.0,111.0,19.0,111.0,19.0,92.0,92.0
06065045214,Census Tract 452.14,65,Riverside,0.0,148.0,14.0,148.0,14.0,134.0,134.0
06065045216,Census Tract 452.16,65,Riverside,0.0,57.0,17.0,57.0,17.0,40.0,40.0
06065045224,Census Tract 452.24,65,Riverside,1.0,115.0,15.0,114.0,14.0,100.0,100.0
06065045226,Census Tract 452.26,65,Riverside,0.0,135.0,20.0,135.0,20.0,115.0,115.0
06037576403,Census Tract 5764.03,37,Los Angeles,0.0,67.0,23.0,67.0,23.0,44.0,44.0
06037576502,Census Tract 5765.02,37,Los Angeles,0.0,79.0,23.0,79.0,23.0,56.0,56.0
06037576602,Census Tract 5766.02,37,Los Angeles,2.0,45.0,6.0,43.0,4.0,39.0,39.0
06037576700,Census Tract 5767,37,Los Angeles,4.0,79.0,8.0,75.0,4.0,71.0,71.0
06037576801,Census Tract 5768.01,37,Los Angeles,0.0,66.0,18.0,66.0,18.0,48.0,48.0
06037576802,Census Tract 5768.02,37,Los Angeles,0.0,84.0,19.0,84.0,19.0,65.0,65.0
06037576901,Census Tract 5769.01,37,Los Angeles,0.0,73.0,19.0,73.0,19.0,54.0,54.0
06037577000,Census Tract 5770,37,Los Angeles,0.0,110.0,9.0,110.0,9.0,101.0,101.0
06037577100,Census Tract 5771,37,Los Angeles,0.0,158.0,12.0,158.0,12.0,146.0,146.0
06037577200,Census Tract 5772,37,Los Angeles,0.0,103.0,7.0,103.0,7.0,96.0,96.0
06037577300,Census Tract 5773,37,Los Angeles,12.0,114.0,7.0,102.0,0.0,107.0,102.0
06037577400,Census Tract 5774,37,Los Angeles,0.0,61.0,16.0,61.0,16.0,45.0,45.0
06055201200,Census Tract 2012,55,Napa,12.0,94.0,3.0,82.0,0.0,91.0,82.0
06037577501,Census Tract 5775.01,37,Los Angeles,2.0,62.0,11.0,60.0,9.0,51.0,51.0
06037609900,Census Tract 6099,37,Los Angeles,0.0,45.0,18.0,45.0,18.0,27.0,27.0
06037620002,Census Tract 6200.02,37,Los Angeles,13.0,80.0,12.0,67.0,0.0,68.0,67.0
06037620101,Census Tract 6201.01,37,Los Angeles,0.0,126.0,11.0,126.0,11.0,115.0,115.0
06037620102,Census Tract 6201.02,37,Los Angeles,2.0,94.0,14.0,92.0,12.0,80.0,80.0
06001406900,Census Tract 4069,1,Alameda,0.0,69.0,13.0,69.0,13.0,56.0,56.0
06001422100,Census Tract 4221,1,Alameda,4.0,58.0,17.0,54.0,13.0,41.0,41.0
06001422200,Census Tract 4222,1,Alameda,2.0,57.0,15.0,55.0,13.0,42.0,42.0
06001422300,Census Tract 4223,1,Alameda,0.0,55.0,17.0,55.0,17.0,38.0,38.0
06001422400,Census Tract 4224,1,Alameda,2.0,51.0,18.0,49.0,16.0,33.0,33.0
06037503801,Census Tract 5038.01,37,Los Angeles,0.0,78.0,11.0,78.0,11.0,67.0,67.0
06037503802,Census Tract 5038.02,37,Los Angeles,4.0,118.0,11.0,114.0,7.0,107.0,107.0
06061022500,Census Tract 225,61,Placer,0.0,189.0,9.0,189.0,9.0,180.0,180.0
06061020805,Census Tract 208.05,61,Placer,6.0,93.0,23.0,87.0,17.0,70.0,70.0
06061020715,Census Tract 207.15,61,Placer,0.0,66.0,28.0,66.0,28.0,38.0,38.0
06037503901,Census Tract 5039.01,37,Los Angeles,0.0,53.0,14.0,53.0,14.0,39.0,39.0
06037504001,Census Tract 5040.01,37,Los Angeles,0.0,83.0,11.0,83.0,11.0,72.0,72.0
06061021131,Census Tract 211.31,61,Placer,0.0,123.0,25.0,123.0,25.0,98.0,98.0
06061021130,Census Tract 211.30,61,Placer,0.0,59.0,35.0,59.0,35.0,24.0,24.0
06037534406,Census Tract 5344.06,37,Los Angeles,0.0,68.0,20.0,68.0,20.0,48.0,48.0
06037534502,Census Tract 5345.02,37,Los Angeles,0.0,64.0,17.0,64.0,17.0,47.0,47.0
06037534802,Census Tract 5348.02,37,Los Angeles,0.0,50.0,20.0,50.0,20.0,30.0,30.0
06037534803,Census Tract 5348.03,37,Los Angeles,0.0,71.0,16.0,71.0,16.0,55.0,55.0
06037534804,Census Tract 5348.04,37,Los Angeles,0.0,71.0,21.0,71.0,21.0,50.0,50.0
06015000104,Census Tract 1.04,15,Del Norte,9.0,64.0,54.0,55.0,45.0,10.0,10.0
06065042738,Census Tract 427.38,65,Riverside,0.0,269.0,15.0,269.0,15.0,254.0,254.0
06065042739,Census Tract 427.39,65,Riverside,0.0,313.0,10.0,313.0,10.0,303.0,303.0
06065042740,Census Tract 427.40,65,Riverside,0.0,53.0,29.0,53.0,29.0,24.0,24.0
06065042741,Census Tract 427.41,65,Riverside,0.0,61.0,25.0,61.0,25.0,36.0,36.0
06065042742,Census Tract 427.42,65,Riverside,27.0,241.0,14.0,214.0,0.0,227.0,214.0
06065045233,Census Tract 452.33,65,Riverside,0.0,112.0,17.0,112.0,17.0,95.0,95.0
06065045606,Census Tract 456.06,65,Riverside,6.0,78.0,7.0,72.0,1.0,71.0,71.0
06065042720,Census Tract 427.20,65,Riverside,0.0,188.0,6.0,188.0,6.0,182.0,182.0
06065044510,Census Tract 445.10,65,Riverside,4.0,131.0,18.0,127.0,14.0,113.0,113.0
06065030900,Census Tract 309,65,Riverside,2.0,71.0,13.0,69.0,11.0,58.0,58.0
06037550700,Census Tract 5507,37,Los Angeles,0.0,157.0,9.0,157.0,9.0,148.0,148.0
06111004901,Census Tract 49.01,111,Ventura,6.0,190.0,20.0,184.0,14.0,170.0,170.0
06111004902,Census Tract 49.02,111,Ventura,3.0,78.0,8.0,75.0,5.0,70.0,70.0
06111005204,Census Tract 52.04,111,Ventura,0.0,81.0,13.0,81.0,13.0,68.0,68.0
06037577602,Census Tract 5776.02,37,Los Angeles,4.0,63.0,11.0,59.0,7.0,52.0,52.0
06037599000,Census Tract 5990,37,Los Angeles,0.0,52.0,7.0,52.0,7.0,45.0,45.0
06037600100,Census Tract 6001,37,Los Angeles,0.0,117.0,15.0,117.0,15.0,102.0,102.0
06037600201,Census Tract 6002.01,37,Los Angeles,0.0,74.0,17.0,74.0,17.0,57.0,57.0
06037600202,Census Tract 6002.02,37,Los Angeles,0.0,108.0,14.0,108.0,14.0,94.0,94.0
06111007513,Census Tract 75.13,111,Ventura,0.0,53.0,19.0,53.0,19.0,34.0,34.0
06111007609,Census Tract 76.09,111,Ventura,4.0,63.0,21.0,59.0,17.0,42.0,42.0
06037600302,Census Tract 6003.02,37,Los Angeles,0.0,52.0,14.0,52.0,14.0,38.0,38.0
06037600400,Census Tract 6004,37,Los Angeles,0.0,72.0,13.0,72.0,13.0,59.0,59.0
06037600501,Census Tract 6005.01,37,Los Angeles,0.0,52.0,16.0,52.0,16.0,36.0,36.0
06037620501,Census Tract 6205.01,37,Los Angeles,21.0,129.0,8.0,108.0,0.0,121.0,108.0
06037620522,Census Tract 6205.22,37,Los Angeles,0.0,91.0,15.0,91.0,15.0,76.0,76.0
06037620601,Census Tract 6206.01,37,Los Angeles,1.0,121.0,11.0,120.0,10.0,110.0,110.0
06061021128,Census Tract 211.28,61,Placer,0.0,83.0,31.0,83.0,31.0,52.0,52.0
06061022100,Census Tract 221,61,Placer,0.0,38.0,4.0,38.0,4.0,34.0,34.0
06061022800,Census Tract 228,61,Placer,0.0,107.0,20.0,107.0,20.0,87.0,87.0
06061023100,Census Tract 231,61,Placer,4.0,439.0,16.0,435.0,12.0,423.0,423.0
06061022900,Census Tract 229,61,Placer,0.0,128.0,26.0,128.0,26.0,102.0,102.0
06061023600,Census Tract 236,61,Placer,0.0,82.0,16.0,82.0,16.0,66.0,66.0
06037504002,Census Tract 5040.02,37,Los Angeles,0.0,107.0,10.0,107.0,10.0,97.0,97.0
06037504101,Census Tract 5041.01,37,Los Angeles,0.0,116.0,12.0,116.0,12.0,104.0,104.0
06107002204,Census Tract 22.04,107,Tulare,0.0,151.0,28.0,151.0,28.0,123.0,123.0
06107002203,Census Tract 22.03,107,Tulare,0.0,107.0,26.0,107.0,26.0,81.0,81.0
06065042743,Census Tract 427.43,65,Riverside,0.0,103.0,10.0,103.0,10.0,93.0,93.0
06065043010,Census Tract 430.10,65,Riverside,0.0,103.0,21.0,103.0,21.0,82.0,82.0
06037534900,Census Tract 5349,37,Los Angeles,0.0,92.0,13.0,92.0,13.0,79.0,79.0
06037535101,Census Tract 5351.01,37,Los Angeles,0.0,116.0,12.0,116.0,12.0,104.0,104.0
06037535102,Census Tract 5351.02,37,Los Angeles,0.0,77.0,17.0,77.0,17.0,60.0,60.0
06037535200,Census Tract 5352,37,Los Angeles,0.0,102.0,14.0,102.0,14.0,88.0,88.0
06037535300,Census Tract 5353,37,Los Angeles,0.0,95.0,12.0,95.0,12.0,83.0,83.0
06037535400,Census Tract 5354,37,Los Angeles,0.0,59.0,15.0,59.0,15.0,44.0,44.0
06037535502,Census Tract 5355.02,37,Los Angeles,0.0,86.0,19.0,86.0,19.0,67.0,67.0
06037535603,Census Tract 5356.03,37,Los Angeles,0.0,64.0,14.0,64.0,14.0,50.0,50.0
06065046601,Census Tract 466.01,65,Riverside,2.0,72.0,20.0,70.0,18.0,52.0,52.0
06065047201,Census Tract 472.01,65,Riverside,0.0,42.0,20.0,42.0,20.0,22.0,22.0
06065048200,Census Tract 482,65,Riverside,0.0,97.0,24.0,97.0,24.0,73.0,73.0
06059011300,Census Tract 113,59,Orange,12.0,115.0,18.0,103.0,6.0,97.0,97.0
06037535605,Census Tract 5356.05,37,Los Angeles,0.0,83.0,19.0,83.0,19.0,64.0,64.0
06059062648,Census Tract 626.48,59,Orange,16.0,72.0,19.0,56.0,3.0,53.0,53.0
06059087505,Census Tract 875.05,59,Orange,0.0,94.0,30.0,94.0,30.0,64.0,64.0
06037551201,Census Tract 5512.01,37,Los Angeles,0.0,71.0,14.0,71.0,14.0,57.0,57.0
06037551300,Census Tract 5513,37,Los Angeles,0.0,104.0,10.0,104.0,10.0,94.0,94.0
06111003802,Census Tract 38.02,111,Ventura,0.0,62.0,32.0,62.0,32.0,30.0,30.0
06111004305,Census Tract 43.05,111,Ventura,0.0,47.0,10.0,47.0,10.0,37.0,37.0
06111004711,Census Tract 47.11,111,Ventura,0.0,64.0,30.0,64.0,30.0,34.0,34.0
06111004715,Census Tract 47.15,111,Ventura,6.0,88.0,5.0,82.0,0.0,83.0,82.0
06111004717,Census Tract 47.17,111,Ventura,0.0,86.0,28.0,86.0,28.0,58.0,58.0
06111005004,Census Tract 50.04,111,Ventura,38.0,263.0,12.0,225.0,0.0,251.0,225.0
06037600601,Census Tract 6006.01,37,Los Angeles,0.0,51.0,16.0,51.0,16.0,35.0,35.0
06037600602,Census Tract 6006.02,37,Los Angeles,9.0,56.0,15.0,47.0,6.0,41.0,41.0
06037600703,Census Tract 6007.03,37,Los Angeles,20.0,45.0,18.0,25.0,0.0,27.0,25.0
06037600704,Census Tract 6007.04,37,Los Angeles,0.0,55.0,13.0,55.0,13.0,42.0,42.0
06037600801,Census Tract 6008.01,37,Los Angeles,0.0,59.0,13.0,59.0,13.0,46.0,46.0
06037600802,Census Tract 6008.02,37,Los Angeles,0.0,54.0,9.0,54.0,9.0,45.0,45.0
06037600902,Census Tract 6009.02,37,Los Angeles,0.0,116.0,14.0,116.0,14.0,102.0,102.0
06037600911,Census Tract 6009.11,37,Los Angeles,0.0,63.0,16.0,63.0,16.0,47.0,47.0
06061023300,Census Tract 233,61,Placer,0.0,159.0,15.0,159.0,15.0,144.0,144.0
06037530005,Census Tract 5300.05,37,Los Angeles,3.0,67.0,8.0,64.0,5.0,59.0,59.0
06037530101,Census Tract 5301.01,37,Los Angeles,5.0,108.0,13.0,103.0,8.0,95.0,95.0
06067007424,Census Tract 74.24,67,Sacramento,0.0,78.0,23.0,78.0,23.0,55.0,55.0
06067005505,Census Tract 55.05,67,Sacramento,7.0,97.0,19.0,90.0,12.0,78.0,78.0
06067009312,Census Tract 93.12,67,Sacramento,0.0,353.0,19.0,353.0,19.0,334.0,334.0
06067003202,Census Tract 32.02,67,Sacramento,0.0,77.0,21.0,77.0,21.0,56.0,56.0
06053010608,Census Tract 106.08,53,Monterey,9.0,85.0,20.0,76.0,11.0,65.0,65.0
06053010506,Census Tract 105.06,53,Monterey,8.0,126.0,32.0,118.0,24.0,94.0,94.0
06053000702,Census Tract 7.02,53,Monterey,0.0,182.0,43.0,182.0,43.0,139.0,139.0
06053001801,Census Tract 18.01,53,Monterey,4.0,106.0,18.0,102.0,14.0,88.0,88.0
06037530102,Census Tract 5301.02,37,Los Angeles,0.0,104.0,11.0,104.0,11.0,93.0,93.0
06037530203,Census Tract 5302.03,37,Los Angeles,1.0,58.0,15.0,57.0,14.0,43.0,43.0
06037530204,Census Tract 5302.04,37,Los Angeles,0.0,74.0,16.0,74.0,16.0,58.0,58.0
06037535701,Census Tract 5357.01,37,Los Angeles,0.0,106.0,15.0,106.0,15.0,91.0,91.0
06037535702,Census Tract 5357.02,37,Los Angeles,2.0,103.0,13.0,101.0,11.0,90.0,90.0
06037535802,Census Tract 5358.02,37,Los Angeles,0.0,110.0,14.0,110.0,14.0,96.0,96.0
06037535803,Census Tract 5358.03,37,Los Angeles,0.0,62.0,20.0,62.0,20.0,42.0,42.0
06037535606,Census Tract 5356.06,37,Los Angeles,0.0,46.0,30.0,46.0,30.0,16.0,16.0
06037535804,Census Tract 5358.04,37,Los Angeles,0.0,113.0,18.0,113.0,18.0,95.0,95.0
06037535901,Census Tract 5359.01,37,Los Angeles,0.0,115.0,14.0,115.0,14.0,101.0,101.0
06037536000,Census Tract 5360,37,Los Angeles,4.0,59.0,11.0,55.0,7.0,48.0,48.0
06067002700,Census Tract 27,67,Sacramento,2.0,58.0,24.0,56.0,22.0,34.0,34.0
06067009406,Census Tract 94.06,67,Sacramento,0.0,44.0,2.0,44.0,2.0,42.0,42.0
06065043227,Census Tract 432.27,65,Riverside,3.0,241.0,16.0,238.0,13.0,225.0,225.0
06065043228,Census Tract 432.28,65,Riverside,4.0,110.0,26.0,106.0,22.0,84.0,84.0
06065043229,Census Tract 432.29,65,Riverside,0.0,100.0,19.0,100.0,19.0,81.0,81.0
06065048300,Census Tract 483,65,Riverside,0.0,139.0,23.0,139.0,23.0,116.0,116.0
06037535607,Census Tract 5356.07,37,Los Angeles,0.0,81.0,13.0,81.0,13.0,68.0,68.0
06037536102,Census Tract 5361.02,37,Los Angeles,13.0,65.0,7.0,52.0,0.0,58.0,52.0
06037540000,Census Tract 5400,37,Los Angeles,0.0,133.0,11.0,133.0,11.0,122.0,122.0
06037540101,Census Tract 5401.01,37,Los Angeles,0.0,117.0,11.0,117.0,11.0,106.0,106.0
06037540102,Census Tract 5401.02,37,Los Angeles,8.0,117.0,11.0,109.0,3.0,106.0,106.0
06065048700,Census Tract 487,65,Riverside,39.0,91.0,14.0,52.0,0.0,77.0,52.0
06065049400,Census Tract 494,65,Riverside,0.0,73.0,11.0,73.0,11.0,62.0,62.0
06065049800,Census Tract 498,65,Riverside,20.0,79.0,11.0,59.0,0.0,68.0,59.0
06037540202,Census Tract 5402.02,37,Los Angeles,0.0,121.0,15.0,121.0,15.0,106.0,106.0
06037540203,Census Tract 5402.03,37,Los Angeles,0.0,94.0,14.0,94.0,14.0,80.0,80.0
06067000200,Census Tract 2,67,Sacramento,0.0,75.0,22.0,75.0,22.0,53.0,53.0
06067000300,Census Tract 3,67,Sacramento,6.0,80.0,23.0,74.0,17.0,57.0,57.0
06067000400,Census Tract 4,67,Sacramento,0.0,106.0,27.0,106.0,27.0,79.0,79.0
06037551700,Census Tract 5517,37,Los Angeles,0.0,122.0,11.0,122.0,11.0,111.0,111.0
06037551900,Census Tract 5519,37,Los Angeles,4.0,110.0,10.0,106.0,6.0,100.0,100.0
06037552100,Census Tract 5521,37,Los Angeles,0.0,107.0,11.0,107.0,11.0,96.0,96.0
06037552200,Census Tract 5522,37,Los Angeles,3.0,145.0,10.0,142.0,7.0,135.0,135.0
06067001800,Census Tract 18,67,Sacramento,0.0,92.0,21.0,92.0,21.0,71.0,71.0
06067001900,Census Tract 19,67,Sacramento,0.0,70.0,26.0,70.0,26.0,44.0,44.0
06067002000,Census Tract 20,67,Sacramento,9.0,65.0,27.0,56.0,18.0,38.0,38.0
06067008137,Census Tract 81.37,67,Sacramento,0.0,51.0,26.0,51.0,26.0,25.0,25.0
06067005102,Census Tract 51.02,67,Sacramento,0.0,84.0,15.0,84.0,15.0,69.0,69.0
06067007423,Census Tract 74.23,67,Sacramento,0.0,109.0,27.0,109.0,27.0,82.0,82.0
06111007610,Census Tract 76.10,111,Ventura,0.0,112.0,19.0,112.0,19.0,93.0,93.0
06111007611,Census Tract 76.11,111,Ventura,5.0,117.0,18.0,112.0,13.0,99.0,99.0
06037600912,Census Tract 6009.12,37,Los Angeles,0.0,76.0,12.0,76.0,12.0,64.0,64.0
06037601001,Census Tract 6010.01,37,Los Angeles,2.0,118.0,14.0,116.0,12.0,104.0,104.0
06037601100,Census Tract 6011,37,Los Angeles,0.0,649.0,16.0,649.0,16.0,633.0,633.0
06037601211,Census Tract 6012.11,37,Los Angeles,4.0,134.0,17.0,130.0,13.0,117.0,117.0
06037601212,Census Tract 6012.12,37,Los Angeles,0.0,476.0,17.0,476.0,17.0,459.0,459.0
06037601301,Census Tract 6013.01,37,Los Angeles,0.0,47.0,16.0,47.0,16.0,31.0,31.0
06067008905,Census Tract 89.05,67,Sacramento,0.0,115.0,21.0,115.0,21.0,94.0,94.0
06067009307,Census Tract 93.07,67,Sacramento,0.0,128.0,17.0,128.0,17.0,111.0,111.0
06067004201,Census Tract 42.01,67,Sacramento,0.0,113.0,20.0,113.0,20.0,93.0,93.0
06111008700,Census Tract 87,111,Ventura,1.0,142.0,20.0,141.0,19.0,122.0,122.0
06111008800,Census Tract 88,111,Ventura,0.0,135.0,24.0,135.0,24.0,111.0,111.0
06111008900,Census Tract 89,111,Ventura,0.0,74.0,34.0,74.0,34.0,40.0,40.0
06111009100,Census Tract 91,111,Ventura,2.0,131.0,14.0,129.0,12.0,117.0,117.0
06037601302,Census Tract 6013.02,37,Los Angeles,0.0,127.0,12.0,127.0,12.0,115.0,115.0
06037601401,Census Tract 6014.01,37,Los Angeles,0.0,706.0,10.0,706.0,10.0,696.0,696.0
06067001300,Census Tract 13,67,Sacramento,0.0,98.0,30.0,98.0,30.0,68.0,68.0
06067001400,Census Tract 14,67,Sacramento,10.0,72.0,30.0,62.0,20.0,42.0,42.0
06067001500,Census Tract 15,67,Sacramento,10.0,130.0,20.0,120.0,10.0,110.0,110.0
06053001802,Census Tract 18.02,53,Monterey,0.0,131.0,25.0,131.0,25.0,106.0,106.0
06053000502,Census Tract 5.02,53,Monterey,0.0,107.0,18.0,107.0,18.0,89.0,89.0
06053000501,Census Tract 5.01,53,Monterey,0.0,141.0,42.0,141.0,42.0,99.0,99.0
06053010505,Census Tract 105.05,53,Monterey,0.0,123.0,32.0,123.0,32.0,91.0,91.0
06053011204,Census Tract 112.04,53,Monterey,0.0,79.0,2.0,79.0,2.0,77.0,77.0
06053014202,Census Tract 142.02,53,Monterey,0.0,104.0,30.0,104.0,30.0,74.0,74.0
06053014201,Census Tract 142.01,53,Monterey,0.0,144.0,24.0,144.0,24.0,120.0,120.0
06067007602,Census Tract 76.02,67,Sacramento,10.0,99.0,17.0,89.0,7.0,82.0,82.0
06067005508,Census Tract 55.08,67,Sacramento,0.0,68.0,27.0,68.0,27.0,41.0,41.0
06067003600,Census Tract 36,67,Sacramento,0.0,51.0,24.0,51.0,24.0,27.0,27.0
06067008912,Census Tract 89.12,67,Sacramento,0.0,69.0,19.0,69.0,19.0,50.0,50.0
06053010607,Census Tract 106.07,53,Monterey,0.0,93.0,45.0,93.0,45.0,48.0,48.0
06037540300,Census Tract 5403,37,Los Angeles,0.0,80.0,10.0,80.0,10.0,70.0,70.0
06037540400,Census Tract 5404,37,Los Angeles,0.0,47.0,22.0,47.0,22.0,25.0,25.0
06037540501,Census Tract 5405.01,37,Los Angeles,2.0,92.0,11.0,90.0,9.0,81.0,81.0
06037540600,Census Tract 5406,37,Los Angeles,0.0,74.0,13.0,74.0,13.0,61.0,61.0
06037540700,Census Tract 5407,37,Los Angeles,9.0,55.0,12.0,46.0,3.0,43.0,43.0
06067007415,Census Tract 74.15,67,Sacramento,0.0,61.0,22.0,61.0,22.0,39.0,39.0
06067008140,Census Tract 81.40,67,Sacramento,0.0,54.0,21.0,54.0,21.0,33.0,33.0
06067008008,Census Tract 80.08,67,Sacramento,2.0,104.0,16.0,102.0,14.0,88.0,88.0
06067009110,Census Tract 91.10,67,Sacramento,0.0,45.0,35.0,45.0,35.0,10.0,10.0
06067003501,Census Tract 35.01,67,Sacramento,0.0,53.0,25.0,53.0,25.0,28.0,28.0
06037540901,Census Tract 5409.01,37,Los Angeles,0.0,84.0,12.0,84.0,12.0,72.0,72.0
06037540902,Census Tract 5409.02,37,Los Angeles,0.0,73.0,8.0,73.0,8.0,65.0,65.0
06075012901,Census Tract 129.01,75,San Francisco,0.0,50.0,8.0,50.0,8.0,42.0,42.0
06075015802,Census Tract 158.02,75,San Francisco,0.0,49.0,8.0,49.0,8.0,41.0,41.0
06065045110,Census Tract 451.10,65,Riverside,0.0,113.0,26.0,113.0,26.0,87.0,87.0
06085508900,Census Tract 5089,85,Santa Clara,0.0,99.0,17.0,99.0,17.0,82.0,82.0
06037273700,Census Tract 2737,37,Los Angeles,0.0,54.0,15.0,54.0,15.0,39.0,39.0
06037273800,Census Tract 2738,37,Los Angeles,2.0,56.0,15.0,54.0,13.0,41.0,41.0
06085512019,Census Tract 5120.19,85,Santa Clara,12.0,91.0,16.0,79.0,4.0,75.0,75.0
06085512021,Census Tract 5120.21,85,Santa Clara,0.0,131.0,13.0,131.0,13.0,118.0,118.0
06067006004,Census Tract 60.04,67,Sacramento,0.0,48.0,24.0,48.0,24.0,24.0,24.0
06067007906,Census Tract 79.06,67,Sacramento,0.0,67.0,20.0,67.0,20.0,47.0,47.0
06067009314,Census Tract 93.14,67,Sacramento,4.0,150.0,12.0,146.0,8.0,138.0,138.0
06067008207,Census Tract 82.07,67,Sacramento,0.0,102.0,14.0,102.0,14.0,88.0,88.0
06067009501,Census Tract 95.01,67,Sacramento,0.0,62.0,3.0,62.0,3.0,59.0,59.0
06067009403,Census Tract 94.03,67,Sacramento,0.0,63.0,3.0,63.0,3.0,60.0,60.0
06037274100,Census Tract 2741,37,Los Angeles,8.0,92.0,16.0,84.0,8.0,76.0,76.0
06037552400,Census Tract 5524,37,Los Angeles,0.0,52.0,13.0,52.0,13.0,39.0,39.0
06037552602,Census Tract 5526.02,37,Los Angeles,0.0,74.0,11.0,74.0,11.0,63.0,63.0
06083002211,Census Tract 22.11,83,Santa Barbara,10.0,109.0,8.0,99.0,0.0,101.0,99.0
06067009007,Census Tract 90.07,67,Sacramento,0.0,60.0,27.0,60.0,27.0,33.0,33.0
06067009008,Census Tract 90.08,67,Sacramento,0.0,118.0,22.0,118.0,22.0,96.0,96.0
06067009106,Census Tract 91.06,67,Sacramento,4.0,70.0,20.0,66.0,16.0,50.0,50.0
06067009103,Census Tract 91.03,67,Sacramento,10.0,72.0,20.0,62.0,10.0,52.0,52.0
06085512022,Census Tract 5120.22,85,Santa Clara,0.0,152.0,16.0,152.0,16.0,136.0,136.0
06067009323,Census Tract 93.23,67,Sacramento,2.0,139.0,14.0,137.0,12.0,125.0,125.0
06067009107,Census Tract 91.07,67,Sacramento,18.0,86.0,18.0,68.0,0.0,68.0,68.0
06067009601,Census Tract 96.01,67,Sacramento,31.0,94.0,11.0,63.0,0.0,83.0,63.0
06067009608,Census Tract 96.08,67,Sacramento,4.0,326.0,14.0,322.0,10.0,312.0,312.0
06067007903,Census Tract 79.03,67,Sacramento,0.0,93.0,17.0,93.0,17.0,76.0,76.0
06067005506,Census Tract 55.06,67,Sacramento,0.0,64.0,24.0,64.0,24.0,40.0,40.0
06065042514,Census Tract 425.14,65,Riverside,0.0,66.0,33.0,66.0,33.0,33.0,33.0
06085509102,Census Tract 5091.02,85,Santa Clara,28.0,104.0,9.0,76.0,0.0,95.0,76.0
06097154202,Census Tract 1542.02,97,Sonoma,6.0,339.0,2.0,333.0,0.0,337.0,333.0
06097150305,Census Tract 1503.05,97,Sonoma,6.0,111.0,16.0,105.0,10.0,95.0,95.0
06097151601,Census Tract 1516.01,97,Sonoma,0.0,65.0,4.0,65.0,4.0,61.0,61.0
06075031301,Census Tract 313.01,75,San Francisco,0.0,58.0,5.0,58.0,5.0,53.0,53.0
06075031302,Census Tract 313.02,75,San Francisco,0.0,71.0,4.0,71.0,4.0,67.0,67.0
06075032601,Census Tract 326.01,75,San Francisco,0.0,70.0,5.0,70.0,5.0,65.0,65.0
06065042515,Census Tract 425.15,65,Riverside,0.0,69.0,28.0,69.0,28.0,41.0,41.0
06065042517,Census Tract 425.17,65,Riverside,0.0,65.0,34.0,65.0,34.0,31.0,31.0
06065042513,Census Tract 425.13,65,Riverside,0.0,62.0,31.0,62.0,31.0,31.0,31.0
06065042518,Census Tract 425.18,65,Riverside,0.0,71.0,33.0,71.0,33.0,38.0,38.0
06065042519,Census Tract 425.19,65,Riverside,0.0,44.0,34.0,44.0,34.0,10.0,10.0
06085510002,Census Tract 5100.02,85,Santa Clara,2.0,106.0,12.0,104.0,10.0,94.0,94.0
06085510100,Census Tract 5101,85,Santa Clara,0.0,70.0,12.0,70.0,12.0,58.0,58.0
06075032902,Census Tract 329.02,75,San Francisco,4.0,64.0,5.0,60.0,1.0,59.0,59.0
06075047802,Census Tract 478.02,75,San Francisco,0.0,60.0,6.0,60.0,6.0,54.0,54.0
06085503312,Census Tract 5033.12,85,Santa Clara,8.0,68.0,4.0,60.0,0.0,64.0,60.0
06085507205,Census Tract 5072.05,85,Santa Clara,0.0,93.0,9.0,93.0,9.0,84.0,84.0
06085508800,Census Tract 5088,85,Santa Clara,3.0,80.0,20.0,77.0,17.0,60.0,60.0
06071008714,Census Tract 87.14,71,San Bernardino,0.0,91.0,20.0,91.0,20.0,71.0,71.0
06071007307,Census Tract 73.07,71,San Bernardino,4.0,86.0,7.0,82.0,3.0,79.0,79.0
06071006501,Census Tract 65.01,71,San Bernardino,1.0,93.0,22.0,92.0,21.0,71.0,71.0
06071006502,Census Tract 65.02,71,San Bernardino,0.0,61.0,26.0,61.0,26.0,35.0,35.0
06071006303,Census Tract 63.03,71,San Bernardino,0.0,88.0,30.0,88.0,30.0,58.0,58.0
06071005601,Census Tract 56.01,71,San Bernardino,0.0,70.0,30.0,70.0,30.0,40.0,40.0
06071005602,Census Tract 56.02,71,San Bernardino,0.0,58.0,42.0,58.0,42.0,16.0,16.0
06071002046,Census Tract 20.46,71,San Bernardino,0.0,203.0,17.0,203.0,17.0,186.0,186.0
06071002047,Census Tract 20.47,71,San Bernardino,20.0,80.0,25.0,60.0,5.0,55.0,55.0
06071002610,Census Tract 26.10,71,San Bernardino,0.0,71.0,37.0,71.0,37.0,34.0,34.0
06071002611,Census Tract 26.11,71,San Bernardino,0.0,93.0,16.0,93.0,16.0,77.0,77.0
06071002048,Census Tract 20.48,71,San Bernardino,0.0,92.0,26.0,92.0,26.0,66.0,66.0
06071002051,Census Tract 20.51,71,San Bernardino,1.0,94.0,27.0,93.0,26.0,67.0,67.0
06071002049,Census Tract 20.49,71,San Bernardino,0.0,66.0,49.0,66.0,49.0,17.0,17.0
06071002050,Census Tract 20.50,71,San Bernardino,0.0,114.0,29.0,114.0,29.0,85.0,85.0
06071002503,Census Tract 25.03,71,San Bernardino,0.0,92.0,29.0,92.0,29.0,63.0,63.0
06071002504,Census Tract 25.04,71,San Bernardino,0.0,76.0,29.0,76.0,29.0,47.0,47.0
06071002405,Census Tract 24.05,71,San Bernardino,0.0,118.0,27.0,118.0,27.0,91.0,91.0
06071001909,Census Tract 19.09,71,San Bernardino,0.0,63.0,12.0,63.0,12.0,51.0,51.0
06071000305,Census Tract 3.05,71,San Bernardino,0.0,121.0,44.0,121.0,44.0,77.0,77.0
06071000120,Census Tract 1.20,71,San Bernardino,0.0,320.0,17.0,320.0,17.0,303.0,303.0
06071011601,Census Tract 116.01,71,San Bernardino,0.0,141.0,8.0,141.0,8.0,133.0,133.0
06071009502,Census Tract 95.02,71,San Bernardino,0.0,65.0,18.0,65.0,18.0,47.0,47.0
06071001907,Census Tract 19.07,71,San Bernardino,20.0,1466.0,8.0,1446.0,0.0,1458.0,1446.0
06071011802,Census Tract 118.02,71,San Bernardino,4.0,54.0,4.0,50.0,0.0,50.0,50.0
06071009501,Census Tract 95.01,71,San Bernardino,14.0,57.0,23.0,43.0,9.0,34.0,34.0
06071009915,Census Tract 99.15,71,San Bernardino,0.0,75.0,14.0,75.0,14.0,61.0,61.0
06071009726,Census Tract 97.26,71,San Bernardino,0.0,66.0,13.0,66.0,13.0,53.0,53.0
06071009722,Census Tract 97.22,71,San Bernardino,0.0,75.0,15.0,75.0,15.0,60.0,60.0
06071009723,Census Tract 97.23,71,San Bernardino,0.0,130.0,11.0,130.0,11.0,119.0,119.0
06071009918,Census Tract 99.18,71,San Bernardino,8.0,56.0,22.0,48.0,14.0,34.0,34.0
06071009917,Census Tract 99.17,71,San Bernardino,24.0,119.0,18.0,95.0,0.0,101.0,95.0
06071009916,Census Tract 99.16,71,San Bernardino,4.0,93.0,16.0,89.0,12.0,77.0,77.0
06071010027,Census Tract 100.27,71,San Bernardino,0.0,80.0,19.0,80.0,19.0,61.0,61.0
06071010039,Census Tract 100.39,71,San Bernardino,8.0,57.0,18.0,49.0,10.0,39.0,39.0
06071009725,Census Tract 97.25,71,San Bernardino,0.0,98.0,11.0,98.0,11.0,87.0,87.0
06071009727,Census Tract 97.27,71,San Bernardino,0.0,101.0,21.0,101.0,21.0,80.0,80.0
06071010036,Census Tract 100.36,71,San Bernardino,5.0,86.0,16.0,81.0,11.0,70.0,70.0
06071010037,Census Tract 100.37,71,San Bernardino,0.0,115.0,12.0,115.0,12.0,103.0,103.0
06071011408,Census Tract 114.08,71,San Bernardino,0.0,48.0,14.0,48.0,14.0,34.0,34.0
06071010030,Census Tract 100.30,71,San Bernardino,0.0,63.0,14.0,63.0,14.0,49.0,49.0
06071002039,Census Tract 20.39,71,San Bernardino,24.0,201.0,15.0,177.0,0.0,186.0,177.0
06071002042,Census Tract 20.42,71,San Bernardino,0.0,65.0,14.0,65.0,14.0,51.0,51.0
06071000307,Census Tract 3.07,71,San Bernardino,0.0,59.0,29.0,59.0,29.0,30.0,30.0
06071010040,Census Tract 100.40,71,San Bernardino,0.0,41.0,26.0,41.0,26.0,15.0,15.0
06071009724,Census Tract 97.24,71,San Bernardino,0.0,82.0,14.0,82.0,14.0,68.0,68.0
06071009914,Census Tract 99.14,71,San Bernardino,14.0,60.0,20.0,46.0,6.0,40.0,40.0
06071009720,Census Tract 97.20,71,San Bernardino,0.0,50.0,31.0,50.0,31.0,19.0,19.0
06071007905,Census Tract 79.05,71,San Bernardino,8.0,79.0,19.0,71.0,11.0,60.0,60.0
06071009133,Census Tract 91.33,71,San Bernardino,0.0,129.0,3.0,129.0,3.0,126.0,126.0
06071009130,Census Tract 91.30,71,San Bernardino,0.0,65.0,26.0,65.0,26.0,39.0,39.0
06071009129,Census Tract 91.29,71,San Bernardino,0.0,142.0,9.0,142.0,9.0,133.0,133.0
06071007412,Census Tract 74.12,71,San Bernardino,0.0,112.0,21.0,112.0,21.0,91.0,91.0
06071007411,Census Tract 74.11,71,San Bernardino,0.0,42.0,27.0,42.0,27.0,15.0,15.0
06071009123,Census Tract 91.23,71,San Bernardino,0.0,47.0,7.0,47.0,7.0,40.0,40.0
06071009122,Census Tract 91.22,71,San Bernardino,0.0,67.0,5.0,67.0,5.0,62.0,62.0
06065040403,Census Tract 404.03,65,Riverside,1.0,124.0,15.0,123.0,14.0,109.0,109.0
06065040501,Census Tract 405.01,65,Riverside,8.0,220.0,15.0,212.0,7.0,205.0,205.0
06065040503,Census Tract 405.03,65,Riverside,0.0,80.0,17.0,80.0,17.0,63.0,63.0
06065040603,Census Tract 406.03,65,Riverside,0.0,62.0,18.0,62.0,18.0,44.0,44.0
06071007202,Census Tract 72.02,71,San Bernardino,36.0,55.0,12.0,19.0,0.0,43.0,19.0
06071008405,Census Tract 84.05,71,San Bernardino,0.0,84.0,23.0,84.0,23.0,61.0,61.0
06071007201,Census Tract 72.01,71,San Bernardino,5.0,107.0,25.0,102.0,20.0,82.0,82.0
06071005102,Census Tract 51.02,71,San Bernardino,2.0,69.0,24.0,67.0,22.0,45.0,45.0
06071004902,Census Tract 49.02,71,San Bernardino,0.0,55.0,19.0,55.0,19.0,36.0,36.0
06071007112,Census Tract 71.12,71,San Bernardino,0.0,58.0,34.0,58.0,34.0,24.0,24.0
06071007111,Census Tract 71.11,71,San Bernardino,0.0,78.0,25.0,78.0,25.0,53.0,53.0
06071004901,Census Tract 49.01,71,San Bernardino,13.0,76.0,23.0,63.0,10.0,53.0,53.0
06071004511,Census Tract 45.11,71,San Bernardino,0.0,71.0,26.0,71.0,26.0,45.0,45.0
06071005501,Census Tract 55.01,71,San Bernardino,0.0,58.0,42.0,58.0,42.0,16.0,16.0
06071005502,Census Tract 55.02,71,San Bernardino,0.0,89.0,31.0,89.0,31.0,58.0,58.0
06071003201,Census Tract 32.01,71,San Bernardino,0.0,72.0,29.0,72.0,29.0,43.0,43.0
06071003202,Census Tract 32.02,71,San Bernardino,0.0,97.0,29.0,97.0,29.0,68.0,68.0
06071002707,Census Tract 27.07,71,San Bernardino,0.0,78.0,27.0,78.0,27.0,51.0,51.0
06071002309,Census Tract 23.09,71,San Bernardino,0.0,82.0,29.0,82.0,29.0,53.0,53.0
06071002608,Census Tract 26.08,71,San Bernardino,0.0,145.0,11.0,145.0,11.0,134.0,134.0
06071002609,Census Tract 26.09,71,San Bernardino,1.0,66.0,9.0,65.0,8.0,57.0,57.0
06071002043,Census Tract 20.43,71,San Bernardino,0.0,197.0,18.0,197.0,18.0,179.0,179.0
06071002045,Census Tract 20.45,71,San Bernardino,2.0,59.0,30.0,57.0,28.0,29.0,29.0
06071002313,Census Tract 23.13,71,San Bernardino,0.0,174.0,23.0,174.0,23.0,151.0,151.0
06071000308,Census Tract 3.08,71,San Bernardino,0.0,78.0,37.0,78.0,37.0,41.0,41.0
06071000306,Census Tract 3.06,71,San Bernardino,0.0,63.0,23.0,63.0,23.0,40.0,40.0
06071001908,Census Tract 19.08,71,San Bernardino,0.0,225.0,9.0,225.0,9.0,216.0,216.0
06071006304,Census Tract 63.04,71,San Bernardino,0.0,82.0,28.0,82.0,28.0,54.0,54.0
06071009132,Census Tract 91.32,71,San Bernardino,0.0,51.0,9.0,51.0,9.0,42.0,42.0
06071006101,Census Tract 61.01,71,San Bernardino,0.0,74.0,20.0,74.0,20.0,54.0,54.0
06071001910,Census Tract 19.10,71,San Bernardino,8.0,51.0,9.0,43.0,1.0,42.0,42.0
06071012201,Census Tract 122.01,71,San Bernardino,0.0,217.0,17.0,217.0,17.0,200.0,200.0
06071001911,Census Tract 19.11,71,San Bernardino,0.0,145.0,25.0,145.0,25.0,120.0,120.0
06071002112,Census Tract 21.12,71,San Bernardino,21.0,88.0,11.0,67.0,0.0,77.0,67.0
06071002111,Census Tract 21.11,71,San Bernardino,0.0,74.0,18.0,74.0,18.0,56.0,56.0
06071012202,Census Tract 122.02,71,San Bernardino,0.0,67.0,12.0,67.0,12.0,55.0,55.0
06071000119,Census Tract 1.19,71,San Bernardino,4.0,102.0,23.0,98.0,19.0,79.0,79.0
06071006102,Census Tract 61.02,71,San Bernardino,0.0,91.0,25.0,91.0,25.0,66.0,66.0
06071009128,Census Tract 91.28,71,San Bernardino,0.0,91.0,12.0,91.0,12.0,79.0,79.0
06071009127,Census Tract 91.27,71,San Bernardino,0.0,202.0,20.0,202.0,20.0,182.0,182.0
06071005101,Census Tract 51.01,71,San Bernardino,0.0,83.0,19.0,83.0,19.0,64.0,64.0
06071009126,Census Tract 91.26,71,San Bernardino,0.0,113.0,7.0,113.0,7.0,106.0,106.0
06071009134,Census Tract 91.34,71,San Bernardino,0.0,35.0,2.0,35.0,2.0,33.0,33.0
06065040604,Census Tract 406.04,65,Riverside,0.0,125.0,17.0,125.0,17.0,108.0,108.0
06065040605,Census Tract 406.05,65,Riverside,0.0,68.0,22.0,68.0,22.0,46.0,46.0
06067008122,Census Tract 81.22,67,Sacramento,0.0,80.0,17.0,80.0,17.0,63.0,63.0
06071010031,Census Tract 100.31,71,San Bernardino,16.0,112.0,17.0,96.0,1.0,95.0,95.0
06071009718,Census Tract 97.18,71,San Bernardino,0.0,74.0,15.0,74.0,15.0,59.0,59.0
06071009131,Census Tract 91.31,71,San Bernardino,15.0,100.0,13.0,85.0,0.0,87.0,85.0
06071009137,Census Tract 91.37,71,San Bernardino,0.0,82.0,24.0,82.0,24.0,58.0,58.0
06071009135,Census Tract 91.35,71,San Bernardino,1.0,115.0,8.0,114.0,7.0,107.0,107.0
06071009136,Census Tract 91.36,71,San Bernardino,0.0,105.0,8.0,105.0,8.0,97.0,97.0
06071009138,Census Tract 91.38,71,San Bernardino,0.0,126.0,19.0,126.0,19.0,107.0,107.0
06071009139,Census Tract 91.39,71,San Bernardino,0.0,110.0,17.0,110.0,17.0,93.0,93.0
06071009125,Census Tract 91.25,71,San Bernardino,0.0,103.0,22.0,103.0,22.0,81.0,81.0
06071009124,Census Tract 91.24,71,San Bernardino,0.0,81.0,20.0,81.0,20.0,61.0,61.0
06071008715,Census Tract 87.15,71,San Bernardino,0.0,194.0,9.0,194.0,9.0,185.0,185.0
06071008716,Census Tract 87.16,71,San Bernardino,0.0,160.0,16.0,160.0,16.0,144.0,144.0
06071008713,Census Tract 87.13,71,San Bernardino,3.0,80.0,16.0,77.0,13.0,64.0,64.0
06071008712,Census Tract 87.12,71,San Bernardino,0.0,107.0,10.0,107.0,10.0,97.0,97.0
06071008501,Census Tract 85.01,71,San Bernardino,0.0,66.0,15.0,66.0,15.0,51.0,51.0
06085512023,Census Tract 5120.23,85,Santa Clara,7.0,120.0,17.0,113.0,10.0,103.0,103.0
06071008502,Census Tract 85.02,71,San Bernardino,0.0,79.0,7.0,79.0,7.0,72.0,72.0
06071008406,Census Tract 84.06,71,San Bernardino,0.0,96.0,14.0,96.0,14.0,82.0,82.0
06071008201,Census Tract 82.01,71,San Bernardino,0.0,65.0,33.0,65.0,33.0,32.0,32.0
06071010041,Census Tract 100.41,71,San Bernardino,10.0,143.0,12.0,133.0,2.0,131.0,131.0
06071010042,Census Tract 100.42,71,San Bernardino,0.0,101.0,10.0,101.0,10.0,91.0,91.0
06071009120,Census Tract 91.20,71,San Bernardino,0.0,90.0,5.0,90.0,5.0,85.0,85.0
06071010434,Census Tract 104.34,71,San Bernardino,11.0,40.0,11.0,29.0,0.0,29.0,29.0
06071010433,Census Tract 104.33,71,San Bernardino,0.0,78.0,14.0,78.0,14.0,64.0,64.0
06071008202,Census Tract 82.02,71,San Bernardino,0.0,45.0,28.0,45.0,28.0,17.0,17.0
06071008003,Census Tract 80.03,71,San Bernardino,0.0,60.0,29.0,60.0,29.0,31.0,31.0
06071007605,Census Tract 76.05,71,San Bernardino,0.0,80.0,37.0,80.0,37.0,43.0,43.0
06071007606,Census Tract 76.06,71,San Bernardino,0.0,66.0,25.0,66.0,25.0,41.0,41.0
06071002406,Census Tract 24.06,71,San Bernardino,0.0,57.0,21.0,57.0,21.0,36.0,36.0
06071002403,Census Tract 24.03,71,San Bernardino,0.0,96.0,20.0,96.0,20.0,76.0,76.0
06071002404,Census Tract 24.04,71,San Bernardino,0.0,80.0,29.0,80.0,29.0,51.0,51.0
06067008129,Census Tract 81.29,67,Sacramento,2.0,59.0,25.0,57.0,23.0,34.0,34.0
06067008130,Census Tract 81.30,67,Sacramento,0.0,77.0,21.0,77.0,21.0,56.0,56.0
06071007002,Census Tract 70.02,71,San Bernardino,0.0,93.0,26.0,93.0,26.0,67.0,67.0
06071007001,Census Tract 70.01,71,San Bernardino,0.0,58.0,35.0,58.0,35.0,23.0,23.0
06071002709,Census Tract 27.09,71,San Bernardino,12.0,278.0,9.0,266.0,0.0,269.0,266.0
06071010029,Census Tract 100.29,71,San Bernardino,0.0,73.0,13.0,73.0,13.0,60.0,60.0
06071010028,Census Tract 100.28,71,San Bernardino,2.0,122.0,11.0,120.0,9.0,111.0,111.0
06071010035,Census Tract 100.35,71,San Bernardino,0.0,67.0,20.0,67.0,20.0,47.0,47.0
06071009721,Census Tract 97.21,71,San Bernardino,0.0,126.0,17.0,126.0,17.0,109.0,109.0
06071010033,Census Tract 100.33,71,San Bernardino,0.0,46.0,27.0,46.0,27.0,19.0,19.0
06071009800,Census Tract 98,71,San Bernardino,0.0,79.0,18.0,79.0,18.0,61.0,61.0
06071009121,Census Tract 91.21,71,San Bernardino,0.0,58.0,6.0,58.0,6.0,52.0,52.0
06071002044,Census Tract 20.44,71,San Bernardino,2.0,99.0,23.0,97.0,21.0,76.0,76.0
06071002041,Census Tract 20.41,71,San Bernardino,0.0,135.0,12.0,135.0,12.0,123.0,123.0
06071000122,Census Tract 1.22,71,San Bernardino,0.0,95.0,6.0,95.0,6.0,89.0,89.0
06071010425,Census Tract 104.25,71,San Bernardino,0.0,34.0,1.0,34.0,1.0,33.0,33.0
06071002040,Census Tract 20.40,71,San Bernardino,0.0,144.0,19.0,144.0,19.0,125.0,125.0
06071002314,Census Tract 23.14,71,San Bernardino,1.0,174.0,16.0,173.0,15.0,158.0,158.0
06071002708,Census Tract 27.08,71,San Bernardino,0.0,190.0,21.0,190.0,21.0,169.0,169.0
06071010038,Census Tract 100.38,71,San Bernardino,0.0,91.0,21.0,91.0,21.0,70.0,70.0
06071002308,Census Tract 23.08,71,San Bernardino,17.0,528.0,16.0,511.0,0.0,512.0,511.0
06071002311,Census Tract 23.11,71,San Bernardino,0.0,189.0,28.0,189.0,28.0,161.0,161.0
06071002310,Census Tract 23.10,71,San Bernardino,0.0,129.0,27.0,129.0,27.0,102.0,102.0
06071002312,Census Tract 23.12,71,San Bernardino,0.0,131.0,18.0,131.0,18.0,113.0,113.0
06071010034,Census Tract 100.34,71,San Bernardino,24.0,131.0,4.0,107.0,0.0,127.0,107.0
06071002315,Census Tract 23.15,71,San Bernardino,0.0,84.0,21.0,84.0,21.0,63.0,63.0
06071010426,Census Tract 104.26,71,San Bernardino,0.0,48.0,3.0,48.0,3.0,45.0,45.0
06071010436,Census Tract 104.36,71,San Bernardino,0.0,37.0,3.0,37.0,3.0,34.0,34.0
06071010427,Census Tract 104.27,71,San Bernardino,16.0,59.0,15.0,43.0,0.0,44.0,43.0
06071010428,Census Tract 104.28,71,San Bernardino,2.0,69.0,5.0,67.0,3.0,64.0,64.0
06071010905,Census Tract 109.05,71,San Bernardino,0.0,36.0,4.0,36.0,4.0,32.0,32.0
06071010906,Census Tract 109.06,71,San Bernardino,11.0,41.0,14.0,30.0,3.0,27.0,27.0
06071012105,Census Tract 121.05,71,San Bernardino,0.0,59.0,2.0,59.0,2.0,57.0,57.0
06071012106,Census Tract 121.06,71,San Bernardino,1.0,41.0,1.0,40.0,0.0,40.0,40.0
06071010435,Census Tract 104.35,71,San Bernardino,0.0,47.0,3.0,47.0,3.0,44.0,44.0
06071010431,Census Tract 104.31,71,San Bernardino,2.0,43.0,3.0,41.0,1.0,40.0,40.0
06071011406,Census Tract 114.06,71,San Bernardino,0.0,63.0,21.0,63.0,21.0,42.0,42.0
06071000121,Census Tract 1.21,71,San Bernardino,0.0,343.0,7.0,343.0,7.0,336.0,336.0
06071010432,Census Tract 104.32,71,San Bernardino,0.0,44.0,2.0,44.0,2.0,42.0,42.0
06071010429,Census Tract 104.29,71,San Bernardino,7.0,94.0,8.0,87.0,1.0,86.0,86.0
06071010430,Census Tract 104.30,71,San Bernardino,0.0,78.0,9.0,78.0,9.0,69.0,69.0
06071011407,Census Tract 114.07,71,San Bernardino,0.0,55.0,16.0,55.0,16.0,39.0,39.0
06071008711,Census Tract 87.11,71,San Bernardino,1.0,64.0,5.0,63.0,4.0,59.0,59.0
06071007308,Census Tract 73.08,71,San Bernardino,30.0,106.0,12.0,76.0,0.0,94.0,76.0
06071011405,Census Tract 114.05,71,San Bernardino,0.0,52.0,12.0,52.0,12.0,40.0,40.0
06071011004,Census Tract 110.04,71,San Bernardino,0.0,46.0,17.0,46.0,17.0,29.0,29.0
06071011003,Census Tract 110.03,71,San Bernardino,0.0,62.0,14.0,62.0,14.0,48.0,48.0
06071010903,Census Tract 109.03,71,San Bernardino,2.0,64.0,12.0,62.0,10.0,52.0,52.0
06071007906,Census Tract 79.06,71,San Bernardino,0.0,78.0,11.0,78.0,11.0,67.0,67.0
06071010904,Census Tract 109.04,71,San Bernardino,0.0,61.0,13.0,61.0,13.0,48.0,48.0
06071010805,Census Tract 108.05,71,San Bernardino,0.0,50.0,2.0,50.0,2.0,48.0,48.0
06071010806,Census Tract 108.06,71,San Bernardino,0.0,48.0,9.0,48.0,9.0,39.0,39.0
06071010032,Census Tract 100.32,71,San Bernardino,0.0,135.0,15.0,135.0,15.0,120.0,120.0
06071004512,Census Tract 45.12,71,San Bernardino,0.0,83.0,14.0,83.0,14.0,69.0,69.0
06071009719,Census Tract 97.19,71,San Bernardino,0.0,63.0,8.0,63.0,8.0,55.0,55.0
06037221500,Census Tract 2215,37,Los Angeles,0.0,59.0,21.0,59.0,21.0,38.0,38.0
06037221710,Census Tract 2217.10,37,Los Angeles,0.0,41.0,22.0,41.0,22.0,19.0,19.0
06037221900,Census Tract 2219,37,Los Angeles,25.0,50.0,20.0,25.0,0.0,30.0,25.0
06037222100,Census Tract 2221,37,Los Angeles,0.0,59.0,19.0,59.0,19.0,40.0,40.0
06037222200,Census Tract 2222,37,Los Angeles,0.0,54.0,19.0,54.0,19.0,35.0,35.0
06037222500,Census Tract 2225,37,Los Angeles,0.0,66.0,16.0,66.0,16.0,50.0,50.0
06071010019,Census Tract 100.19,71,San Bernardino,10.0,118.0,11.0,108.0,1.0,107.0,107.0
06071000401,Census Tract 4.01,71,San Bernardino,0.0,169.0,14.0,169.0,14.0,155.0,155.0
06071005800,Census Tract 58,71,San Bernardino,1.0,182.0,26.0,181.0,25.0,156.0,156.0
06071008708,Census Tract 87.08,71,San Bernardino,0.0,91.0,18.0,91.0,18.0,73.0,73.0
06037224010,Census Tract 2240.10,37,Los Angeles,14.0,48.0,14.0,34.0,0.0,34.0,34.0
06037224020,Census Tract 2240.20,37,Los Angeles,18.0,47.0,12.0,29.0,0.0,35.0,29.0
06037234600,Census Tract 2346,37,Los Angeles,2.0,84.0,11.0,82.0,9.0,73.0,73.0
06037234700,Census Tract 2347,37,Los Angeles,0.0,66.0,15.0,66.0,15.0,51.0,51.0
06037235100,Census Tract 2351,37,Los Angeles,0.0,74.0,12.0,74.0,12.0,62.0,62.0
06037265100,Census Tract 2651,37,Los Angeles,2.0,41.0,8.0,39.0,6.0,33.0,33.0
06037265301,Census Tract 2653.01,37,Los Angeles,31.0,79.0,10.0,48.0,0.0,69.0,48.0
06037265303,Census Tract 2653.03,37,Los Angeles,0.0,55.0,33.0,55.0,33.0,22.0,22.0
06037265304,Census Tract 2653.04,37,Los Angeles,0.0,50.0,35.0,50.0,35.0,15.0,15.0
06037265410,Census Tract 2654.10,37,Los Angeles,3.0,45.0,15.0,42.0,12.0,30.0,30.0
06071010014,Census Tract 100.14,71,San Bernardino,0.0,108.0,17.0,108.0,17.0,91.0,91.0
06071011900,Census Tract 119,71,San Bernardino,0.0,48.0,2.0,48.0,2.0,46.0,46.0
06067009105,Census Tract 91.05,67,Sacramento,0.0,58.0,29.0,58.0,29.0,29.0,29.0
06067009404,Census Tract 94.04,67,Sacramento,0.0,297.0,2.0,297.0,2.0,295.0,295.0
06017030402,Census Tract 304.02,17,El Dorado,4.0,60.0,17.0,56.0,13.0,43.0,43.0
06017031405,Census Tract 314.05,17,El Dorado,0.0,56.0,11.0,56.0,11.0,45.0,45.0
06017031406,Census Tract 314.06,17,El Dorado,12.0,104.0,6.0,92.0,0.0,98.0,92.0
06113010902,Census Tract 109.02,113,Yolo,10.0,137.0,15.0,127.0,5.0,122.0,122.0
06003010000,Census Tract 100,3,Alpine,20.0,65.0,24.0,45.0,4.0,41.0,41.0
06113011001,Census Tract 110.01,113,Yolo,10.0,139.0,14.0,129.0,4.0,125.0,125.0
06037237720,Census Tract 2377.20,37,Los Angeles,0.0,56.0,23.0,56.0,23.0,33.0,33.0
06037237800,Census Tract 2378,37,Los Angeles,0.0,68.0,13.0,68.0,13.0,55.0,55.0
06037238000,Census Tract 2380,37,Los Angeles,2.0,99.0,10.0,97.0,8.0,89.0,89.0
06037238100,Census Tract 2381,37,Los Angeles,0.0,82.0,13.0,82.0,13.0,69.0,69.0
06037238200,Census Tract 2382,37,Los Angeles,7.0,105.0,13.0,98.0,6.0,92.0,92.0
06037238310,Census Tract 2383.10,37,Los Angeles,0.0,79.0,20.0,79.0,20.0,59.0,59.0
06037238320,Census Tract 2383.20,37,Los Angeles,20.0,58.0,19.0,38.0,0.0,39.0,38.0
06037238400,Census Tract 2384,37,Los Angeles,3.0,77.0,11.0,74.0,8.0,66.0,66.0
06037239320,Census Tract 2393.20,37,Los Angeles,1.0,52.0,22.0,51.0,21.0,30.0,30.0
06037211000,Census Tract 2110,37,Los Angeles,5.0,79.0,8.0,74.0,3.0,71.0,71.0
06037211310,Census Tract 2113.10,37,Los Angeles,0.0,58.0,34.0,58.0,34.0,24.0,24.0
06037211410,Census Tract 2114.10,37,Los Angeles,0.0,49.0,25.0,49.0,25.0,24.0,24.0
06037211500,Census Tract 2115,37,Los Angeles,0.0,59.0,13.0,59.0,13.0,46.0,46.0
06037211701,Census Tract 2117.01,37,Los Angeles,0.0,51.0,16.0,51.0,16.0,35.0,35.0
06037211910,Census Tract 2119.10,37,Los Angeles,0.0,61.0,35.0,61.0,35.0,26.0,26.0
06037212202,Census Tract 2122.02,37,Los Angeles,1.0,58.0,28.0,57.0,27.0,30.0,30.0
06037212204,Census Tract 2122.04,37,Los Angeles,0.0,55.0,28.0,55.0,28.0,27.0,27.0
06037212304,Census Tract 2123.04,37,Los Angeles,0.0,41.0,28.0,41.0,28.0,13.0,13.0
06037212306,Census Tract 2123.06,37,Los Angeles,0.0,47.0,32.0,47.0,32.0,15.0,15.0
06037212420,Census Tract 2124.20,37,Los Angeles,0.0,48.0,34.0,48.0,34.0,14.0,14.0
06037212610,Census Tract 2126.10,37,Los Angeles,0.0,65.0,21.0,65.0,21.0,44.0,44.0
06037212620,Census Tract 2126.20,37,Los Angeles,0.0,62.0,24.0,62.0,24.0,38.0,38.0
06065040702,Census Tract 407.02,65,Riverside,0.0,59.0,19.0,59.0,19.0,40.0,40.0
06037212800,Census Tract 2128,37,Los Angeles,0.0,62.0,15.0,62.0,15.0,47.0,47.0
06037212900,Census Tract 2129,37,Los Angeles,0.0,61.0,21.0,61.0,21.0,40.0,40.0
06037213100,Census Tract 2131,37,Los Angeles,0.0,53.0,18.0,53.0,18.0,35.0,35.0
06065045207,Census Tract 452.07,65,Riverside,0.0,90.0,23.0,90.0,23.0,67.0,67.0
06067008124,Census Tract 81.24,67,Sacramento,0.0,91.0,17.0,91.0,17.0,74.0,74.0
06067008125,Census Tract 81.25,67,Sacramento,0.0,104.0,17.0,104.0,17.0,87.0,87.0
06067008127,Census Tract 81.27,67,Sacramento,6.0,92.0,18.0,86.0,12.0,74.0,74.0
06113011002,Census Tract 110.02,113,Yolo,4.0,61.0,17.0,57.0,13.0,44.0,44.0
06113011101,Census Tract 111.01,113,Yolo,6.0,61.0,19.0,55.0,13.0,42.0,42.0
06113011103,Census Tract 111.03,113,Yolo,0.0,78.0,19.0,78.0,19.0,59.0,59.0
06065041001,Census Tract 410.01,65,Riverside,0.0,61.0,47.0,61.0,47.0,14.0,14.0
06037224200,Census Tract 2242,37,Los Angeles,0.0,42.0,21.0,42.0,21.0,21.0,21.0
06037224320,Census Tract 2243.20,37,Los Angeles,0.0,56.0,24.0,56.0,24.0,32.0,32.0
06037224420,Census Tract 2244.20,37,Los Angeles,0.0,39.0,21.0,39.0,21.0,18.0,18.0
06113010201,Census Tract 102.01,113,Yolo,26.0,74.0,12.0,48.0,0.0,62.0,48.0
06113011203,Census Tract 112.03,113,Yolo,2.0,68.0,19.0,66.0,17.0,49.0,49.0
06113011204,Census Tract 112.04,113,Yolo,6.0,162.0,13.0,156.0,7.0,149.0,149.0
06037224600,Census Tract 2246,37,Los Angeles,1.0,47.0,15.0,46.0,14.0,32.0,32.0
06037265420,Census Tract 2654.20,37,Los Angeles,7.0,44.0,15.0,37.0,8.0,29.0,29.0
06037267800,Census Tract 2678,37,Los Angeles,8.0,69.0,12.0,61.0,4.0,57.0,57.0
06037267600,Census Tract 2676,37,Los Angeles,12.0,56.0,11.0,44.0,0.0,45.0,44.0
06037267700,Census Tract 2677,37,Los Angeles,36.0,69.0,14.0,33.0,0.0,55.0,33.0
06099002904,Census Tract 29.04,99,Stanislaus,0.0,54.0,13.0,54.0,13.0,41.0,41.0
06037235201,Census Tract 2352.01,37,Los Angeles,5.0,57.0,16.0,52.0,11.0,41.0,41.0
06037235202,Census Tract 2352.02,37,Los Angeles,1.0,75.0,14.0,74.0,13.0,61.0,61.0
06065042210,Census Tract 422.10,65,Riverside,4.0,91.0,28.0,87.0,24.0,63.0,63.0
06065042402,Census Tract 424.02,65,Riverside,0.0,121.0,19.0,121.0,19.0,102.0,102.0
06105000102,Census Tract 1.02,105,Trinity,10.0,138.0,27.0,128.0,17.0,111.0,111.0
06105000101,Census Tract 1.01,105,Trinity,4.0,72.0,24.0,68.0,20.0,48.0,48.0
06065042403,Census Tract 424.03,65,Riverside,0.0,117.0,23.0,117.0,23.0,94.0,94.0
06065042404,Census Tract 424.04,65,Riverside,11.0,59.0,33.0,48.0,22.0,26.0,26.0
06037269800,Census Tract 2698,37,Los Angeles,1.0,62.0,19.0,61.0,18.0,43.0,43.0
06113010203,Census Tract 102.03,113,Yolo,6.0,111.0,6.0,105.0,0.0,105.0,105.0
06113010204,Census Tract 102.04,113,Yolo,3.0,126.0,15.0,123.0,12.0,111.0,111.0
06065042708,Census Tract 427.08,65,Riverside,2.0,171.0,20.0,169.0,18.0,151.0,151.0
06065044907,Census Tract 449.07,65,Riverside,0.0,132.0,29.0,132.0,29.0,103.0,103.0
06065045704,Census Tract 457.04,65,Riverside,0.0,63.0,39.0,63.0,39.0,24.0,24.0
06113010509,Census Tract 105.09,113,Yolo,0.0,52.0,21.0,52.0,21.0,31.0,31.0
06065031001,Census Tract 310.01,65,Riverside,0.0,126.0,23.0,126.0,23.0,103.0,103.0
06065031002,Census Tract 310.02,65,Riverside,0.0,119.0,30.0,119.0,30.0,89.0,89.0
06065040703,Census Tract 407.03,65,Riverside,0.0,63.0,16.0,63.0,16.0,47.0,47.0
06067008128,Census Tract 81.28,67,Sacramento,0.0,51.0,27.0,51.0,27.0,24.0,24.0
06065041002,Census Tract 410.02,65,Riverside,0.0,69.0,33.0,69.0,33.0,36.0,36.0
06067008131,Census Tract 81.31,67,Sacramento,0.0,127.0,16.0,127.0,16.0,111.0,111.0
06081600800,Census Tract 6008,81,San Mateo,3.0,168.0,18.0,165.0,15.0,150.0,150.0
06081600900,Census Tract 6009,81,San Mateo,0.0,66.0,9.0,66.0,9.0,57.0,57.0
06113010510,Census Tract 105.10,113,Yolo,2.0,85.0,10.0,83.0,8.0,75.0,75.0
06095250300,Census Tract 2503,95,Solano,0.0,72.0,23.0,72.0,23.0,49.0,49.0
06067008132,Census Tract 81.32,67,Sacramento,0.0,79.0,19.0,79.0,19.0,60.0,60.0
06067008133,Census Tract 81.33,67,Sacramento,0.0,50.0,28.0,50.0,28.0,22.0,22.0
06067008134,Census Tract 81.34,67,Sacramento,6.0,107.0,21.0,101.0,15.0,86.0,86.0
06037226410,Census Tract 2264.10,37,Los Angeles,3.0,58.0,24.0,55.0,21.0,34.0,34.0
06037227020,Census Tract 2270.20,37,Los Angeles,1.0,57.0,19.0,56.0,18.0,38.0,38.0
06037228100,Census Tract 2281,37,Los Angeles,14.0,62.0,13.0,48.0,0.0,49.0,48.0
06037228210,Census Tract 2282.10,37,Los Angeles,0.0,61.0,20.0,61.0,20.0,41.0,41.0
06037228220,Census Tract 2282.20,37,Los Angeles,0.0,74.0,21.0,74.0,21.0,53.0,53.0
06037228310,Census Tract 2283.10,37,Los Angeles,0.0,72.0,17.0,72.0,17.0,55.0,55.0
06037228320,Census Tract 2283.20,37,Los Angeles,0.0,56.0,22.0,56.0,22.0,34.0,34.0
06037228420,Census Tract 2284.20,37,Los Angeles,0.0,51.0,24.0,51.0,24.0,27.0,27.0
06037228710,Census Tract 2287.10,37,Los Angeles,8.0,67.0,20.0,59.0,12.0,47.0,47.0
06037228720,Census Tract 2287.20,37,Los Angeles,0.0,77.0,20.0,77.0,20.0,57.0,57.0
06037269000,Census Tract 2690,37,Los Angeles,3.0,87.0,8.0,84.0,5.0,79.0,79.0
06037269100,Census Tract 2691,37,Los Angeles,9.0,68.0,14.0,59.0,5.0,54.0,54.0
06037269300,Census Tract 2693,37,Los Angeles,0.0,72.0,9.0,72.0,9.0,63.0,63.0
06037269500,Census Tract 2695,37,Los Angeles,1.0,68.0,11.0,67.0,10.0,57.0,57.0
06037269700,Census Tract 2697,37,Los Angeles,0.0,71.0,14.0,71.0,14.0,57.0,57.0
06037228800,Census Tract 2288,37,Los Angeles,2.0,75.0,14.0,73.0,12.0,61.0,61.0
06037228900,Census Tract 2289,37,Los Angeles,0.0,52.0,18.0,52.0,18.0,34.0,34.0
06037229100,Census Tract 2291,37,Los Angeles,0.0,72.0,19.0,72.0,19.0,53.0,53.0
06067009609,Census Tract 96.09,67,Sacramento,0.0,94.0,23.0,94.0,23.0,71.0,71.0
06067009610,Census Tract 96.10,67,Sacramento,0.0,127.0,20.0,127.0,20.0,107.0,107.0
06113010602,Census Tract 106.02,113,Yolo,0.0,85.0,15.0,85.0,15.0,70.0,70.0
06067002600,Census Tract 26,67,Sacramento,0.0,58.0,28.0,58.0,28.0,30.0,30.0
06037237710,Census Tract 2377.10,37,Los Angeles,0.0,63.0,20.0,63.0,20.0,43.0,43.0
06037239330,Census Tract 2393.30,37,Los Angeles,2.0,45.0,13.0,43.0,11.0,32.0,32.0
06037240700,Census Tract 2407,37,Los Angeles,0.0,103.0,12.0,103.0,12.0,91.0,91.0
06037240800,Census Tract 2408,37,Los Angeles,0.0,70.0,16.0,70.0,16.0,54.0,54.0
06037241110,Census Tract 2411.10,37,Los Angeles,2.0,56.0,18.0,54.0,16.0,38.0,38.0
06037241120,Census Tract 2411.20,37,Los Angeles,0.0,69.0,16.0,69.0,16.0,53.0,53.0
06065042520,Census Tract 425.20,65,Riverside,0.0,103.0,27.0,103.0,27.0,76.0,76.0
06065042709,Census Tract 427.09,65,Riverside,0.0,130.0,14.0,130.0,14.0,116.0,116.0
06037241400,Census Tract 2414,37,Los Angeles,0.0,66.0,17.0,66.0,17.0,49.0,49.0
06065042711,Census Tract 427.11,65,Riverside,0.0,90.0,15.0,90.0,15.0,75.0,75.0
06065042714,Census Tract 427.14,65,Riverside,0.0,58.0,21.0,58.0,21.0,37.0,37.0
06065045209,Census Tract 452.09,65,Riverside,5.0,113.0,23.0,108.0,18.0,90.0,90.0
06067008135,Census Tract 81.35,67,Sacramento,0.0,94.0,23.0,94.0,23.0,71.0,71.0
06081601000,Census Tract 6010,81,San Mateo,0.0,95.0,7.0,95.0,7.0,88.0,88.0
06067008136,Census Tract 81.36,67,Sacramento,8.0,68.0,22.0,60.0,14.0,46.0,46.0
06067008138,Census Tract 81.38,67,Sacramento,2.0,84.0,20.0,82.0,18.0,64.0,64.0
06067008139,Census Tract 81.39,67,Sacramento,2.0,66.0,23.0,64.0,21.0,43.0,43.0
06067008141,Census Tract 81.41,67,Sacramento,0.0,177.0,19.0,177.0,19.0,158.0,158.0
06067008142,Census Tract 81.42,67,Sacramento,0.0,64.0,22.0,64.0,22.0,42.0,42.0
06067008143,Census Tract 81.43,67,Sacramento,0.0,72.0,17.0,72.0,17.0,55.0,55.0
06067008144,Census Tract 81.44,67,Sacramento,0.0,70.0,23.0,70.0,23.0,47.0,47.0
06037262302,Census Tract 2623.02,37,Los Angeles,32.0,61.0,7.0,29.0,0.0,54.0,29.0
06037229200,Census Tract 2292,37,Los Angeles,0.0,70.0,19.0,70.0,19.0,51.0,51.0
06037229300,Census Tract 2293,37,Los Angeles,0.0,90.0,18.0,90.0,18.0,72.0,72.0
06037229410,Census Tract 2294.10,37,Los Angeles,0.0,63.0,17.0,63.0,17.0,46.0,46.0
06037229420,Census Tract 2294.20,37,Los Angeles,0.0,77.0,17.0,77.0,17.0,60.0,60.0
06037231100,Census Tract 2311,37,Los Angeles,13.0,45.0,14.0,32.0,1.0,31.0,31.0
06037231210,Census Tract 2312.10,37,Los Angeles,1.0,59.0,23.0,58.0,22.0,36.0,36.0
06037231400,Census Tract 2314,37,Los Angeles,0.0,75.0,16.0,75.0,16.0,59.0,59.0
06037231710,Census Tract 2317.10,37,Los Angeles,1.0,61.0,23.0,60.0,22.0,38.0,38.0
06065043003,Census Tract 430.03,65,Riverside,0.0,186.0,25.0,186.0,25.0,161.0,161.0
06065043211,Census Tract 432.11,65,Riverside,2.0,181.0,21.0,179.0,19.0,160.0,160.0
06065043220,Census Tract 432.20,65,Riverside,0.0,105.0,25.0,105.0,25.0,80.0,80.0
06065043304,Census Tract 433.04,65,Riverside,0.0,212.0,3.0,212.0,3.0,209.0,209.0
06065043306,Census Tract 433.06,65,Riverside,0.0,99.0,24.0,99.0,24.0,75.0,75.0
06065043307,Census Tract 433.07,65,Riverside,0.0,143.0,17.0,143.0,17.0,126.0,126.0
06099003610,Census Tract 36.10,99,Stanislaus,9.0,109.0,23.0,100.0,14.0,86.0,86.0
06099003611,Census Tract 36.11,99,Stanislaus,0.0,88.0,31.0,88.0,31.0,57.0,57.0
06099003501,Census Tract 35.01,99,Stanislaus,0.0,202.0,13.0,202.0,13.0,189.0,189.0
06099003502,Census Tract 35.02,99,Stanislaus,0.0,121.0,12.0,121.0,12.0,109.0,109.0
06099000405,Census Tract 4.05,99,Stanislaus,0.0,51.0,7.0,51.0,7.0,44.0,44.0
06099000913,Census Tract 9.13,99,Stanislaus,0.0,158.0,22.0,158.0,22.0,136.0,136.0
06099002506,Census Tract 25.06,99,Stanislaus,2.0,48.0,18.0,46.0,16.0,30.0,30.0
06065044805,Census Tract 448.05,65,Riverside,6.0,49.0,29.0,43.0,23.0,20.0,20.0
06001406601,Census Tract 4066.01,1,Alameda,0.0,72.0,15.0,72.0,15.0,57.0,57.0
06001405402,Census Tract 4054.02,1,Alameda,0.0,51.0,24.0,51.0,24.0,27.0,27.0
06099000511,Census Tract 5.11,99,Stanislaus,0.0,128.0,20.0,128.0,20.0,108.0,108.0
06099003003,Census Tract 30.03,99,Stanislaus,2.0,180.0,12.0,178.0,10.0,168.0,168.0
06099003608,Census Tract 36.08,99,Stanislaus,0.0,140.0,11.0,140.0,11.0,129.0,129.0
06037240010,Census Tract 2400.10,37,Los Angeles,0.0,65.0,17.0,65.0,17.0,48.0,48.0
06037240200,Census Tract 2402,37,Los Angeles,0.0,87.0,15.0,87.0,15.0,72.0,72.0
06065045302,Census Tract 453.02,65,Riverside,0.0,79.0,26.0,79.0,26.0,53.0,53.0
06065045501,Census Tract 455.01,65,Riverside,4.0,118.0,22.0,114.0,18.0,96.0,96.0
06099000915,Census Tract 9.15,99,Stanislaus,0.0,78.0,26.0,78.0,26.0,52.0,52.0
06099003612,Census Tract 36.12,99,Stanislaus,0.0,188.0,21.0,188.0,21.0,167.0,167.0
06099000205,Census Tract 2.05,99,Stanislaus,1.0,100.0,14.0,99.0,13.0,86.0,86.0
06099002304,Census Tract 23.04,99,Stanislaus,0.0,61.0,32.0,61.0,32.0,29.0,29.0
06099003609,Census Tract 36.09,99,Stanislaus,0.0,62.0,32.0,62.0,32.0,30.0,30.0
06099000914,Census Tract 9.14,99,Stanislaus,0.0,111.0,26.0,111.0,26.0,85.0,85.0
06099000406,Census Tract 4.06,99,Stanislaus,0.0,170.0,25.0,170.0,25.0,145.0,145.0
06099002505,Census Tract 25.05,99,Stanislaus,3.0,117.0,32.0,114.0,29.0,85.0,85.0
06099002303,Census Tract 23.03,99,Stanislaus,2.0,98.0,22.0,96.0,20.0,76.0,76.0
06037240500,Census Tract 2405,37,Los Angeles,0.0,100.0,14.0,100.0,14.0,86.0,86.0
06099003607,Census Tract 36.07,99,Stanislaus,0.0,54.0,4.0,54.0,4.0,50.0,50.0
06099000407,Census Tract 4.07,99,Stanislaus,0.0,67.0,9.0,67.0,9.0,58.0,58.0
06099003203,Census Tract 32.03,99,Stanislaus,4.0,140.0,13.0,136.0,9.0,127.0,127.0
06099003205,Census Tract 32.05,99,Stanislaus,2.0,113.0,26.0,111.0,24.0,87.0,87.0
06099003206,Census Tract 32.06,99,Stanislaus,0.0,106.0,20.0,106.0,20.0,86.0,86.0
06099000512,Census Tract 5.12,99,Stanislaus,0.0,60.0,34.0,60.0,34.0,26.0,26.0
06099003204,Census Tract 32.04,99,Stanislaus,2.0,52.0,28.0,50.0,26.0,24.0,24.0
06099003004,Census Tract 30.04,99,Stanislaus,0.0,68.0,13.0,68.0,13.0,55.0,55.0
06099000514,Census Tract 5.14,99,Stanislaus,0.0,364.0,35.0,364.0,35.0,329.0,329.0
06037270200,Census Tract 2702,37,Los Angeles,12.0,62.0,15.0,50.0,3.0,47.0,47.0
06037270300,Census Tract 2703,37,Los Angeles,8.0,52.0,13.0,44.0,5.0,39.0,39.0
06037271100,Census Tract 2711,37,Los Angeles,0.0,53.0,14.0,53.0,14.0,39.0,39.0
06037271200,Census Tract 2712,37,Los Angeles,0.0,59.0,18.0,59.0,18.0,41.0,41.0
06037271300,Census Tract 2713,37,Los Angeles,8.0,93.0,11.0,85.0,3.0,82.0,82.0
06037271400,Census Tract 2714,37,Los Angeles,0.0,62.0,12.0,62.0,12.0,50.0,50.0
06113010605,Census Tract 106.05,113,Yolo,16.0,88.0,15.0,72.0,0.0,73.0,72.0
06099000513,Census Tract 5.13,99,Stanislaus,0.0,97.0,15.0,97.0,15.0,82.0,82.0
06099000204,Census Tract 2.04,99,Stanislaus,8.0,119.0,18.0,111.0,10.0,101.0,101.0
06099002903,Census Tract 29.03,99,Stanislaus,2.0,123.0,10.0,121.0,8.0,113.0,113.0
06113010607,Census Tract 106.07,113,Yolo,5.0,104.0,11.0,99.0,6.0,93.0,93.0
06081601700,Census Tract 6017,81,San Mateo,0.0,227.0,12.0,227.0,12.0,215.0,215.0
06081601800,Census Tract 6018,81,San Mateo,0.0,459.0,10.0,459.0,10.0,449.0,449.0
06065042406,Census Tract 424.06,65,Riverside,0.0,97.0,33.0,97.0,33.0,64.0,64.0
06065042405,Census Tract 424.05,65,Riverside,0.0,106.0,33.0,106.0,33.0,73.0,73.0
06113010701,Census Tract 107.01,113,Yolo,18.0,73.0,15.0,55.0,0.0,58.0,55.0
06113010703,Census Tract 107.03,113,Yolo,3.0,89.0,19.0,86.0,16.0,70.0,70.0
06113010704,Census Tract 107.04,113,Yolo,0.0,49.0,23.0,49.0,23.0,26.0,26.0
06065043308,Census Tract 433.08,65,Riverside,0.0,56.0,33.0,56.0,33.0,23.0,23.0
06065043309,Census Tract 433.09,65,Riverside,0.0,63.0,30.0,63.0,30.0,33.0,33.0
06065043310,Census Tract 433.10,65,Riverside,0.0,57.0,25.0,57.0,25.0,32.0,32.0
06065043311,Census Tract 433.11,65,Riverside,0.0,49.0,29.0,49.0,29.0,20.0,20.0
06065043312,Census Tract 433.12,65,Riverside,0.0,87.0,27.0,87.0,27.0,60.0,60.0
06065043313,Census Tract 433.13,65,Riverside,0.0,60.0,28.0,60.0,28.0,32.0,32.0
06065044806,Census Tract 448.06,65,Riverside,0.0,50.0,29.0,50.0,29.0,21.0,21.0
06001437102,Census Tract 4371.02,1,Alameda,2.0,116.0,13.0,114.0,11.0,103.0,103.0
06001435601,Census Tract 4356.01,1,Alameda,0.0,97.0,13.0,97.0,13.0,84.0,84.0
06067008145,Census Tract 81.45,67,Sacramento,0.0,208.0,15.0,208.0,15.0,193.0,193.0
06067008203,Census Tract 82.03,67,Sacramento,0.0,117.0,11.0,117.0,11.0,106.0,106.0
06067008204,Census Tract 82.04,67,Sacramento,0.0,104.0,17.0,104.0,17.0,87.0,87.0
06065044911,Census Tract 449.11,65,Riverside,0.0,107.0,14.0,107.0,14.0,93.0,93.0
06067008510,Census Tract 85.10,67,Sacramento,9.0,118.0,14.0,109.0,5.0,104.0,104.0
06113010800,Census Tract 108,113,Yolo,9.0,67.0,11.0,58.0,2.0,56.0,56.0
06113010901,Census Tract 109.01,113,Yolo,10.0,117.0,15.0,107.0,5.0,102.0,102.0
06067008206,Census Tract 82.06,67,Sacramento,2.0,140.0,16.0,138.0,14.0,124.0,124.0
06067008208,Census Tract 82.08,67,Sacramento,0.0,92.0,14.0,92.0,14.0,78.0,78.0
06067008209,Census Tract 82.09,67,Sacramento,0.0,98.0,14.0,98.0,14.0,84.0,84.0
06037231800,Census Tract 2318,37,Los Angeles,0.0,71.0,18.0,71.0,18.0,53.0,53.0
06037232110,Census Tract 2321.10,37,Los Angeles,1.0,53.0,21.0,52.0,20.0,32.0,32.0
06065044916,Census Tract 449.16,65,Riverside,0.0,152.0,20.0,152.0,20.0,132.0,132.0
06065045502,Census Tract 455.02,65,Riverside,0.0,67.0,26.0,67.0,26.0,41.0,41.0
06067007301,Census Tract 73.01,67,Sacramento,15.0,110.0,8.0,95.0,0.0,102.0,95.0
06067009637,Census Tract 96.37,67,Sacramento,0.0,173.0,18.0,173.0,18.0,155.0,155.0
06067988300,Census Tract 9883,67,Sacramento,0.0,31.0,14.0,31.0,14.0,17.0,17.0
06067007105,Census Tract 71.05,67,Sacramento,0.0,199.0,19.0,199.0,19.0,180.0,180.0
06067003203,Census Tract 32.03,67,Sacramento,0.0,54.0,27.0,54.0,27.0,27.0,27.0
06067009326,Census Tract 93.26,67,Sacramento,0.0,55.0,7.0,55.0,7.0,48.0,48.0
06067009330,Census Tract 93.30,67,Sacramento,3.0,149.0,11.0,146.0,8.0,138.0,138.0
06071009709,Census Tract 97.09,71,San Bernardino,0.0,153.0,12.0,153.0,12.0,141.0,141.0
06071010012,Census Tract 100.12,71,San Bernardino,0.0,86.0,10.0,86.0,10.0,76.0,76.0
06037232200,Census Tract 2322,37,Los Angeles,0.0,57.0,18.0,57.0,18.0,39.0,39.0
06067009611,Census Tract 96.11,67,Sacramento,23.0,81.0,19.0,58.0,0.0,62.0,58.0
06067009614,Census Tract 96.14,67,Sacramento,0.0,161.0,18.0,161.0,18.0,143.0,143.0
06067009616,Census Tract 96.16,67,Sacramento,12.0,158.0,18.0,146.0,6.0,140.0,140.0
06071010010,Census Tract 100.10,71,San Bernardino,2.0,158.0,10.0,156.0,8.0,148.0,148.0
06071010011,Census Tract 100.11,71,San Bernardino,0.0,99.0,14.0,99.0,14.0,85.0,85.0
06071010016,Census Tract 100.16,71,San Bernardino,0.0,155.0,14.0,155.0,14.0,141.0,141.0
06037242700,Census Tract 2427,37,Los Angeles,1.0,77.0,13.0,76.0,12.0,64.0,64.0
06037242100,Census Tract 2421,37,Los Angeles,5.0,46.0,19.0,41.0,14.0,27.0,27.0
06005000201,Census Tract 2.01,5,Amador,6.0,85.0,19.0,79.0,13.0,66.0,66.0
06005000202,Census Tract 2.02,5,Amador,10.0,57.0,22.0,47.0,12.0,35.0,35.0
06037243100,Census Tract 2431,37,Los Angeles,0.0,82.0,17.0,82.0,17.0,65.0,65.0
06037261200,Census Tract 2612,37,Los Angeles,9.0,93.0,5.0,84.0,0.0,88.0,84.0
06065041809,Census Tract 418.09,65,Riverside,2.0,102.0,20.0,100.0,18.0,82.0,82.0
06065041810,Census Tract 418.10,65,Riverside,0.0,113.0,18.0,113.0,18.0,95.0,95.0
06065041812,Census Tract 418.12,65,Riverside,0.0,71.0,29.0,71.0,29.0,42.0,42.0
06065041813,Census Tract 418.13,65,Riverside,0.0,157.0,25.0,157.0,25.0,132.0,132.0
06065042407,Census Tract 424.07,65,Riverside,0.0,78.0,29.0,78.0,29.0,49.0,49.0
06065042408,Census Tract 424.08,65,Riverside,0.0,68.0,28.0,68.0,28.0,40.0,40.0
06065042409,Census Tract 424.09,65,Riverside,0.0,82.0,26.0,82.0,26.0,56.0,56.0
06065042410,Census Tract 424.10,65,Riverside,0.0,130.0,21.0,130.0,21.0,109.0,109.0
06065042411,Census Tract 424.11,65,Riverside,0.0,58.0,28.0,58.0,28.0,30.0,30.0
06001437701,Census Tract 4377.01,1,Alameda,0.0,75.0,18.0,75.0,18.0,57.0,57.0
06065043314,Census Tract 433.14,65,Riverside,0.0,79.0,24.0,79.0,24.0,55.0,55.0
06065043315,Census Tract 433.15,65,Riverside,0.0,52.0,25.0,52.0,25.0,27.0,27.0
06065043401,Census Tract 434.01,65,Riverside,4.0,130.0,18.0,126.0,14.0,112.0,112.0
06065043403,Census Tract 434.03,65,Riverside,0.0,63.0,33.0,63.0,33.0,30.0,30.0
06065043404,Census Tract 434.04,65,Riverside,0.0,50.0,30.0,50.0,30.0,20.0,20.0
06053011202,Census Tract 112.02,53,Monterey,12.0,209.0,15.0,197.0,3.0,194.0,194.0
06053013400,Census Tract 134,53,Monterey,0.0,43.0,28.0,43.0,28.0,15.0,15.0
06053010101,Census Tract 101.01,53,Monterey,0.0,57.0,6.0,57.0,6.0,51.0,51.0
06065045703,Census Tract 457.03,65,Riverside,0.0,166.0,19.0,166.0,19.0,147.0,147.0
06053000104,Census Tract 1.04,53,Monterey,0.0,70.0,21.0,70.0,21.0,49.0,49.0
06037311801,Census Tract 3118.01,37,Los Angeles,0.0,56.0,16.0,56.0,16.0,40.0,40.0
06053001300,Census Tract 13,53,Monterey,1.0,70.0,31.0,69.0,30.0,39.0,39.0
06067008210,Census Tract 82.10,67,Sacramento,0.0,156.0,11.0,156.0,11.0,145.0,145.0
06067008211,Census Tract 82.11,67,Sacramento,0.0,63.0,10.0,63.0,10.0,53.0,53.0
06067008402,Census Tract 84.02,67,Sacramento,0.0,158.0,15.0,158.0,15.0,143.0,143.0
06067008403,Census Tract 84.03,67,Sacramento,2.0,140.0,16.0,138.0,14.0,124.0,124.0
06067008404,Census Tract 84.04,67,Sacramento,2.0,97.0,15.0,95.0,13.0,82.0,82.0
06067009612,Census Tract 96.12,67,Sacramento,0.0,114.0,22.0,114.0,22.0,92.0,92.0
06067009800,Census Tract 98,67,Sacramento,0.0,66.0,2.0,66.0,2.0,64.0,64.0
06019000200,Census Tract 2,19,Fresno,12.0,58.0,25.0,46.0,13.0,33.0,33.0
06067009112,Census Tract 91.12,67,Sacramento,0.0,69.0,16.0,69.0,16.0,53.0,53.0
06067009308,Census Tract 93.08,67,Sacramento,1.0,192.0,16.0,191.0,15.0,176.0,176.0
06065041905,Census Tract 419.05,65,Riverside,0.0,61.0,37.0,61.0,37.0,24.0,24.0
06053001400,Census Tract 14,53,Monterey,8.0,70.0,27.0,62.0,19.0,43.0,43.0
06067009617,Census Tract 96.17,67,Sacramento,0.0,74.0,18.0,74.0,18.0,56.0,56.0
06067009618,Census Tract 96.18,67,Sacramento,0.0,104.0,7.0,104.0,7.0,97.0,97.0
06081611400,Census Tract 6114,81,San Mateo,18.0,110.0,5.0,92.0,0.0,105.0,92.0
06081609603,Census Tract 6096.03,81,San Mateo,25.0,118.0,6.0,93.0,0.0,112.0,93.0
06037534403,Census Tract 5344.03,37,Los Angeles,0.0,59.0,23.0,59.0,23.0,36.0,36.0
06065041906,Census Tract 419.06,65,Riverside,0.0,162.0,27.0,162.0,27.0,135.0,135.0
06065042010,Census Tract 420.10,65,Riverside,0.0,118.0,10.0,118.0,10.0,108.0,108.0
06065042505,Census Tract 425.05,65,Riverside,22.0,63.0,17.0,41.0,0.0,46.0,41.0
06103000100,Census Tract 1,103,Tehama,2.0,66.0,2.0,64.0,0.0,64.0,64.0
06103000300,Census Tract 3,103,Tehama,0.0,63.0,2.0,63.0,2.0,61.0,61.0
06103000400,Census Tract 4,103,Tehama,0.0,130.0,8.0,130.0,8.0,122.0,122.0
06103000800,Census Tract 8,103,Tehama,0.0,106.0,12.0,106.0,12.0,94.0,94.0
06081609602,Census Tract 6096.02,81,San Mateo,0.0,51.0,14.0,51.0,14.0,37.0,37.0
06081613000,Census Tract 6130,81,San Mateo,46.0,75.0,6.0,29.0,0.0,69.0,29.0
06081603000,Census Tract 6030,81,San Mateo,1.0,89.0,7.0,88.0,6.0,82.0,82.0
06081604500,Census Tract 6045,81,San Mateo,0.0,79.0,11.0,79.0,11.0,68.0,68.0
06081607600,Census Tract 6076,81,San Mateo,31.0,114.0,12.0,83.0,0.0,102.0,83.0
06081611100,Census Tract 6111,81,San Mateo,0.0,165.0,8.0,165.0,8.0,157.0,157.0
06081607000,Census Tract 6070,81,San Mateo,0.0,71.0,9.0,71.0,9.0,62.0,62.0
06081604900,Census Tract 6049,81,San Mateo,0.0,70.0,11.0,70.0,11.0,59.0,59.0
06081613400,Census Tract 6134,81,San Mateo,1.0,66.0,2.0,65.0,1.0,64.0,64.0
06081602900,Census Tract 6029,81,San Mateo,0.0,57.0,9.0,57.0,9.0,48.0,48.0
06081602800,Census Tract 6028,81,San Mateo,0.0,126.0,13.0,126.0,13.0,113.0,113.0
06081603200,Census Tract 6032,81,San Mateo,16.0,62.0,6.0,46.0,0.0,56.0,46.0
06065042507,Census Tract 425.07,65,Riverside,0.0,123.0,14.0,123.0,14.0,109.0,109.0
06065042508,Census Tract 425.08,65,Riverside,0.0,106.0,29.0,106.0,29.0,77.0,77.0
06065042510,Census Tract 425.10,65,Riverside,0.0,99.0,29.0,99.0,29.0,70.0,70.0
06065043405,Census Tract 434.05,65,Riverside,0.0,82.0,25.0,82.0,25.0,57.0,57.0
06065043503,Census Tract 435.03,65,Riverside,0.0,80.0,20.0,80.0,20.0,60.0,60.0
06065043506,Census Tract 435.06,65,Riverside,0.0,205.0,15.0,205.0,15.0,190.0,190.0
06037531602,Census Tract 5316.02,37,Los Angeles,0.0,68.0,19.0,68.0,19.0,49.0,49.0
06037219700,Census Tract 2197,37,Los Angeles,7.0,70.0,12.0,63.0,5.0,58.0,58.0
06037221820,Census Tract 2218.20,37,Los Angeles,2.0,42.0,28.0,40.0,26.0,14.0,14.0
06037242000,Census Tract 2420,37,Los Angeles,14.0,65.0,16.0,51.0,2.0,49.0,49.0
06037264000,Census Tract 2640,37,Los Angeles,0.0,64.0,9.0,64.0,9.0,55.0,55.0
06053000200,Census Tract 2,53,Monterey,0.0,167.0,23.0,167.0,23.0,144.0,144.0
06053000300,Census Tract 3,53,Monterey,0.0,95.0,27.0,95.0,27.0,68.0,68.0
06053000400,Census Tract 4,53,Monterey,0.0,228.0,19.0,228.0,19.0,209.0,209.0
06103000600,Census Tract 6,103,Tehama,16.0,123.0,36.0,107.0,20.0,87.0,87.0
06077004308,Census Tract 43.08,77,San Joaquin,0.0,75.0,29.0,75.0,29.0,46.0,46.0
06077004403,Census Tract 44.03,77,San Joaquin,0.0,69.0,25.0,69.0,25.0,44.0,44.0
06083001101,Census Tract 11.01,83,Santa Barbara,0.0,104.0,26.0,104.0,26.0,78.0,78.0
06083001102,Census Tract 11.02,83,Santa Barbara,0.0,92.0,32.0,92.0,32.0,60.0,60.0
06077005130,Census Tract 51.30,77,San Joaquin,0.0,83.0,22.0,83.0,22.0,61.0,61.0
06077005208,Census Tract 52.08,77,San Joaquin,0.0,153.0,18.0,153.0,18.0,135.0,135.0
06113010608,Census Tract 106.08,113,Yolo,22.0,174.0,15.0,152.0,0.0,159.0,152.0
06065045706,Census Tract 457.06,65,Riverside,0.0,84.0,20.0,84.0,20.0,64.0,64.0
06053000800,Census Tract 8,53,Monterey,0.0,139.0,30.0,139.0,30.0,109.0,109.0
06083000501,Census Tract 5.01,83,Santa Barbara,0.0,63.0,5.0,63.0,5.0,58.0,58.0
06083002010,Census Tract 20.10,83,Santa Barbara,0.0,85.0,15.0,85.0,15.0,70.0,70.0
06083002809,Census Tract 28.09,83,Santa Barbara,2.0,131.0,2.0,129.0,0.0,129.0,129.0
06083002808,Census Tract 28.08,83,Santa Barbara,20.0,163.0,4.0,143.0,0.0,159.0,143.0
06077002401,Census Tract 24.01,77,San Joaquin,0.0,106.0,18.0,106.0,18.0,88.0,88.0
06083000103,Census Tract 1.03,83,Santa Barbara,0.0,81.0,4.0,81.0,4.0,77.0,77.0
06083000502,Census Tract 5.02,83,Santa Barbara,2.0,106.0,14.0,104.0,12.0,92.0,92.0
06077004106,Census Tract 41.06,77,San Joaquin,5.0,56.0,3.0,51.0,0.0,53.0,51.0
06083002907,Census Tract 29.07,83,Santa Barbara,0.0,69.0,4.0,69.0,4.0,65.0,65.0
06077004307,Census Tract 43.07,77,San Joaquin,0.0,75.0,20.0,75.0,20.0,55.0,55.0
06083002006,Census Tract 20.06,83,Santa Barbara,6.0,58.0,1.0,52.0,0.0,57.0,52.0
06077004703,Census Tract 47.03,77,San Joaquin,0.0,69.0,2.0,69.0,2.0,67.0,67.0
06077004704,Census Tract 47.04,77,San Joaquin,0.0,128.0,1.0,128.0,1.0,127.0,127.0
06083002005,Census Tract 20.05,83,Santa Barbara,0.0,106.0,9.0,106.0,9.0,97.0,97.0
06083000600,Census Tract 6,83,Santa Barbara,4.0,113.0,12.0,109.0,8.0,101.0,101.0
06083001800,Census Tract 18,83,Santa Barbara,2.0,38.0,0.0,36.0,0.0,38.0,36.0
06083000700,Census Tract 7,83,Santa Barbara,0.0,183.0,5.0,183.0,5.0,178.0,178.0
06083001500,Census Tract 15,83,Santa Barbara,2.0,71.0,4.0,69.0,2.0,67.0,67.0
06077002503,Census Tract 25.03,77,San Joaquin,8.0,51.0,18.0,43.0,10.0,33.0,33.0
06083001203,Census Tract 12.03,83,Santa Barbara,0.0,57.0,18.0,57.0,18.0,39.0,39.0
06065031100,Census Tract 311,65,Riverside,5.0,121.0,19.0,116.0,14.0,102.0,102.0
06065044702,Census Tract 447.02,65,Riverside,0.0,57.0,26.0,57.0,26.0,31.0,31.0
06065040806,Census Tract 408.06,65,Riverside,0.0,54.0,20.0,54.0,20.0,34.0,34.0
06081613501,Census Tract 6135.01,81,San Mateo,0.0,88.0,1.0,88.0,1.0,87.0,87.0
06081609700,Census Tract 6097,81,San Mateo,0.0,99.0,6.0,99.0,6.0,93.0,93.0
06081609500,Census Tract 6095,81,San Mateo,0.0,126.0,10.0,126.0,10.0,116.0,116.0
06081604700,Census Tract 6047,81,San Mateo,0.0,64.0,13.0,64.0,13.0,51.0,51.0
06081600300,Census Tract 6003,81,San Mateo,0.0,74.0,9.0,74.0,9.0,65.0,65.0
06081609601,Census Tract 6096.01,81,San Mateo,0.0,87.0,9.0,87.0,9.0,78.0,78.0
06081603300,Census Tract 6033,81,San Mateo,4.0,197.0,5.0,193.0,1.0,192.0,192.0
06081608001,Census Tract 6080.01,81,San Mateo,0.0,78.0,18.0,78.0,18.0,60.0,60.0
06081605000,Census Tract 6050,81,San Mateo,0.0,339.0,7.0,339.0,7.0,332.0,332.0
06065041201,Census Tract 412.01,65,Riverside,2.0,80.0,20.0,78.0,18.0,60.0,60.0
06065041202,Census Tract 412.02,65,Riverside,0.0,104.0,30.0,104.0,30.0,74.0,74.0
06053000900,Census Tract 9,53,Monterey,0.0,133.0,23.0,133.0,23.0,110.0,110.0
06081608900,Census Tract 6089,81,San Mateo,0.0,202.0,6.0,202.0,6.0,196.0,196.0
06081602700,Census Tract 6027,81,San Mateo,0.0,164.0,10.0,164.0,10.0,154.0,154.0
06081604200,Census Tract 6042,81,San Mateo,0.0,84.0,11.0,84.0,11.0,73.0,73.0
06065041203,Census Tract 412.03,65,Riverside,0.0,86.0,36.0,86.0,36.0,50.0,50.0
06065041403,Census Tract 414.03,65,Riverside,0.0,95.0,22.0,95.0,22.0,73.0,73.0
06065041404,Census Tract 414.04,65,Riverside,0.0,78.0,28.0,78.0,28.0,50.0,50.0
06067008501,Census Tract 85.01,67,Sacramento,0.0,209.0,9.0,209.0,9.0,200.0,200.0
06067008504,Census Tract 85.04,67,Sacramento,24.0,128.0,11.0,104.0,0.0,117.0,104.0
06065043702,Census Tract 437.02,65,Riverside,0.0,87.0,20.0,87.0,20.0,67.0,67.0
06065043703,Census Tract 437.03,65,Riverside,0.0,62.0,29.0,62.0,29.0,33.0,33.0
06077004105,Census Tract 41.05,77,San Joaquin,3.0,190.0,8.0,187.0,5.0,182.0,182.0
06077005131,Census Tract 51.31,77,San Joaquin,0.0,162.0,3.0,162.0,3.0,159.0,159.0
06077005132,Census Tract 51.32,77,San Joaquin,0.0,68.0,26.0,68.0,26.0,42.0,42.0
06077005133,Census Tract 51.33,77,San Joaquin,6.0,96.0,20.0,90.0,14.0,76.0,76.0
06077005134,Census Tract 51.34,77,San Joaquin,0.0,103.0,20.0,103.0,20.0,83.0,83.0
06065043807,Census Tract 438.07,65,Riverside,0.0,209.0,15.0,209.0,15.0,194.0,194.0
06065043900,Census Tract 439,65,Riverside,0.0,175.0,19.0,175.0,19.0,156.0,156.0
06077005308,Census Tract 53.08,77,San Joaquin,0.0,78.0,21.0,78.0,21.0,57.0,57.0
06077004404,Census Tract 44.04,77,San Joaquin,4.0,80.0,13.0,76.0,9.0,67.0,67.0
06019004409,Census Tract 44.09,19,Fresno,24.0,80.0,21.0,56.0,0.0,59.0,56.0
06019004214,Census Tract 42.14,19,Fresno,0.0,116.0,22.0,116.0,22.0,94.0,94.0
06083002303,Census Tract 23.03,83,Santa Barbara,0.0,150.0,21.0,150.0,21.0,129.0,129.0
06083002708,Census Tract 27.08,83,Santa Barbara,0.0,60.0,20.0,60.0,20.0,40.0,40.0
06083001601,Census Tract 16.01,83,Santa Barbara,0.0,170.0,12.0,170.0,12.0,158.0,158.0
06081601400,Census Tract 6014,81,San Mateo,9.0,177.0,11.0,168.0,2.0,166.0,166.0
06017030706,Census Tract 307.06,17,El Dorado,0.0,219.0,21.0,219.0,21.0,198.0,198.0
06017030710,Census Tract 307.10,17,El Dorado,4.0,227.0,20.0,223.0,16.0,207.0,207.0
06017031900,Census Tract 319,17,El Dorado,2.0,37.0,3.0,35.0,1.0,34.0,34.0
06061022300,Census Tract 223,61,Placer,0.0,33.0,6.0,33.0,6.0,27.0,27.0
06067008512,Census Tract 85.12,67,Sacramento,0.0,122.0,14.0,122.0,14.0,108.0,108.0
06013302006,Census Tract 3020.06,13,Contra Costa,0.0,51.0,6.0,51.0,6.0,45.0,45.0
06013302005,Census Tract 3020.05,13,Contra Costa,23.0,283.0,11.0,260.0,0.0,272.0,260.0
06013313204,Census Tract 3132.04,13,Contra Costa,0.0,127.0,5.0,127.0,5.0,122.0,122.0
06083002906,Census Tract 29.06,83,Santa Barbara,3.0,64.0,11.0,61.0,8.0,53.0,53.0
06083002909,Census Tract 29.09,83,Santa Barbara,0.0,78.0,15.0,78.0,15.0,63.0,63.0
06083002913,Census Tract 29.13,83,Santa Barbara,4.0,103.0,16.0,99.0,12.0,87.0,87.0
06083002914,Census Tract 29.14,83,Santa Barbara,3.0,57.0,18.0,54.0,15.0,39.0,39.0
06077004502,Census Tract 45.02,77,San Joaquin,0.0,81.0,19.0,81.0,19.0,62.0,62.0
06083000101,Census Tract 1.01,83,Santa Barbara,13.0,168.0,12.0,155.0,0.0,156.0,155.0
06065046101,Census Tract 461.01,65,Riverside,2.0,45.0,24.0,43.0,22.0,21.0,21.0
06065046102,Census Tract 461.02,65,Riverside,0.0,43.0,24.0,43.0,24.0,19.0,19.0
06077005405,Census Tract 54.05,77,San Joaquin,6.0,74.0,22.0,68.0,16.0,52.0,52.0
06077005406,Census Tract 54.06,77,San Joaquin,10.0,64.0,22.0,54.0,12.0,42.0,42.0
06077002402,Census Tract 24.02,77,San Joaquin,0.0,49.0,21.0,49.0,21.0,28.0,28.0
06077003217,Census Tract 32.17,77,San Joaquin,0.0,60.0,29.0,60.0,29.0,31.0,31.0
06077002504,Census Tract 25.04,77,San Joaquin,0.0,89.0,27.0,89.0,27.0,62.0,62.0
06019005608,Census Tract 56.08,19,Fresno,9.0,53.0,29.0,44.0,20.0,24.0,24.0
06019005518,Census Tract 55.18,19,Fresno,0.0,159.0,20.0,159.0,20.0,139.0,139.0
06019005520,Census Tract 55.20,19,Fresno,0.0,80.0,22.0,80.0,22.0,58.0,58.0
06019005525,Census Tract 55.25,19,Fresno,0.0,45.0,8.0,45.0,8.0,37.0,37.0
06019005522,Census Tract 55.22,19,Fresno,0.0,100.0,16.0,100.0,16.0,84.0,84.0
06019005524,Census Tract 55.24,19,Fresno,0.0,83.0,22.0,83.0,22.0,61.0,61.0
06001450743,Census Tract 4507.43,1,Alameda,68.0,229.0,6.0,161.0,0.0,223.0,161.0
06001451404,Census Tract 4514.04,1,Alameda,4.0,151.0,10.0,147.0,6.0,141.0,141.0
06083003001,Census Tract 30.01,83,Santa Barbara,4.0,142.0,12.0,138.0,8.0,130.0,130.0
06083003004,Census Tract 30.04,83,Santa Barbara,0.0,122.0,17.0,122.0,17.0,105.0,105.0
06065031200,Census Tract 312,65,Riverside,0.0,148.0,17.0,148.0,17.0,131.0,131.0
06065031300,Census Tract 313,65,Riverside,5.0,60.0,22.0,55.0,17.0,38.0,38.0
06065040809,Census Tract 408.09,65,Riverside,5.0,66.0,22.0,61.0,17.0,44.0,44.0
06001403501,Census Tract 4035.01,1,Alameda,12.0,111.0,15.0,99.0,3.0,96.0,96.0
06065031401,Census Tract 314.01,65,Riverside,4.0,210.0,22.0,206.0,18.0,188.0,188.0
06065031402,Census Tract 314.02,65,Riverside,0.0,157.0,22.0,157.0,22.0,135.0,135.0
06065031501,Census Tract 315.01,65,Riverside,24.0,163.0,20.0,139.0,0.0,143.0,139.0
06079010504,Census Tract 105.04,79,San Luis Obispo,3.0,65.0,14.0,62.0,11.0,51.0,51.0
06079010602,Census Tract 106.02,79,San Luis Obispo,0.0,85.0,19.0,85.0,19.0,66.0,66.0
06019003004,Census Tract 30.04,19,Fresno,0.0,53.0,31.0,53.0,31.0,22.0,22.0
06019004213,Census Tract 42.13,19,Fresno,0.0,71.0,33.0,71.0,33.0,38.0,38.0
06013313206,Census Tract 3132.06,13,Contra Costa,0.0,143.0,16.0,143.0,16.0,127.0,127.0
06065041405,Census Tract 414.05,65,Riverside,0.0,124.0,25.0,124.0,25.0,99.0,99.0
06065041406,Census Tract 414.06,65,Riverside,0.0,115.0,24.0,115.0,24.0,91.0,91.0
06065041407,Census Tract 414.07,65,Riverside,0.0,109.0,26.0,109.0,26.0,83.0,83.0
06065041408,Census Tract 414.08,65,Riverside,12.0,87.0,28.0,75.0,16.0,59.0,59.0
06065041410,Census Tract 414.10,65,Riverside,0.0,58.0,24.0,58.0,24.0,34.0,34.0
06013338101,Census Tract 3381.01,13,Contra Costa,0.0,102.0,20.0,102.0,20.0,82.0,82.0
06013338102,Census Tract 3381.02,13,Contra Costa,0.0,65.0,17.0,65.0,17.0,48.0,48.0
06083000102,Census Tract 1.02,83,Santa Barbara,6.0,126.0,15.0,120.0,9.0,111.0,111.0
06083002924,Census Tract 29.24,83,Santa Barbara,0.0,89.0,34.0,89.0,34.0,55.0,55.0
06083002926,Census Tract 29.26,83,Santa Barbara,0.0,70.0,41.0,70.0,41.0,29.0,29.0
06083002932,Census Tract 29.32,83,Santa Barbara,1.0,46.0,2.0,45.0,1.0,44.0,44.0
06083003007,Census Tract 30.07,83,Santa Barbara,0.0,77.0,7.0,77.0,7.0,70.0,70.0
06077005502,Census Tract 55.02,77,San Joaquin,2.0,100.0,1.0,98.0,0.0,99.0,98.0
06077003313,Census Tract 33.13,77,San Joaquin,0.0,56.0,35.0,56.0,35.0,21.0,21.0
06001406500,Census Tract 4065,1,Alameda,0.0,92.0,15.0,92.0,15.0,77.0,77.0
06083002008,Census Tract 20.08,83,Santa Barbara,0.0,157.0,13.0,157.0,13.0,144.0,144.0
06083002009,Census Tract 20.09,83,Santa Barbara,20.0,81.0,15.0,61.0,0.0,66.0,61.0
06083002011,Census Tract 20.11,83,Santa Barbara,2.0,128.0,6.0,126.0,4.0,122.0,122.0
06083002012,Census Tract 20.12,83,Santa Barbara,0.0,60.0,13.0,60.0,13.0,47.0,47.0
06067008907,Census Tract 89.07,67,Sacramento,0.0,115.0,22.0,115.0,22.0,93.0,93.0
06067008908,Census Tract 89.08,67,Sacramento,4.0,113.0,18.0,109.0,14.0,95.0,95.0
06067008909,Census Tract 89.09,67,Sacramento,0.0,54.0,16.0,54.0,16.0,38.0,38.0
06067008702,Census Tract 87.02,67,Sacramento,0.0,68.0,15.0,68.0,15.0,53.0,53.0
06065042512,Census Tract 425.12,65,Riverside,3.0,74.0,26.0,71.0,23.0,48.0,48.0
06077003216,Census Tract 32.16,77,San Joaquin,0.0,67.0,26.0,67.0,26.0,41.0,41.0
06019005911,Census Tract 59.11,19,Fresno,0.0,231.0,19.0,231.0,19.0,212.0,212.0
06019005907,Census Tract 59.07,19,Fresno,0.0,73.0,22.0,73.0,22.0,51.0,51.0
06019006202,Census Tract 62.02,19,Fresno,0.0,140.0,9.0,140.0,9.0,131.0,131.0
06095250105,Census Tract 2501.05,95,Solano,33.0,217.0,13.0,184.0,0.0,204.0,184.0
06083003005,Census Tract 30.05,83,Santa Barbara,2.0,103.0,15.0,101.0,13.0,88.0,88.0
06083001905,Census Tract 19.05,83,Santa Barbara,8.0,68.0,1.0,60.0,0.0,67.0,60.0
06083002205,Census Tract 22.05,83,Santa Barbara,0.0,98.0,22.0,98.0,22.0,76.0,76.0
06065044000,Census Tract 440,65,Riverside,3.0,57.0,21.0,54.0,18.0,36.0,36.0
06065044101,Census Tract 441.01,65,Riverside,0.0,63.0,26.0,63.0,26.0,37.0,37.0
06065044102,Census Tract 441.02,65,Riverside,0.0,76.0,29.0,76.0,29.0,47.0,47.0
06095250605,Census Tract 2506.05,95,Solano,8.0,66.0,12.0,58.0,4.0,54.0,54.0
06095250604,Census Tract 2506.04,95,Solano,0.0,68.0,15.0,68.0,15.0,53.0,53.0
06095250103,Census Tract 2501.03,95,Solano,0.0,94.0,17.0,94.0,17.0,77.0,77.0
06095252311,Census Tract 2523.11,95,Solano,2.0,107.0,9.0,105.0,7.0,98.0,98.0
06065044103,Census Tract 441.03,65,Riverside,6.0,218.0,12.0,212.0,6.0,206.0,206.0
06083002101,Census Tract 21.01,83,Santa Barbara,32.0,92.0,20.0,60.0,0.0,72.0,60.0
06083002102,Census Tract 21.02,83,Santa Barbara,8.0,46.0,20.0,38.0,12.0,26.0,26.0
06019005516,Census Tract 55.16,19,Fresno,16.0,99.0,23.0,83.0,7.0,76.0,76.0
06019006502,Census Tract 65.02,19,Fresno,3.0,120.0,9.0,117.0,6.0,111.0,111.0
06083002103,Census Tract 21.03,83,Santa Barbara,33.0,113.0,14.0,80.0,0.0,99.0,80.0
06083002013,Census Tract 20.13,83,Santa Barbara,0.0,55.0,9.0,55.0,9.0,46.0,46.0
06013368002,Census Tract 3680.02,13,Contra Costa,0.0,91.0,26.0,91.0,26.0,65.0,65.0
06065046103,Census Tract 461.03,65,Riverside,0.0,51.0,12.0,51.0,12.0,39.0,39.0
06047002500,Census Tract 25,47,Merced,0.0,43.0,2.0,43.0,2.0,41.0,41.0
06077003312,Census Tract 33.12,77,San Joaquin,0.0,55.0,34.0,55.0,34.0,21.0,21.0
06077003409,Census Tract 34.09,77,San Joaquin,0.0,67.0,21.0,67.0,21.0,46.0,46.0
06077004501,Census Tract 45.01,77,San Joaquin,0.0,52.0,16.0,52.0,16.0,36.0,36.0
06083002206,Census Tract 22.06,83,Santa Barbara,0.0,105.0,20.0,105.0,20.0,85.0,85.0
06083002209,Census Tract 22.09,83,Santa Barbara,4.0,72.0,23.0,68.0,19.0,49.0,49.0
06083002210,Census Tract 22.10,83,Santa Barbara,0.0,128.0,14.0,128.0,14.0,114.0,114.0
06083002304,Census Tract 23.04,83,Santa Barbara,0.0,191.0,21.0,191.0,21.0,170.0,170.0
06077005135,Census Tract 51.35,77,San Joaquin,18.0,201.0,6.0,183.0,0.0,195.0,183.0
06019006501,Census Tract 65.01,19,Fresno,0.0,132.0,5.0,132.0,5.0,127.0,127.0
06007001702,Census Tract 17.02,7,Butte,0.0,84.0,11.0,84.0,11.0,73.0,73.0
06007001800,Census Tract 18,7,Butte,0.0,55.0,18.0,55.0,18.0,37.0,37.0
06007002000,Census Tract 20,7,Butte,0.0,59.0,23.0,59.0,23.0,36.0,36.0
06007002300,Census Tract 23,7,Butte,0.0,57.0,7.0,57.0,7.0,50.0,50.0
06007003200,Census Tract 32,7,Butte,0.0,129.0,10.0,129.0,10.0,119.0,119.0
06007001500,Census Tract 15,7,Butte,0.0,171.0,3.0,171.0,3.0,168.0,168.0
06007003400,Census Tract 34,7,Butte,0.0,70.0,10.0,70.0,10.0,60.0,60.0
06007002200,Census Tract 22,7,Butte,10.0,62.0,5.0,52.0,0.0,57.0,52.0
06007003600,Census Tract 36,7,Butte,0.0,100.0,3.0,100.0,3.0,97.0,97.0
06007002700,Census Tract 27,7,Butte,0.0,141.0,17.0,141.0,17.0,124.0,124.0
06065045103,Census Tract 451.03,65,Riverside,50.0,80.0,7.0,30.0,0.0,73.0,30.0
06065046404,Census Tract 464.04,65,Riverside,16.0,174.0,10.0,158.0,0.0,164.0,158.0
06033000802,Census Tract 8.02,33,Lake,0.0,127.0,33.0,127.0,33.0,94.0,94.0
06095252310,Census Tract 2523.10,95,Solano,0.0,77.0,5.0,77.0,5.0,72.0,72.0
06095252313,Census Tract 2523.13,95,Solano,0.0,99.0,9.0,99.0,9.0,90.0,90.0
06095252312,Census Tract 2523.12,95,Solano,1.0,90.0,19.0,89.0,18.0,71.0,71.0
06095252611,Census Tract 2526.11,95,Solano,0.0,81.0,25.0,81.0,25.0,56.0,56.0
06095252911,Census Tract 2529.11,95,Solano,35.0,103.0,12.0,68.0,0.0,91.0,68.0
06081601501,Census Tract 6015.01,81,San Mateo,0.0,107.0,16.0,107.0,16.0,91.0,91.0
06081601502,Census Tract 6015.02,81,San Mateo,0.0,97.0,15.0,97.0,15.0,82.0,82.0
06081601603,Census Tract 6016.03,81,San Mateo,0.0,119.0,13.0,119.0,13.0,106.0,106.0
06065041411,Census Tract 414.11,65,Riverside,0.0,58.0,35.0,58.0,35.0,23.0,23.0
06065041412,Census Tract 414.12,65,Riverside,0.0,100.0,22.0,100.0,22.0,78.0,78.0
06065041702,Census Tract 417.02,65,Riverside,0.0,100.0,27.0,100.0,27.0,73.0,73.0
06065041704,Census Tract 417.04,65,Riverside,3.0,65.0,34.0,62.0,31.0,31.0,31.0
06065041803,Census Tract 418.03,65,Riverside,0.0,141.0,18.0,141.0,18.0,123.0,123.0
06037267502,Census Tract 2675.02,37,Los Angeles,4.0,62.0,19.0,58.0,15.0,43.0,43.0
06067009316,Census Tract 93.16,67,Sacramento,0.0,123.0,24.0,123.0,24.0,99.0,99.0
06067009317,Census Tract 93.17,67,Sacramento,0.0,202.0,16.0,202.0,16.0,186.0,186.0
06067009318,Census Tract 93.18,67,Sacramento,0.0,53.0,23.0,53.0,23.0,30.0,30.0
06067009319,Census Tract 93.19,67,Sacramento,0.0,119.0,18.0,119.0,18.0,101.0,101.0
06067009309,Census Tract 93.09,67,Sacramento,0.0,56.0,19.0,56.0,19.0,37.0,37.0
06067009310,Census Tract 93.10,67,Sacramento,0.0,154.0,12.0,154.0,12.0,142.0,142.0
06067009311,Census Tract 93.11,67,Sacramento,0.0,244.0,11.0,244.0,11.0,233.0,233.0
06067009320,Census Tract 93.20,67,Sacramento,0.0,92.0,21.0,92.0,21.0,71.0,71.0
06073007702,Census Tract 77.02,73,San Diego,2.0,64.0,27.0,62.0,25.0,37.0,37.0
06073020308,Census Tract 203.08,73,San Diego,0.0,187.0,19.0,187.0,19.0,168.0,168.0
06067009321,Census Tract 93.21,67,Sacramento,0.0,140.0,20.0,140.0,20.0,120.0,120.0
06019006603,Census Tract 66.03,19,Fresno,0.0,49.0,26.0,49.0,26.0,23.0,23.0
06019008501,Census Tract 85.01,19,Fresno,0.0,100.0,8.0,100.0,8.0,92.0,92.0
06019002903,Census Tract 29.03,19,Fresno,8.0,77.0,31.0,69.0,23.0,46.0,46.0
06081609800,Census Tract 6098,81,San Mateo,6.0,96.0,10.0,90.0,4.0,86.0,86.0
06065044200,Census Tract 442,65,Riverside,4.0,161.0,16.0,157.0,12.0,145.0,145.0
06065044509,Census Tract 445.09,65,Riverside,12.0,115.0,22.0,103.0,10.0,93.0,93.0
06065044602,Census Tract 446.02,65,Riverside,8.0,54.0,20.0,46.0,12.0,34.0,34.0
06065044604,Census Tract 446.04,65,Riverside,4.0,61.0,19.0,57.0,15.0,42.0,42.0
06065044701,Census Tract 447.01,65,Riverside,17.0,59.0,20.0,42.0,3.0,39.0,39.0
06065042621,Census Tract 426.21,65,Riverside,0.0,225.0,20.0,225.0,20.0,205.0,205.0
06095253403,Census Tract 2534.03,95,Solano,2.0,125.0,9.0,123.0,7.0,116.0,116.0
06095252802,Census Tract 2528.02,95,Solano,0.0,34.0,13.0,34.0,13.0,21.0,21.0
06095252912,Census Tract 2529.12,95,Solano,3.0,104.0,15.0,101.0,12.0,89.0,89.0
06095252913,Census Tract 2529.13,95,Solano,0.0,83.0,18.0,83.0,18.0,65.0,65.0
06095253404,Census Tract 2534.04,95,Solano,17.0,130.0,15.0,113.0,0.0,115.0,113.0
06095252315,Census Tract 2523.15,95,Solano,0.0,84.0,19.0,84.0,19.0,65.0,65.0
06083002703,Census Tract 27.03,83,Santa Barbara,4.0,69.0,16.0,65.0,12.0,53.0,53.0
06019004208,Census Tract 42.08,19,Fresno,0.0,166.0,14.0,166.0,14.0,152.0,152.0
06019004210,Census Tract 42.10,19,Fresno,13.0,67.0,27.0,54.0,14.0,40.0,40.0
06019003003,Census Tract 30.03,19,Fresno,6.0,83.0,31.0,77.0,25.0,52.0,52.0
06081601605,Census Tract 6016.05,81,San Mateo,0.0,114.0,14.0,114.0,14.0,100.0,100.0
06065046200,Census Tract 462,65,Riverside,16.0,47.0,10.0,31.0,0.0,37.0,31.0
06073017801,Census Tract 178.01,73,San Diego,5.0,194.0,10.0,189.0,5.0,184.0,184.0
06037503000,Census Tract 5030,37,Los Angeles,0.0,128.0,11.0,128.0,11.0,117.0,117.0
06019003103,Census Tract 31.03,19,Fresno,0.0,98.0,28.0,98.0,28.0,70.0,70.0
06019001413,Census Tract 14.13,19,Fresno,10.0,251.0,11.0,241.0,1.0,240.0,240.0
06019005607,Census Tract 56.07,19,Fresno,0.0,78.0,31.0,78.0,31.0,47.0,47.0
06019005409,Census Tract 54.09,19,Fresno,4.0,58.0,31.0,54.0,27.0,27.0,27.0
06019005203,Census Tract 52.03,19,Fresno,0.0,71.0,31.0,71.0,31.0,40.0,40.0
06065045109,Census Tract 451.09,65,Riverside,0.0,91.0,27.0,91.0,27.0,64.0,64.0
06095252914,Census Tract 2529.14,95,Solano,0.0,114.0,16.0,114.0,16.0,98.0,98.0
06083002705,Census Tract 27.05,83,Santa Barbara,2.0,89.0,21.0,87.0,19.0,68.0,68.0
06083002706,Census Tract 27.06,83,Santa Barbara,0.0,136.0,21.0,136.0,21.0,115.0,115.0
06083002707,Census Tract 27.07,83,Santa Barbara,0.0,58.0,22.0,58.0,22.0,36.0,36.0
06037463800,Census Tract 4638,37,Los Angeles,0.0,75.0,8.0,75.0,8.0,67.0,67.0
06037463900,Census Tract 4639,37,Los Angeles,14.0,60.0,9.0,46.0,0.0,51.0,46.0
06037464000,Census Tract 4640,37,Los Angeles,30.0,114.0,7.0,84.0,0.0,107.0,84.0
06037464200,Census Tract 4642,37,Los Angeles,0.0,145.0,7.0,145.0,7.0,138.0,138.0
06073012303,Census Tract 123.03,73,San Diego,2.0,75.0,17.0,73.0,15.0,58.0,58.0
06073004200,Census Tract 42,73,San Diego,0.0,106.0,13.0,106.0,13.0,93.0,93.0
06019001202,Census Tract 12.02,19,Fresno,0.0,71.0,19.0,71.0,19.0,52.0,52.0
06037271500,Census Tract 2715,37,Los Angeles,1.0,59.0,13.0,58.0,12.0,46.0,46.0
06037272301,Census Tract 2723.01,37,Los Angeles,0.0,61.0,17.0,61.0,17.0,44.0,44.0
06037272302,Census Tract 2723.02,37,Los Angeles,0.0,71.0,18.0,71.0,18.0,53.0,53.0
06037273100,Census Tract 2731,37,Los Angeles,1.0,58.0,12.0,57.0,11.0,46.0,46.0
06037273200,Census Tract 2732,37,Los Angeles,2.0,55.0,16.0,53.0,14.0,39.0,39.0
06037273300,Census Tract 2733,37,Los Angeles,1.0,59.0,17.0,58.0,16.0,42.0,42.0
06037273600,Census Tract 2736,37,Los Angeles,5.0,49.0,17.0,44.0,12.0,32.0,32.0
06073002904,Census Tract 29.04,73,San Diego,14.0,201.0,16.0,187.0,2.0,185.0,185.0
06083000400,Census Tract 4,83,Santa Barbara,0.0,112.0,17.0,112.0,17.0,95.0,95.0
06083000801,Census Tract 8.01,83,Santa Barbara,0.0,92.0,24.0,92.0,24.0,68.0,68.0
06083002802,Census Tract 28.02,83,Santa Barbara,1.0,193.0,10.0,192.0,9.0,183.0,183.0
06083002806,Census Tract 28.06,83,Santa Barbara,0.0,62.0,16.0,62.0,16.0,46.0,46.0
06081608800,Census Tract 6088,81,San Mateo,0.0,158.0,8.0,158.0,8.0,150.0,150.0
06081609400,Census Tract 6094,81,San Mateo,0.0,81.0,13.0,81.0,13.0,68.0,68.0
06081613800,Census Tract 6138,81,San Mateo,0.0,106.0,1.0,106.0,1.0,105.0,105.0
06081600200,Census Tract 6002,81,San Mateo,0.0,92.0,13.0,92.0,13.0,79.0,79.0
06019003701,Census Tract 37.01,19,Fresno,0.0,53.0,34.0,53.0,34.0,19.0,19.0
06019001301,Census Tract 13.01,19,Fresno,0.0,90.0,25.0,90.0,25.0,65.0,65.0
06037480803,Census Tract 4808.03,37,Los Angeles,0.0,60.0,12.0,60.0,12.0,48.0,48.0
06037503201,Census Tract 5032.01,37,Los Angeles,0.0,77.0,11.0,77.0,11.0,66.0,66.0
06037503202,Census Tract 5032.02,37,Los Angeles,0.0,88.0,12.0,88.0,12.0,76.0,76.0
06019002702,Census Tract 27.02,19,Fresno,0.0,86.0,31.0,86.0,31.0,55.0,55.0
06007002100,Census Tract 21,7,Butte,0.0,53.0,20.0,53.0,20.0,33.0,33.0
06037501400,Census Tract 5014,37,Los Angeles,8.0,71.0,12.0,63.0,4.0,59.0,59.0
06037501503,Census Tract 5015.03,37,Los Angeles,0.0,126.0,14.0,126.0,14.0,112.0,112.0
06037501504,Census Tract 5015.04,37,Los Angeles,6.0,76.0,15.0,70.0,9.0,61.0,61.0
06037501802,Census Tract 5018.02,37,Los Angeles,0.0,71.0,15.0,71.0,15.0,56.0,56.0
06073002502,Census Tract 25.02,73,San Diego,0.0,144.0,15.0,144.0,15.0,129.0,129.0
06073017052,Census Tract 170.52,73,San Diego,0.0,126.0,14.0,126.0,14.0,112.0,112.0
06073017055,Census Tract 170.55,73,San Diego,4.0,112.0,15.0,108.0,11.0,97.0,97.0
06073017056,Census Tract 170.56,73,San Diego,42.0,95.0,13.0,53.0,0.0,82.0,53.0
06007002500,Census Tract 25,7,Butte,1.0,89.0,5.0,88.0,4.0,84.0,84.0
06007000603,Census Tract 6.03,7,Butte,0.0,60.0,59.0,60.0,59.0,1.0,1.0
06007003300,Census Tract 33,7,Butte,3.0,93.0,4.0,90.0,1.0,89.0,89.0
06007001900,Census Tract 19,7,Butte,0.0,44.0,21.0,44.0,21.0,23.0,23.0
06007001400,Census Tract 14,7,Butte,0.0,135.0,3.0,135.0,3.0,132.0,132.0
06075030900,Census Tract 309,75,San Francisco,0.0,122.0,3.0,122.0,3.0,119.0,119.0
06075031100,Census Tract 311,75,San Francisco,7.0,99.0,3.0,92.0,0.0,96.0,92.0
06075031000,Census Tract 310,75,San Francisco,14.0,72.0,4.0,58.0,0.0,68.0,58.0
06075032700,Census Tract 327,75,San Francisco,0.0,109.0,4.0,109.0,4.0,105.0,105.0
06073020213,Census Tract 202.13,73,San Diego,0.0,88.0,36.0,88.0,36.0,52.0,52.0
06073020214,Census Tract 202.14,73,San Diego,24.0,102.0,16.0,78.0,0.0,86.0,78.0
06073000202,Census Tract 2.02,73,San Diego,0.0,74.0,18.0,74.0,18.0,56.0,56.0
06073002712,Census Tract 27.12,73,San Diego,0.0,95.0,14.0,95.0,14.0,81.0,81.0
06073003305,Census Tract 33.05,73,San Diego,0.0,132.0,19.0,132.0,19.0,113.0,113.0
06037480804,Census Tract 4808.04,37,Los Angeles,0.0,88.0,14.0,88.0,14.0,74.0,74.0
06037480903,Census Tract 4809.03,37,Los Angeles,0.0,61.0,14.0,61.0,14.0,47.0,47.0
06037481002,Census Tract 4810.02,37,Los Angeles,0.0,113.0,13.0,113.0,13.0,100.0,100.0
06037481101,Census Tract 4811.01,37,Los Angeles,0.0,90.0,14.0,90.0,14.0,76.0,76.0
06037481102,Census Tract 4811.02,37,Los Angeles,0.0,74.0,16.0,74.0,16.0,58.0,58.0
06037481103,Census Tract 4811.03,37,Los Angeles,0.0,115.0,11.0,115.0,11.0,104.0,104.0
06037481201,Census Tract 4812.01,37,Los Angeles,4.0,81.0,13.0,77.0,9.0,68.0,68.0
06037481300,Census Tract 4813,37,Los Angeles,0.0,68.0,14.0,68.0,14.0,54.0,54.0
06075033100,Census Tract 331,75,San Francisco,4.0,58.0,4.0,54.0,0.0,54.0,54.0
06075035201,Census Tract 352.01,75,San Francisco,0.0,46.0,3.0,46.0,3.0,43.0,43.0
06075035300,Census Tract 353,75,San Francisco,17.0,131.0,3.0,114.0,0.0,128.0,114.0
06075035400,Census Tract 354,75,San Francisco,0.0,71.0,3.0,71.0,3.0,68.0,68.0
06075040100,Census Tract 401,75,San Francisco,0.0,60.0,5.0,60.0,5.0,55.0,55.0
06075040200,Census Tract 402,75,San Francisco,5.0,64.0,5.0,59.0,0.0,59.0,59.0
06075042700,Census Tract 427,75,San Francisco,0.0,81.0,5.0,81.0,5.0,76.0,76.0
06075042800,Census Tract 428,75,San Francisco,0.0,41.0,4.0,41.0,4.0,37.0,37.0
06075047600,Census Tract 476,75,San Francisco,0.0,74.0,5.0,74.0,5.0,69.0,69.0
06037534501,Census Tract 5345.01,37,Los Angeles,0.0,92.0,16.0,92.0,16.0,76.0,76.0
06037232120,Census Tract 2321.20,37,Los Angeles,0.0,73.0,18.0,73.0,18.0,55.0,55.0
06019002000,Census Tract 20,19,Fresno,13.0,108.0,15.0,95.0,2.0,93.0,93.0
06019002100,Census Tract 21,19,Fresno,0.0,89.0,26.0,89.0,26.0,63.0,63.0
06037502100,Census Tract 5021,37,Los Angeles,0.0,117.0,9.0,117.0,9.0,108.0,108.0
06037502200,Census Tract 5022,37,Los Angeles,4.0,143.0,10.0,139.0,6.0,133.0,133.0
06037502401,Census Tract 5024.01,37,Los Angeles,0.0,96.0,13.0,96.0,13.0,83.0,83.0
06037502402,Census Tract 5024.02,37,Los Angeles,0.0,68.0,13.0,68.0,13.0,55.0,55.0
06037481604,Census Tract 4816.04,37,Los Angeles,0.0,75.0,16.0,75.0,16.0,59.0,59.0
06037481712,Census Tract 4817.12,37,Los Angeles,0.0,112.0,15.0,112.0,15.0,97.0,97.0
06037481713,Census Tract 4817.13,37,Los Angeles,6.0,65.0,19.0,59.0,13.0,46.0,46.0
06037481714,Census Tract 4817.14,37,Los Angeles,4.0,60.0,19.0,56.0,15.0,41.0,41.0
06037481800,Census Tract 4818,37,Los Angeles,0.0,54.0,14.0,54.0,14.0,40.0,40.0
06037481901,Census Tract 4819.01,37,Los Angeles,0.0,121.0,9.0,121.0,9.0,112.0,112.0
06019004506,Census Tract 45.06,19,Fresno,19.0,69.0,22.0,50.0,3.0,47.0,47.0
06019004601,Census Tract 46.01,19,Fresno,0.0,53.0,26.0,53.0,26.0,27.0,27.0
06019004602,Census Tract 46.02,19,Fresno,0.0,53.0,22.0,53.0,22.0,31.0,31.0
06019004704,Census Tract 47.04,19,Fresno,0.0,71.0,32.0,71.0,32.0,39.0,39.0
06075023400,Census Tract 234,75,San Francisco,4.0,73.0,4.0,69.0,0.0,69.0,69.0
06075025100,Census Tract 251,75,San Francisco,0.0,52.0,5.0,52.0,5.0,47.0,47.0
06075047701,Census Tract 477.01,75,San Francisco,0.0,74.0,6.0,74.0,6.0,68.0,68.0
06075060100,Census Tract 601,75,San Francisco,18.0,56.0,1.0,38.0,0.0,55.0,38.0
06019003001,Census Tract 30.01,19,Fresno,0.0,68.0,22.0,68.0,22.0,46.0,46.0
06019003102,Census Tract 31.02,19,Fresno,20.0,147.0,24.0,127.0,4.0,123.0,123.0
06079010707,Census Tract 107.07,79,San Luis Obispo,0.0,145.0,9.0,145.0,9.0,136.0,136.0
06079010403,Census Tract 104.03,79,San Luis Obispo,2.0,101.0,11.0,99.0,9.0,90.0,90.0
06085503710,Census Tract 5037.10,85,Santa Clara,4.0,64.0,21.0,60.0,17.0,43.0,43.0
06085503711,Census Tract 5037.11,85,Santa Clara,0.0,82.0,17.0,82.0,17.0,65.0,65.0
06075047902,Census Tract 479.02,75,San Francisco,0.0,56.0,5.0,56.0,5.0,51.0,51.0
06073016607,Census Tract 166.07,73,San Diego,0.0,172.0,10.0,172.0,10.0,162.0,162.0
06079012505,Census Tract 125.05,79,San Luis Obispo,28.0,142.0,16.0,114.0,0.0,126.0,114.0
06019005410,Census Tract 54.10,19,Fresno,1.0,51.0,31.0,50.0,30.0,20.0,20.0
06079010603,Census Tract 106.03,79,San Luis Obispo,8.0,44.0,13.0,36.0,5.0,31.0,31.0
06079011704,Census Tract 117.04,79,San Luis Obispo,38.0,77.0,20.0,39.0,0.0,57.0,39.0
06019005906,Census Tract 59.06,19,Fresno,0.0,49.0,4.0,49.0,4.0,45.0,45.0
06079011001,Census Tract 110.01,79,San Luis Obispo,1.0,160.0,15.0,159.0,14.0,145.0,145.0
06019006201,Census Tract 62.01,19,Fresno,0.0,56.0,13.0,56.0,13.0,43.0,43.0
06037481500,Census Tract 4815,37,Los Angeles,4.0,84.0,9.0,80.0,5.0,75.0,75.0
06019005000,Census Tract 50,19,Fresno,14.0,71.0,22.0,57.0,8.0,49.0,49.0
06019005100,Census Tract 51,19,Fresno,0.0,105.0,22.0,105.0,22.0,83.0,83.0
06085503332,Census Tract 5033.32,85,Santa Clara,0.0,157.0,6.0,157.0,6.0,151.0,151.0
06085503330,Census Tract 5033.30,85,Santa Clara,6.0,189.0,4.0,183.0,0.0,185.0,183.0
06085504423,Census Tract 5044.23,85,Santa Clara,0.0,51.0,22.0,51.0,22.0,29.0,29.0
06085511707,Census Tract 5117.07,85,Santa Clara,4.0,71.0,2.0,67.0,0.0,69.0,67.0
06085511704,Census Tract 5117.04,85,Santa Clara,13.0,112.0,4.0,99.0,0.0,108.0,99.0
06085512510,Census Tract 5125.10,85,Santa Clara,0.0,239.0,3.0,239.0,3.0,236.0,236.0
06085512509,Census Tract 5125.09,85,Santa Clara,0.0,251.0,7.0,251.0,7.0,244.0,244.0
06085512310,Census Tract 5123.10,85,Santa Clara,0.0,138.0,8.0,138.0,8.0,130.0,130.0
06085503331,Census Tract 5033.31,85,Santa Clara,0.0,80.0,14.0,80.0,14.0,66.0,66.0
06085510600,Census Tract 5106,85,Santa Clara,28.0,149.0,11.0,121.0,0.0,138.0,121.0
06085513000,Census Tract 5130,85,Santa Clara,25.0,81.0,10.0,56.0,0.0,71.0,56.0
06089010804,Census Tract 108.04,89,Shasta,0.0,54.0,24.0,54.0,24.0,30.0,30.0
06089011002,Census Tract 110.02,89,Shasta,0.0,103.0,21.0,103.0,21.0,82.0,82.0
06089011703,Census Tract 117.03,89,Shasta,0.0,53.0,22.0,53.0,22.0,31.0,31.0
06089012604,Census Tract 126.04,89,Shasta,0.0,66.0,3.0,66.0,3.0,63.0,63.0
06089010601,Census Tract 106.01,89,Shasta,0.0,58.0,30.0,58.0,30.0,28.0,28.0
06089010602,Census Tract 106.02,89,Shasta,0.0,123.0,25.0,123.0,25.0,98.0,98.0
06089010805,Census Tract 108.05,89,Shasta,10.0,124.0,22.0,114.0,12.0,102.0,102.0
06089011403,Census Tract 114.03,89,Shasta,0.0,68.0,24.0,68.0,24.0,44.0,44.0
06029006301,Census Tract 63.01,29,Kern,30.0,77.0,7.0,47.0,0.0,70.0,47.0
06029004302,Census Tract 43.02,29,Kern,0.0,62.0,15.0,62.0,15.0,47.0,47.0
06037481902,Census Tract 4819.02,37,Los Angeles,0.0,66.0,14.0,66.0,14.0,52.0,52.0
06037482001,Census Tract 4820.01,37,Los Angeles,2.0,59.0,7.0,57.0,5.0,52.0,52.0
06037576601,Census Tract 5766.01,37,Los Angeles,12.0,67.0,18.0,55.0,6.0,49.0,49.0
06037294830,Census Tract 2948.30,37,Los Angeles,0.0,68.0,14.0,68.0,14.0,54.0,54.0
06037106603,Census Tract 1066.03,37,Los Angeles,0.0,83.0,4.0,83.0,4.0,79.0,79.0
06037482101,Census Tract 4821.01,37,Los Angeles,0.0,84.0,12.0,84.0,12.0,72.0,72.0
06037482102,Census Tract 4821.02,37,Los Angeles,0.0,69.0,12.0,69.0,12.0,57.0,57.0
06019001800,Census Tract 18,19,Fresno,0.0,76.0,5.0,76.0,5.0,71.0,71.0
06037502500,Census Tract 5025,37,Los Angeles,10.0,81.0,7.0,71.0,0.0,74.0,71.0
06037502602,Census Tract 5026.02,37,Los Angeles,0.0,81.0,11.0,81.0,11.0,70.0,70.0
06111005908,Census Tract 59.08,111,Ventura,2.0,66.0,20.0,64.0,18.0,46.0,46.0
06111005909,Census Tract 59.09,111,Ventura,0.0,99.0,23.0,99.0,23.0,76.0,76.0
06111006000,Census Tract 60,111,Ventura,14.0,129.0,15.0,115.0,1.0,114.0,114.0
06111008002,Census Tract 80.02,111,Ventura,0.0,126.0,17.0,126.0,17.0,109.0,109.0
06111008004,Census Tract 80.04,111,Ventura,0.0,155.0,20.0,155.0,20.0,135.0,135.0
06037134424,Census Tract 1344.24,37,Los Angeles,0.0,58.0,7.0,58.0,7.0,51.0,51.0
06111008101,Census Tract 81.01,111,Ventura,3.0,82.0,22.0,79.0,19.0,60.0,60.0
06111008201,Census Tract 82.01,111,Ventura,0.0,158.0,16.0,158.0,16.0,142.0,142.0
06111008202,Census Tract 82.02,111,Ventura,0.0,94.0,23.0,94.0,23.0,71.0,71.0
06037500500,Census Tract 5005,37,Los Angeles,0.0,59.0,16.0,59.0,16.0,43.0,43.0
06037500700,Census Tract 5007,37,Los Angeles,6.0,156.0,7.0,150.0,1.0,149.0,149.0
06037500402,Census Tract 5004.02,37,Los Angeles,0.0,93.0,11.0,93.0,11.0,82.0,82.0
06037500800,Census Tract 5008,37,Los Angeles,0.0,105.0,9.0,105.0,9.0,96.0,96.0
06037500900,Census Tract 5009,37,Los Angeles,0.0,106.0,10.0,106.0,10.0,96.0,96.0
06085512053,Census Tract 5120.53,85,Santa Clara,0.0,104.0,16.0,104.0,16.0,88.0,88.0
06019005202,Census Tract 52.02,19,Fresno,0.0,62.0,21.0,62.0,21.0,41.0,41.0
06019002200,Census Tract 22,19,Fresno,0.0,63.0,31.0,63.0,31.0,32.0,32.0
06111008302,Census Tract 83.02,111,Ventura,0.0,136.0,19.0,136.0,19.0,117.0,117.0
06111008303,Census Tract 83.03,111,Ventura,0.0,110.0,26.0,110.0,26.0,84.0,84.0
06111008401,Census Tract 84.01,111,Ventura,0.0,159.0,18.0,159.0,18.0,141.0,141.0
06111005305,Census Tract 53.05,111,Ventura,0.0,132.0,4.0,132.0,4.0,128.0,128.0
06111005910,Census Tract 59.10,111,Ventura,0.0,51.0,12.0,51.0,12.0,39.0,39.0
06019002300,Census Tract 23,19,Fresno,0.0,58.0,29.0,58.0,29.0,29.0,29.0
06019002400,Census Tract 24,19,Fresno,10.0,73.0,23.0,63.0,13.0,50.0,50.0
06037480400,Census Tract 4804,37,Los Angeles,0.0,116.0,11.0,116.0,11.0,105.0,105.0
06037480500,Census Tract 4805,37,Los Angeles,0.0,102.0,9.0,102.0,9.0,93.0,93.0
06071007303,Census Tract 73.03,71,San Bernardino,15.0,139.0,20.0,124.0,5.0,119.0,119.0
06019003201,Census Tract 32.01,19,Fresno,0.0,79.0,28.0,79.0,28.0,51.0,51.0
06019003202,Census Tract 32.02,19,Fresno,0.0,73.0,28.0,73.0,28.0,45.0,45.0
06019007802,Census Tract 78.02,19,Fresno,7.0,66.0,2.0,59.0,0.0,64.0,59.0
06019000501,Census Tract 5.01,19,Fresno,0.0,44.0,43.0,44.0,43.0,1.0,1.0
06019007801,Census Tract 78.01,19,Fresno,0.0,81.0,2.0,81.0,2.0,79.0,79.0
06079013000,Census Tract 130,79,San Luis Obispo,15.0,57.0,1.0,42.0,0.0,56.0,42.0
06019002502,Census Tract 25.02,19,Fresno,0.0,90.0,31.0,90.0,31.0,59.0,59.0
06019002601,Census Tract 26.01,19,Fresno,0.0,108.0,31.0,108.0,31.0,77.0,77.0
06019002602,Census Tract 26.02,19,Fresno,0.0,58.0,31.0,58.0,31.0,27.0,27.0
06019002800,Census Tract 28,19,Fresno,0.0,70.0,22.0,70.0,22.0,48.0,48.0
06019002701,Census Tract 27.01,19,Fresno,0.0,82.0,31.0,82.0,31.0,51.0,51.0
06075020300,Census Tract 203,75,San Francisco,5.0,53.0,6.0,48.0,1.0,47.0,47.0
06019003600,Census Tract 36,19,Fresno,0.0,72.0,26.0,72.0,26.0,46.0,46.0
06019003500,Census Tract 35,19,Fresno,0.0,82.0,22.0,82.0,22.0,60.0,60.0
06019003804,Census Tract 38.04,19,Fresno,0.0,159.0,22.0,159.0,22.0,137.0,137.0
06019004205,Census Tract 42.05,19,Fresno,0.0,116.0,16.0,116.0,16.0,100.0,100.0
06019004211,Census Tract 42.11,19,Fresno,0.0,208.0,24.0,208.0,24.0,184.0,184.0
06019004212,Census Tract 42.12,19,Fresno,10.0,518.0,16.0,508.0,6.0,502.0,502.0
06019004302,Census Tract 43.02,19,Fresno,0.0,91.0,18.0,91.0,18.0,73.0,73.0
06075020900,Census Tract 209,75,San Francisco,0.0,54.0,6.0,54.0,6.0,48.0,48.0
06075021000,Census Tract 210,75,San Francisco,0.0,53.0,6.0,53.0,6.0,47.0,47.0
06075021100,Census Tract 211,75,San Francisco,0.0,61.0,5.0,61.0,5.0,56.0,56.0
06075021200,Census Tract 212,75,San Francisco,0.0,50.0,6.0,50.0,6.0,44.0,44.0
06075021300,Census Tract 213,75,San Francisco,0.0,46.0,6.0,46.0,6.0,40.0,40.0
06075021400,Census Tract 214,75,San Francisco,0.0,56.0,6.0,56.0,6.0,50.0,50.0
06075021500,Census Tract 215,75,San Francisco,0.0,77.0,5.0,77.0,5.0,72.0,72.0
06075021600,Census Tract 216,75,San Francisco,0.0,72.0,4.0,72.0,4.0,68.0,68.0
06037113235,Census Tract 1132.35,37,Los Angeles,0.0,46.0,11.0,46.0,11.0,35.0,35.0
06037553100,Census Tract 5531,37,Los Angeles,0.0,135.0,9.0,135.0,9.0,126.0,126.0
06037553300,Census Tract 5533,37,Los Angeles,0.0,65.0,14.0,65.0,14.0,51.0,51.0
06037553400,Census Tract 5534,37,Los Angeles,0.0,65.0,15.0,65.0,15.0,50.0,50.0
06037553502,Census Tract 5535.02,37,Los Angeles,0.0,65.0,11.0,65.0,11.0,54.0,54.0
06037553601,Census Tract 5536.01,37,Los Angeles,6.0,88.0,9.0,82.0,3.0,79.0,79.0
06037553701,Census Tract 5537.01,37,Los Angeles,0.0,69.0,12.0,69.0,12.0,57.0,57.0
06037554403,Census Tract 5544.03,37,Los Angeles,0.0,107.0,14.0,107.0,14.0,93.0,93.0
06037554404,Census Tract 5544.04,37,Los Angeles,0.0,80.0,14.0,80.0,14.0,66.0,66.0
06037554512,Census Tract 5545.12,37,Los Angeles,24.0,201.0,7.0,177.0,0.0,194.0,177.0
06037554514,Census Tract 5545.14,37,Los Angeles,2.0,114.0,10.0,112.0,8.0,104.0,104.0
06037602402,Census Tract 6024.02,37,Los Angeles,1.0,140.0,11.0,139.0,10.0,129.0,129.0
06037602403,Census Tract 6024.03,37,Los Angeles,0.0,72.0,17.0,72.0,17.0,55.0,55.0
06037602404,Census Tract 6024.04,37,Los Angeles,0.0,104.0,16.0,104.0,16.0,88.0,88.0
06059062631,Census Tract 626.31,59,Orange,0.0,82.0,16.0,82.0,16.0,66.0,66.0
06037531502,Census Tract 5315.02,37,Los Angeles,0.0,59.0,19.0,59.0,19.0,40.0,40.0
06037531603,Census Tract 5316.03,37,Los Angeles,0.0,64.0,19.0,64.0,19.0,45.0,45.0
06037531604,Census Tract 5316.04,37,Los Angeles,0.0,60.0,21.0,60.0,21.0,39.0,39.0
06037531701,Census Tract 5317.01,37,Los Angeles,0.0,98.0,16.0,98.0,16.0,82.0,82.0
06037531702,Census Tract 5317.02,37,Los Angeles,0.0,78.0,16.0,78.0,16.0,62.0,62.0
06037531901,Census Tract 5319.01,37,Los Angeles,0.0,119.0,15.0,119.0,15.0,104.0,104.0
06037531902,Census Tract 5319.02,37,Los Angeles,0.0,69.0,15.0,69.0,15.0,54.0,54.0
06037532001,Census Tract 5320.01,37,Los Angeles,0.0,60.0,11.0,60.0,11.0,49.0,49.0
06059011717,Census Tract 117.17,59,Orange,0.0,61.0,23.0,61.0,23.0,38.0,38.0
06059011718,Census Tract 117.18,59,Orange,0.0,67.0,21.0,67.0,21.0,46.0,46.0
06059011720,Census Tract 117.20,59,Orange,0.0,124.0,20.0,124.0,20.0,104.0,104.0
06059011721,Census Tract 117.21,59,Orange,2.0,112.0,29.0,110.0,27.0,83.0,83.0
06037532101,Census Tract 5321.01,37,Los Angeles,0.0,162.0,11.0,162.0,11.0,151.0,151.0
06037532002,Census Tract 5320.02,37,Los Angeles,0.0,70.0,14.0,70.0,14.0,56.0,56.0
06037532200,Census Tract 5322,37,Los Angeles,0.0,134.0,8.0,134.0,8.0,126.0,126.0
06059011722,Census Tract 117.22,59,Orange,1.0,59.0,20.0,58.0,19.0,39.0,39.0
06059042312,Census Tract 423.12,59,Orange,25.0,230.0,12.0,205.0,0.0,218.0,205.0
06059042313,Census Tract 423.13,59,Orange,0.0,164.0,12.0,164.0,12.0,152.0,152.0
06059063202,Census Tract 632.02,59,Orange,0.0,77.0,24.0,77.0,24.0,53.0,53.0
06059063301,Census Tract 633.01,59,Orange,0.0,65.0,25.0,65.0,25.0,40.0,40.0
06059063302,Census Tract 633.02,59,Orange,0.0,82.0,21.0,82.0,21.0,61.0,61.0
06059063400,Census Tract 634,59,Orange,4.0,119.0,15.0,115.0,11.0,104.0,104.0
06059063604,Census Tract 636.04,59,Orange,2.0,90.0,22.0,88.0,20.0,68.0,68.0
06075021700,Census Tract 217,75,San Francisco,0.0,70.0,3.0,70.0,3.0,67.0,67.0
06075021800,Census Tract 218,75,San Francisco,0.0,67.0,5.0,67.0,5.0,62.0,62.0
06075022802,Census Tract 228.02,75,San Francisco,6.0,42.0,6.0,36.0,0.0,36.0,36.0
06075022902,Census Tract 229.02,75,San Francisco,0.0,40.0,9.0,40.0,9.0,31.0,31.0
06075022903,Census Tract 229.03,75,San Francisco,0.0,46.0,6.0,46.0,6.0,40.0,40.0
06075023001,Census Tract 230.01,75,San Francisco,0.0,108.0,4.0,108.0,4.0,104.0,104.0
06075023003,Census Tract 230.03,75,San Francisco,0.0,78.0,5.0,78.0,5.0,73.0,73.0
06037553702,Census Tract 5537.02,37,Los Angeles,0.0,84.0,13.0,84.0,13.0,71.0,71.0
06037553801,Census Tract 5538.01,37,Los Angeles,0.0,69.0,11.0,69.0,11.0,58.0,58.0
06037553802,Census Tract 5538.02,37,Los Angeles,2.0,133.0,10.0,131.0,8.0,123.0,123.0
06037553901,Census Tract 5539.01,37,Los Angeles,14.0,119.0,11.0,105.0,0.0,108.0,105.0
06037554002,Census Tract 5540.02,37,Los Angeles,0.0,111.0,11.0,111.0,11.0,100.0,100.0
06037554101,Census Tract 5541.01,37,Los Angeles,0.0,69.0,19.0,69.0,19.0,50.0,50.0
06037554201,Census Tract 5542.01,37,Los Angeles,0.0,68.0,13.0,68.0,13.0,55.0,55.0
06037554515,Census Tract 5545.15,37,Los Angeles,0.0,78.0,12.0,78.0,12.0,66.0,66.0
06037554516,Census Tract 5545.16,37,Los Angeles,0.0,95.0,11.0,95.0,11.0,84.0,84.0
06037554518,Census Tract 5545.18,37,Los Angeles,0.0,129.0,10.0,129.0,10.0,119.0,119.0
06037554519,Census Tract 5545.19,37,Los Angeles,0.0,76.0,10.0,76.0,10.0,66.0,66.0
06037554521,Census Tract 5545.21,37,Los Angeles,40.0,164.0,6.0,124.0,0.0,158.0,124.0
06037554522,Census Tract 5545.22,37,Los Angeles,2.0,127.0,9.0,125.0,7.0,118.0,118.0
06037554700,Census Tract 5547,37,Los Angeles,0.0,85.0,14.0,85.0,14.0,71.0,71.0
06037554801,Census Tract 5548.01,37,Los Angeles,0.0,61.0,14.0,61.0,14.0,47.0,47.0
06037554802,Census Tract 5548.02,37,Los Angeles,0.0,113.0,10.0,113.0,10.0,103.0,103.0
06037620602,Census Tract 6206.02,37,Los Angeles,0.0,122.0,11.0,122.0,11.0,111.0,111.0
06037620701,Census Tract 6207.01,37,Los Angeles,2.0,159.0,13.0,157.0,11.0,146.0,146.0
06037620901,Census Tract 6209.01,37,Los Angeles,3.0,63.0,14.0,60.0,11.0,49.0,49.0
06037621001,Census Tract 6210.01,37,Los Angeles,32.0,110.0,13.0,78.0,0.0,97.0,78.0
06037621102,Census Tract 6211.02,37,Los Angeles,0.0,67.0,17.0,67.0,17.0,50.0,50.0
06037532302,Census Tract 5323.02,37,Los Angeles,0.0,101.0,7.0,101.0,7.0,94.0,94.0
06037532303,Census Tract 5323.03,37,Los Angeles,60.0,137.0,5.0,77.0,0.0,132.0,77.0
06037532304,Census Tract 5323.04,37,Los Angeles,2.0,100.0,5.0,98.0,3.0,95.0,95.0
06037532500,Census Tract 5325,37,Los Angeles,12.0,63.0,13.0,51.0,1.0,50.0,50.0
06013359103,Census Tract 3591.03,13,Contra Costa,8.0,109.0,13.0,101.0,5.0,96.0,96.0
06059021807,Census Tract 218.07,59,Orange,0.0,107.0,17.0,107.0,17.0,90.0,90.0
06013317000,Census Tract 3170,13,Contra Costa,30.0,52.0,17.0,22.0,0.0,35.0,22.0
06013328000,Census Tract 3280,13,Contra Costa,17.0,60.0,20.0,43.0,3.0,40.0,40.0
06001450744,Census Tract 4507.44,1,Alameda,24.0,141.0,8.0,117.0,0.0,133.0,117.0
06001405901,Census Tract 4059.01,1,Alameda,0.0,60.0,19.0,60.0,19.0,41.0,41.0
06001450101,Census Tract 4501.01,1,Alameda,49.0,199.0,9.0,150.0,0.0,190.0,150.0
06037541100,Census Tract 5411,37,Los Angeles,0.0,61.0,12.0,61.0,12.0,49.0,49.0
06037541300,Census Tract 5413,37,Los Angeles,0.0,103.0,11.0,103.0,11.0,92.0,92.0
06037541603,Census Tract 5416.03,37,Los Angeles,0.0,54.0,11.0,54.0,11.0,43.0,43.0
06037541604,Census Tract 5416.04,37,Los Angeles,0.0,94.0,14.0,94.0,14.0,80.0,80.0
06013330000,Census Tract 3300,13,Contra Costa,2.0,114.0,14.0,112.0,12.0,100.0,100.0
06013332000,Census Tract 3320,13,Contra Costa,0.0,213.0,12.0,213.0,12.0,201.0,201.0
06013371000,Census Tract 3710,13,Contra Costa,0.0,114.0,18.0,114.0,18.0,96.0,96.0
06033000702,Census Tract 7.02,33,Lake,3.0,58.0,7.0,55.0,4.0,51.0,51.0
06013372000,Census Tract 3720,13,Contra Costa,0.0,166.0,17.0,166.0,17.0,149.0,149.0
06037554900,Census Tract 5549,37,Los Angeles,0.0,164.0,10.0,164.0,10.0,154.0,154.0
06037555001,Census Tract 5550.01,37,Los Angeles,0.0,100.0,11.0,100.0,11.0,89.0,89.0
06037555002,Census Tract 5550.02,37,Los Angeles,0.0,78.0,13.0,78.0,13.0,65.0,65.0
06037555202,Census Tract 5552.02,37,Los Angeles,0.0,76.0,12.0,76.0,12.0,64.0,64.0
06037555211,Census Tract 5552.11,37,Los Angeles,14.0,120.0,14.0,106.0,0.0,106.0,106.0
06037555212,Census Tract 5552.12,37,Los Angeles,0.0,97.0,14.0,97.0,14.0,83.0,83.0
06037570002,Census Tract 5700.02,37,Los Angeles,0.0,60.0,15.0,60.0,15.0,45.0,45.0
06037650702,Census Tract 6507.02,37,Los Angeles,0.0,104.0,11.0,104.0,11.0,93.0,93.0
06013373000,Census Tract 3730,13,Contra Costa,0.0,87.0,23.0,87.0,23.0,64.0,64.0
06037651001,Census Tract 6510.01,37,Los Angeles,0.0,141.0,11.0,141.0,11.0,130.0,130.0
06037651002,Census Tract 6510.02,37,Los Angeles,4.0,112.0,12.0,108.0,8.0,100.0,100.0
06107000402,Census Tract 4.02,107,Tulare,2.0,165.0,26.0,163.0,24.0,139.0,139.0
06013310000,Census Tract 3100,13,Contra Costa,0.0,157.0,15.0,157.0,15.0,142.0,142.0
06037532605,Census Tract 5326.05,37,Los Angeles,0.0,70.0,18.0,70.0,18.0,52.0,52.0
06037532700,Census Tract 5327,37,Los Angeles,0.0,52.0,17.0,52.0,17.0,35.0,35.0
06037533104,Census Tract 5331.04,37,Los Angeles,0.0,71.0,22.0,71.0,22.0,49.0,49.0
06037533201,Census Tract 5332.01,37,Los Angeles,0.0,45.0,21.0,45.0,21.0,24.0,24.0
06037533300,Census Tract 5333,37,Los Angeles,0.0,60.0,22.0,60.0,22.0,38.0,38.0
06013374000,Census Tract 3740,13,Contra Costa,6.0,99.0,21.0,93.0,15.0,78.0,78.0
06013375000,Census Tract 3750,13,Contra Costa,0.0,97.0,26.0,97.0,26.0,71.0,71.0
06013376000,Census Tract 3760,13,Contra Costa,0.0,132.0,19.0,132.0,19.0,113.0,113.0
06013377000,Census Tract 3770,13,Contra Costa,0.0,166.0,19.0,166.0,19.0,147.0,147.0
06013383000,Census Tract 3830,13,Contra Costa,20.0,102.0,18.0,82.0,0.0,84.0,82.0
06013385200,Census Tract 3852,13,Contra Costa,0.0,41.0,26.0,41.0,26.0,15.0,15.0
06037543304,Census Tract 5433.04,37,Los Angeles,0.0,208.0,10.0,208.0,10.0,198.0,198.0
06013387000,Census Tract 3870,13,Contra Costa,4.0,62.0,24.0,58.0,20.0,38.0,38.0
06107000501,Census Tract 5.01,107,Tulare,0.0,124.0,26.0,124.0,26.0,98.0,98.0
06107000702,Census Tract 7.02,107,Tulare,8.0,123.0,26.0,115.0,18.0,97.0,97.0
06107001005,Census Tract 10.05,107,Tulare,0.0,59.0,26.0,59.0,26.0,33.0,33.0
06111004600,Census Tract 46,111,Ventura,0.0,33.0,6.0,33.0,6.0,27.0,27.0
06013391000,Census Tract 3910,13,Contra Costa,0.0,59.0,18.0,59.0,18.0,41.0,41.0
06013315000,Census Tract 3150,13,Contra Costa,10.0,55.0,3.0,45.0,0.0,52.0,45.0
06113010310,Census Tract 103.10,113,Yolo,0.0,160.0,9.0,160.0,9.0,151.0,151.0
06013347000,Census Tract 3470,13,Contra Costa,2.0,189.0,4.0,187.0,2.0,185.0,185.0
06013350000,Census Tract 3500,13,Contra Costa,8.0,142.0,7.0,134.0,0.0,135.0,134.0
06013359102,Census Tract 3591.02,13,Contra Costa,0.0,90.0,13.0,90.0,13.0,77.0,77.0
06013362000,Census Tract 3620,13,Contra Costa,0.0,57.0,18.0,57.0,18.0,39.0,39.0
06037570003,Census Tract 5700.03,37,Los Angeles,1.0,82.0,12.0,81.0,11.0,70.0,70.0
06037570100,Census Tract 5701,37,Los Angeles,0.0,57.0,12.0,57.0,12.0,45.0,45.0
06037570202,Census Tract 5702.02,37,Los Angeles,3.0,114.0,10.0,111.0,7.0,104.0,104.0
06037570203,Census Tract 5702.03,37,Los Angeles,0.0,65.0,11.0,65.0,11.0,54.0,54.0
06037570204,Census Tract 5702.04,37,Los Angeles,0.0,76.0,17.0,76.0,17.0,59.0,59.0
06037570303,Census Tract 5703.03,37,Los Angeles,0.0,66.0,16.0,66.0,16.0,50.0,50.0
06037651102,Census Tract 6511.02,37,Los Angeles,0.0,93.0,14.0,93.0,14.0,79.0,79.0
06037651201,Census Tract 6512.01,37,Los Angeles,0.0,98.0,10.0,98.0,10.0,88.0,88.0
06037651222,Census Tract 6512.22,37,Los Angeles,0.0,156.0,10.0,156.0,10.0,146.0,146.0
06013379000,Census Tract 3790,13,Contra Costa,0.0,187.0,16.0,187.0,16.0,171.0,171.0
06013382000,Census Tract 3820,13,Contra Costa,2.0,221.0,15.0,219.0,13.0,206.0,206.0
06037533401,Census Tract 5334.01,37,Los Angeles,0.0,83.0,19.0,83.0,19.0,64.0,64.0
06037533601,Census Tract 5336.01,37,Los Angeles,0.0,75.0,17.0,75.0,17.0,58.0,58.0
06037533602,Census Tract 5336.02,37,Los Angeles,8.0,87.0,15.0,79.0,7.0,72.0,72.0
06037533702,Census Tract 5337.02,37,Los Angeles,0.0,68.0,23.0,68.0,23.0,45.0,45.0
06013388000,Census Tract 3880,13,Contra Costa,0.0,57.0,26.0,57.0,26.0,31.0,31.0
06013389100,Census Tract 3891,13,Contra Costa,14.0,51.0,26.0,37.0,12.0,25.0,25.0
06013389200,Census Tract 3892,13,Contra Costa,0.0,45.0,42.0,45.0,42.0,3.0,3.0
06013390100,Census Tract 3901,13,Contra Costa,0.0,51.0,21.0,51.0,21.0,30.0,30.0
06059021809,Census Tract 218.09,59,Orange,5.0,71.0,19.0,66.0,14.0,52.0,52.0
06059021810,Census Tract 218.10,59,Orange,1.0,82.0,19.0,81.0,18.0,63.0,63.0
06059021814,Census Tract 218.14,59,Orange,0.0,266.0,11.0,266.0,11.0,255.0,255.0
06059042326,Census Tract 423.26,59,Orange,4.0,101.0,17.0,97.0,13.0,84.0,84.0
06013390200,Census Tract 3902,13,Contra Costa,0.0,46.0,27.0,46.0,27.0,19.0,19.0
06113010312,Census Tract 103.12,113,Yolo,0.0,120.0,14.0,120.0,14.0,106.0,106.0
06059042327,Census Tract 423.27,59,Orange,0.0,103.0,15.0,103.0,15.0,88.0,88.0
06059042328,Census Tract 423.28,59,Orange,16.0,56.0,14.0,40.0,0.0,42.0,40.0
06059063806,Census Tract 638.06,59,Orange,0.0,77.0,16.0,77.0,16.0,61.0,61.0
06059074108,Census Tract 741.08,59,Orange,0.0,91.0,16.0,91.0,16.0,75.0,75.0
06059074109,Census Tract 741.09,59,Orange,0.0,64.0,26.0,64.0,26.0,38.0,38.0
06059074111,Census Tract 741.11,59,Orange,0.0,109.0,20.0,109.0,20.0,89.0,89.0
06107001006,Census Tract 10.06,107,Tulare,0.0,107.0,20.0,107.0,20.0,87.0,87.0
06107001200,Census Tract 12,107,Tulare,6.0,39.0,33.0,33.0,27.0,6.0,6.0
06107001601,Census Tract 16.01,107,Tulare,8.0,294.0,27.0,286.0,19.0,267.0,267.0
06059074200,Census Tract 742,59,Orange,0.0,190.0,20.0,190.0,20.0,170.0,170.0
06013333200,Census Tract 3332,13,Contra Costa,0.0,131.0,14.0,131.0,14.0,117.0,117.0
06013334001,Census Tract 3340.01,13,Contra Costa,6.0,85.0,19.0,79.0,13.0,66.0,66.0
06111002901,Census Tract 29.01,111,Ventura,0.0,111.0,13.0,111.0,13.0,98.0,98.0
06111003201,Census Tract 32.01,111,Ventura,0.0,86.0,36.0,86.0,36.0,50.0,50.0
06085503123,Census Tract 5031.23,85,Santa Clara,0.0,78.0,20.0,78.0,20.0,58.0,58.0
06013335000,Census Tract 3350,13,Contra Costa,1.0,70.0,16.0,69.0,15.0,54.0,54.0
06013336101,Census Tract 3361.01,13,Contra Costa,0.0,93.0,26.0,93.0,26.0,67.0,67.0
06059021817,Census Tract 218.17,59,Orange,0.0,71.0,23.0,71.0,23.0,48.0,48.0
06059021823,Census Tract 218.23,59,Orange,0.0,89.0,18.0,89.0,18.0,71.0,71.0
06059021826,Census Tract 218.26,59,Orange,2.0,65.0,12.0,63.0,10.0,53.0,53.0
06013338201,Census Tract 3382.01,13,Contra Costa,22.0,78.0,11.0,56.0,0.0,67.0,56.0
06013338301,Census Tract 3383.01,13,Contra Costa,3.0,61.0,15.0,58.0,12.0,46.0,46.0
06059042330,Census Tract 423.30,59,Orange,0.0,191.0,20.0,191.0,20.0,171.0,171.0
06059042331,Census Tract 423.31,59,Orange,0.0,123.0,17.0,123.0,17.0,106.0,106.0
06059042332,Census Tract 423.32,59,Orange,0.0,138.0,12.0,138.0,12.0,126.0,126.0
06059042333,Census Tract 423.33,59,Orange,7.0,141.0,11.0,134.0,4.0,130.0,130.0
06013311000,Census Tract 3110,13,Contra Costa,2.0,124.0,17.0,122.0,15.0,107.0,107.0
06013312000,Census Tract 3120,13,Contra Costa,4.0,67.0,18.0,63.0,14.0,49.0,49.0
06107001701,Census Tract 17.01,107,Tulare,0.0,108.0,28.0,108.0,28.0,80.0,80.0
06059063902,Census Tract 639.02,59,Orange,32.0,139.0,16.0,107.0,0.0,123.0,107.0
06059063903,Census Tract 639.03,59,Orange,0.0,78.0,21.0,78.0,21.0,57.0,57.0
06059063904,Census Tract 639.04,59,Orange,6.0,98.0,15.0,92.0,9.0,83.0,83.0
06059063905,Census Tract 639.05,59,Orange,0.0,85.0,21.0,85.0,21.0,64.0,64.0
06059063906,Census Tract 639.06,59,Orange,9.0,120.0,23.0,111.0,14.0,97.0,97.0
06013345101,Census Tract 3451.01,13,Contra Costa,0.0,150.0,14.0,150.0,14.0,136.0,136.0
06107001703,Census Tract 17.03,107,Tulare,4.0,218.0,15.0,214.0,11.0,203.0,203.0
06107001800,Census Tract 18,107,Tulare,0.0,94.0,27.0,94.0,27.0,67.0,67.0
06059001202,Census Tract 12.02,59,Orange,3.0,78.0,26.0,75.0,23.0,52.0,52.0
06059001301,Census Tract 13.01,59,Orange,2.0,190.0,17.0,188.0,15.0,173.0,173.0
06057000102,Census Tract 1.02,57,Nevada,0.0,157.0,16.0,157.0,16.0,141.0,141.0
06057000802,Census Tract 8.02,57,Nevada,0.0,196.0,13.0,196.0,13.0,183.0,183.0
06057000300,Census Tract 3,57,Nevada,0.0,62.0,9.0,62.0,9.0,53.0,53.0
06057000105,Census Tract 1.05,57,Nevada,0.0,59.0,11.0,59.0,11.0,48.0,48.0
06057000702,Census Tract 7.02,57,Nevada,0.0,99.0,10.0,99.0,10.0,89.0,89.0
06057000502,Census Tract 5.02,57,Nevada,12.0,107.0,22.0,95.0,10.0,85.0,85.0
06057000104,Census Tract 1.04,57,Nevada,0.0,66.0,20.0,66.0,20.0,46.0,46.0
06057000200,Census Tract 2,57,Nevada,0.0,57.0,5.0,57.0,5.0,52.0,52.0
06057000801,Census Tract 8.01,57,Nevada,0.0,139.0,6.0,139.0,6.0,133.0,133.0
06013345102,Census Tract 3451.02,13,Contra Costa,0.0,81.0,16.0,81.0,16.0,65.0,65.0
06013352201,Census Tract 3522.01,13,Contra Costa,2.0,159.0,8.0,157.0,6.0,151.0,151.0
06013353002,Census Tract 3530.02,13,Contra Costa,0.0,109.0,9.0,109.0,9.0,100.0,100.0
06013356001,Census Tract 3560.01,13,Contra Costa,0.0,130.0,5.0,130.0,5.0,125.0,125.0
06013358000,Census Tract 3580,13,Contra Costa,0.0,121.0,6.0,121.0,6.0,115.0,115.0
06013359204,Census Tract 3592.04,13,Contra Costa,4.0,141.0,11.0,137.0,7.0,130.0,130.0
06013360200,Census Tract 3602,13,Contra Costa,0.0,134.0,14.0,134.0,14.0,120.0,120.0
06013364002,Census Tract 3640.02,13,Contra Costa,0.0,117.0,15.0,117.0,15.0,102.0,102.0
06013366001,Census Tract 3660.01,13,Contra Costa,0.0,85.0,21.0,85.0,21.0,64.0,64.0
06059021827,Census Tract 218.27,59,Orange,0.0,75.0,8.0,75.0,8.0,67.0,67.0
06059021828,Census Tract 218.28,59,Orange,0.0,104.0,10.0,104.0,10.0,94.0,94.0
06059021830,Census Tract 218.30,59,Orange,0.0,168.0,13.0,168.0,13.0,155.0,155.0
06017031700,Census Tract 317,17,El Dorado,0.0,90.0,27.0,90.0,27.0,63.0,63.0
06059042334,Census Tract 423.34,59,Orange,0.0,115.0,21.0,115.0,21.0,94.0,94.0
06059042335,Census Tract 423.35,59,Orange,0.0,141.0,19.0,141.0,19.0,122.0,122.0
06059042337,Census Tract 423.37,59,Orange,0.0,77.0,15.0,77.0,15.0,62.0,62.0
06059042338,Census Tract 423.38,59,Orange,0.0,138.0,17.0,138.0,17.0,121.0,121.0
06059063908,Census Tract 639.08,59,Orange,7.0,136.0,17.0,129.0,10.0,119.0,119.0
06059074004,Census Tract 740.04,59,Orange,4.0,208.0,21.0,204.0,17.0,187.0,187.0
06059074005,Census Tract 740.05,59,Orange,8.0,153.0,21.0,145.0,13.0,132.0,132.0
06059074006,Census Tract 740.06,59,Orange,4.0,126.0,29.0,122.0,25.0,97.0,97.0
06059074102,Census Tract 741.02,59,Orange,0.0,140.0,23.0,140.0,23.0,117.0,117.0
06059074103,Census Tract 741.03,59,Orange,0.0,96.0,24.0,96.0,24.0,72.0,72.0
06037480902,Census Tract 4809.02,37,Los Angeles,0.0,82.0,18.0,82.0,18.0,64.0,64.0
06037189600,Census Tract 1896,37,Los Angeles,2.0,66.0,12.0,64.0,10.0,54.0,54.0
06037189400,Census Tract 1894,37,Los Angeles,0.0,62.0,11.0,62.0,11.0,51.0,51.0
06037181400,Census Tract 1814,37,Los Angeles,2.0,77.0,14.0,75.0,12.0,63.0,63.0
06065040609,Census Tract 406.09,65,Riverside,0.0,838.0,7.0,838.0,7.0,831.0,831.0
06065040616,Census Tract 406.16,65,Riverside,3.0,287.0,11.0,284.0,8.0,276.0,276.0
06065040813,Census Tract 408.13,65,Riverside,0.0,132.0,9.0,132.0,9.0,123.0,123.0
06065040814,Census Tract 408.14,65,Riverside,0.0,100.0,32.0,100.0,32.0,68.0,68.0
06065041910,Census Tract 419.10,65,Riverside,6.0,357.0,10.0,351.0,4.0,347.0,347.0
06065042217,Census Tract 422.17,65,Riverside,0.0,109.0,15.0,109.0,15.0,94.0,94.0
06013313102,Census Tract 3131.02,13,Contra Costa,18.0,102.0,15.0,84.0,0.0,87.0,84.0
06013314102,Census Tract 3141.02,13,Contra Costa,0.0,132.0,9.0,132.0,9.0,123.0,123.0
06013316000,Census Tract 3160,13,Contra Costa,5.0,42.0,12.0,37.0,7.0,30.0,30.0
06013366002,Census Tract 3660.02,13,Contra Costa,0.0,151.0,21.0,151.0,21.0,130.0,130.0
06059001303,Census Tract 13.03,59,Orange,0.0,158.0,22.0,158.0,22.0,136.0,136.0
06059001304,Census Tract 13.04,59,Orange,0.0,71.0,22.0,71.0,22.0,49.0,49.0
06059001401,Census Tract 14.01,59,Orange,0.0,125.0,19.0,125.0,19.0,106.0,106.0
06013367200,Census Tract 3672,13,Contra Costa,1.0,128.0,18.0,127.0,17.0,110.0,110.0
06037578100,Census Tract 5781,37,Los Angeles,3.0,45.0,10.0,42.0,7.0,35.0,35.0
06037702900,Census Tract 7029,37,Los Angeles,59.0,342.0,7.0,283.0,0.0,335.0,283.0
