GEOID,NAME,population,state,county,tract
06001400100,Census Tract 4001; Alameda County; California,3132,06,001,400100
06001400200,Census Tract 4002; Alameda County; California,2203,06,001,400200
06001400300,Census Tract 4003; Alameda County; California,5990,06,001,400300
06001400400,Census Tract 4004; Alameda County; California,4399,06,001,400400
06001400500,Census Tract 4005; Alameda County; California,3579,06,001,400500
06001400600,Census Tract 4006; Alameda County; California,2052,06,001,400600
06001400700,Census Tract 4007; Alameda County; California,4576,06,001,400700
06001400800,Census Tract 4008; Alameda County; California,4548,06,001,400800
06001400900,Census Tract 4009; Alameda County; California,2855,06,001,400900
06001401000,Census Tract 4010; Alameda County; California,6361,06,001,401000
06001401100,Census Tract 4011; Alameda County; California,5722,06,001,401100
06001401200,Census Tract 4012; Alameda County; California,3073,06,001,401200
06001401300,Census Tract 4013; Alameda County; California,4778,06,001,401300
06001401400,Census Tract 4014; Alameda County; California,4214,06,001,401400
06001401500,Census Tract 4015; Alameda County; California,2739,06,001,401500
06001401600,Census Tract 4016; Alameda County; California,2668,06,001,401600
06001401700,Census Tract 4017; Alameda County; California,3626,06,001,401700
06001401800,Census Tract 4018; Alameda County; California,1792,06,001,401800
06001402200,Census Tract 4022; Alameda County; California,2775,06,001,402200
06001402400,Census Tract 4024; Alameda County; California,2666,06,001,402400
06001402500,Census Tract 4025; Alameda County; California,1943,06,001,402500
06001402600,Census Tract 4026; Alameda County; California,1192,06,001,402600
06001402700,Census Tract 4027; Alameda County; California,1637,06,001,402700
06001402801,Census Tract 4028.01; Alameda County; California,2891,06,001,402801
06001402802,Census Tract 4028.02; Alameda County; California,1602,06,001,402802
06001402900,Census Tract 4029; Alameda County; California,2431,06,001,402900
06001403000,Census Tract 4030; Alameda County; California,3387,06,001,403000
06001403100,Census Tract 4031; Alameda County; California,2251,06,001,403100
06001403301,Census Tract 4033.01; Alameda County; California,1900,06,001,403301
06001403302,Census Tract 4033.02; Alameda County; California,2819,06,001,403302
06001403401,Census Tract 4034.01; Alameda County; California,2724,06,001,403401
06001403402,Census Tract 4034.02; Alameda County; California,998,06,001,403402
06001403501,Census Tract 4035.01; Alameda County; California,6063,06,001,403501
06001403502,Census Tract 4035.02; Alameda County; California,2052,06,001,403502
06001403600,Census Tract 4036; Alameda County; California,4839,06,001,403600
06001403701,Census Tract 4037.01; Alameda County; California,2602,06,001,403701
06001403702,Census Tract 4037.02; Alameda County; California,2198,06,001,403702
06001403800,Census Tract 4038; Alameda County; California,4056,06,001,403800
06001403900,Census Tract 4039; Alameda County; California,3767,06,001,403900
06001404000,Census Tract 4040; Alameda County; California,2847,06,001,404000
06001404101,Census Tract 4041.01; Alameda County; California,3267,06,001,404101
06001404102,Census Tract 4041.02; Alameda County; California,2546,06,001,404102
06001404200,Census Tract 4042; Alameda County; California,3661,06,001,404200
06001404300,Census Tract 4043; Alameda County; California,3600,06,001,404300
06001404400,Census Tract 4044; Alameda County; California,5567,06,001,404400
06001404501,Census Tract 4045.01; Alameda County; California,1794,06,001,404501
06001404502,Census Tract 4045.02; Alameda County; California,6286,06,001,404502
06001404600,Census Tract 4046; Alameda County; California,4697,06,001,404600
06001404700,Census Tract 4047; Alameda County; California,2211,06,001,404700
06001404800,Census Tract 4048; Alameda County; California,2755,06,001,404800
06001404900,Census Tract 4049; Alameda County; California,4929,06,001,404900
06001405000,Census Tract 4050; Alameda County; California,3566,06,001,405000
06001405100,Census Tract 4051; Alameda County; California,4476,06,001,405100
06001405200,Census Tract 4052; Alameda County; California,5254,06,001,405200
06001405301,Census Tract 4053.01; Alameda County; California,2979,06,001,405301
06001405302,Census Tract 4053.02; Alameda County; California,2501,06,001,405302
06001405401,Census Tract 4054.01; Alameda County; California,3796,06,001,405401
06001405402,Census Tract 4054.02; Alameda County; California,3212,06,001,405402
06001405500,Census Tract 4055; Alameda County; California,3674,06,001,405500
06001405600,Census Tract 4056; Alameda County; California,3277,06,001,405600
06001405700,Census Tract 4057; Alameda County; California,3927,06,001,405700
06001405800,Census Tract 4058; Alameda County; California,4590,06,001,405800
06001405901,Census Tract 4059.01; Alameda County; California,4114,06,001,405901
06001405902,Census Tract 4059.02; Alameda County; California,2969,06,001,405902
06001406000,Census Tract 4060; Alameda County; California,5157,06,001,406000
06001406100,Census Tract 4061; Alameda County; California,5810,06,001,406100
06001406201,Census Tract 4062.01; Alameda County; California,5344,06,001,406201
06001406202,Census Tract 4062.02; Alameda County; California,5257,06,001,406202
06001406300,Census Tract 4063; Alameda County; California,4378,06,001,406300
06001406400,Census Tract 4064; Alameda County; California,2370,06,001,406400
06001406500,Census Tract 4065; Alameda County; California,6046,06,001,406500
06001406601,Census Tract 4066.01; Alameda County; California,4426,06,001,406601
06001406602,Census Tract 4066.02; Alameda County; California,2837,06,001,406602
06001406700,Census Tract 4067; Alameda County; California,5778,06,001,406700
06001406800,Census Tract 4068; Alameda County; California,3747,06,001,406800
06001406900,Census Tract 4069; Alameda County; California,4142,06,001,406900
06001407000,Census Tract 4070; Alameda County; California,6290,06,001,407000
06001407101,Census Tract 4071.01; Alameda County; California,3545,06,001,407101
06001407102,Census Tract 4071.02; Alameda County; California,3996,06,001,407102
06001407200,Census Tract 4072; Alameda County; California,6672,06,001,407200
06001407300,Census Tract 4073; Alameda County; California,2513,06,001,407300
06001407400,Census Tract 4074; Alameda County; California,4311,06,001,407400
06001407500,Census Tract 4075; Alameda County; California,3458,06,001,407500
06001407600,Census Tract 4076; Alameda County; California,6771,06,001,407600
06001407700,Census Tract 4077; Alameda County; California,4271,06,001,407700
06001407800,Census Tract 4078; Alameda County; California,2523,06,001,407800
06001407900,Census Tract 4079; Alameda County; California,3047,06,001,407900
06001408000,Census Tract 4080; Alameda County; California,2758,06,001,408000
06001408100,Census Tract 4081; Alameda County; California,7745,06,001,408100
06001408200,Census Tract 4082; Alameda County; California,4504,06,001,408200
06001408300,Census Tract 4083; Alameda County; California,4705,06,001,408300
06001408400,Census Tract 4084; Alameda County; California,3965,06,001,408400
06001408500,Census Tract 4085; Alameda County; California,5263,06,001,408500
06001408600,Census Tract 4086; Alameda County; California,5925,06,001,408600
06001408700,Census Tract 4087; Alameda County; California,7280,06,001,408700
06001408800,Census Tract 4088; Alameda County; California,7461,06,001,408800
06001408900,Census Tract 4089; Alameda County; California,3958,06,001,408900
06001409000,Census Tract 4090; Alameda County; California,4204,06,001,409000
06001409100,Census Tract 4091; Alameda County; California,2455,06,001,409100
06001409200,Census Tract 4092; Alameda County; California,3785,06,001,409200
06001409300,Census Tract 4093; Alameda County; California,5832,06,001,409300
06001409400,Census Tract 4094; Alameda County; California,4983,06,001,409400
06001409500,Census Tract 4095; Alameda County; California,4548,06,001,409500
06001409600,Census Tract 4096; Alameda County; California,5442,06,001,409600
06001409700,Census Tract 4097; Alameda County; California,5543,06,001,409700
06001409800,Census Tract 4098; Alameda County; California,3370,06,001,409800
06001409900,Census Tract 4099; Alameda County; California,3769,06,001,409900
06001410000,Census Tract 4100; Alameda County; California,3116,06,001,410000
06001410100,Census Tract 4101; Alameda County; California,2833,06,001,410100
06001410200,Census Tract 4102; Alameda County; California,3409,06,001,410200
06001410300,Census Tract 4103; Alameda County; California,4093,06,001,410300
06001410400,Census Tract 4104; Alameda County; California,4131,06,001,410400
06001410500,Census Tract 4105; Alameda County; California,2750,06,001,410500
06001420100,Census Tract 4201; Alameda County; California,2636,06,001,420100
06001420200,Census Tract 4202; Alameda County; California,3131,06,001,420200
06001420301,Census Tract 4203.01; Alameda County; California,2381,06,001,420301
06001420302,Census Tract 4203.02; Alameda County; California,2322,06,001,420302
06001420401,Census Tract 4204.01; Alameda County; California,1406,06,001,420401
06001420402,Census Tract 4204.02; Alameda County; California,1596,06,001,420402
06001420500,Census Tract 4205; Alameda County; California,2462,06,001,420500
06001420600,Census Tract 4206; Alameda County; California,3480,06,001,420600
06001421100,Census Tract 4211; Alameda County; California,2214,06,001,421100
06001421200,Census Tract 4212; Alameda County; California,3588,06,001,421200
06001421300,Census Tract 4213; Alameda County; California,4131,06,001,421300
06001421400,Census Tract 4214; Alameda County; California,1739,06,001,421400
06001421500,Census Tract 4215; Alameda County; California,3989,06,001,421500
06001421600,Census Tract 4216; Alameda County; California,4008,06,001,421600
06001421700,Census Tract 4217; Alameda County; California,3346,06,001,421700
06001421800,Census Tract 4218; Alameda County; California,2173,06,001,421800
06001421900,Census Tract 4219; Alameda County; California,4110,06,001,421900
06001422000,Census Tract 4220; Alameda County; California,2470,06,001,422000
06001422100,Census Tract 4221; Alameda County; California,3027,06,001,422100
06001422200,Census Tract 4222; Alameda County; California,3313,06,001,422200
06001422300,Census Tract 4223; Alameda County; California,3770,06,001,422300
06001422400,Census Tract 4224; Alameda County; California,4096,06,001,422400
06001422500,Census Tract 4225; Alameda County; California,4481,06,001,422500
06001422700,Census Tract 4227; Alameda County; California,5154,06,001,422700
06001422800,Census Tract 4228; Alameda County; California,9850,06,001,422800
06001422901,Census Tract 4229.01; Alameda County; California,1768,06,001,422901
06001422902,Census Tract 4229.02; Alameda County; California,2214,06,001,422902
06001423000,Census Tract 4230; Alameda County; California,4478,06,001,423000
06001423100,Census Tract 4231; Alameda County; California,4286,06,001,423100
06001423200,Census Tract 4232; Alameda County; California,3049,06,001,423200
06001423300,Census Tract 4233; Alameda County; California,3623,06,001,423300
06001423400,Census Tract 4234; Alameda County; California,5218,06,001,423400
06001423500,Census Tract 4235; Alameda County; California,3768,06,001,423500
06001423601,Census Tract 4236.01; Alameda County; California,2603,06,001,423601
06001423602,Census Tract 4236.02; Alameda County; California,5621,06,001,423602
06001423700,Census Tract 4237; Alameda County; California,3381,06,001,423700
06001423800,Census Tract 4238; Alameda County; California,3397,06,001,423800
06001423901,Census Tract 4239.01; Alameda County; California,2227,06,001,423901
06001423902,Census Tract 4239.02; Alameda County; California,1537,06,001,423902
06001424001,Census Tract 4240.01; Alameda County; California,4000,06,001,424001
06001424002,Census Tract 4240.02; Alameda County; California,2524,06,001,424002
06001425101,Census Tract 4251.01; Alameda County; California,1601,06,001,425101
06001425102,Census Tract 4251.02; Alameda County; California,4057,06,001,425102
06001425103,Census Tract 4251.03; Alameda County; California,2999,06,001,425103
06001425104,Census Tract 4251.04; Alameda County; California,4424,06,001,425104
06001426100,Census Tract 4261; Alameda County; California,6102,06,001,426100
06001426200,Census Tract 4262; Alameda County; California,4843,06,001,426200
06001427100,Census Tract 4271; Alameda County; California,4036,06,001,427100
06001427200,Census Tract 4272; Alameda County; California,4138,06,001,427200
06001427300,Census Tract 4273; Alameda County; California,5556,06,001,427300
06001427600,Census Tract 4276; Alameda County; California,4774,06,001,427600
06001427700,Census Tract 4277; Alameda County; California,4963,06,001,427700
06001427800,Census Tract 4278; Alameda County; California,4652,06,001,427800
06001427900,Census Tract 4279; Alameda County; California,4708,06,001,427900
06001428000,Census Tract 4280; Alameda County; California,2706,06,001,428000
06001428100,Census Tract 4281; Alameda County; California,4685,06,001,428100
06001428200,Census Tract 4282; Alameda County; California,6385,06,001,428200
06001428301,Census Tract 4283.01; Alameda County; California,6618,06,001,428301
06001428302,Census Tract 4283.02; Alameda County; California,6812,06,001,428302
06001428400,Census Tract 4284; Alameda County; California,4864,06,001,428400
06001428500,Census Tract 4285; Alameda County; California,3443,06,001,428500
06001428600,Census Tract 4286; Alameda County; California,3298,06,001,428600
06001428700,Census Tract 4287; Alameda County; California,5600,06,001,428700
06001430101,Census Tract 4301.01; Alameda County; California,6562,06,001,430101
06001430102,Census Tract 4301.02; Alameda County; California,2425,06,001,430102
06001430200,Census Tract 4302; Alameda County; California,7195,06,001,430200
06001430300,Census Tract 4303; Alameda County; California,4028,06,001,430300
06001430400,Census Tract 4304; Alameda County; California,2160,06,001,430400
06001430500,Census Tract 4305; Alameda County; California,6125,06,001,430500
06001430600,Census Tract 4306; Alameda County; California,6105,06,001,430600
06001430700,Census Tract 4307; Alameda County; California,4132,06,001,430700
06001430800,Census Tract 4308; Alameda County; California,5887,06,001,430800
06001430900,Census Tract 4309; Alameda County; California,5539,06,001,430900
06001431000,Census Tract 4310; Alameda County; California,3191,06,001,431000
06001431100,Census Tract 4311; Alameda County; California,3368,06,001,431100
06001431200,Census Tract 4312; Alameda County; California,6033,06,001,431200
06001432100,Census Tract 4321; Alameda County; California,3820,06,001,432100
06001432200,Census Tract 4322; Alameda County; California,3904,06,001,432200
06001432300,Census Tract 4323; Alameda County; California,4700,06,001,432300
06001432400,Census Tract 4324; Alameda County; California,5818,06,001,432400
06001432501,Census Tract 4325.01; Alameda County; California,4760,06,001,432501
06001432502,Census Tract 4325.02; Alameda County; California,5104,06,001,432502
06001432601,Census Tract 4326.01; Alameda County; California,3978,06,001,432601
06001432602,Census Tract 4326.02; Alameda County; California,3091,06,001,432602
06001432700,Census Tract 4327; Alameda County; California,2509,06,001,432700
06001432800,Census Tract 4328; Alameda County; California,3930,06,001,432800
06001433000,Census Tract 4330; Alameda County; California,3739,06,001,433000
06001433102,Census Tract 4331.02; Alameda County; California,4069,06,001,433102
06001433103,Census Tract 4331.03; Alameda County; California,3667,06,001,433103
06001433104,Census Tract 4331.04; Alameda County; California,4422,06,001,433104
06001433200,Census Tract 4332; Alameda County; California,7991,06,001,433200
06001433300,Census Tract 4333; Alameda County; California,7287,06,001,433300
06001433400,Census Tract 4334; Alameda County; California,6008,06,001,433400
06001433500,Census Tract 4335; Alameda County; California,3951,06,001,433500
06001433600,Census Tract 4336; Alameda County; California,6172,06,001,433600
06001433700,Census Tract 4337; Alameda County; California,3257,06,001,433700
06001433801,Census Tract 4338.01; Alameda County; California,3141,06,001,433801
06001433802,Census Tract 4338.02; Alameda County; California,4079,06,001,433802
06001433900,Census Tract 4339; Alameda County; California,6482,06,001,433900
06001434000,Census Tract 4340; Alameda County; California,5561,06,001,434000
06001435102,Census Tract 4351.02; Alameda County; California,5649,06,001,435102
06001435103,Census Tract 4351.03; Alameda County; California,7020,06,001,435103
06001435104,Census Tract 4351.04; Alameda County; California,7752,06,001,435104
06001435200,Census Tract 4352; Alameda County; California,4389,06,001,435200
06001435300,Census Tract 4353; Alameda County; California,5101,06,001,435300
06001435400,Census Tract 4354; Alameda County; California,5364,06,001,435400
06001435500,Census Tract 4355; Alameda County; California,4108,06,001,435500
06001435601,Census Tract 4356.01; Alameda County; California,4874,06,001,435601
06001435602,Census Tract 4356.02; Alameda County; California,5261,06,001,435602
06001435700,Census Tract 4357; Alameda County; California,4974,06,001,435700
06001435800,Census Tract 4358; Alameda County; California,5725,06,001,435800
06001435900,Census Tract 4359; Alameda County; California,4985,06,001,435900
06001436000,Census Tract 4360; Alameda County; California,5298,06,001,436000
06001436100,Census Tract 4361; Alameda County; California,5454,06,001,436100
06001436200,Census Tract 4362; Alameda County; California,3989,06,001,436200
06001436301,Census Tract 4363.01; Alameda County; California,5422,06,001,436301
06001436302,Census Tract 4363.02; Alameda County; California,3712,06,001,436302
06001436402,Census Tract 4364.02; Alameda County; California,2875,06,001,436402
06001436403,Census Tract 4364.03; Alameda County; California,4151,06,001,436403
06001436404,Census Tract 4364.04; Alameda County; California,3440,06,001,436404
06001436500,Census Tract 4365; Alameda County; California,5246,06,001,436500
06001436601,Census Tract 4366.01; Alameda County; California,6476,06,001,436601
06001436602,Census Tract 4366.02; Alameda County; California,5115,06,001,436602
06001436700,Census Tract 4367; Alameda County; California,3360,06,001,436700
06001436800,Census Tract 4368; Alameda County; California,4052,06,001,436800
06001436900,Census Tract 4369; Alameda County; California,6768,06,001,436900
06001437000,Census Tract 4370; Alameda County; California,3378,06,001,437000
06001437101,Census Tract 4371.01; Alameda County; California,7371,06,001,437101
06001437102,Census Tract 4371.02; Alameda County; California,4352,06,001,437102
06001437200,Census Tract 4372; Alameda County; California,8968,06,001,437200
06001437300,Census Tract 4373; Alameda County; California,2844,06,001,437300
06001437400,Census Tract 4374; Alameda County; California,3755,06,001,437400
06001437500,Census Tract 4375; Alameda County; California,4527,06,001,437500
06001437600,Census Tract 4376; Alameda County; California,3381,06,001,437600
06001437701,Census Tract 4377.01; Alameda County; California,3638,06,001,437701
06001437702,Census Tract 4377.02; Alameda County; California,3745,06,001,437702
06001437800,Census Tract 4378; Alameda County; California,4817,06,001,437800
06001437900,Census Tract 4379; Alameda County; California,2486,06,001,437900
06001438000,Census Tract 4380; Alameda County; California,3751,06,001,438000
06001438100,Census Tract 4381; Alameda County; California,7317,06,001,438100
06001438201,Census Tract 4382.01; Alameda County; California,4432,06,001,438201
06001438203,Census Tract 4382.03; Alameda County; California,4076,06,001,438203
06001438204,Census Tract 4382.04; Alameda County; California,5699,06,001,438204
06001438300,Census Tract 4383; Alameda County; California,3949,06,001,438300
06001438400,Census Tract 4384; Alameda County; California,2600,06,001,438400
06001440100,Census Tract 4401; Alameda County; California,2372,06,001,440100
06001440200,Census Tract 4402; Alameda County; California,5623,06,001,440200
06001440301,Census Tract 4403.01; Alameda County; California,6757,06,001,440301
06001440304,Census Tract 4403.04; Alameda County; California,4488,06,001,440304
06001440305,Census Tract 4403.05; Alameda County; California,3971,06,001,440305
06001440306,Census Tract 4403.06; Alameda County; California,3705,06,001,440306
06001440307,Census Tract 4403.07; Alameda County; California,4441,06,001,440307
06001440308,Census Tract 4403.08; Alameda County; California,6017,06,001,440308
06001440331,Census Tract 4403.31; Alameda County; California,3190,06,001,440331
06001440332,Census Tract 4403.32; Alameda County; California,3015,06,001,440332
06001440333,Census Tract 4403.33; Alameda County; California,2599,06,001,440333
06001440334,Census Tract 4403.34; Alameda County; California,4026,06,001,440334
06001440336,Census Tract 4403.36; Alameda County; California,4169,06,001,440336
06001440337,Census Tract 4403.37; Alameda County; California,2679,06,001,440337
06001440338,Census Tract 4403.38; Alameda County; California,3917,06,001,440338
06001441100,Census Tract 4411; Alameda County; California,4390,06,001,441100
06001441200,Census Tract 4412; Alameda County; California,7569,06,001,441200
06001441301,Census Tract 4413.01; Alameda County; California,3166,06,001,441301
06001441302,Census Tract 4413.02; Alameda County; California,5747,06,001,441302
06001441401,Census Tract 4414.01; Alameda County; California,7883,06,001,441401
06001441402,Census Tract 4414.02; Alameda County; California,5183,06,001,441402
06001441501,Census Tract 4415.01; Alameda County; California,5389,06,001,441501
06001441503,Census Tract 4415.03; Alameda County; California,7604,06,001,441503
06001441521,Census Tract 4415.21; Alameda County; California,5937,06,001,441521
06001441522,Census Tract 4415.22; Alameda County; California,5090,06,001,441522
06001441523,Census Tract 4415.23; Alameda County; California,4003,06,001,441523
06001441524,Census Tract 4415.24; Alameda County; California,3941,06,001,441524
06001441525,Census Tract 4415.25; Alameda County; California,3328,06,001,441525
06001441601,Census Tract 4416.01; Alameda County; California,4709,06,001,441601
06001441602,Census Tract 4416.02; Alameda County; California,7252,06,001,441602
06001441701,Census Tract 4417.01; Alameda County; California,3490,06,001,441701
06001441702,Census Tract 4417.02; Alameda County; California,5046,06,001,441702
06001441800,Census Tract 4418; Alameda County; California,6556,06,001,441800
06001441921,Census Tract 4419.21; Alameda County; California,3814,06,001,441921
06001441923,Census Tract 4419.23; Alameda County; California,5915,06,001,441923
06001441924,Census Tract 4419.24; Alameda County; California,7588,06,001,441924
06001441926,Census Tract 4419.26; Alameda County; California,4190,06,001,441926
06001441927,Census Tract 4419.27; Alameda County; California,4369,06,001,441927
06001441928,Census Tract 4419.28; Alameda County; California,4003,06,001,441928
06001441929,Census Tract 4419.29; Alameda County; California,3287,06,001,441929
06001442000,Census Tract 4420; Alameda County; California,2967,06,001,442000
06001442100,Census Tract 4421; Alameda County; California,5064,06,001,442100
06001442200,Census Tract 4422; Alameda County; California,7355,06,001,442200
06001442301,Census Tract 4423.01; Alameda County; California,4940,06,001,442301
06001442302,Census Tract 4423.02; Alameda County; California,6375,06,001,442302
06001442400,Census Tract 4424; Alameda County; California,6227,06,001,442400
06001442501,Census Tract 4425.01; Alameda County; California,3204,06,001,442501
06001442502,Census Tract 4425.02; Alameda County; California,3892,06,001,442502
06001442601,Census Tract 4426.01; Alameda County; California,3773,06,001,442601
06001442602,Census Tract 4426.02; Alameda County; California,4850,06,001,442602
06001442700,Census Tract 4427; Alameda County; California,3068,06,001,442700
06001442800,Census Tract 4428; Alameda County; California,3041,06,001,442800
06001442900,Census Tract 4429; Alameda County; California,7783,06,001,442900
06001443001,Census Tract 4430.01; Alameda County; California,2802,06,001,443001
06001443002,Census Tract 4430.02; Alameda County; California,6487,06,001,443002
06001443102,Census Tract 4431.02; Alameda County; California,4593,06,001,443102
06001443103,Census Tract 4431.03; Alameda County; California,4002,06,001,443103
06001443104,Census Tract 4431.04; Alameda County; California,5360,06,001,443104
06001443105,Census Tract 4431.05; Alameda County; California,4499,06,001,443105
06001443200,Census Tract 4432; Alameda County; California,3403,06,001,443200
06001443301,Census Tract 4433.01; Alameda County; California,4053,06,001,443301
06001443321,Census Tract 4433.21; Alameda County; California,3241,06,001,443321
06001443322,Census Tract 4433.22; Alameda County; California,3256,06,001,443322
06001444100,Census Tract 4441; Alameda County; California,6846,06,001,444100
06001444200,Census Tract 4442; Alameda County; California,6185,06,001,444200
06001444301,Census Tract 4443.01; Alameda County; California,3659,06,001,444301
06001444303,Census Tract 4443.03; Alameda County; California,0,06,001,444303
06001444304,Census Tract 4443.04; Alameda County; California,7508,06,001,444304
06001444400,Census Tract 4444; Alameda County; California,4767,06,001,444400
06001444500,Census Tract 4445; Alameda County; California,6644,06,001,444500
06001444601,Census Tract 4446.01; Alameda County; California,6187,06,001,444601
06001444602,Census Tract 4446.02; Alameda County; California,5107,06,001,444602
06001450101,Census Tract 4501.01; Alameda County; California,6588,06,001,450101
06001450102,Census Tract 4501.02; Alameda County; California,8425,06,001,450102
06001450200,Census Tract 4502; Alameda County; California,5916,06,001,450200
06001450300,Census Tract 4503; Alameda County; California,4988,06,001,450300
06001450400,Census Tract 4504; Alameda County; California,7551,06,001,450400
06001450501,Census Tract 4505.01; Alameda County; California,3174,06,001,450501
06001450502,Census Tract 4505.02; Alameda County; California,5864,06,001,450502
06001450601,Census Tract 4506.01; Alameda County; California,3555,06,001,450601
06001450603,Census Tract 4506.03; Alameda County; California,4651,06,001,450603
06001450604,Census Tract 4506.04; Alameda County; California,4843,06,001,450604
06001450605,Census Tract 4506.05; Alameda County; California,3895,06,001,450605
06001450606,Census Tract 4506.06; Alameda County; California,5787,06,001,450606
06001450607,Census Tract 4506.07; Alameda County; California,5385,06,001,450607
06001450608,Census Tract 4506.08; Alameda County; California,3985,06,001,450608
06001450609,Census Tract 4506.09; Alameda County; California,4827,06,001,450609
06001450701,Census Tract 4507.01; Alameda County; California,8654,06,001,450701
06001450741,Census Tract 4507.41; Alameda County; California,5212,06,001,450741
06001450742,Census Tract 4507.42; Alameda County; California,5241,06,001,450742
06001450743,Census Tract 4507.43; Alameda County; California,7616,06,001,450743
06001450744,Census Tract 4507.44; Alameda County; California,5798,06,001,450744
06001450745,Census Tract 4507.45; Alameda County; California,6257,06,001,450745
06001450746,Census Tract 4507.46; Alameda County; California,3359,06,001,450746
06001450750,Census Tract 4507.50; Alameda County; California,6794,06,001,450750
06001450751,Census Tract 4507.51; Alameda County; California,12378,06,001,450751
06001450752,Census Tract 4507.52; Alameda County; California,9709,06,001,450752
06001451102,Census Tract 4511.02; Alameda County; California,3950,06,001,451102
06001451103,Census Tract 4511.03; Alameda County; California,1354,06,001,451103
06001451104,Census Tract 4511.04; Alameda County; California,6474,06,001,451104
06001451201,Census Tract 4512.01; Alameda County; California,7289,06,001,451201
06001451202,Census Tract 4512.02; Alameda County; California,5422,06,001,451202
06001451300,Census Tract 4513; Alameda County; California,6448,06,001,451300
06001451401,Census Tract 4514.01; Alameda County; California,5414,06,001,451401
06001451403,Census Tract 4514.03; Alameda County; California,2125,06,001,451403
06001451404,Census Tract 4514.04; Alameda County; California,6368,06,001,451404
06001451501,Census Tract 4515.01; Alameda County; California,4485,06,001,451501
06001451503,Census Tract 4515.03; Alameda County; California,6425,06,001,451503
06001451504,Census Tract 4515.04; Alameda County; California,1464,06,001,451504
06001451505,Census Tract 4515.05; Alameda County; California,3090,06,001,451505
06001451506,Census Tract 4515.06; Alameda County; California,3422,06,001,451506
06001451601,Census Tract 4516.01; Alameda County; California,4859,06,001,451601
06001451602,Census Tract 4516.02; Alameda County; California,6839,06,001,451602
06001451701,Census Tract 4517.01; Alameda County; California,3247,06,001,451701
06001451703,Census Tract 4517.03; Alameda County; California,4037,06,001,451703
06001451704,Census Tract 4517.04; Alameda County; California,4564,06,001,451704
06001981900,Census Tract 9819; Alameda County; California,33,06,001,981900
06001982000,Census Tract 9820; Alameda County; California,54,06,001,982000
06001982100,Census Tract 9821; Alameda County; California,1104,06,001,982100
06001983200,Census Tract 9832; Alameda County; California,1220,06,001,983200
06001990000,Census Tract 9900; Alameda County; California,0,06,001,990000
06003010000,Census Tract 100; Alpine County; California,1616,06,003,010000
06005000101,Census Tract 1.01; Amador County; California,4416,06,005,000101
06005000102,Census Tract 1.02; Amador County; California,2208,06,005,000102
06005000201,Census Tract 2.01; Amador County; California,2815,06,005,000201
06005000202,Census Tract 2.02; Amador County; California,1870,06,005,000202
06005000301,Census Tract 3.01; Amador County; California,5172,06,005,000301
06005000303,Census Tract 3.03; Amador County; California,7240,06,005,000303
06005000304,Census Tract 3.04; Amador County; California,4841,06,005,000304
06005000401,Census Tract 4.01; Amador County; California,4791,06,005,000401
06005000402,Census Tract 4.02; Amador County; California,4474,06,005,000402
06005000500,Census Tract 5; Amador County; California,3601,06,005,000500
06007000102,Census Tract 1.02; Butte County; California,4025,06,007,000102
06007000103,Census Tract 1.03; Butte County; California,6275,06,007,000103
06007000104,Census Tract 1.04; Butte County; California,5444,06,007,000104
06007000201,Census Tract 2.01; Butte County; California,4413,06,007,000201
06007000202,Census Tract 2.02; Butte County; California,3563,06,007,000202
06007000300,Census Tract 3; Butte County; California,4991,06,007,000300
06007000401,Census Tract 4.01; Butte County; California,5590,06,007,000401
06007000403,Census Tract 4.03; Butte County; California,3372,06,007,000403
06007000404,Census Tract 4.04; Butte County; California,3682,06,007,000404
06007000501,Census Tract 5.01; Butte County; California,4256,06,007,000501
06007000502,Census Tract 5.02; Butte County; California,5439,06,007,000502
06007000601,Census Tract 6.01; Butte County; California,3412,06,007,000601
06007000603,Census Tract 6.03; Butte County; California,3618,06,007,000603
06007000604,Census Tract 6.04; Butte County; California,4073,06,007,000604
06007000700,Census Tract 7; Butte County; California,4767,06,007,000700
06007000800,Census Tract 8; Butte County; California,5568,06,007,000800
06007000901,Census Tract 9.01; Butte County; California,2946,06,007,000901
06007000903,Census Tract 9.03; Butte County; California,5719,06,007,000903
06007000904,Census Tract 9.04; Butte County; California,5959,06,007,000904
06007001000,Census Tract 10; Butte County; California,5890,06,007,001000
06007001100,Census Tract 11; Butte County; California,4341,06,007,001100
06007001200,Census Tract 12; Butte County; California,3801,06,007,001200
06007001300,Census Tract 13; Butte County; California,4080,06,007,001300
06007001400,Census Tract 14; Butte County; California,6640,06,007,001400
06007001500,Census Tract 15; Butte County; California,5266,06,007,001500
06007001601,Census Tract 16.01; Butte County; California,2188,06,007,001601
06007001602,Census Tract 16.02; Butte County; California,3721,06,007,001602
06007001702,Census Tract 17.02; Butte County; California,3700,06,007,001702
06007001703,Census Tract 17.03; Butte County; California,1547,06,007,001703
06007001704,Census Tract 17.04; Butte County; California,3024,06,007,001704
06007001800,Census Tract 18; Butte County; California,1448,06,007,001800
06007001900,Census Tract 19; Butte County; California,919,06,007,001900
06007002000,Census Tract 20; Butte County; California,1606,06,007,002000
06007002100,Census Tract 21; Butte County; California,1544,06,007,002100
06007002200,Census Tract 22; Butte County; California,2248,06,007,002200
06007002300,Census Tract 23; Butte County; California,2321,06,007,002300
06007002401,Census Tract 24.01; Butte County; California,902,06,007,002401
06007002402,Census Tract 24.02; Butte County; California,2314,06,007,002402
06007002500,Census Tract 25; Butte County; California,5510,06,007,002500
06007002601,Census Tract 26.01; Butte County; California,1911,06,007,002601
06007002602,Census Tract 26.02; Butte County; California,3682,06,007,002602
06007002700,Census Tract 27; Butte County; California,5783,06,007,002700
06007002800,Census Tract 28; Butte County; California,4853,06,007,002800
06007002900,Census Tract 29; Butte County; California,3018,06,007,002900
06007003001,Census Tract 30.01; Butte County; California,2587,06,007,003001
06007003002,Census Tract 30.02; Butte County; California,2685,06,007,003002
06007003100,Census Tract 31; Butte County; California,4597,06,007,003100
06007003200,Census Tract 32; Butte County; California,3904,06,007,003200
06007003300,Census Tract 33; Butte County; California,4476,06,007,003300
06007003400,Census Tract 34; Butte County; California,3124,06,007,003400
06007003501,Census Tract 35.01; Butte County; California,4111,06,007,003501
06007003502,Census Tract 35.02; Butte County; California,4178,06,007,003502
06007003600,Census Tract 36; Butte County; California,3774,06,007,003600
06007003700,Census Tract 37; Butte County; California,5124,06,007,003700
06009000121,Census Tract 1.21; Calaveras County; California,4480,06,009,000121
06009000122,Census Tract 1.22; Calaveras County; California,3398,06,009,000122
06009000123,Census Tract 1.23; Calaveras County; California,2890,06,009,000123
06009000124,Census Tract 1.24; Calaveras County; California,2119,06,009,000124
06009000220,Census Tract 2.20; Calaveras County; California,6432,06,009,000220
06009000221,Census Tract 2.21; Calaveras County; California,6911,06,009,000221
06009000222,Census Tract 2.22; Calaveras County; California,3641,06,009,000222
06009000301,Census Tract 3.01; Calaveras County; California,4356,06,009,000301
06009000302,Census Tract 3.02; Calaveras County; California,2502,06,009,000302
06009000400,Census Tract 4; Calaveras County; California,4376,06,009,000400
06009000501,Census Tract 5.01; Calaveras County; California,3139,06,009,000501
06009000504,Census Tract 5.04; Calaveras County; California,571,06,009,000504
06009000505,Census Tract 5.05; Calaveras County; California,944,06,009,000505
06009000506,Census Tract 5.06; Calaveras County; California,489,06,009,000506
06011000100,Census Tract 1; Colusa County; California,5151,06,011,000100
06011000200,Census Tract 2; Colusa County; California,5307,06,011,000200
06011000301,Census Tract 3.01; Colusa County; California,4197,06,011,000301
06011000302,Census Tract 3.02; Colusa County; California,2592,06,011,000302
06011000400,Census Tract 4; Colusa County; California,2411,06,011,000400
06011000500,Census Tract 5; Colusa County; California,2326,06,011,000500
06013301000,Census Tract 3010; Contra Costa County; California,5294,06,013,301000
06013302005,Census Tract 3020.05; Contra Costa County; California,7292,06,013,302005
06013302006,Census Tract 3020.06; Contra Costa County; California,4192,06,013,302006
06013302007,Census Tract 3020.07; Contra Costa County; California,7337,06,013,302007
06013302009,Census Tract 3020.09; Contra Costa County; California,6891,06,013,302009
06013302011,Census Tract 3020.11; Contra Costa County; California,6305,06,013,302011
06013302012,Census Tract 3020.12; Contra Costa County; California,5689,06,013,302012
06013302013,Census Tract 3020.13; Contra Costa County; California,2924,06,013,302013
06013302014,Census Tract 3020.14; Contra Costa County; California,8261,06,013,302014
06013303104,Census Tract 3031.04; Contra Costa County; California,6534,06,013,303104
06013303105,Census Tract 3031.05; Contra Costa County; California,3446,06,013,303105
06013303106,Census Tract 3031.06; Contra Costa County; California,9221,06,013,303106
06013303107,Census Tract 3031.07; Contra Costa County; California,7992,06,013,303107
06013303202,Census Tract 3032.02; Contra Costa County; California,8956,06,013,303202
06013303204,Census Tract 3032.04; Contra Costa County; California,5042,06,013,303204
06013303206,Census Tract 3032.06; Contra Costa County; California,5018,06,013,303206
06013303207,Census Tract 3032.07; Contra Costa County; California,9770,06,013,303207
06013303208,Census Tract 3032.08; Contra Costa County; California,4346,06,013,303208
06013303209,Census Tract 3032.09; Contra Costa County; California,5541,06,013,303209
06013303210,Census Tract 3032.10; Contra Costa County; California,3400,06,013,303210
06013303211,Census Tract 3032.11; Contra Costa County; California,4298,06,013,303211
06013304001,Census Tract 3040.01; Contra Costa County; California,5903,06,013,304001
06013304002,Census Tract 3040.02; Contra Costa County; California,1903,06,013,304002
06013304003,Census Tract 3040.03; Contra Costa County; California,3246,06,013,304003
06013304004,Census Tract 3040.04; Contra Costa County; California,3320,06,013,304004
06013304006,Census Tract 3040.06; Contra Costa County; California,3843,06,013,304006
06013304007,Census Tract 3040.07; Contra Costa County; California,4919,06,013,304007
06013305000,Census Tract 3050; Contra Costa County; California,7484,06,013,305000
06013306002,Census Tract 3060.02; Contra Costa County; California,4612,06,013,306002
06013306003,Census Tract 3060.03; Contra Costa County; California,5081,06,013,306003
06013306004,Census Tract 3060.04; Contra Costa County; California,3477,06,013,306004
06013307101,Census Tract 3071.01; Contra Costa County; California,4595,06,013,307101
06013307102,Census Tract 3071.02; Contra Costa County; California,5997,06,013,307102
06013307201,Census Tract 3072.01; Contra Costa County; California,4101,06,013,307201
06013307202,Census Tract 3072.02; Contra Costa County; California,4210,06,013,307202
06013307204,Census Tract 3072.04; Contra Costa County; California,4704,06,013,307204
06013307205,Census Tract 3072.05; Contra Costa County; California,7101,06,013,307205
06013308001,Census Tract 3080.01; Contra Costa County; California,7784,06,013,308001
06013308002,Census Tract 3080.02; Contra Costa County; California,5146,06,013,308002
06013309000,Census Tract 3090; Contra Costa County; California,3894,06,013,309000
06013310000,Census Tract 3100; Contra Costa County; California,6421,06,013,310000
06013311000,Census Tract 3110; Contra Costa County; California,5515,06,013,311000
06013312000,Census Tract 3120; Contra Costa County; California,3106,06,013,312000
06013313102,Census Tract 3131.02; Contra Costa County; California,4732,06,013,313102
06013313104,Census Tract 3131.04; Contra Costa County; California,3024,06,013,313104
06013313105,Census Tract 3131.05; Contra Costa County; California,5733,06,013,313105
06013313106,Census Tract 3131.06; Contra Costa County; California,6890,06,013,313106
06013313107,Census Tract 3131.07; Contra Costa County; California,2728,06,013,313107
06013313203,Census Tract 3132.03; Contra Costa County; California,3209,06,013,313203
06013313204,Census Tract 3132.04; Contra Costa County; California,5604,06,013,313204
06013313205,Census Tract 3132.05; Contra Costa County; California,2047,06,013,313205
06013313206,Census Tract 3132.06; Contra Costa County; California,6067,06,013,313206
06013314102,Census Tract 3141.02; Contra Costa County; California,6523,06,013,314102
06013314103,Census Tract 3141.03; Contra Costa County; California,5524,06,013,314103
06013314105,Census Tract 3141.05; Contra Costa County; California,3692,06,013,314105
06013314106,Census Tract 3141.06; Contra Costa County; California,4288,06,013,314106
06013314200,Census Tract 3142; Contra Costa County; California,7539,06,013,314200
06013315000,Census Tract 3150; Contra Costa County; California,3511,06,013,315000
06013316000,Census Tract 3160; Contra Costa County; California,1334,06,013,316000
06013317000,Census Tract 3170; Contra Costa County; California,2159,06,013,317000
06013318000,Census Tract 3180; Contra Costa County; California,3514,06,013,318000
06013319001,Census Tract 3190.01; Contra Costa County; California,4060,06,013,319001
06013319002,Census Tract 3190.02; Contra Costa County; California,3819,06,013,319002
06013320001,Census Tract 3200.01; Contra Costa County; California,3276,06,013,320001
06013320003,Census Tract 3200.03; Contra Costa County; California,2928,06,013,320003
06013320004,Census Tract 3200.04; Contra Costa County; California,6401,06,013,320004
06013321101,Census Tract 3211.01; Contra Costa County; California,7268,06,013,321101
06013321102,Census Tract 3211.02; Contra Costa County; California,5830,06,013,321102
06013321103,Census Tract 3211.03; Contra Costa County; California,4642,06,013,321103
06013321200,Census Tract 3212; Contra Costa County; California,5629,06,013,321200
06013322000,Census Tract 3220; Contra Costa County; California,6822,06,013,322000
06013323000,Census Tract 3230; Contra Costa County; California,4392,06,013,323000
06013324002,Census Tract 3240.02; Contra Costa County; California,4931,06,013,324002
06013324003,Census Tract 3240.03; Contra Costa County; California,3266,06,013,324003
06013324004,Census Tract 3240.04; Contra Costa County; California,2563,06,013,324004
06013325000,Census Tract 3250; Contra Costa County; California,6224,06,013,325000
06013326000,Census Tract 3260; Contra Costa County; California,3278,06,013,326000
06013327001,Census Tract 3270.01; Contra Costa County; California,3572,06,013,327001
06013327002,Census Tract 3270.02; Contra Costa County; California,3953,06,013,327002
06013328000,Census Tract 3280; Contra Costa County; California,2837,06,013,328000
06013329000,Census Tract 3290; Contra Costa County; California,6653,06,013,329000
06013330000,Census Tract 3300; Contra Costa County; California,5460,06,013,330000
06013331000,Census Tract 3310; Contra Costa County; California,7625,06,013,331000
06013332000,Census Tract 3320; Contra Costa County; California,7945,06,013,332000
06013333101,Census Tract 3331.01; Contra Costa County; California,4282,06,013,333101
06013333102,Census Tract 3331.02; Contra Costa County; California,4158,06,013,333102
06013333200,Census Tract 3332; Contra Costa County; California,5763,06,013,333200
06013334001,Census Tract 3340.01; Contra Costa County; California,4077,06,013,334001
06013334006,Census Tract 3340.06; Contra Costa County; California,4766,06,013,334006
06013334007,Census Tract 3340.07; Contra Costa County; California,3575,06,013,334007
06013334008,Census Tract 3340.08; Contra Costa County; California,4007,06,013,334008
06013334200,Census Tract 3342; Contra Costa County; California,7522,06,013,334200
06013335000,Census Tract 3350; Contra Costa County; California,3494,06,013,335000
06013336101,Census Tract 3361.01; Contra Costa County; California,4588,06,013,336101
06013336103,Census Tract 3361.03; Contra Costa County; California,5013,06,013,336103
06013336104,Census Tract 3361.04; Contra Costa County; California,2541,06,013,336104
06013336201,Census Tract 3362.01; Contra Costa County; California,3624,06,013,336201
06013336202,Census Tract 3362.02; Contra Costa County; California,5458,06,013,336202
06013337100,Census Tract 3371; Contra Costa County; California,3327,06,013,337100
06013337201,Census Tract 3372.01; Contra Costa County; California,2919,06,013,337201
06013337202,Census Tract 3372.02; Contra Costa County; California,5069,06,013,337202
06013337300,Census Tract 3373; Contra Costa County; California,6205,06,013,337300
06013338101,Census Tract 3381.01; Contra Costa County; California,5015,06,013,338101
06013338102,Census Tract 3381.02; Contra Costa County; California,3173,06,013,338102
06013338201,Census Tract 3382.01; Contra Costa County; California,4026,06,013,338201
06013338203,Census Tract 3382.03; Contra Costa County; California,5620,06,013,338203
06013338204,Census Tract 3382.04; Contra Costa County; California,6523,06,013,338204
06013338301,Census Tract 3383.01; Contra Costa County; California,3034,06,013,338301
06013338302,Census Tract 3383.02; Contra Costa County; California,5667,06,013,338302
06013339001,Census Tract 3390.01; Contra Costa County; California,3641,06,013,339001
06013339003,Census Tract 3390.03; Contra Costa County; California,4519,06,013,339003
06013339004,Census Tract 3390.04; Contra Costa County; California,3701,06,013,339004
06013340001,Census Tract 3400.01; Contra Costa County; California,5829,06,013,340001
06013340003,Census Tract 3400.03; Contra Costa County; California,3318,06,013,340003
06013340004,Census Tract 3400.04; Contra Costa County; California,4058,06,013,340004
06013341000,Census Tract 3410; Contra Costa County; California,4872,06,013,341000
06013343001,Census Tract 3430.01; Contra Costa County; California,5759,06,013,343001
06013343002,Census Tract 3430.02; Contra Costa County; California,4478,06,013,343002
06013343003,Census Tract 3430.03; Contra Costa County; California,3802,06,013,343003
06013345101,Census Tract 3451.01; Contra Costa County; California,6648,06,013,345101
06013345102,Census Tract 3451.02; Contra Costa County; California,4114,06,013,345102
06013345103,Census Tract 3451.03; Contra Costa County; California,5335,06,013,345103
06013345105,Census Tract 3451.05; Contra Costa County; California,6373,06,013,345105
06013345111,Census Tract 3451.11; Contra Costa County; California,5861,06,013,345111
06013345112,Census Tract 3451.12; Contra Costa County; California,8221,06,013,345112
06013345113,Census Tract 3451.13; Contra Costa County; California,4859,06,013,345113
06013345114,Census Tract 3451.14; Contra Costa County; California,6672,06,013,345114
06013345115,Census Tract 3451.15; Contra Costa County; California,6220,06,013,345115
06013345116,Census Tract 3451.16; Contra Costa County; California,2794,06,013,345116
06013345117,Census Tract 3451.17; Contra Costa County; California,4752,06,013,345117
06013345118,Census Tract 3451.18; Contra Costa County; California,3551,06,013,345118
06013345203,Census Tract 3452.03; Contra Costa County; California,7686,06,013,345203
06013345204,Census Tract 3452.04; Contra Costa County; California,3212,06,013,345204
06013345205,Census Tract 3452.05; Contra Costa County; California,5741,06,013,345205
06013345206,Census Tract 3452.06; Contra Costa County; California,3687,06,013,345206
06013346101,Census Tract 3461.01; Contra Costa County; California,3281,06,013,346101
06013346102,Census Tract 3461.02; Contra Costa County; California,5478,06,013,346102
06013346203,Census Tract 3462.03; Contra Costa County; California,4072,06,013,346203
06013346204,Census Tract 3462.04; Contra Costa County; California,7702,06,013,346204
06013346205,Census Tract 3462.05; Contra Costa County; California,3769,06,013,346205
06013346206,Census Tract 3462.06; Contra Costa County; California,3304,06,013,346206
06013347000,Census Tract 3470; Contra Costa County; California,6971,06,013,347000
06013348000,Census Tract 3480; Contra Costa County; California,4888,06,013,348000
06013349000,Census Tract 3490; Contra Costa County; California,5022,06,013,349000
06013350000,Census Tract 3500; Contra Costa County; California,5826,06,013,350000
06013351101,Census Tract 3511.01; Contra Costa County; California,2768,06,013,351101
06013351103,Census Tract 3511.03; Contra Costa County; California,1993,06,013,351103
06013351104,Census Tract 3511.04; Contra Costa County; California,1599,06,013,351104
06013351105,Census Tract 3511.05; Contra Costa County; California,1721,06,013,351105
06013351200,Census Tract 3512; Contra Costa County; California,5531,06,013,351200
06013352101,Census Tract 3521.01; Contra Costa County; California,3579,06,013,352101
06013352102,Census Tract 3521.02; Contra Costa County; California,5146,06,013,352102
06013352201,Census Tract 3522.01; Contra Costa County; California,6128,06,013,352201
06013352202,Census Tract 3522.02; Contra Costa County; California,2575,06,013,352202
06013353001,Census Tract 3530.01; Contra Costa County; California,4718,06,013,353001
06013353002,Census Tract 3530.02; Contra Costa County; California,4375,06,013,353002
06013354001,Census Tract 3540.01; Contra Costa County; California,2255,06,013,354001
06013354002,Census Tract 3540.02; Contra Costa County; California,6858,06,013,354002
06013355107,Census Tract 3551.07; Contra Costa County; California,5885,06,013,355107
06013355109,Census Tract 3551.09; Contra Costa County; California,7037,06,013,355109
06013355110,Census Tract 3551.10; Contra Costa County; California,3996,06,013,355110
06013355111,Census Tract 3551.11; Contra Costa County; California,6581,06,013,355111
06013355112,Census Tract 3551.12; Contra Costa County; California,5544,06,013,355112
06013355113,Census Tract 3551.13; Contra Costa County; California,5453,06,013,355113
06013355115,Census Tract 3551.15; Contra Costa County; California,10460,06,013,355115
06013355118,Census Tract 3551.18; Contra Costa County; California,3741,06,013,355118
06013355119,Census Tract 3551.19; Contra Costa County; California,5063,06,013,355119
06013355120,Census Tract 3551.20; Contra Costa County; California,4193,06,013,355120
06013355121,Census Tract 3551.21; Contra Costa County; California,6121,06,013,355121
06013355122,Census Tract 3551.22; Contra Costa County; California,5410,06,013,355122
06013355123,Census Tract 3551.23; Contra Costa County; California,3046,06,013,355123
06013355124,Census Tract 3551.24; Contra Costa County; California,4480,06,013,355124
06013355125,Census Tract 3551.25; Contra Costa County; California,3980,06,013,355125
06013355126,Census Tract 3551.26; Contra Costa County; California,5636,06,013,355126
06013355201,Census Tract 3552.01; Contra Costa County; California,8798,06,013,355201
06013355202,Census Tract 3552.02; Contra Costa County; California,3803,06,013,355202
06013355302,Census Tract 3553.02; Contra Costa County; California,3299,06,013,355302
06013355306,Census Tract 3553.06; Contra Costa County; California,4562,06,013,355306
06013355307,Census Tract 3553.07; Contra Costa County; California,4526,06,013,355307
06013355308,Census Tract 3553.08; Contra Costa County; California,3521,06,013,355308
06013355309,Census Tract 3553.09; Contra Costa County; California,4603,06,013,355309
06013355310,Census Tract 3553.10; Contra Costa County; California,2837,06,013,355310
06013356001,Census Tract 3560.01; Contra Costa County; California,3698,06,013,356001
06013356002,Census Tract 3560.02; Contra Costa County; California,5612,06,013,356002
06013357000,Census Tract 3570; Contra Costa County; California,3212,06,013,357000
06013358000,Census Tract 3580; Contra Costa County; California,5818,06,013,358000
06013359102,Census Tract 3591.02; Contra Costa County; California,5676,06,013,359102
06013359103,Census Tract 3591.03; Contra Costa County; California,5168,06,013,359103
06013359104,Census Tract 3591.04; Contra Costa County; California,2648,06,013,359104
06013359105,Census Tract 3591.05; Contra Costa County; California,5183,06,013,359105
06013359202,Census Tract 3592.02; Contra Costa County; California,6427,06,013,359202
06013359203,Census Tract 3592.03; Contra Costa County; California,7058,06,013,359203
06013359204,Census Tract 3592.04; Contra Costa County; California,4489,06,013,359204
06013360101,Census Tract 3601.01; Contra Costa County; California,4194,06,013,360101
06013360102,Census Tract 3601.02; Contra Costa County; California,5339,06,013,360102
06013360200,Census Tract 3602; Contra Costa County; California,5362,06,013,360200
06013361000,Census Tract 3610; Contra Costa County; California,5019,06,013,361000
06013362000,Census Tract 3620; Contra Costa County; California,2788,06,013,362000
06013363000,Census Tract 3630; Contra Costa County; California,7228,06,013,363000
06013364002,Census Tract 3640.02; Contra Costa County; California,5253,06,013,364002
06013365002,Census Tract 3650.02; Contra Costa County; California,5114,06,013,365002
06013365003,Census Tract 3650.03; Contra Costa County; California,5589,06,013,365003
06013366001,Census Tract 3660.01; Contra Costa County; California,4016,06,013,366001
06013366002,Census Tract 3660.02; Contra Costa County; California,6252,06,013,366002
06013367100,Census Tract 3671; Contra Costa County; California,5780,06,013,367100
06013367200,Census Tract 3672; Contra Costa County; California,5617,06,013,367200
06013368001,Census Tract 3680.01; Contra Costa County; California,5498,06,013,368001
06013368002,Census Tract 3680.02; Contra Costa County; California,4306,06,013,368002
06013369001,Census Tract 3690.01; Contra Costa County; California,7676,06,013,369001
06013369002,Census Tract 3690.02; Contra Costa County; California,2805,06,013,369002
06013370000,Census Tract 3700; Contra Costa County; California,2920,06,013,370000
06013371000,Census Tract 3710; Contra Costa County; California,5782,06,013,371000
06013372000,Census Tract 3720; Contra Costa County; California,7270,06,013,372000
06013373000,Census Tract 3730; Contra Costa County; California,4798,06,013,373000
06013374000,Census Tract 3740; Contra Costa County; California,5110,06,013,374000
06013375000,Census Tract 3750; Contra Costa County; California,5367,06,013,375000
06013376000,Census Tract 3760; Contra Costa County; California,6816,06,013,376000
06013377000,Census Tract 3770; Contra Costa County; California,7870,06,013,377000
06013378000,Census Tract 3780; Contra Costa County; California,4342,06,013,378000
06013379000,Census Tract 3790; Contra Costa County; California,7828,06,013,379000
06013380001,Census Tract 3800.01; Contra Costa County; California,3104,06,013,380001
06013380002,Census Tract 3800.02; Contra Costa County; California,3438,06,013,380002
06013381000,Census Tract 3810; Contra Costa County; California,6838,06,013,381000
06013382000,Census Tract 3820; Contra Costa County; California,8541,06,013,382000
06013383000,Census Tract 3830; Contra Costa County; California,5243,06,013,383000
06013384000,Census Tract 3840; Contra Costa County; California,4185,06,013,384000
06013385100,Census Tract 3851; Contra Costa County; California,2735,06,013,385100
06013385200,Census Tract 3852; Contra Costa County; California,1411,06,013,385200
06013386000,Census Tract 3860; Contra Costa County; California,3793,06,013,386000
06013387000,Census Tract 3870; Contra Costa County; California,3165,06,013,387000
06013388000,Census Tract 3880; Contra Costa County; California,2778,06,013,388000
06013389100,Census Tract 3891; Contra Costa County; California,2316,06,013,389100
06013389200,Census Tract 3892; Contra Costa County; California,1777,06,013,389200
06013390100,Census Tract 3901; Contra Costa County; California,2348,06,013,390100
06013390200,Census Tract 3902; Contra Costa County; California,1830,06,013,390200
06013391000,Census Tract 3910; Contra Costa County; California,2636,06,013,391000
06013392000,Census Tract 3920; Contra Costa County; California,2474,06,013,392000
06013392201,Census Tract 3922.01; Contra Costa County; California,5257,06,013,392201
06013392202,Census Tract 3922.02; Contra Costa County; California,4814,06,013,392202
06013392300,Census Tract 3923; Contra Costa County; California,4040,06,013,392300
06013980000,Census Tract 9800; Contra Costa County; California,475,06,013,980000
06013990000,Census Tract 9900; Contra Costa County; California,0,06,013,990000
06015000101,Census Tract 1.01; Del Norte County; California,3903,06,015,000101
06015000102,Census Tract 1.02; Del Norte County; California,3780,06,015,000102
06015000104,Census Tract 1.04; Del Norte County; California,2363,06,015,000104
06015000106,Census Tract 1.06; Del Norte County; California,3905,06,015,000106
06015000107,Census Tract 1.07; Del Norte County; California,3090,06,015,000107
06015000201,Census Tract 2.01; Del Norte County; California,5589,06,015,000201
06015000202,Census Tract 2.02; Del Norte County; California,3453,06,015,000202
06015000203,Census Tract 2.03; Del Norte County; California,1024,06,015,000203
06015990000,Census Tract 9900; Del Norte County; California,0,06,015,990000
06017030201,Census Tract 302.01; El Dorado County; California,2246,06,017,030201
06017030202,Census Tract 302.02; El Dorado County; California,2014,06,017,030202
06017030301,Census Tract 303.01; El Dorado County; California,2910,06,017,030301
06017030302,Census Tract 303.02; El Dorado County; California,2557,06,017,030302
06017030402,Census Tract 304.02; El Dorado County; California,3571,06,017,030402
06017030403,Census Tract 304.03; El Dorado County; California,1337,06,017,030403
06017030404,Census Tract 304.04; El Dorado County; California,2563,06,017,030404
06017030502,Census Tract 305.02; El Dorado County; California,2758,06,017,030502
06017030504,Census Tract 305.04; El Dorado County; California,3150,06,017,030504
06017030506,Census Tract 305.06; El Dorado County; California,964,06,017,030506
06017030507,Census Tract 305.07; El Dorado County; California,1385,06,017,030507
06017030601,Census Tract 306.01; El Dorado County; California,5021,06,017,030601
06017030603,Census Tract 306.03; El Dorado County; California,3494,06,017,030603
06017030604,Census Tract 306.04; El Dorado County; California,836,06,017,030604
06017030605,Census Tract 306.05; El Dorado County; California,1383,06,017,030605
06017030606,Census Tract 306.06; El Dorado County; California,4146,06,017,030606
06017030701,Census Tract 307.01; El Dorado County; California,5625,06,017,030701
06017030706,Census Tract 307.06; El Dorado County; California,6132,06,017,030706
06017030709,Census Tract 307.09; El Dorado County; California,5459,06,017,030709
06017030710,Census Tract 307.10; El Dorado County; California,6234,06,017,030710
06017030711,Census Tract 307.11; El Dorado County; California,7302,06,017,030711
06017030712,Census Tract 307.12; El Dorado County; California,4819,06,017,030712
06017030801,Census Tract 308.01; El Dorado County; California,4723,06,017,030801
06017030804,Census Tract 308.04; El Dorado County; California,7147,06,017,030804
06017030807,Census Tract 308.07; El Dorado County; California,3588,06,017,030807
06017030808,Census Tract 308.08; El Dorado County; California,7023,06,017,030808
06017030809,Census Tract 308.09; El Dorado County; California,2611,06,017,030809
06017030810,Census Tract 308.10; El Dorado County; California,3467,06,017,030810
06017030811,Census Tract 308.11; El Dorado County; California,1431,06,017,030811
06017030812,Census Tract 308.12; El Dorado County; California,6380,06,017,030812
06017030901,Census Tract 309.01; El Dorado County; California,3471,06,017,030901
06017030902,Census Tract 309.02; El Dorado County; California,5364,06,017,030902
06017031000,Census Tract 310; El Dorado County; California,6171,06,017,031000
06017031100,Census Tract 311; El Dorado County; California,5880,06,017,031100
06017031200,Census Tract 312; El Dorado County; California,5677,06,017,031200
06017031301,Census Tract 313.01; El Dorado County; California,3752,06,017,031301
06017031302,Census Tract 313.02; El Dorado County; California,4634,06,017,031302
06017031404,Census Tract 314.04; El Dorado County; California,2420,06,017,031404
06017031405,Census Tract 314.05; El Dorado County; California,2332,06,017,031405
06017031406,Census Tract 314.06; El Dorado County; California,5129,06,017,031406
06017031407,Census Tract 314.07; El Dorado County; California,1945,06,017,031407
06017031408,Census Tract 314.08; El Dorado County; California,1754,06,017,031408
06017031409,Census Tract 314.09; El Dorado County; California,2283,06,017,031409
06017031503,Census Tract 315.03; El Dorado County; California,2849,06,017,031503
06017031504,Census Tract 315.04; El Dorado County; California,6006,06,017,031504
06017031505,Census Tract 315.05; El Dorado County; California,3004,06,017,031505
06017031506,Census Tract 315.06; El Dorado County; California,2520,06,017,031506
06017031601,Census Tract 316.01; El Dorado County; California,2178,06,017,031601
06017031602,Census Tract 316.02; El Dorado County; California,1844,06,017,031602
06017031700,Census Tract 317; El Dorado County; California,3385,06,017,031700
06017031800,Census Tract 318; El Dorado County; California,6906,06,017,031800
06017031900,Census Tract 319; El Dorado County; California,38,06,017,031900
06017032001,Census Tract 320.01; El Dorado County; California,648,06,017,032001
06017032002,Census Tract 320.02; El Dorado County; California,196,06,017,032002
06017990000,Census Tract 9900; El Dorado County; California,0,06,017,990000
06019000100,Census Tract 1; Fresno County; California,3364,06,019,000100
06019000200,Census Tract 2; Fresno County; California,3029,06,019,000200
06019000300,Census Tract 3; Fresno County; California,4089,06,019,000300
06019000400,Census Tract 4; Fresno County; California,5654,06,019,000400
06019000501,Census Tract 5.01; Fresno County; California,2722,06,019,000501
06019000502,Census Tract 5.02; Fresno County; California,2651,06,019,000502
06019000601,Census Tract 6.01; Fresno County; California,4214,06,019,000601
06019000602,Census Tract 6.02; Fresno County; California,1464,06,019,000602
06019000701,Census Tract 7.01; Fresno County; California,2593,06,019,000701
06019000702,Census Tract 7.02; Fresno County; California,1310,06,019,000702
06019000901,Census Tract 9.01; Fresno County; California,3143,06,019,000901
06019000902,Census Tract 9.02; Fresno County; California,4914,06,019,000902
06019001000,Census Tract 10; Fresno County; California,4394,06,019,001000
06019001100,Census Tract 11; Fresno County; California,3290,06,019,001100
06019001201,Census Tract 12.01; Fresno County; California,5627,06,019,001201
06019001202,Census Tract 12.02; Fresno County; California,4149,06,019,001202
06019001301,Census Tract 13.01; Fresno County; California,4971,06,019,001301
06019001303,Census Tract 13.03; Fresno County; California,2310,06,019,001303
06019001304,Census Tract 13.04; Fresno County; California,5364,06,019,001304
06019001407,Census Tract 14.07; Fresno County; California,4515,06,019,001407
06019001408,Census Tract 14.08; Fresno County; California,2110,06,019,001408
06019001409,Census Tract 14.09; Fresno County; California,2466,06,019,001409
06019001411,Census Tract 14.11; Fresno County; California,8191,06,019,001411
06019001412,Census Tract 14.12; Fresno County; California,4192,06,019,001412
06019001413,Census Tract 14.13; Fresno County; California,8550,06,019,001413
06019001415,Census Tract 14.15; Fresno County; California,5433,06,019,001415
06019001416,Census Tract 14.16; Fresno County; California,6143,06,019,001416
06019001417,Census Tract 14.17; Fresno County; California,7150,06,019,001417
06019001418,Census Tract 14.18; Fresno County; California,1943,06,019,001418
06019001500,Census Tract 15; Fresno County; California,1890,06,019,001500
06019001600,Census Tract 16; Fresno County; California,5637,06,019,001600
06019001700,Census Tract 17; Fresno County; California,5898,06,019,001700
06019001800,Census Tract 18; Fresno County; California,4149,06,019,001800
06019002000,Census Tract 20; Fresno County; California,6320,06,019,002000
06019002100,Census Tract 21; Fresno County; California,5542,06,019,002100
06019002200,Census Tract 22; Fresno County; California,3842,06,019,002200
06019002300,Census Tract 23; Fresno County; California,3451,06,019,002300
06019002400,Census Tract 24; Fresno County; California,4801,06,019,002400
06019002501,Census Tract 25.01; Fresno County; California,4443,06,019,002501
06019002502,Census Tract 25.02; Fresno County; California,4973,06,019,002502
06019002601,Census Tract 26.01; Fresno County; California,5807,06,019,002601
06019002602,Census Tract 26.02; Fresno County; California,3024,06,019,002602
06019002701,Census Tract 27.01; Fresno County; California,4563,06,019,002701
06019002702,Census Tract 27.02; Fresno County; California,4740,06,019,002702
06019002800,Census Tract 28; Fresno County; California,4186,06,019,002800
06019002903,Census Tract 29.03; Fresno County; California,3704,06,019,002903
06019002904,Census Tract 29.04; Fresno County; California,3208,06,019,002904
06019002905,Census Tract 29.05; Fresno County; California,2691,06,019,002905
06019002906,Census Tract 29.06; Fresno County; California,4748,06,019,002906
06019003001,Census Tract 30.01; Fresno County; California,3238,06,019,003001
06019003003,Census Tract 30.03; Fresno County; California,4019,06,019,003003
06019003004,Census Tract 30.04; Fresno County; California,2248,06,019,003004
06019003102,Census Tract 31.02; Fresno County; California,8238,06,019,003102
06019003103,Census Tract 31.03; Fresno County; California,6148,06,019,003103
06019003104,Census Tract 31.04; Fresno County; California,4775,06,019,003104
06019003201,Census Tract 32.01; Fresno County; California,5306,06,019,003201
06019003202,Census Tract 32.02; Fresno County; California,4841,06,019,003202
06019003301,Census Tract 33.01; Fresno County; California,3957,06,019,003301
06019003302,Census Tract 33.02; Fresno County; California,4875,06,019,003302
06019003401,Census Tract 34.01; Fresno County; California,4483,06,019,003401
06019003402,Census Tract 34.02; Fresno County; California,2205,06,019,003402
06019003500,Census Tract 35; Fresno County; California,5307,06,019,003500
06019003600,Census Tract 36; Fresno County; California,4122,06,019,003600
06019003701,Census Tract 37.01; Fresno County; California,3101,06,019,003701
06019003702,Census Tract 37.02; Fresno County; California,5759,06,019,003702
06019003804,Census Tract 38.04; Fresno County; California,7112,06,019,003804
06019003805,Census Tract 38.05; Fresno County; California,7635,06,019,003805
06019003807,Census Tract 38.07; Fresno County; California,2897,06,019,003807
06019003808,Census Tract 38.08; Fresno County; California,5249,06,019,003808
06019003809,Census Tract 38.09; Fresno County; California,4519,06,019,003809
06019003810,Census Tract 38.10; Fresno County; California,6274,06,019,003810
06019003811,Census Tract 38.11; Fresno County; California,8535,06,019,003811
06019003812,Census Tract 38.12; Fresno County; California,4124,06,019,003812
06019003900,Census Tract 39; Fresno County; California,4437,06,019,003900
06019004003,Census Tract 40.03; Fresno County; California,5027,06,019,004003
06019004004,Census Tract 40.04; Fresno County; California,4699,06,019,004004
06019004005,Census Tract 40.05; Fresno County; California,3866,06,019,004005
06019004006,Census Tract 40.06; Fresno County; California,3779,06,019,004006
06019004100,Census Tract 41; Fresno County; California,3338,06,019,004100
06019004205,Census Tract 42.05; Fresno County; California,5811,06,019,004205
06019004208,Census Tract 42.08; Fresno County; California,7098,06,019,004208
06019004210,Census Tract 42.10; Fresno County; California,3417,06,019,004210
06019004211,Census Tract 42.11; Fresno County; California,8256,06,019,004211
06019004212,Census Tract 42.12; Fresno County; California,12016,06,019,004212
06019004213,Census Tract 42.13; Fresno County; California,3506,06,019,004213
06019004214,Census Tract 42.14; Fresno County; California,5549,06,019,004214
06019004215,Census Tract 42.15; Fresno County; California,4247,06,019,004215
06019004216,Census Tract 42.16; Fresno County; California,4794,06,019,004216
06019004217,Census Tract 42.17; Fresno County; California,3209,06,019,004217
06019004218,Census Tract 42.18; Fresno County; California,8296,06,019,004218
06019004301,Census Tract 43.01; Fresno County; California,4318,06,019,004301
06019004302,Census Tract 43.02; Fresno County; California,4555,06,019,004302
06019004303,Census Tract 43.03; Fresno County; California,5055,06,019,004303
06019004404,Census Tract 44.04; Fresno County; California,3357,06,019,004404
06019004405,Census Tract 44.05; Fresno County; California,3814,06,019,004405
06019004406,Census Tract 44.06; Fresno County; California,6714,06,019,004406
06019004409,Census Tract 44.09; Fresno County; California,3400,06,019,004409
06019004410,Census Tract 44.10; Fresno County; California,2293,06,019,004410
06019004411,Census Tract 44.11; Fresno County; California,1831,06,019,004411
06019004503,Census Tract 45.03; Fresno County; California,5151,06,019,004503
06019004504,Census Tract 45.04; Fresno County; California,5420,06,019,004504
06019004505,Census Tract 45.05; Fresno County; California,4392,06,019,004505
06019004506,Census Tract 45.06; Fresno County; California,3568,06,019,004506
06019004601,Census Tract 46.01; Fresno County; California,3019,06,019,004601
06019004602,Census Tract 46.02; Fresno County; California,2606,06,019,004602
06019004703,Census Tract 47.03; Fresno County; California,4411,06,019,004703
06019004704,Census Tract 47.04; Fresno County; California,4681,06,019,004704
06019004705,Census Tract 47.05; Fresno County; California,2142,06,019,004705
06019004706,Census Tract 47.06; Fresno County; California,5799,06,019,004706
06019004801,Census Tract 48.01; Fresno County; California,4644,06,019,004801
06019004802,Census Tract 48.02; Fresno County; California,5026,06,019,004802
06019004901,Census Tract 49.01; Fresno County; California,4278,06,019,004901
06019004902,Census Tract 49.02; Fresno County; California,2048,06,019,004902
06019005000,Census Tract 50; Fresno County; California,4225,06,019,005000
06019005100,Census Tract 51; Fresno County; California,6791,06,019,005100
06019005202,Census Tract 52.02; Fresno County; California,3973,06,019,005202
06019005203,Census Tract 52.03; Fresno County; California,4642,06,019,005203
06019005204,Census Tract 52.04; Fresno County; California,3932,06,019,005204
06019005301,Census Tract 53.01; Fresno County; California,6386,06,019,005301
06019005302,Census Tract 53.02; Fresno County; California,5856,06,019,005302
06019005304,Census Tract 53.04; Fresno County; California,5113,06,019,005304
06019005305,Census Tract 53.05; Fresno County; California,4024,06,019,005305
06019005403,Census Tract 54.03; Fresno County; California,5023,06,019,005403
06019005405,Census Tract 54.05; Fresno County; California,5287,06,019,005405
06019005406,Census Tract 54.06; Fresno County; California,4246,06,019,005406
06019005407,Census Tract 54.07; Fresno County; California,3588,06,019,005407
06019005408,Census Tract 54.08; Fresno County; California,1716,06,019,005408
06019005409,Census Tract 54.09; Fresno County; California,3808,06,019,005409
06019005410,Census Tract 54.10; Fresno County; California,3090,06,019,005410
06019005503,Census Tract 55.03; Fresno County; California,8550,06,019,005503
06019005504,Census Tract 55.04; Fresno County; California,2497,06,019,005504
06019005505,Census Tract 55.05; Fresno County; California,6042,06,019,005505
06019005507,Census Tract 55.07; Fresno County; California,6355,06,019,005507
06019005508,Census Tract 55.08; Fresno County; California,6485,06,019,005508
06019005509,Census Tract 55.09; Fresno County; California,6213,06,019,005509
06019005512,Census Tract 55.12; Fresno County; California,6194,06,019,005512
06019005513,Census Tract 55.13; Fresno County; California,2703,06,019,005513
06019005514,Census Tract 55.14; Fresno County; California,4198,06,019,005514
06019005515,Census Tract 55.15; Fresno County; California,1690,06,019,005515
06019005516,Census Tract 55.16; Fresno County; California,5447,06,019,005516
06019005518,Census Tract 55.18; Fresno County; California,6989,06,019,005518
06019005520,Census Tract 55.20; Fresno County; California,4107,06,019,005520
06019005522,Census Tract 55.22; Fresno County; California,4993,06,019,005522
06019005524,Census Tract 55.24; Fresno County; California,4277,06,019,005524
06019005525,Census Tract 55.25; Fresno County; California,1688,06,019,005525
06019005526,Census Tract 55.26; Fresno County; California,1909,06,019,005526
06019005527,Census Tract 55.27; Fresno County; California,3231,06,019,005527
06019005528,Census Tract 55.28; Fresno County; California,2051,06,019,005528
06019005529,Census Tract 55.29; Fresno County; California,6134,06,019,005529
06019005602,Census Tract 56.02; Fresno County; California,4922,06,019,005602
06019005605,Census Tract 56.05; Fresno County; California,1387,06,019,005605
06019005606,Census Tract 56.06; Fresno County; California,3641,06,019,005606
06019005607,Census Tract 56.07; Fresno County; California,4979,06,019,005607
06019005608,Census Tract 56.08; Fresno County; California,2969,06,019,005608
06019005701,Census Tract 57.01; Fresno County; California,3589,06,019,005701
06019005702,Census Tract 57.02; Fresno County; California,5475,06,019,005702
06019005703,Census Tract 57.03; Fresno County; California,4744,06,019,005703
06019005704,Census Tract 57.04; Fresno County; California,5329,06,019,005704
06019005801,Census Tract 58.01; Fresno County; California,4722,06,019,005801
06019005802,Census Tract 58.02; Fresno County; California,5391,06,019,005802
06019005804,Census Tract 58.04; Fresno County; California,5668,06,019,005804
06019005805,Census Tract 58.05; Fresno County; California,10834,06,019,005805
06019005904,Census Tract 59.04; Fresno County; California,7787,06,019,005904
06019005906,Census Tract 59.06; Fresno County; California,2110,06,019,005906
06019005907,Census Tract 59.07; Fresno County; California,3363,06,019,005907
06019005911,Census Tract 59.11; Fresno County; California,8204,06,019,005911
06019005912,Census Tract 59.12; Fresno County; California,13429,06,019,005912
06019005913,Census Tract 59.13; Fresno County; California,3252,06,019,005913
06019005914,Census Tract 59.14; Fresno County; California,4639,06,019,005914
06019005915,Census Tract 59.15; Fresno County; California,4587,06,019,005915
06019005916,Census Tract 59.16; Fresno County; California,2404,06,019,005916
06019006001,Census Tract 60.01; Fresno County; California,6177,06,019,006001
06019006002,Census Tract 60.02; Fresno County; California,4279,06,019,006002
06019006101,Census Tract 61.01; Fresno County; California,3425,06,019,006101
06019006102,Census Tract 61.02; Fresno County; California,4728,06,019,006102
06019006201,Census Tract 62.01; Fresno County; California,2661,06,019,006201
06019006202,Census Tract 62.02; Fresno County; California,6559,06,019,006202
06019006301,Census Tract 63.01; Fresno County; California,5884,06,019,006301
06019006302,Census Tract 63.02; Fresno County; California,2005,06,019,006302
06019006405,Census Tract 64.05; Fresno County; California,6171,06,019,006405
06019006406,Census Tract 64.06; Fresno County; California,2060,06,019,006406
06019006407,Census Tract 64.07; Fresno County; California,2760,06,019,006407
06019006408,Census Tract 64.08; Fresno County; California,937,06,019,006408
06019006409,Census Tract 64.09; Fresno County; California,1175,06,019,006409
06019006410,Census Tract 64.10; Fresno County; California,2614,06,019,006410
06019006411,Census Tract 64.11; Fresno County; California,3113,06,019,006411
06019006501,Census Tract 65.01; Fresno County; California,5880,06,019,006501
06019006502,Census Tract 65.02; Fresno County; California,4558,06,019,006502
06019006602,Census Tract 66.02; Fresno County; California,5460,06,019,006602
06019006603,Census Tract 66.03; Fresno County; California,2328,06,019,006603
06019006605,Census Tract 66.05; Fresno County; California,2282,06,019,006605
06019006606,Census Tract 66.06; Fresno County; California,5394,06,019,006606
06019006700,Census Tract 67; Fresno County; California,7283,06,019,006700
06019006802,Census Tract 68.02; Fresno County; California,3419,06,019,006802
06019006900,Census Tract 69; Fresno County; California,3024,06,019,006900
06019007002,Census Tract 70.02; Fresno County; California,4831,06,019,007002
06019007003,Census Tract 70.03; Fresno County; California,7282,06,019,007003
06019007004,Census Tract 70.04; Fresno County; California,6537,06,019,007004
06019007101,Census Tract 71.01; Fresno County; California,5357,06,019,007101
06019007102,Census Tract 71.02; Fresno County; California,2186,06,019,007102
06019007202,Census Tract 72.02; Fresno County; California,5645,06,019,007202
06019007203,Census Tract 72.03; Fresno County; California,1986,06,019,007203
06019007204,Census Tract 72.04; Fresno County; California,6626,06,019,007204
06019007300,Census Tract 73; Fresno County; California,3777,06,019,007300
06019007400,Census Tract 74; Fresno County; California,2995,06,019,007400
06019007500,Census Tract 75; Fresno County; California,5071,06,019,007500
06019007600,Census Tract 76; Fresno County; California,3915,06,019,007600
06019007700,Census Tract 77; Fresno County; California,6559,06,019,007700
06019007801,Census Tract 78.01; Fresno County; California,2901,06,019,007801
06019007802,Census Tract 78.02; Fresno County; California,4323,06,019,007802
06019007903,Census Tract 79.03; Fresno County; California,7301,06,019,007903
06019008000,Census Tract 80; Fresno County; California,4655,06,019,008000
06019008100,Census Tract 81; Fresno County; California,6380,06,019,008100
06019008200,Census Tract 82; Fresno County; California,5802,06,019,008200
06019008301,Census Tract 83.01; Fresno County; California,5419,06,019,008301
06019008303,Census Tract 83.03; Fresno County; California,4706,06,019,008303
06019008304,Census Tract 83.04; Fresno County; California,4766,06,019,008304
06019008402,Census Tract 84.02; Fresno County; California,780,06,019,008402
06019008403,Census Tract 84.03; Fresno County; California,2111,06,019,008403
06019008404,Census Tract 84.04; Fresno County; California,3484,06,019,008404
06019008405,Census Tract 84.05; Fresno County; California,2988,06,019,008405
06019008501,Census Tract 85.01; Fresno County; California,4806,06,019,008501
06019008503,Census Tract 85.03; Fresno County; California,4028,06,019,008503
06019008504,Census Tract 85.04; Fresno County; California,4178,06,019,008504
06019008600,Census Tract 86; Fresno County; California,3880,06,019,008600
06021010101,Census Tract 101.01; Glenn County; California,4140,06,021,010101
06021010102,Census Tract 101.02; Glenn County; California,4950,06,021,010102
06021010200,Census Tract 102; Glenn County; California,4720,06,021,010200
06021010300,Census Tract 103; Glenn County; California,2196,06,021,010300
06021010401,Census Tract 104.01; Glenn County; California,1313,06,021,010401
06021010402,Census Tract 104.02; Glenn County; California,6190,06,021,010402
06021010501,Census Tract 105.01; Glenn County; California,3773,06,021,010501
06021010502,Census Tract 105.02; Glenn County; California,1212,06,021,010502
06023000100,Census Tract 1; Humboldt County; California,4582,06,023,000100
06023000200,Census Tract 2; Humboldt County; California,6038,06,023,000200
06023000300,Census Tract 3; Humboldt County; California,5863,06,023,000300
06023000400,Census Tract 4; Humboldt County; California,3963,06,023,000400
06023000500,Census Tract 5; Humboldt County; California,3207,06,023,000500
06023000600,Census Tract 6; Humboldt County; California,5059,06,023,000600
06023000700,Census Tract 7; Humboldt County; California,5791,06,023,000700
06023000800,Census Tract 8; Humboldt County; California,4846,06,023,000800
06023000900,Census Tract 9; Humboldt County; California,5305,06,023,000900
06023001001,Census Tract 10.01; Humboldt County; California,3137,06,023,001001
06023001002,Census Tract 10.02; Humboldt County; California,3006,06,023,001002
06023001102,Census Tract 11.02; Humboldt County; California,4762,06,023,001102
06023001103,Census Tract 11.03; Humboldt County; California,2232,06,023,001103
06023001200,Census Tract 12; Humboldt County; California,4998,06,023,001200
06023001300,Census Tract 13; Humboldt County; California,1695,06,023,001300
06023010102,Census Tract 101.02; Humboldt County; California,2192,06,023,010102
06023010200,Census Tract 102; Humboldt County; California,2854,06,023,010200
06023010300,Census Tract 103; Humboldt County; California,2936,06,023,010300
06023010400,Census Tract 104; Humboldt County; California,3828,06,023,010400
06023010502,Census Tract 105.02; Humboldt County; California,5844,06,023,010502
06023010503,Census Tract 105.03; Humboldt County; California,4025,06,023,010503
06023010504,Census Tract 105.04; Humboldt County; California,3613,06,023,010504
06023010600,Census Tract 106; Humboldt County; California,2157,06,023,010600
06023010701,Census Tract 107.01; Humboldt County; California,4601,06,023,010701
06023010702,Census Tract 107.02; Humboldt County; California,2764,06,023,010702
06023010800,Census Tract 108; Humboldt County; California,5113,06,023,010800
06023010901,Census Tract 109.01; Humboldt County; California,4729,06,023,010901
06023010902,Census Tract 109.02; Humboldt County; California,4141,06,023,010902
06023011000,Census Tract 110; Humboldt County; California,4884,06,023,011000
06023011100,Census Tract 111; Humboldt County; California,4763,06,023,011100
06023011200,Census Tract 112; Humboldt County; California,3123,06,023,011200
06023011501,Census Tract 115.01; Humboldt County; California,1719,06,023,011501
06023011502,Census Tract 115.02; Humboldt County; California,976,06,023,011502
06023011600,Census Tract 116; Humboldt County; California,3547,06,023,011600
06023940000,Census Tract 9400; Humboldt County; California,2248,06,023,940000
06023990100,Census Tract 9901; Humboldt County; California,0,06,023,990100
06025010101,Census Tract 101.01; Imperial County; California,3155,06,025,010101
06025010102,Census Tract 101.02; Imperial County; California,5135,06,025,010102
06025010200,Census Tract 102; Imperial County; California,2286,06,025,010200
06025010300,Census Tract 103; Imperial County; California,769,06,025,010300
06025010401,Census Tract 104.01; Imperial County; California,2685,06,025,010401
06025010402,Census Tract 104.02; Imperial County; California,4573,06,025,010402
06025010500,Census Tract 105; Imperial County; California,7478,06,025,010500
06025010600,Census Tract 106; Imperial County; California,7868,06,025,010600
06025010700,Census Tract 107; Imperial County; California,4726,06,025,010700
06025010800,Census Tract 108; Imperial County; California,1332,06,025,010800
06025010900,Census Tract 109; Imperial County; California,6452,06,025,010900
06025011001,Census Tract 110.01; Imperial County; California,6566,06,025,011001
06025011002,Census Tract 110.02; Imperial County; California,11566,06,025,011002
06025011100,Census Tract 111; Imperial County; California,3167,06,025,011100
06025011201,Census Tract 112.01; Imperial County; California,8978,06,025,011201
06025011202,Census Tract 112.02; Imperial County; California,5318,06,025,011202
06025011301,Census Tract 113.01; Imperial County; California,3852,06,025,011301
06025011302,Census Tract 113.02; Imperial County; California,1416,06,025,011302
06025011303,Census Tract 113.03; Imperial County; California,4420,06,025,011303
06025011400,Census Tract 114; Imperial County; California,4049,06,025,011400
06025011500,Census Tract 115; Imperial County; California,5093,06,025,011500
06025011600,Census Tract 116; Imperial County; California,6700,06,025,011600
06025011700,Census Tract 117; Imperial County; California,4800,06,025,011700
06025011801,Census Tract 118.01; Imperial County; California,3665,06,025,011801
06025011802,Census Tract 118.02; Imperial County; California,4804,06,025,011802
06025011803,Census Tract 118.03; Imperial County; California,7542,06,025,011803
06025011901,Census Tract 119.01; Imperial County; California,1935,06,025,011901
06025011902,Census Tract 119.02; Imperial County; California,3318,06,025,011902
06025011903,Census Tract 119.03; Imperial County; California,5862,06,025,011903
06025012001,Census Tract 120.01; Imperial County; California,5009,06,025,012001
06025012003,Census Tract 120.03; Imperial County; California,3854,06,025,012003
06025012004,Census Tract 120.04; Imperial County; California,5153,06,025,012004
06025012101,Census Tract 121.01; Imperial County; California,2785,06,025,012101
06025012102,Census Tract 121.02; Imperial County; California,3209,06,025,012102
06025012201,Census Tract 122.01; Imperial County; California,4253,06,025,012201
06025012202,Census Tract 122.02; Imperial County; California,3286,06,025,012202
06025012301,Census Tract 123.01; Imperial County; California,3994,06,025,012301
06025012302,Census Tract 123.02; Imperial County; California,6613,06,025,012302
06025012400,Census Tract 124; Imperial County; California,835,06,025,012400
06025940000,Census Tract 9400; Imperial County; California,1701,06,025,940000
06027000100,Census Tract 1; Inyo County; California,3130,06,027,000100
06027000200,Census Tract 2; Inyo County; California,1820,06,027,000200
06027000300,Census Tract 3; Inyo County; California,2499,06,027,000300
06027000400,Census Tract 4; Inyo County; California,6061,06,027,000400
06027000500,Census Tract 5; Inyo County; California,2471,06,027,000500
06027000800,Census Tract 8; Inyo County; California,2758,06,027,000800
06029000102,Census Tract 1.02; Kern County; California,2917,06,029,000102
06029000103,Census Tract 1.03; Kern County; California,4644,06,029,000103
06029000104,Census Tract 1.04; Kern County; California,1321,06,029,000104
06029000105,Census Tract 1.05; Kern County; California,4853,06,029,000105
06029000106,Census Tract 1.06; Kern County; California,2382,06,029,000106
06029000201,Census Tract 2.01; Kern County; California,4010,06,029,000201
06029000202,Census Tract 2.02; Kern County; California,4267,06,029,000202
06029000300,Census Tract 3; Kern County; California,4266,06,029,000300
06029000400,Census Tract 4; Kern County; California,4524,06,029,000400
06029000504,Census Tract 5.04; Kern County; California,4699,06,029,000504
06029000505,Census Tract 5.05; Kern County; California,4208,06,029,000505
06029000506,Census Tract 5.06; Kern County; California,2786,06,029,000506
06029000507,Census Tract 5.07; Kern County; California,3934,06,029,000507
06029000508,Census Tract 5.08; Kern County; California,1784,06,029,000508
06029000509,Census Tract 5.09; Kern County; California,3042,06,029,000509
06029000510,Census Tract 5.10; Kern County; California,4891,06,029,000510
06029000601,Census Tract 6.01; Kern County; California,2322,06,029,000601
06029000602,Census Tract 6.02; Kern County; California,2528,06,029,000602
06029000603,Census Tract 6.03; Kern County; California,2364,06,029,000603
06029000701,Census Tract 7.01; Kern County; California,2807,06,029,000701
06029000702,Census Tract 7.02; Kern County; California,2609,06,029,000702
06029000800,Census Tract 8; Kern County; California,5617,06,029,000800
06029000902,Census Tract 9.02; Kern County; California,3206,06,029,000902
06029000903,Census Tract 9.03; Kern County; California,4385,06,029,000903
06029000904,Census Tract 9.04; Kern County; California,3949,06,029,000904
06029000905,Census Tract 9.05; Kern County; California,2821,06,029,000905
06029000906,Census Tract 9.06; Kern County; California,4001,06,029,000906
06029000907,Census Tract 9.07; Kern County; California,2579,06,029,000907
06029000908,Census Tract 9.08; Kern County; California,4306,06,029,000908
06029000909,Census Tract 9.09; Kern County; California,2630,06,029,000909
06029000911,Census Tract 9.11; Kern County; California,2415,06,029,000911
06029000912,Census Tract 9.12; Kern County; California,4301,06,029,000912
06029000913,Census Tract 9.13; Kern County; California,3965,06,029,000913
06029000914,Census Tract 9.14; Kern County; California,4613,06,029,000914
06029001001,Census Tract 10.01; Kern County; California,4016,06,029,001001
06029001002,Census Tract 10.02; Kern County; California,2776,06,029,001002
06029001003,Census Tract 10.03; Kern County; California,3569,06,029,001003
06029001101,Census Tract 11.01; Kern County; California,5814,06,029,001101
06029001104,Census Tract 11.04; Kern County; California,2556,06,029,001104
06029001105,Census Tract 11.05; Kern County; California,3675,06,029,001105
06029001106,Census Tract 11.06; Kern County; California,2516,06,029,001106
06029001107,Census Tract 11.07; Kern County; California,2690,06,029,001107
06029001201,Census Tract 12.01; Kern County; California,2538,06,029,001201
06029001202,Census Tract 12.02; Kern County; California,6080,06,029,001202
06029001301,Census Tract 13.01; Kern County; California,5548,06,029,001301
06029001302,Census Tract 13.02; Kern County; California,2313,06,029,001302
06029001401,Census Tract 14.01; Kern County; California,4696,06,029,001401
06029001402,Census Tract 14.02; Kern County; California,2620,06,029,001402
06029001500,Census Tract 15; Kern County; California,2957,06,029,001500
06029001600,Census Tract 16; Kern County; California,2249,06,029,001600
06029001700,Census Tract 17; Kern County; California,4361,06,029,001700
06029001801,Census Tract 18.01; Kern County; California,5720,06,029,001801
06029001803,Census Tract 18.03; Kern County; California,2878,06,029,001803
06029001804,Census Tract 18.04; Kern County; California,3641,06,029,001804
06029001901,Census Tract 19.01; Kern County; California,4275,06,029,001901
06029001902,Census Tract 19.02; Kern County; California,4504,06,029,001902
06029002001,Census Tract 20.01; Kern County; California,3201,06,029,002001
06029002002,Census Tract 20.02; Kern County; California,4249,06,029,002002
06029002100,Census Tract 21; Kern County; California,2896,06,029,002100
06029002201,Census Tract 22.01; Kern County; California,2731,06,029,002201
06029002202,Census Tract 22.02; Kern County; California,3937,06,029,002202
06029002302,Census Tract 23.02; Kern County; California,3643,06,029,002302
06029002303,Census Tract 23.03; Kern County; California,3428,06,029,002303
06029002304,Census Tract 23.04; Kern County; California,3556,06,029,002304
06029002305,Census Tract 23.05; Kern County; California,2722,06,029,002305
06029002401,Census Tract 24.01; Kern County; California,1707,06,029,002401
06029002402,Census Tract 24.02; Kern County; California,4896,06,029,002402
06029002403,Census Tract 24.03; Kern County; California,2847,06,029,002403
06029002501,Census Tract 25.01; Kern County; California,4443,06,029,002501
06029002502,Census Tract 25.02; Kern County; California,1983,06,029,002502
06029002503,Census Tract 25.03; Kern County; California,3451,06,029,002503
06029002600,Census Tract 26; Kern County; California,3282,06,029,002600
06029002701,Census Tract 27.01; Kern County; California,3250,06,029,002701
06029002702,Census Tract 27.02; Kern County; California,3157,06,029,002702
06029002804,Census Tract 28.04; Kern County; California,2312,06,029,002804
06029002806,Census Tract 28.06; Kern County; California,2708,06,029,002806
06029002807,Census Tract 28.07; Kern County; California,4010,06,029,002807
06029002811,Census Tract 28.11; Kern County; California,3597,06,029,002811
06029002813,Census Tract 28.13; Kern County; California,4278,06,029,002813
06029002814,Census Tract 28.14; Kern County; California,4254,06,029,002814
06029002815,Census Tract 28.15; Kern County; California,4478,06,029,002815
06029002816,Census Tract 28.16; Kern County; California,6350,06,029,002816
06029002817,Census Tract 28.17; Kern County; California,5456,06,029,002817
06029002818,Census Tract 28.18; Kern County; California,5218,06,029,002818
06029002819,Census Tract 28.19; Kern County; California,4419,06,029,002819
06029002820,Census Tract 28.20; Kern County; California,6827,06,029,002820
06029002821,Census Tract 28.21; Kern County; California,4829,06,029,002821
06029002822,Census Tract 28.22; Kern County; California,3289,06,029,002822
06029002823,Census Tract 28.23; Kern County; California,4828,06,029,002823
06029002824,Census Tract 28.24; Kern County; California,2542,06,029,002824
06029002825,Census Tract 28.25; Kern County; California,2886,06,029,002825
06029002901,Census Tract 29.01; Kern County; California,3644,06,029,002901
06029002902,Census Tract 29.02; Kern County; California,3827,06,029,002902
06029003001,Census Tract 30.01; Kern County; California,4626,06,029,003001
06029003002,Census Tract 30.02; Kern County; California,3486,06,029,003002
06029003103,Census Tract 31.03; Kern County; California,4244,06,029,003103
06029003112,Census Tract 31.12; Kern County; California,6205,06,029,003112
06029003113,Census Tract 31.13; Kern County; California,4949,06,029,003113
06029003124,Census Tract 31.24; Kern County; California,5497,06,029,003124
06029003125,Census Tract 31.25; Kern County; California,3271,06,029,003125
06029003126,Census Tract 31.26; Kern County; California,5613,06,029,003126
06029003127,Census Tract 31.27; Kern County; California,4123,06,029,003127
06029003128,Census Tract 31.28; Kern County; California,4631,06,029,003128
06029003129,Census Tract 31.29; Kern County; California,4114,06,029,003129
06029003130,Census Tract 31.30; Kern County; California,5067,06,029,003130
06029003131,Census Tract 31.31; Kern County; California,3111,06,029,003131
06029003132,Census Tract 31.32; Kern County; California,3990,06,029,003132
06029003133,Census Tract 31.33; Kern County; California,2673,06,029,003133
06029003134,Census Tract 31.34; Kern County; California,3571,06,029,003134
06029003135,Census Tract 31.35; Kern County; California,4194,06,029,003135
06029003136,Census Tract 31.36; Kern County; California,1388,06,029,003136
06029003137,Census Tract 31.37; Kern County; California,3392,06,029,003137
06029003203,Census Tract 32.03; Kern County; California,2419,06,029,003203
06029003207,Census Tract 32.07; Kern County; California,4115,06,029,003207
06029003208,Census Tract 32.08; Kern County; California,7263,06,029,003208
06029003209,Census Tract 32.09; Kern County; California,4724,06,029,003209
06029003210,Census Tract 32.10; Kern County; California,5355,06,029,003210
06029003211,Census Tract 32.11; Kern County; California,5816,06,029,003211
06029003212,Census Tract 32.12; Kern County; California,6521,06,029,003212
06029003213,Census Tract 32.13; Kern County; California,2932,06,029,003213
06029003214,Census Tract 32.14; Kern County; California,2075,06,029,003214
06029003215,Census Tract 32.15; Kern County; California,4130,06,029,003215
06029003216,Census Tract 32.16; Kern County; California,3441,06,029,003216
06029003217,Census Tract 32.17; Kern County; California,3303,06,029,003217
06029003218,Census Tract 32.18; Kern County; California,6772,06,029,003218
06029003219,Census Tract 32.19; Kern County; California,5800,06,029,003219
06029003220,Census Tract 32.20; Kern County; California,8240,06,029,003220
06029003221,Census Tract 32.21; Kern County; California,5954,06,029,003221
06029003222,Census Tract 32.22; Kern County; California,1682,06,029,003222
06029003303,Census Tract 33.03; Kern County; California,1172,06,029,003303
06029003304,Census Tract 33.04; Kern County; California,2764,06,029,003304
06029003305,Census Tract 33.05; Kern County; California,3477,06,029,003305
06029003307,Census Tract 33.07; Kern County; California,2960,06,029,003307
06029003308,Census Tract 33.08; Kern County; California,1573,06,029,003308
06029003400,Census Tract 34; Kern County; California,4162,06,029,003400
06029003500,Census Tract 35; Kern County; California,6497,06,029,003500
06029003600,Census Tract 36; Kern County; California,4512,06,029,003600
06029003806,Census Tract 38.06; Kern County; California,6062,06,029,003806
06029003807,Census Tract 38.07; Kern County; California,3409,06,029,003807
06029003808,Census Tract 38.08; Kern County; California,4593,06,029,003808
06029003810,Census Tract 38.10; Kern County; California,2537,06,029,003810
06029003811,Census Tract 38.11; Kern County; California,2527,06,029,003811
06029003812,Census Tract 38.12; Kern County; California,4810,06,029,003812
06029003814,Census Tract 38.14; Kern County; California,7410,06,029,003814
06029003815,Census Tract 38.15; Kern County; California,5964,06,029,003815
06029003816,Census Tract 38.16; Kern County; California,2730,06,029,003816
06029003817,Census Tract 38.17; Kern County; California,3940,06,029,003817
06029003818,Census Tract 38.18; Kern County; California,5287,06,029,003818
06029003819,Census Tract 38.19; Kern County; California,4367,06,029,003819
06029003820,Census Tract 38.20; Kern County; California,3120,06,029,003820
06029003821,Census Tract 38.21; Kern County; California,4356,06,029,003821
06029003822,Census Tract 38.22; Kern County; California,2880,06,029,003822
06029003823,Census Tract 38.23; Kern County; California,4713,06,029,003823
06029003824,Census Tract 38.24; Kern County; California,2332,06,029,003824
06029003825,Census Tract 38.25; Kern County; California,2786,06,029,003825
06029003826,Census Tract 38.26; Kern County; California,2651,06,029,003826
06029003827,Census Tract 38.27; Kern County; California,2983,06,029,003827
06029003900,Census Tract 39; Kern County; California,5768,06,029,003900
06029004001,Census Tract 40.01; Kern County; California,4167,06,029,004001
06029004002,Census Tract 40.02; Kern County; California,3792,06,029,004002
06029004101,Census Tract 41.01; Kern County; California,5953,06,029,004101
06029004102,Census Tract 41.02; Kern County; California,4680,06,029,004102
06029004302,Census Tract 43.02; Kern County; California,3855,06,029,004302
06029004303,Census Tract 43.03; Kern County; California,5811,06,029,004303
06029004304,Census Tract 43.04; Kern County; California,3117,06,029,004304
06029004305,Census Tract 43.05; Kern County; California,1493,06,029,004305
06029004402,Census Tract 44.02; Kern County; California,4909,06,029,004402
06029004403,Census Tract 44.03; Kern County; California,2675,06,029,004403
06029004404,Census Tract 44.04; Kern County; California,4535,06,029,004404
06029004500,Census Tract 45; Kern County; California,3333,06,029,004500
06029004601,Census Tract 46.01; Kern County; California,3334,06,029,004601
06029004603,Census Tract 46.03; Kern County; California,3179,06,029,004603
06029004605,Census Tract 46.05; Kern County; California,3674,06,029,004605
06029004606,Census Tract 46.06; Kern County; California,2651,06,029,004606
06029004607,Census Tract 46.07; Kern County; California,6119,06,029,004607
06029004702,Census Tract 47.02; Kern County; California,3863,06,029,004702
06029004703,Census Tract 47.03; Kern County; California,4636,06,029,004703
06029004704,Census Tract 47.04; Kern County; California,6271,06,029,004704
06029004801,Census Tract 48.01; Kern County; California,3939,06,029,004801
06029004802,Census Tract 48.02; Kern County; California,7449,06,029,004802
06029004901,Census Tract 49.01; Kern County; California,5476,06,029,004901
06029004903,Census Tract 49.03; Kern County; California,4649,06,029,004903
06029004904,Census Tract 49.04; Kern County; California,3298,06,029,004904
06029005003,Census Tract 50.03; Kern County; California,3366,06,029,005003
06029005005,Census Tract 50.05; Kern County; California,3645,06,029,005005
06029005006,Census Tract 50.06; Kern County; California,4066,06,029,005006
06029005103,Census Tract 51.03; Kern County; California,2355,06,029,005103
06029005104,Census Tract 51.04; Kern County; California,4139,06,029,005104
06029005203,Census Tract 52.03; Kern County; California,4308,06,029,005203
06029005205,Census Tract 52.05; Kern County; California,4038,06,029,005205
06029005206,Census Tract 52.06; Kern County; California,2273,06,029,005206
06029005207,Census Tract 52.07; Kern County; California,1484,06,029,005207
06029005208,Census Tract 52.08; Kern County; California,3132,06,029,005208
06029005300,Census Tract 53; Kern County; California,2416,06,029,005300
06029005402,Census Tract 54.02; Kern County; California,5256,06,029,005402
06029005405,Census Tract 54.05; Kern County; California,2747,06,029,005405
06029005406,Census Tract 54.06; Kern County; California,4023,06,029,005406
06029005407,Census Tract 54.07; Kern County; California,3816,06,029,005407
06029005408,Census Tract 54.08; Kern County; California,4584,06,029,005408
06029005409,Census Tract 54.09; Kern County; California,4351,06,029,005409
06029005410,Census Tract 54.10; Kern County; California,1671,06,029,005410
06029005508,Census Tract 55.08; Kern County; California,4878,06,029,005508
06029005509,Census Tract 55.09; Kern County; California,4737,06,029,005509
06029005510,Census Tract 55.10; Kern County; California,1707,06,029,005510
06029005511,Census Tract 55.11; Kern County; California,3830,06,029,005511
06029005512,Census Tract 55.12; Kern County; California,4142,06,029,005512
06029005513,Census Tract 55.13; Kern County; California,2353,06,029,005513
06029005514,Census Tract 55.14; Kern County; California,3686,06,029,005514
06029005600,Census Tract 56; Kern County; California,2698,06,029,005600
06029005700,Census Tract 57; Kern County; California,2633,06,029,005700
06029005803,Census Tract 58.03; Kern County; California,2804,06,029,005803
06029005804,Census Tract 58.04; Kern County; California,6092,06,029,005804
06029005805,Census Tract 58.05; Kern County; California,2453,06,029,005805
06029005806,Census Tract 58.06; Kern County; California,5352,06,029,005806
06029005900,Census Tract 59; Kern County; California,4492,06,029,005900
06029006002,Census Tract 60.02; Kern County; California,3188,06,029,006002
06029006003,Census Tract 60.03; Kern County; California,5923,06,029,006003
06029006004,Census Tract 60.04; Kern County; California,1440,06,029,006004
06029006006,Census Tract 60.06; Kern County; California,4167,06,029,006006
06029006009,Census Tract 60.09; Kern County; California,3123,06,029,006009
06029006010,Census Tract 60.10; Kern County; California,3416,06,029,006010
06029006011,Census Tract 60.11; Kern County; California,3211,06,029,006011
06029006012,Census Tract 60.12; Kern County; California,2827,06,029,006012
06029006101,Census Tract 61.01; Kern County; California,3804,06,029,006101
06029006102,Census Tract 61.02; Kern County; California,4674,06,029,006102
06029006201,Census Tract 62.01; Kern County; California,2438,06,029,006201
06029006202,Census Tract 62.02; Kern County; California,7404,06,029,006202
06029006301,Census Tract 63.01; Kern County; California,3550,06,029,006301
06029006303,Census Tract 63.03; Kern County; California,5437,06,029,006303
06029006304,Census Tract 63.04; Kern County; California,4261,06,029,006304
06029006403,Census Tract 64.03; Kern County; California,5695,06,029,006403
06029006404,Census Tract 64.04; Kern County; California,3605,06,029,006404
06029006405,Census Tract 64.05; Kern County; California,2372,06,029,006405
06029006406,Census Tract 64.06; Kern County; California,3692,06,029,006406
06029006500,Census Tract 65; Kern County; California,3728,06,029,006500
06029006600,Census Tract 66; Kern County; California,4637,06,029,006600
06031000100,Census Tract 1; Kings County; California,2934,06,031,000100
06031000200,Census Tract 2; Kings County; California,2130,06,031,000200
06031000402,Census Tract 4.02; Kings County; California,6538,06,031,000402
06031000403,Census Tract 4.03; Kings County; California,5228,06,031,000403
06031000405,Census Tract 4.05; Kings County; California,7435,06,031,000405
06031000406,Census Tract 4.06; Kings County; California,3555,06,031,000406
06031000407,Census Tract 4.07; Kings County; California,6863,06,031,000407
06031000500,Census Tract 5; Kings County; California,5109,06,031,000500
06031000602,Census Tract 6.02; Kings County; California,5815,06,031,000602
06031000603,Census Tract 6.03; Kings County; California,4128,06,031,000603
06031000604,Census Tract 6.04; Kings County; California,7761,06,031,000604
06031000701,Census Tract 7.01; Kings County; California,5727,06,031,000701
06031000702,Census Tract 7.02; Kings County; California,4746,06,031,000702
06031000800,Census Tract 8; Kings County; California,5054,06,031,000800
06031000901,Census Tract 9.01; Kings County; California,3906,06,031,000901
06031000902,Census Tract 9.02; Kings County; California,3351,06,031,000902
06031001001,Census Tract 10.01; Kings County; California,5618,06,031,001001
06031001002,Census Tract 10.02; Kings County; California,3981,06,031,001002
06031001003,Census Tract 10.03; Kings County; California,7207,06,031,001003
06031001100,Census Tract 11; Kings County; California,6760,06,031,001100
06031001200,Census Tract 12; Kings County; California,2444,06,031,001200
06031001300,Census Tract 13; Kings County; California,4707,06,031,001300
06031001401,Census Tract 14.01; Kings County; California,2815,06,031,001401
06031001402,Census Tract 14.02; Kings County; California,2383,06,031,001402
06031001500,Census Tract 15; Kings County; California,5373,06,031,001500
06031001601,Census Tract 16.01; Kings County; California,4061,06,031,001601
06031001702,Census Tract 17.02; Kings County; California,5322,06,031,001702
06031001703,Census Tract 17.03; Kings County; California,4970,06,031,001703
06031980000,Census Tract 9800; Kings County; California,6175,06,031,980000
06031980100,Census Tract 9801; Kings County; California,7837,06,031,980100
06031981800,Census Tract 9818; Kings County; California,3365,06,031,981800
06033000100,Census Tract 1; Lake County; California,3708,06,033,000100
06033000300,Census Tract 3; Lake County; California,4079,06,033,000300
06033000401,Census Tract 4.01; Lake County; California,3407,06,033,000401
06033000402,Census Tract 4.02; Lake County; California,2528,06,033,000402
06033000501,Census Tract 5.01; Lake County; California,3373,06,033,000501
06033000502,Census Tract 5.02; Lake County; California,2477,06,033,000502
06033000601,Census Tract 6.01; Lake County; California,2113,06,033,000601
06033000602,Census Tract 6.02; Lake County; California,1989,06,033,000602
06033000702,Census Tract 7.02; Lake County; California,4586,06,033,000702
06033000703,Census Tract 7.03; Lake County; California,2117,06,033,000703
06033000704,Census Tract 7.04; Lake County; California,2176,06,033,000704
06033000801,Census Tract 8.01; Lake County; California,3402,06,033,000801
06033000802,Census Tract 8.02; Lake County; California,4530,06,033,000802
06033000901,Census Tract 9.01; Lake County; California,2794,06,033,000901
06033000902,Census Tract 9.02; Lake County; California,4370,06,033,000902
06033001000,Census Tract 10; Lake County; California,6355,06,033,001000
06033001101,Census Tract 11.01; Lake County; California,1697,06,033,001101
06033001102,Census Tract 11.02; Lake County; California,1333,06,033,001102
06033001200,Census Tract 12; Lake County; California,3178,06,033,001200
06033001301,Census Tract 13.01; Lake County; California,3605,06,033,001301
06033001302,Census Tract 13.02; Lake County; California,4335,06,033,001302
06035040100,Census Tract 401; Lassen County; California,1289,06,035,040100
06035040200,Census Tract 402; Lassen County; California,2481,06,035,040200
06035040302,Census Tract 403.02; Lassen County; California,4660,06,035,040302
06035040303,Census Tract 403.03; Lassen County; California,3386,06,035,040303
06035040304,Census Tract 403.04; Lassen County; California,1908,06,035,040304
06035040305,Census Tract 403.05; Lassen County; California,3989,06,035,040305
06035040400,Census Tract 404; Lassen County; California,6093,06,035,040400
06035040500,Census Tract 405; Lassen County; California,2910,06,035,040500
06035040600,Census Tract 406; Lassen County; California,3640,06,035,040600
06037101110,Census Tract 1011.10; Los Angeles County; California,4294,06,037,101110
06037101122,Census Tract 1011.22; Los Angeles County; California,4124,06,037,101122
06037101220,Census Tract 1012.20; Los Angeles County; California,3467,06,037,101220
06037101221,Census Tract 1012.21; Los Angeles County; California,3593,06,037,101221
06037101222,Census Tract 1012.22; Los Angeles County; California,2290,06,037,101222
06037101300,Census Tract 1013; Los Angeles County; California,4253,06,037,101300
06037101400,Census Tract 1014; Los Angeles County; California,4006,06,037,101400
06037102103,Census Tract 1021.03; Los Angeles County; California,2066,06,037,102103
06037102104,Census Tract 1021.04; Los Angeles County; California,4231,06,037,102104
06037102105,Census Tract 1021.05; Los Angeles County; California,1519,06,037,102105
06037102107,Census Tract 1021.07; Los Angeles County; California,3699,06,037,102107
06037103101,Census Tract 1031.01; Los Angeles County; California,2876,06,037,103101
06037103102,Census Tract 1031.02; Los Angeles County; California,4475,06,037,103102
06037103201,Census Tract 1032.01; Los Angeles County; California,4275,06,037,103201
06037103202,Census Tract 1032.02; Los Angeles County; California,2146,06,037,103202
06037103300,Census Tract 1033; Los Angeles County; California,3781,06,037,103300
06037103401,Census Tract 1034.01; Los Angeles County; California,2522,06,037,103401
06037103402,Census Tract 1034.02; Los Angeles County; California,3626,06,037,103402
06037104103,Census Tract 1041.03; Los Angeles County; California,4063,06,037,104103
06037104105,Census Tract 1041.05; Los Angeles County; California,5766,06,037,104105
06037104108,Census Tract 1041.08; Los Angeles County; California,4939,06,037,104108
06037104124,Census Tract 1041.24; Los Angeles County; California,3950,06,037,104124
06037104201,Census Tract 1042.01; Los Angeles County; California,4337,06,037,104201
06037104203,Census Tract 1042.03; Los Angeles County; California,4992,06,037,104203
06037104204,Census Tract 1042.04; Los Angeles County; California,3577,06,037,104204
06037104310,Census Tract 1043.10; Los Angeles County; California,4561,06,037,104310
06037104321,Census Tract 1043.21; Los Angeles County; California,2749,06,037,104321
06037104322,Census Tract 1043.22; Los Angeles County; California,1778,06,037,104322
06037104401,Census Tract 1044.01; Los Angeles County; California,2862,06,037,104401
06037104403,Census Tract 1044.03; Los Angeles County; California,2410,06,037,104403
06037104404,Census Tract 1044.04; Los Angeles County; California,3477,06,037,104404
06037104500,Census Tract 1045; Los Angeles County; California,3472,06,037,104500
06037104610,Census Tract 1046.10; Los Angeles County; California,3112,06,037,104610
06037104620,Census Tract 1046.20; Los Angeles County; California,3198,06,037,104620
06037104701,Census Tract 1047.01; Los Angeles County; California,4175,06,037,104701
06037104703,Census Tract 1047.03; Los Angeles County; California,2493,06,037,104703
06037104704,Census Tract 1047.04; Los Angeles County; California,4570,06,037,104704
06037104821,Census Tract 1048.21; Los Angeles County; California,3194,06,037,104821
06037104822,Census Tract 1048.22; Los Angeles County; California,2171,06,037,104822
06037104823,Census Tract 1048.23; Los Angeles County; California,3235,06,037,104823
06037104824,Census Tract 1048.24; Los Angeles County; California,2576,06,037,104824
06037106010,Census Tract 1060.10; Los Angeles County; California,3653,06,037,106010
06037106020,Census Tract 1060.20; Los Angeles County; California,5176,06,037,106020
06037106111,Census Tract 1061.11; Los Angeles County; California,4920,06,037,106111
06037106112,Census Tract 1061.12; Los Angeles County; California,5292,06,037,106112
06037106113,Census Tract 1061.13; Los Angeles County; California,4049,06,037,106113
06037106114,Census Tract 1061.14; Los Angeles County; California,6808,06,037,106114
06037106403,Census Tract 1064.03; Los Angeles County; California,3650,06,037,106403
06037106405,Census Tract 1064.05; Los Angeles County; California,4137,06,037,106405
06037106406,Census Tract 1064.06; Los Angeles County; California,6486,06,037,106406
06037106407,Census Tract 1064.07; Los Angeles County; California,2229,06,037,106407
06037106408,Census Tract 1064.08; Los Angeles County; California,3802,06,037,106408
06037106510,Census Tract 1065.10; Los Angeles County; California,5724,06,037,106510
06037106520,Census Tract 1065.20; Los Angeles County; California,5270,06,037,106520
06037106603,Census Tract 1066.03; Los Angeles County; California,3783,06,037,106603
06037106604,Census Tract 1066.04; Los Angeles County; California,4490,06,037,106604
06037106641,Census Tract 1066.41; Los Angeles County; California,2280,06,037,106641
06037106642,Census Tract 1066.42; Los Angeles County; California,3621,06,037,106642
06037106643,Census Tract 1066.43; Los Angeles County; California,4082,06,037,106643
06037106645,Census Tract 1066.45; Los Angeles County; California,3143,06,037,106645
06037106646,Census Tract 1066.46; Los Angeles County; California,3221,06,037,106646
06037106648,Census Tract 1066.48; Los Angeles County; California,4517,06,037,106648
06037106649,Census Tract 1066.49; Los Angeles County; California,2471,06,037,106649
06037107010,Census Tract 1070.10; Los Angeles County; California,2922,06,037,107010
06037107020,Census Tract 1070.20; Los Angeles County; California,4953,06,037,107020
06037108101,Census Tract 1081.01; Los Angeles County; California,2272,06,037,108101
06037108102,Census Tract 1081.02; Los Angeles County; California,3502,06,037,108102
06037108103,Census Tract 1081.03; Los Angeles County; California,3199,06,037,108103
06037108104,Census Tract 1081.04; Los Angeles County; California,1723,06,037,108104
06037108202,Census Tract 1082.02; Los Angeles County; California,11154,06,037,108202
06037108203,Census Tract 1082.03; Los Angeles County; California,3074,06,037,108203
06037108204,Census Tract 1082.04; Los Angeles County; California,1849,06,037,108204
06037109100,Census Tract 1091; Los Angeles County; California,2783,06,037,109100
06037109200,Census Tract 1092; Los Angeles County; California,3094,06,037,109200
06037109300,Census Tract 1093; Los Angeles County; California,3156,06,037,109300
06037109400,Census Tract 1094; Los Angeles County; California,3670,06,037,109400
06037109500,Census Tract 1095; Los Angeles County; California,3852,06,037,109500
06037109601,Census Tract 1096.01; Los Angeles County; California,5141,06,037,109601
06037109603,Census Tract 1096.03; Los Angeles County; California,4068,06,037,109603
06037109604,Census Tract 1096.04; Los Angeles County; California,3052,06,037,109604
06037109700,Census Tract 1097; Los Angeles County; California,4002,06,037,109700
06037109800,Census Tract 1098; Los Angeles County; California,4444,06,037,109800
06037111100,Census Tract 1111; Los Angeles County; California,2989,06,037,111100
06037111201,Census Tract 1112.01; Los Angeles County; California,3005,06,037,111201
06037111202,Census Tract 1112.02; Los Angeles County; California,6046,06,037,111202
06037111204,Census Tract 1112.04; Los Angeles County; California,6274,06,037,111204
06037111205,Census Tract 1112.05; Los Angeles County; California,3975,06,037,111205
06037111206,Census Tract 1112.06; Los Angeles County; California,4177,06,037,111206
06037111302,Census Tract 1113.02; Los Angeles County; California,4893,06,037,111302
06037111303,Census Tract 1113.03; Los Angeles County; California,4424,06,037,111303
06037111304,Census Tract 1113.04; Los Angeles County; California,2948,06,037,111304
06037111401,Census Tract 1114.01; Los Angeles County; California,2287,06,037,111401
06037111402,Census Tract 1114.02; Los Angeles County; California,5888,06,037,111402
06037113101,Census Tract 1131.01; Los Angeles County; California,3666,06,037,113101
06037113102,Census Tract 1131.02; Los Angeles County; California,2722,06,037,113102
06037113211,Census Tract 1132.11; Los Angeles County; California,4165,06,037,113211
06037113212,Census Tract 1132.12; Los Angeles County; California,2769,06,037,113212
06037113213,Census Tract 1132.13; Los Angeles County; California,5002,06,037,113213
06037113231,Census Tract 1132.31; Los Angeles County; California,2305,06,037,113231
06037113232,Census Tract 1132.32; Los Angeles County; California,5082,06,037,113232
06037113234,Census Tract 1132.34; Los Angeles County; California,5411,06,037,113234
06037113235,Census Tract 1132.35; Los Angeles County; California,1811,06,037,113235
06037113237,Census Tract 1132.37; Los Angeles County; California,4734,06,037,113237
06037113238,Census Tract 1132.38; Los Angeles County; California,4171,06,037,113238
06037113239,Census Tract 1132.39; Los Angeles County; California,1993,06,037,113239
06037113301,Census Tract 1133.01; Los Angeles County; California,4300,06,037,113301
06037113303,Census Tract 1133.03; Los Angeles County; California,4012,06,037,113303
06037113322,Census Tract 1133.22; Los Angeles County; California,4919,06,037,113322
06037113323,Census Tract 1133.23; Los Angeles County; California,3416,06,037,113323
06037113324,Census Tract 1133.24; Los Angeles County; California,3010,06,037,113324
06037113423,Census Tract 1134.23; Los Angeles County; California,2739,06,037,113423
06037113424,Census Tract 1134.24; Los Angeles County; California,3069,06,037,113424
06037113425,Census Tract 1134.25; Los Angeles County; California,3723,06,037,113425
06037113426,Census Tract 1134.26; Los Angeles County; California,2169,06,037,113426
06037113427,Census Tract 1134.27; Los Angeles County; California,2402,06,037,113427
06037113428,Census Tract 1134.28; Los Angeles County; California,4137,06,037,113428
06037115101,Census Tract 1151.01; Los Angeles County; California,5010,06,037,115101
06037115103,Census Tract 1151.03; Los Angeles County; California,2647,06,037,115103
06037115104,Census Tract 1151.04; Los Angeles County; California,4306,06,037,115104
06037115202,Census Tract 1152.02; Los Angeles County; California,6118,06,037,115202
06037115203,Census Tract 1152.03; Los Angeles County; California,2232,06,037,115203
06037115204,Census Tract 1152.04; Los Angeles County; California,4654,06,037,115204
06037115301,Census Tract 1153.01; Los Angeles County; California,4418,06,037,115301
06037115302,Census Tract 1153.02; Los Angeles County; California,3749,06,037,115302
06037115401,Census Tract 1154.01; Los Angeles County; California,5755,06,037,115401
06037115403,Census Tract 1154.03; Los Angeles County; California,3405,06,037,115403
06037115404,Census Tract 1154.04; Los Angeles County; California,2622,06,037,115404
06037117101,Census Tract 1171.01; Los Angeles County; California,5209,06,037,117101
06037117102,Census Tract 1171.02; Los Angeles County; California,2256,06,037,117102
06037117201,Census Tract 1172.01; Los Angeles County; California,4032,06,037,117201
06037117202,Census Tract 1172.02; Los Angeles County; California,2786,06,037,117202
06037117301,Census Tract 1173.01; Los Angeles County; California,3783,06,037,117301
06037117302,Census Tract 1173.02; Los Angeles County; California,4698,06,037,117302
06037117303,Census Tract 1173.03; Los Angeles County; California,4219,06,037,117303
06037117404,Census Tract 1174.04; Los Angeles County; California,4924,06,037,117404
06037117405,Census Tract 1174.05; Los Angeles County; California,3358,06,037,117405
06037117407,Census Tract 1174.07; Los Angeles County; California,3410,06,037,117407
06037117408,Census Tract 1174.08; Los Angeles County; California,2588,06,037,117408
06037117510,Census Tract 1175.10; Los Angeles County; California,3788,06,037,117510
06037117520,Census Tract 1175.20; Los Angeles County; California,3955,06,037,117520
06037117530,Census Tract 1175.30; Los Angeles County; California,5586,06,037,117530
06037119001,Census Tract 1190.01; Los Angeles County; California,4341,06,037,119001
06037119003,Census Tract 1190.03; Los Angeles County; California,3417,06,037,119003
06037119004,Census Tract 1190.04; Los Angeles County; California,2708,06,037,119004
06037119201,Census Tract 1192.01; Los Angeles County; California,3685,06,037,119201
06037119202,Census Tract 1192.02; Los Angeles County; California,4240,06,037,119202
06037119310,Census Tract 1193.10; Los Angeles County; California,3822,06,037,119310
06037119320,Census Tract 1193.20; Los Angeles County; California,4160,06,037,119320
06037119340,Census Tract 1193.40; Los Angeles County; California,3615,06,037,119340
06037119341,Census Tract 1193.41; Los Angeles County; California,2625,06,037,119341
06037119342,Census Tract 1193.42; Los Angeles County; California,3017,06,037,119342
06037119400,Census Tract 1194; Los Angeles County; California,4712,06,037,119400
06037119700,Census Tract 1197; Los Angeles County; California,4568,06,037,119700
06037119801,Census Tract 1198.01; Los Angeles County; California,2601,06,037,119801
06037119802,Census Tract 1198.02; Los Angeles County; California,3131,06,037,119802
06037119900,Census Tract 1199; Los Angeles County; California,4084,06,037,119900
06037120010,Census Tract 1200.10; Los Angeles County; California,2569,06,037,120010
06037120020,Census Tract 1200.20; Los Angeles County; California,4161,06,037,120020
06037120030,Census Tract 1200.30; Los Angeles County; California,2525,06,037,120030
06037120103,Census Tract 1201.03; Los Angeles County; California,2793,06,037,120103
06037120104,Census Tract 1201.04; Los Angeles County; California,2367,06,037,120104
06037120105,Census Tract 1201.05; Los Angeles County; California,2684,06,037,120105
06037120106,Census Tract 1201.06; Los Angeles County; California,3974,06,037,120106
06037120107,Census Tract 1201.07; Los Angeles County; California,4018,06,037,120107
06037120108,Census Tract 1201.08; Los Angeles County; California,4684,06,037,120108
06037120300,Census Tract 1203; Los Angeles County; California,5464,06,037,120300
06037120400,Census Tract 1204; Los Angeles County; California,6168,06,037,120400
06037121010,Census Tract 1210.10; Los Angeles County; California,4951,06,037,121010
06037121020,Census Tract 1210.20; Los Angeles County; California,3671,06,037,121020
06037121101,Census Tract 1211.01; Los Angeles County; California,3108,06,037,121101
06037121102,Census Tract 1211.02; Los Angeles County; California,2436,06,037,121102
06037121210,Census Tract 1212.10; Los Angeles County; California,3233,06,037,121210
06037121221,Census Tract 1212.21; Los Angeles County; California,2173,06,037,121221
06037121222,Census Tract 1212.22; Los Angeles County; California,5396,06,037,121222
06037121600,Census Tract 1216; Los Angeles County; California,2580,06,037,121600
06037121801,Census Tract 1218.01; Los Angeles County; California,4126,06,037,121801
06037121802,Census Tract 1218.02; Los Angeles County; California,3442,06,037,121802
06037121900,Census Tract 1219; Los Angeles County; California,2797,06,037,121900
06037122000,Census Tract 1220; Los Angeles County; California,5131,06,037,122000
06037122120,Census Tract 1221.20; Los Angeles County; California,4394,06,037,122120
06037122121,Census Tract 1221.21; Los Angeles County; California,2507,06,037,122121
06037122122,Census Tract 1221.22; Los Angeles County; California,2446,06,037,122122
06037122200,Census Tract 1222; Los Angeles County; California,3729,06,037,122200
06037122410,Census Tract 1224.10; Los Angeles County; California,3967,06,037,122410
06037122420,Census Tract 1224.20; Los Angeles County; California,4757,06,037,122420
06037123010,Census Tract 1230.10; Los Angeles County; California,4078,06,037,123010
06037123020,Census Tract 1230.20; Los Angeles County; California,2836,06,037,123020
06037123103,Census Tract 1231.03; Los Angeles County; California,4134,06,037,123103
06037123104,Census Tract 1231.04; Los Angeles County; California,4713,06,037,123104
06037123203,Census Tract 1232.03; Los Angeles County; California,2643,06,037,123203
06037123204,Census Tract 1232.04; Los Angeles County; California,3183,06,037,123204
06037123205,Census Tract 1232.05; Los Angeles County; California,2744,06,037,123205
06037123206,Census Tract 1232.06; Los Angeles County; California,2480,06,037,123206
06037123301,Census Tract 1233.01; Los Angeles County; California,3842,06,037,123301
06037123303,Census Tract 1233.03; Los Angeles County; California,2932,06,037,123303
06037123304,Census Tract 1233.04; Los Angeles County; California,4269,06,037,123304
06037123410,Census Tract 1234.10; Los Angeles County; California,3254,06,037,123410
06037123420,Census Tract 1234.20; Los Angeles County; California,4136,06,037,123420
06037123510,Census Tract 1235.10; Los Angeles County; California,4742,06,037,123510
06037123520,Census Tract 1235.20; Los Angeles County; California,2484,06,037,123520
06037123601,Census Tract 1236.01; Los Angeles County; California,5563,06,037,123601
06037123602,Census Tract 1236.02; Los Angeles County; California,3192,06,037,123602
06037123700,Census Tract 1237; Los Angeles County; California,4012,06,037,123700
06037123800,Census Tract 1238; Los Angeles County; California,5814,06,037,123800
06037123901,Census Tract 1239.01; Los Angeles County; California,4289,06,037,123901
06037123902,Census Tract 1239.02; Los Angeles County; California,2664,06,037,123902
06037124000,Census Tract 1240; Los Angeles County; California,4291,06,037,124000
06037124102,Census Tract 1241.02; Los Angeles County; California,3715,06,037,124102
06037124103,Census Tract 1241.03; Los Angeles County; California,1727,06,037,124103
06037124104,Census Tract 1241.04; Los Angeles County; California,2780,06,037,124104
06037124105,Census Tract 1241.05; Los Angeles County; California,2199,06,037,124105
06037124201,Census Tract 1242.01; Los Angeles County; California,3560,06,037,124201
06037124203,Census Tract 1242.03; Los Angeles County; California,2109,06,037,124203
06037124204,Census Tract 1242.04; Los Angeles County; California,2324,06,037,124204
06037124300,Census Tract 1243; Los Angeles County; California,3052,06,037,124300
06037124400,Census Tract 1244; Los Angeles County; California,4397,06,037,124400
06037124500,Census Tract 1245; Los Angeles County; California,2791,06,037,124500
06037124600,Census Tract 1246; Los Angeles County; California,2996,06,037,124600
06037124700,Census Tract 1247; Los Angeles County; California,5070,06,037,124700
06037124902,Census Tract 1249.02; Los Angeles County; California,3074,06,037,124902
06037124903,Census Tract 1249.03; Los Angeles County; California,3848,06,037,124903
06037125101,Census Tract 1251.01; Los Angeles County; California,4478,06,037,125101
06037125102,Census Tract 1251.02; Los Angeles County; California,2155,06,037,125102
06037125200,Census Tract 1252; Los Angeles County; California,4151,06,037,125200
06037125310,Census Tract 1253.10; Los Angeles County; California,4373,06,037,125310
06037125321,Census Tract 1253.21; Los Angeles County; California,2776,06,037,125321
06037125322,Census Tract 1253.22; Los Angeles County; California,2542,06,037,125322
06037125402,Census Tract 1254.02; Los Angeles County; California,4099,06,037,125402
06037125403,Census Tract 1254.03; Los Angeles County; California,2726,06,037,125403
06037125404,Census Tract 1254.04; Los Angeles County; California,2973,06,037,125404
06037125501,Census Tract 1255.01; Los Angeles County; California,2911,06,037,125501
06037125502,Census Tract 1255.02; Los Angeles County; California,3751,06,037,125502
06037125600,Census Tract 1256; Los Angeles County; California,3043,06,037,125600
06037127102,Census Tract 1271.02; Los Angeles County; California,5315,06,037,127102
06037127103,Census Tract 1271.03; Los Angeles County; California,3468,06,037,127103
06037127104,Census Tract 1271.04; Los Angeles County; California,4482,06,037,127104
06037127210,Census Tract 1272.10; Los Angeles County; California,5608,06,037,127210
06037127220,Census Tract 1272.20; Los Angeles County; California,4792,06,037,127220
06037127300,Census Tract 1273; Los Angeles County; California,3740,06,037,127300
06037127400,Census Tract 1274; Los Angeles County; California,5620,06,037,127400
06037127520,Census Tract 1275.20; Los Angeles County; California,4443,06,037,127520
06037127603,Census Tract 1276.03; Los Angeles County; California,2677,06,037,127603
06037127604,Census Tract 1276.04; Los Angeles County; California,3021,06,037,127604
06037127605,Census Tract 1276.05; Los Angeles County; California,3561,06,037,127605
06037127606,Census Tract 1276.06; Los Angeles County; California,3436,06,037,127606
06037127711,Census Tract 1277.11; Los Angeles County; California,2958,06,037,127711
06037127712,Census Tract 1277.12; Los Angeles County; California,4520,06,037,127712
06037127803,Census Tract 1278.03; Los Angeles County; California,5006,06,037,127803
06037127804,Census Tract 1278.04; Los Angeles County; California,4501,06,037,127804
06037127805,Census Tract 1278.05; Los Angeles County; California,3287,06,037,127805
06037127806,Census Tract 1278.06; Los Angeles County; California,3697,06,037,127806
06037127910,Census Tract 1279.10; Los Angeles County; California,5103,06,037,127910
06037127920,Census Tract 1279.20; Los Angeles County; California,4190,06,037,127920
06037128101,Census Tract 1281.01; Los Angeles County; California,3083,06,037,128101
06037128102,Census Tract 1281.02; Los Angeles County; California,4864,06,037,128102
06037128210,Census Tract 1282.10; Los Angeles County; California,4701,06,037,128210
06037128220,Census Tract 1282.20; Los Angeles County; California,3228,06,037,128220
06037128302,Census Tract 1283.02; Los Angeles County; California,4159,06,037,128302
06037128303,Census Tract 1283.03; Los Angeles County; California,3453,06,037,128303
06037128400,Census Tract 1284; Los Angeles County; California,4285,06,037,128400
06037128500,Census Tract 1285; Los Angeles County; California,4341,06,037,128500
06037128601,Census Tract 1286.01; Los Angeles County; California,5042,06,037,128601
06037128602,Census Tract 1286.02; Los Angeles County; California,2725,06,037,128602
06037128703,Census Tract 1287.03; Los Angeles County; California,3429,06,037,128703
06037128704,Census Tract 1287.04; Los Angeles County; California,2564,06,037,128704
06037128801,Census Tract 1288.01; Los Angeles County; California,3827,06,037,128801
06037128802,Census Tract 1288.02; Los Angeles County; California,4457,06,037,128802
06037128910,Census Tract 1289.10; Los Angeles County; California,4495,06,037,128910
06037131021,Census Tract 1310.21; Los Angeles County; California,3202,06,037,131021
06037131022,Census Tract 1310.22; Los Angeles County; California,2874,06,037,131022
06037131023,Census Tract 1310.23; Los Angeles County; California,2615,06,037,131023
06037131024,Census Tract 1310.24; Los Angeles County; California,3679,06,037,131024
06037131100,Census Tract 1311; Los Angeles County; California,3051,06,037,131100
06037131200,Census Tract 1312; Los Angeles County; California,3585,06,037,131200
06037131300,Census Tract 1313; Los Angeles County; California,4668,06,037,131300
06037131400,Census Tract 1314; Los Angeles County; California,5932,06,037,131400
06037131600,Census Tract 1316; Los Angeles County; California,5289,06,037,131600
06037131701,Census Tract 1317.01; Los Angeles County; California,4896,06,037,131701
06037131702,Census Tract 1317.02; Los Angeles County; California,3344,06,037,131702
06037131801,Census Tract 1318.01; Los Angeles County; California,3127,06,037,131801
06037131802,Census Tract 1318.02; Los Angeles County; California,2264,06,037,131802
06037131900,Census Tract 1319; Los Angeles County; California,4038,06,037,131900
06037132001,Census Tract 1320.01; Los Angeles County; California,2716,06,037,132001
06037132002,Census Tract 1320.02; Los Angeles County; California,3501,06,037,132002
06037132101,Census Tract 1321.01; Los Angeles County; California,4290,06,037,132101
06037132102,Census Tract 1321.02; Los Angeles County; California,5143,06,037,132102
06037132301,Census Tract 1323.01; Los Angeles County; California,3604,06,037,132301
06037132302,Census Tract 1323.02; Los Angeles County; California,2904,06,037,132302
06037132501,Census Tract 1325.01; Los Angeles County; California,5052,06,037,132501
06037132502,Census Tract 1325.02; Los Angeles County; California,3495,06,037,132502
06037132700,Census Tract 1327; Los Angeles County; California,5150,06,037,132700
06037132900,Census Tract 1329; Los Angeles County; California,4026,06,037,132900
06037133000,Census Tract 1330; Los Angeles County; California,3979,06,037,133000
06037133101,Census Tract 1331.01; Los Angeles County; California,1718,06,037,133101
06037133102,Census Tract 1331.02; Los Angeles County; California,3629,06,037,133102
06037134001,Census Tract 1340.01; Los Angeles County; California,3694,06,037,134001
06037134002,Census Tract 1340.02; Los Angeles County; California,4020,06,037,134002
06037134101,Census Tract 1341.01; Los Angeles County; California,4515,06,037,134101
06037134103,Census Tract 1341.03; Los Angeles County; California,4132,06,037,134103
06037134104,Census Tract 1341.04; Los Angeles County; California,4220,06,037,134104
06037134201,Census Tract 1342.01; Los Angeles County; California,4149,06,037,134201
06037134302,Census Tract 1343.02; Los Angeles County; California,4172,06,037,134302
06037134303,Census Tract 1343.03; Los Angeles County; California,5398,06,037,134303
06037134304,Census Tract 1343.04; Los Angeles County; California,2895,06,037,134304
06037134305,Census Tract 1343.05; Los Angeles County; California,3659,06,037,134305
06037134306,Census Tract 1343.06; Los Angeles County; California,3560,06,037,134306
06037134421,Census Tract 1344.21; Los Angeles County; California,4238,06,037,134421
06037134422,Census Tract 1344.22; Los Angeles County; California,4956,06,037,134422
06037134423,Census Tract 1344.23; Los Angeles County; California,3560,06,037,134423
06037134424,Census Tract 1344.24; Los Angeles County; California,2748,06,037,134424
06037134520,Census Tract 1345.20; Los Angeles County; California,5092,06,037,134520
06037134521,Census Tract 1345.21; Los Angeles County; California,2601,06,037,134521
06037134522,Census Tract 1345.22; Los Angeles County; California,4146,06,037,134522
06037134710,Census Tract 1347.10; Los Angeles County; California,5198,06,037,134710
06037134720,Census Tract 1347.20; Los Angeles County; California,5498,06,037,134720
06037134801,Census Tract 1348.01; Los Angeles County; California,2898,06,037,134801
06037134802,Census Tract 1348.02; Los Angeles County; California,3025,06,037,134802
06037134901,Census Tract 1349.01; Los Angeles County; California,2291,06,037,134901
06037134904,Census Tract 1349.04; Los Angeles County; California,4581,06,037,134904
06037134905,Census Tract 1349.05; Los Angeles County; California,6371,06,037,134905
06037134906,Census Tract 1349.06; Los Angeles County; California,2888,06,037,134906
06037134907,Census Tract 1349.07; Los Angeles County; California,4209,06,037,134907
06037135102,Census Tract 1351.02; Los Angeles County; California,4117,06,037,135102
06037135111,Census Tract 1351.11; Los Angeles County; California,3963,06,037,135111
06037135113,Census Tract 1351.13; Los Angeles County; California,3014,06,037,135113
06037135115,Census Tract 1351.15; Los Angeles County; California,4309,06,037,135115
06037135116,Census Tract 1351.16; Los Angeles County; California,1536,06,037,135116
06037135201,Census Tract 1352.01; Los Angeles County; California,2861,06,037,135201
06037135202,Census Tract 1352.02; Los Angeles County; California,4578,06,037,135202
06037135204,Census Tract 1352.04; Los Angeles County; California,4915,06,037,135204
06037135205,Census Tract 1352.05; Los Angeles County; California,2067,06,037,135205
06037137000,Census Tract 1370; Los Angeles County; California,4562,06,037,137000
06037137103,Census Tract 1371.03; Los Angeles County; California,4860,06,037,137103
06037137104,Census Tract 1371.04; Los Angeles County; California,2350,06,037,137104
06037137202,Census Tract 1372.02; Los Angeles County; California,3293,06,037,137202
06037137203,Census Tract 1372.03; Los Angeles County; California,2534,06,037,137203
06037137301,Census Tract 1373.01; Los Angeles County; California,2244,06,037,137301
06037137302,Census Tract 1373.02; Los Angeles County; California,4669,06,037,137302
06037137401,Census Tract 1374.01; Los Angeles County; California,4829,06,037,137401
06037137402,Census Tract 1374.02; Los Angeles County; California,5713,06,037,137402
06037137501,Census Tract 1375.01; Los Angeles County; California,5304,06,037,137501
06037137502,Census Tract 1375.02; Los Angeles County; California,4580,06,037,137502
06037137504,Census Tract 1375.04; Los Angeles County; California,1858,06,037,137504
06037138000,Census Tract 1380; Los Angeles County; California,4499,06,037,138000
06037139001,Census Tract 1390.01; Los Angeles County; California,5592,06,037,139001
06037139200,Census Tract 1392; Los Angeles County; California,5616,06,037,139200
06037139301,Census Tract 1393.01; Los Angeles County; California,4067,06,037,139301
06037139302,Census Tract 1393.02; Los Angeles County; California,5394,06,037,139302
06037139303,Census Tract 1393.03; Los Angeles County; California,4715,06,037,139303
06037139401,Census Tract 1394.01; Los Angeles County; California,2606,06,037,139401
06037139402,Census Tract 1394.02; Los Angeles County; California,2749,06,037,139402
06037139502,Census Tract 1395.02; Los Angeles County; California,3336,06,037,139502
06037139504,Census Tract 1395.04; Los Angeles County; California,3541,06,037,139504
06037139505,Census Tract 1395.05; Los Angeles County; California,2656,06,037,139505
06037139506,Census Tract 1395.06; Los Angeles County; California,3196,06,037,139506
06037139600,Census Tract 1396; Los Angeles County; California,5047,06,037,139600
06037139701,Census Tract 1397.01; Los Angeles County; California,5166,06,037,139701
06037139703,Census Tract 1397.03; Los Angeles County; California,2663,06,037,139703
06037139704,Census Tract 1397.04; Los Angeles County; California,2752,06,037,139704
06037139705,Census Tract 1397.05; Los Angeles County; California,3777,06,037,139705
06037139801,Census Tract 1398.01; Los Angeles County; California,3631,06,037,139801
06037139802,Census Tract 1398.02; Los Angeles County; California,3528,06,037,139802
06037141101,Census Tract 1411.01; Los Angeles County; California,4947,06,037,141101
06037141102,Census Tract 1411.02; Los Angeles County; California,2649,06,037,141102
06037141201,Census Tract 1412.01; Los Angeles County; California,3978,06,037,141201
06037141202,Census Tract 1412.02; Los Angeles County; California,3132,06,037,141202
06037141303,Census Tract 1413.03; Los Angeles County; California,3236,06,037,141303
06037141304,Census Tract 1413.04; Los Angeles County; California,3028,06,037,141304
06037141305,Census Tract 1413.05; Los Angeles County; California,3127,06,037,141305
06037141306,Census Tract 1413.06; Los Angeles County; California,3291,06,037,141306
06037141400,Census Tract 1414; Los Angeles County; California,5217,06,037,141400
06037141500,Census Tract 1415; Los Angeles County; California,2807,06,037,141500
06037141600,Census Tract 1416; Los Angeles County; California,3854,06,037,141600
06037141700,Census Tract 1417; Los Angeles County; California,3234,06,037,141700
06037143101,Census Tract 1431.01; Los Angeles County; California,1972,06,037,143101
06037143102,Census Tract 1431.02; Los Angeles County; California,2449,06,037,143102
06037143200,Census Tract 1432; Los Angeles County; California,4367,06,037,143200
06037143301,Census Tract 1433.01; Los Angeles County; California,4122,06,037,143301
06037143302,Census Tract 1433.02; Los Angeles County; California,3629,06,037,143302
06037143401,Census Tract 1434.01; Los Angeles County; California,5216,06,037,143401
06037143402,Census Tract 1434.02; Los Angeles County; California,1987,06,037,143402
06037143500,Census Tract 1435; Los Angeles County; California,5377,06,037,143500
06037143602,Census Tract 1436.02; Los Angeles County; California,4930,06,037,143602
06037143603,Census Tract 1436.03; Los Angeles County; California,2522,06,037,143603
06037143605,Census Tract 1436.05; Los Angeles County; California,1825,06,037,143605
06037143606,Census Tract 1436.06; Los Angeles County; California,1719,06,037,143606
06037143700,Census Tract 1437; Los Angeles County; California,3633,06,037,143700
06037143801,Census Tract 1438.01; Los Angeles County; California,3276,06,037,143801
06037143802,Census Tract 1438.02; Los Angeles County; California,2235,06,037,143802
06037143901,Census Tract 1439.01; Los Angeles County; California,4189,06,037,143901
06037143902,Census Tract 1439.02; Los Angeles County; California,3083,06,037,143902
06037181000,Census Tract 1810; Los Angeles County; California,5831,06,037,181000
06037181300,Census Tract 1813; Los Angeles County; California,4166,06,037,181300
06037181400,Census Tract 1814; Los Angeles County; California,4247,06,037,181400
06037181500,Census Tract 1815; Los Angeles County; California,3846,06,037,181500
06037181600,Census Tract 1816; Los Angeles County; California,4251,06,037,181600
06037183101,Census Tract 1831.01; Los Angeles County; California,3247,06,037,183101
06037183103,Census Tract 1831.03; Los Angeles County; California,4318,06,037,183103
06037183104,Census Tract 1831.04; Los Angeles County; California,2078,06,037,183104
06037183220,Census Tract 1832.20; Los Angeles County; California,2956,06,037,183220
06037183221,Census Tract 1832.21; Los Angeles County; California,3133,06,037,183221
06037183222,Census Tract 1832.22; Los Angeles County; California,3485,06,037,183222
06037183300,Census Tract 1833; Los Angeles County; California,2812,06,037,183300
06037183401,Census Tract 1834.01; Los Angeles County; California,2276,06,037,183401
06037183402,Census Tract 1834.02; Los Angeles County; California,3183,06,037,183402
06037183510,Census Tract 1835.10; Los Angeles County; California,2377,06,037,183510
06037183520,Census Tract 1835.20; Los Angeles County; California,3649,06,037,183520
06037183610,Census Tract 1836.10; Los Angeles County; California,2694,06,037,183610
06037183620,Census Tract 1836.20; Los Angeles County; California,2967,06,037,183620
06037183701,Census Tract 1837.01; Los Angeles County; California,3351,06,037,183701
06037183702,Census Tract 1837.02; Los Angeles County; California,2905,06,037,183702
06037183810,Census Tract 1838.10; Los Angeles County; California,4359,06,037,183810
06037183820,Census Tract 1838.20; Los Angeles County; California,3707,06,037,183820
06037185101,Census Tract 1851.01; Los Angeles County; California,2427,06,037,185101
06037185102,Census Tract 1851.02; Los Angeles County; California,3515,06,037,185102
06037185202,Census Tract 1852.02; Los Angeles County; California,4198,06,037,185202
06037185203,Census Tract 1852.03; Los Angeles County; California,2365,06,037,185203
06037185204,Census Tract 1852.04; Los Angeles County; California,1800,06,037,185204
06037185310,Census Tract 1853.10; Los Angeles County; California,2908,06,037,185310
06037185320,Census Tract 1853.20; Los Angeles County; California,2692,06,037,185320
06037186100,Census Tract 1861; Los Angeles County; California,4711,06,037,186100
06037186201,Census Tract 1862.01; Los Angeles County; California,3187,06,037,186201
06037186202,Census Tract 1862.02; Los Angeles County; California,1738,06,037,186202
06037186203,Census Tract 1862.03; Los Angeles County; California,2509,06,037,186203
06037186301,Census Tract 1863.01; Los Angeles County; California,2663,06,037,186301
06037186302,Census Tract 1863.02; Los Angeles County; California,4958,06,037,186302
06037186401,Census Tract 1864.01; Los Angeles County; California,2555,06,037,186401
06037186403,Census Tract 1864.03; Los Angeles County; California,2658,06,037,186403
06037186404,Census Tract 1864.04; Los Angeles County; California,2441,06,037,186404
06037187101,Census Tract 1871.01; Los Angeles County; California,3026,06,037,187101
06037187102,Census Tract 1871.02; Los Angeles County; California,4615,06,037,187102
06037187200,Census Tract 1872; Los Angeles County; California,2872,06,037,187200
06037187300,Census Tract 1873; Los Angeles County; California,3681,06,037,187300
06037188100,Census Tract 1881; Los Angeles County; California,3954,06,037,188100
06037188201,Census Tract 1882.01; Los Angeles County; California,2994,06,037,188201
06037188202,Census Tract 1882.02; Los Angeles County; California,3093,06,037,188202
06037188300,Census Tract 1883; Los Angeles County; California,3285,06,037,188300
06037189101,Census Tract 1891.01; Los Angeles County; California,2382,06,037,189101
06037189102,Census Tract 1891.02; Los Angeles County; California,3704,06,037,189102
06037189201,Census Tract 1892.01; Los Angeles County; California,3061,06,037,189201
06037189202,Census Tract 1892.02; Los Angeles County; California,3119,06,037,189202
06037189300,Census Tract 1893; Los Angeles County; California,2920,06,037,189300
06037189400,Census Tract 1894; Los Angeles County; California,2977,06,037,189400
06037189501,Census Tract 1895.01; Los Angeles County; California,2245,06,037,189501
06037189502,Census Tract 1895.02; Los Angeles County; California,2053,06,037,189502
06037189600,Census Tract 1896; Los Angeles County; California,3296,06,037,189600
06037189702,Census Tract 1897.02; Los Angeles County; California,2459,06,037,189702
06037189703,Census Tract 1897.03; Los Angeles County; California,1842,06,037,189703
06037189704,Census Tract 1897.04; Los Angeles County; California,2169,06,037,189704
06037189801,Census Tract 1898.01; Los Angeles County; California,2429,06,037,189801
06037189802,Census Tract 1898.02; Los Angeles County; California,1934,06,037,189802
06037189903,Census Tract 1899.03; Los Angeles County; California,2212,06,037,189903
06037189904,Census Tract 1899.04; Los Angeles County; California,2434,06,037,189904
06037189905,Census Tract 1899.05; Los Angeles County; California,2446,06,037,189905
06037189906,Census Tract 1899.06; Los Angeles County; California,2324,06,037,189906
06037189907,Census Tract 1899.07; Los Angeles County; California,2681,06,037,189907
06037190101,Census Tract 1901.01; Los Angeles County; California,1600,06,037,190101
06037190102,Census Tract 1901.02; Los Angeles County; California,2629,06,037,190102
06037190201,Census Tract 1902.01; Los Angeles County; California,3674,06,037,190201
06037190202,Census Tract 1902.02; Los Angeles County; California,3001,06,037,190202
06037190302,Census Tract 1903.02; Los Angeles County; California,2491,06,037,190302
06037190303,Census Tract 1903.03; Los Angeles County; California,2798,06,037,190303
06037190401,Census Tract 1904.01; Los Angeles County; California,2827,06,037,190401
06037190402,Census Tract 1904.02; Los Angeles County; California,2244,06,037,190402
06037190510,Census Tract 1905.10; Los Angeles County; California,4003,06,037,190510
06037190520,Census Tract 1905.20; Los Angeles County; California,3434,06,037,190520
06037190701,Census Tract 1907.01; Los Angeles County; California,1748,06,037,190701
06037190702,Census Tract 1907.02; Los Angeles County; California,1322,06,037,190702
06037190801,Census Tract 1908.01; Los Angeles County; California,2857,06,037,190801
06037190802,Census Tract 1908.02; Los Angeles County; California,2797,06,037,190802
06037190901,Census Tract 1909.01; Los Angeles County; California,3673,06,037,190901
06037190902,Census Tract 1909.02; Los Angeles County; California,3873,06,037,190902
06037191000,Census Tract 1910; Los Angeles County; California,5426,06,037,191000
06037191110,Census Tract 1911.10; Los Angeles County; California,3828,06,037,191110
06037191120,Census Tract 1911.20; Los Angeles County; California,3843,06,037,191120
06037191201,Census Tract 1912.01; Los Angeles County; California,5973,06,037,191201
06037191203,Census Tract 1912.03; Los Angeles County; California,1945,06,037,191203
06037191204,Census Tract 1912.04; Los Angeles County; California,1568,06,037,191204
06037191301,Census Tract 1913.01; Los Angeles County; California,1993,06,037,191301
06037191302,Census Tract 1913.02; Los Angeles County; California,1780,06,037,191302
06037191410,Census Tract 1914.10; Los Angeles County; California,3313,06,037,191410
06037191420,Census Tract 1914.20; Los Angeles County; California,2853,06,037,191420
06037191500,Census Tract 1915; Los Angeles County; California,5173,06,037,191500
06037191610,Census Tract 1916.10; Los Angeles County; California,3663,06,037,191610
06037191620,Census Tract 1916.20; Los Angeles County; California,2838,06,037,191620
06037191710,Census Tract 1917.10; Los Angeles County; California,2519,06,037,191710
06037191720,Census Tract 1917.20; Los Angeles County; California,3462,06,037,191720
06037191810,Census Tract 1918.10; Los Angeles County; California,2795,06,037,191810
06037191820,Census Tract 1918.20; Los Angeles County; California,3776,06,037,191820
06037191901,Census Tract 1919.01; Los Angeles County; California,4328,06,037,191901
06037191902,Census Tract 1919.02; Los Angeles County; California,2845,06,037,191902
06037192001,Census Tract 1920.01; Los Angeles County; California,2364,06,037,192001
06037192002,Census Tract 1920.02; Los Angeles County; California,2680,06,037,192002
06037192300,Census Tract 1923; Los Angeles County; California,2606,06,037,192300
06037192410,Census Tract 1924.10; Los Angeles County; California,4334,06,037,192410
06037192420,Census Tract 1924.20; Los Angeles County; California,3114,06,037,192420
06037192510,Census Tract 1925.10; Los Angeles County; California,4005,06,037,192510
06037192520,Census Tract 1925.20; Los Angeles County; California,4836,06,037,192520
06037192610,Census Tract 1926.10; Los Angeles County; California,4070,06,037,192610
06037192620,Census Tract 1926.20; Los Angeles County; California,3661,06,037,192620
06037192700,Census Tract 1927; Los Angeles County; California,3018,06,037,192700
06037194101,Census Tract 1941.01; Los Angeles County; California,3153,06,037,194101
06037194102,Census Tract 1941.02; Los Angeles County; California,2733,06,037,194102
06037194200,Census Tract 1942; Los Angeles County; California,3389,06,037,194200
06037194300,Census Tract 1943; Los Angeles County; California,2918,06,037,194300
06037194401,Census Tract 1944.01; Los Angeles County; California,2579,06,037,194401
06037194402,Census Tract 1944.02; Los Angeles County; California,3397,06,037,194402
06037194500,Census Tract 1945; Los Angeles County; California,2120,06,037,194500
06037195100,Census Tract 1951; Los Angeles County; California,4871,06,037,195100
06037195201,Census Tract 1952.01; Los Angeles County; California,2980,06,037,195201
06037195202,Census Tract 1952.02; Los Angeles County; California,3280,06,037,195202
06037195300,Census Tract 1953; Los Angeles County; California,2990,06,037,195300
06037195400,Census Tract 1954; Los Angeles County; California,4306,06,037,195400
06037195500,Census Tract 1955; Los Angeles County; California,5111,06,037,195500
06037195600,Census Tract 1956; Los Angeles County; California,2868,06,037,195600
06037195710,Census Tract 1957.10; Los Angeles County; California,3971,06,037,195710
06037195720,Census Tract 1957.20; Los Angeles County; California,1745,06,037,195720
06037195802,Census Tract 1958.02; Los Angeles County; California,2864,06,037,195802
06037195803,Census Tract 1958.03; Los Angeles County; California,2182,06,037,195803
06037195804,Census Tract 1958.04; Los Angeles County; California,2475,06,037,195804
06037195901,Census Tract 1959.01; Los Angeles County; California,2446,06,037,195901
06037195902,Census Tract 1959.02; Los Angeles County; California,1839,06,037,195902
06037195903,Census Tract 1959.03; Los Angeles County; California,2035,06,037,195903
06037197200,Census Tract 1972; Los Angeles County; California,3505,06,037,197200
06037197300,Census Tract 1973; Los Angeles County; California,3792,06,037,197300
06037197410,Census Tract 1974.10; Los Angeles County; California,4014,06,037,197410
06037197420,Census Tract 1974.20; Los Angeles County; California,3445,06,037,197420
06037197500,Census Tract 1975; Los Angeles County; California,3790,06,037,197500
06037197600,Census Tract 1976; Los Angeles County; California,2352,06,037,197600
06037197700,Census Tract 1977; Los Angeles County; California,4690,06,037,197700
06037199001,Census Tract 1990.01; Los Angeles County; California,2390,06,037,199001
06037199002,Census Tract 1990.02; Los Angeles County; California,2697,06,037,199002
06037199110,Census Tract 1991.10; Los Angeles County; California,2335,06,037,199110
06037199120,Census Tract 1991.20; Los Angeles County; California,3454,06,037,199120
06037199201,Census Tract 1992.01; Los Angeles County; California,3268,06,037,199201
06037199202,Census Tract 1992.02; Los Angeles County; California,2501,06,037,199202
06037199300,Census Tract 1993; Los Angeles County; California,3687,06,037,199300
06037199400,Census Tract 1994; Los Angeles County; California,4243,06,037,199400
06037199700,Census Tract 1997; Los Angeles County; California,3500,06,037,199700
06037199801,Census Tract 1998.01; Los Angeles County; California,3520,06,037,199801
06037199802,Census Tract 1998.02; Los Angeles County; California,1905,06,037,199802
06037199900,Census Tract 1999; Los Angeles County; California,2414,06,037,199900
06037201110,Census Tract 2011.10; Los Angeles County; California,2476,06,037,201110
06037201120,Census Tract 2011.20; Los Angeles County; California,3892,06,037,201120
06037201200,Census Tract 2012; Los Angeles County; California,2513,06,037,201200
06037201301,Census Tract 2013.01; Los Angeles County; California,3215,06,037,201301
06037201302,Census Tract 2013.02; Los Angeles County; California,4108,06,037,201302
06037201401,Census Tract 2014.01; Los Angeles County; California,4131,06,037,201401
06037201402,Census Tract 2014.02; Los Angeles County; California,4143,06,037,201402
06037201501,Census Tract 2015.01; Los Angeles County; California,5137,06,037,201501
06037201503,Census Tract 2015.03; Los Angeles County; California,3141,06,037,201503
06037201504,Census Tract 2015.04; Los Angeles County; California,2237,06,037,201504
06037201601,Census Tract 2016.01; Los Angeles County; California,2098,06,037,201601
06037201602,Census Tract 2016.02; Los Angeles County; California,2577,06,037,201602
06037201700,Census Tract 2017; Los Angeles County; California,5135,06,037,201700
06037203100,Census Tract 2031; Los Angeles County; California,4348,06,037,203100
06037203200,Census Tract 2032; Los Angeles County; California,4748,06,037,203200
06037203300,Census Tract 2033; Los Angeles County; California,2151,06,037,203300
06037203500,Census Tract 2035; Los Angeles County; California,2904,06,037,203500
06037203601,Census Tract 2036.01; Los Angeles County; California,2697,06,037,203601
06037203602,Census Tract 2036.02; Los Angeles County; California,2065,06,037,203602
06037203710,Census Tract 2037.10; Los Angeles County; California,3322,06,037,203710
06037203720,Census Tract 2037.20; Los Angeles County; California,3363,06,037,203720
06037203800,Census Tract 2038; Los Angeles County; California,4938,06,037,203800
06037203900,Census Tract 2039; Los Angeles County; California,2575,06,037,203900
06037204110,Census Tract 2041.10; Los Angeles County; California,2526,06,037,204110
06037204120,Census Tract 2041.20; Los Angeles County; California,2475,06,037,204120
06037204200,Census Tract 2042; Los Angeles County; California,3383,06,037,204200
06037204300,Census Tract 2043; Los Angeles County; California,4281,06,037,204300
06037204410,Census Tract 2044.10; Los Angeles County; California,2309,06,037,204410
06037204420,Census Tract 2044.20; Los Angeles County; California,2884,06,037,204420
06037204600,Census Tract 2046; Los Angeles County; California,3735,06,037,204600
06037204700,Census Tract 2047; Los Angeles County; California,4777,06,037,204700
06037204810,Census Tract 2048.10; Los Angeles County; California,5402,06,037,204810
06037204820,Census Tract 2048.20; Los Angeles County; California,2037,06,037,204820
06037204910,Census Tract 2049.10; Los Angeles County; California,3098,06,037,204910
06037204920,Census Tract 2049.20; Los Angeles County; California,2274,06,037,204920
06037205110,Census Tract 2051.10; Los Angeles County; California,3501,06,037,205110
06037205120,Census Tract 2051.20; Los Angeles County; California,3252,06,037,205120
06037206010,Census Tract 2060.10; Los Angeles County; California,3392,06,037,206010
06037206020,Census Tract 2060.20; Los Angeles County; California,7629,06,037,206020
06037206050,Census Tract 2060.50; Los Angeles County; California,2340,06,037,206050
06037206051,Census Tract 2060.51; Los Angeles County; California,1751,06,037,206051
06037206052,Census Tract 2060.52; Los Angeles County; California,3160,06,037,206052
06037206053,Census Tract 2060.53; Los Angeles County; California,3066,06,037,206053
06037206054,Census Tract 2060.54; Los Angeles County; California,2174,06,037,206054
06037206201,Census Tract 2062.01; Los Angeles County; California,2191,06,037,206201
06037206202,Census Tract 2062.02; Los Angeles County; California,1702,06,037,206202
06037206301,Census Tract 2063.01; Los Angeles County; California,1929,06,037,206301
06037206302,Census Tract 2063.02; Los Angeles County; California,1289,06,037,206302
06037206303,Census Tract 2063.03; Los Angeles County; California,2137,06,037,206303
06037207101,Census Tract 2071.01; Los Angeles County; California,4264,06,037,207101
06037207102,Census Tract 2071.02; Los Angeles County; California,3331,06,037,207102
06037207103,Census Tract 2071.03; Los Angeles County; California,2024,06,037,207103
06037207303,Census Tract 2073.03; Los Angeles County; California,2688,06,037,207303
06037207304,Census Tract 2073.04; Los Angeles County; California,2522,06,037,207304
06037207305,Census Tract 2073.05; Los Angeles County; California,1051,06,037,207305
06037207306,Census Tract 2073.06; Los Angeles County; California,2193,06,037,207306
06037207307,Census Tract 2073.07; Los Angeles County; California,1432,06,037,207307
06037207308,Census Tract 2073.08; Los Angeles County; California,1074,06,037,207308
06037207400,Census Tract 2074; Los Angeles County; California,2598,06,037,207400
06037207501,Census Tract 2075.01; Los Angeles County; California,2074,06,037,207501
06037207502,Census Tract 2075.02; Los Angeles County; California,4518,06,037,207502
06037207711,Census Tract 2077.11; Los Angeles County; California,3495,06,037,207711
06037207712,Census Tract 2077.12; Los Angeles County; California,4967,06,037,207712
06037207901,Census Tract 2079.01; Los Angeles County; California,4049,06,037,207901
06037207902,Census Tract 2079.02; Los Angeles County; California,7082,06,037,207902
06037208001,Census Tract 2080.01; Los Angeles County; California,3070,06,037,208001
06037208002,Census Tract 2080.02; Los Angeles County; California,3983,06,037,208002
06037208301,Census Tract 2083.01; Los Angeles County; California,1653,06,037,208301
06037208302,Census Tract 2083.02; Los Angeles County; California,4577,06,037,208302
06037208401,Census Tract 2084.01; Los Angeles County; California,3782,06,037,208401
06037208402,Census Tract 2084.02; Los Angeles County; California,2608,06,037,208402
06037208501,Census Tract 2085.01; Los Angeles County; California,2605,06,037,208501
06037208502,Census Tract 2085.02; Los Angeles County; California,3242,06,037,208502
06037208610,Census Tract 2086.10; Los Angeles County; California,4020,06,037,208610
06037208620,Census Tract 2086.20; Los Angeles County; California,4204,06,037,208620
06037208710,Census Tract 2087.10; Los Angeles County; California,4519,06,037,208710
06037208720,Census Tract 2087.20; Los Angeles County; California,3267,06,037,208720
06037208801,Census Tract 2088.01; Los Angeles County; California,3525,06,037,208801
06037208802,Census Tract 2088.02; Los Angeles County; California,3519,06,037,208802
06037208902,Census Tract 2089.02; Los Angeles County; California,2373,06,037,208902
06037208903,Census Tract 2089.03; Los Angeles County; California,4340,06,037,208903
06037208904,Census Tract 2089.04; Los Angeles County; California,3859,06,037,208904
06037209103,Census Tract 2091.03; Los Angeles County; California,3004,06,037,209103
06037209104,Census Tract 2091.04; Los Angeles County; California,2566,06,037,209104
06037209105,Census Tract 2091.05; Los Angeles County; California,2995,06,037,209105
06037209106,Census Tract 2091.06; Los Angeles County; California,2879,06,037,209106
06037209201,Census Tract 2092.01; Los Angeles County; California,3494,06,037,209201
06037209202,Census Tract 2092.02; Los Angeles County; California,1312,06,037,209202
06037209300,Census Tract 2093; Los Angeles County; California,4917,06,037,209300
06037209401,Census Tract 2094.01; Los Angeles County; California,4391,06,037,209401
06037209402,Census Tract 2094.02; Los Angeles County; California,4013,06,037,209402
06037209403,Census Tract 2094.03; Los Angeles County; California,4136,06,037,209403
06037209510,Census Tract 2095.10; Los Angeles County; California,2957,06,037,209510
06037209520,Census Tract 2095.20; Los Angeles County; California,2228,06,037,209520
06037209810,Census Tract 2098.10; Los Angeles County; California,2601,06,037,209810
06037209820,Census Tract 2098.20; Los Angeles County; California,2548,06,037,209820
06037210010,Census Tract 2100.10; Los Angeles County; California,3012,06,037,210010
06037211000,Census Tract 2110; Los Angeles County; California,5054,06,037,211000
06037211121,Census Tract 2111.21; Los Angeles County; California,2531,06,037,211121
06037211122,Census Tract 2111.22; Los Angeles County; California,2228,06,037,211122
06037211123,Census Tract 2111.23; Los Angeles County; California,1964,06,037,211123
06037211124,Census Tract 2111.24; Los Angeles County; California,4171,06,037,211124
06037211201,Census Tract 2112.01; Los Angeles County; California,2549,06,037,211201
06037211202,Census Tract 2112.02; Los Angeles County; California,2401,06,037,211202
06037211310,Census Tract 2113.10; Los Angeles County; California,3672,06,037,211310
06037211320,Census Tract 2113.20; Los Angeles County; California,3058,06,037,211320
06037211410,Census Tract 2114.10; Los Angeles County; California,2767,06,037,211410
06037211420,Census Tract 2114.20; Los Angeles County; California,3438,06,037,211420
06037211500,Census Tract 2115; Los Angeles County; California,3825,06,037,211500
06037211701,Census Tract 2117.01; Los Angeles County; California,2895,06,037,211701
06037211703,Census Tract 2117.03; Los Angeles County; California,4330,06,037,211703
06037211704,Census Tract 2117.04; Los Angeles County; California,2879,06,037,211704
06037211802,Census Tract 2118.02; Los Angeles County; California,4912,06,037,211802
06037211803,Census Tract 2118.03; Los Angeles County; California,3806,06,037,211803
06037211804,Census Tract 2118.04; Los Angeles County; California,3132,06,037,211804
06037211910,Census Tract 2119.10; Los Angeles County; California,4039,06,037,211910
06037211921,Census Tract 2119.21; Los Angeles County; California,1988,06,037,211921
06037211922,Census Tract 2119.22; Los Angeles County; California,3614,06,037,211922
06037212101,Census Tract 2121.01; Los Angeles County; California,2979,06,037,212101
06037212102,Census Tract 2121.02; Los Angeles County; California,2910,06,037,212102
06037212202,Census Tract 2122.02; Los Angeles County; California,3870,06,037,212202
06037212203,Census Tract 2122.03; Los Angeles County; California,2830,06,037,212203
06037212204,Census Tract 2122.04; Los Angeles County; California,3597,06,037,212204
06037212303,Census Tract 2123.03; Los Angeles County; California,3713,06,037,212303
06037212304,Census Tract 2123.04; Los Angeles County; California,1640,06,037,212304
06037212305,Census Tract 2123.05; Los Angeles County; California,2809,06,037,212305
06037212306,Census Tract 2123.06; Los Angeles County; California,2686,06,037,212306
06037212410,Census Tract 2124.10; Los Angeles County; California,4054,06,037,212410
06037212420,Census Tract 2124.20; Los Angeles County; California,2762,06,037,212420
06037212501,Census Tract 2125.01; Los Angeles County; California,1915,06,037,212501
06037212502,Census Tract 2125.02; Los Angeles County; California,3591,06,037,212502
06037212610,Census Tract 2126.10; Los Angeles County; California,4114,06,037,212610
06037212620,Census Tract 2126.20; Los Angeles County; California,4040,06,037,212620
06037212701,Census Tract 2127.01; Los Angeles County; California,2525,06,037,212701
06037212702,Census Tract 2127.02; Los Angeles County; California,3508,06,037,212702
06037212800,Census Tract 2128; Los Angeles County; California,3479,06,037,212800
06037212900,Census Tract 2129; Los Angeles County; California,3421,06,037,212900
06037213100,Census Tract 2131; Los Angeles County; California,2814,06,037,213100
06037213201,Census Tract 2132.01; Los Angeles County; California,4086,06,037,213201
06037213202,Census Tract 2132.02; Los Angeles County; California,3540,06,037,213202
06037213310,Census Tract 2133.10; Los Angeles County; California,2660,06,037,213310
06037213320,Census Tract 2133.20; Los Angeles County; California,2341,06,037,213320
06037213401,Census Tract 2134.01; Los Angeles County; California,4457,06,037,213401
06037213402,Census Tract 2134.02; Los Angeles County; California,4335,06,037,213402
06037214000,Census Tract 2140; Los Angeles County; California,3736,06,037,214000
06037214100,Census Tract 2141; Los Angeles County; California,4138,06,037,214100
06037214400,Census Tract 2144; Los Angeles County; California,2981,06,037,214400
06037214501,Census Tract 2145.01; Los Angeles County; California,3809,06,037,214501
06037214503,Census Tract 2145.03; Los Angeles County; California,3504,06,037,214503
06037214504,Census Tract 2145.04; Los Angeles County; California,3273,06,037,214504
06037214505,Census Tract 2145.05; Los Angeles County; California,1731,06,037,214505
06037214600,Census Tract 2146; Los Angeles County; California,2280,06,037,214600
06037214700,Census Tract 2147; Los Angeles County; California,2677,06,037,214700
06037214800,Census Tract 2148; Los Angeles County; California,2985,06,037,214800
06037214902,Census Tract 2149.02; Los Angeles County; California,2652,06,037,214902
06037214903,Census Tract 2149.03; Los Angeles County; California,1677,06,037,214903
06037214904,Census Tract 2149.04; Los Angeles County; California,1567,06,037,214904
06037215101,Census Tract 2151.01; Los Angeles County; California,3023,06,037,215101
06037215102,Census Tract 2151.02; Los Angeles County; California,3234,06,037,215102
06037216100,Census Tract 2161; Los Angeles County; California,2179,06,037,216100
06037216201,Census Tract 2162.01; Los Angeles County; California,2626,06,037,216201
06037216202,Census Tract 2162.02; Los Angeles County; California,2613,06,037,216202
06037216301,Census Tract 2163.01; Los Angeles County; California,1448,06,037,216301
06037216302,Census Tract 2163.02; Los Angeles County; California,3210,06,037,216302
06037216401,Census Tract 2164.01; Los Angeles County; California,3998,06,037,216401
06037216402,Census Tract 2164.02; Los Angeles County; California,2648,06,037,216402
06037216700,Census Tract 2167; Los Angeles County; California,3519,06,037,216700
06037216800,Census Tract 2168; Los Angeles County; California,3402,06,037,216800
06037216901,Census Tract 2169.01; Los Angeles County; California,3014,06,037,216901
06037216902,Census Tract 2169.02; Los Angeles County; California,2318,06,037,216902
06037217001,Census Tract 2170.01; Los Angeles County; California,3156,06,037,217001
06037217002,Census Tract 2170.02; Los Angeles County; California,4911,06,037,217002
06037217101,Census Tract 2171.01; Los Angeles County; California,2785,06,037,217101
06037217102,Census Tract 2171.02; Los Angeles County; California,2627,06,037,217102
06037217200,Census Tract 2172; Los Angeles County; California,3809,06,037,217200
06037218110,Census Tract 2181.10; Los Angeles County; California,3153,06,037,218110
06037218120,Census Tract 2181.20; Los Angeles County; California,3790,06,037,218120
06037218210,Census Tract 2182.10; Los Angeles County; California,4113,06,037,218210
06037218220,Census Tract 2182.20; Los Angeles County; California,3811,06,037,218220
06037218300,Census Tract 2183; Los Angeles County; California,4547,06,037,218300
06037218400,Census Tract 2184; Los Angeles County; California,4144,06,037,218400
06037218500,Census Tract 2185; Los Angeles County; California,2669,06,037,218500
06037218600,Census Tract 2186; Los Angeles County; California,2871,06,037,218600
06037218701,Census Tract 2187.01; Los Angeles County; California,1788,06,037,218701
06037218702,Census Tract 2187.02; Los Angeles County; California,2698,06,037,218702
06037218800,Census Tract 2188; Los Angeles County; California,2684,06,037,218800
06037218900,Census Tract 2189; Los Angeles County; California,5397,06,037,218900
06037219010,Census Tract 2190.10; Los Angeles County; California,3108,06,037,219010
06037219020,Census Tract 2190.20; Los Angeles County; California,4190,06,037,219020
06037219300,Census Tract 2193; Los Angeles County; California,3912,06,037,219300
06037219500,Census Tract 2195; Los Angeles County; California,1941,06,037,219500
06037219700,Census Tract 2197; Los Angeles County; California,3876,06,037,219700
06037219800,Census Tract 2198; Los Angeles County; California,3254,06,037,219800
06037219901,Census Tract 2199.01; Los Angeles County; California,4788,06,037,219901
06037219902,Census Tract 2199.02; Los Angeles County; California,3640,06,037,219902
06037220000,Census Tract 2200; Los Angeles County; California,5308,06,037,220000
06037220100,Census Tract 2201; Los Angeles County; California,2386,06,037,220100
06037221110,Census Tract 2211.10; Los Angeles County; California,3027,06,037,221110
06037221120,Census Tract 2211.20; Los Angeles County; California,2924,06,037,221120
06037221210,Census Tract 2212.10; Los Angeles County; California,2829,06,037,221210
06037221220,Census Tract 2212.20; Los Angeles County; California,3081,06,037,221220
06037221302,Census Tract 2213.02; Los Angeles County; California,3782,06,037,221302
06037221303,Census Tract 2213.03; Los Angeles County; California,2527,06,037,221303
06037221304,Census Tract 2213.04; Los Angeles County; California,3615,06,037,221304
06037221401,Census Tract 2214.01; Los Angeles County; California,3690,06,037,221401
06037221402,Census Tract 2214.02; Los Angeles County; California,2771,06,037,221402
06037221500,Census Tract 2215; Los Angeles County; California,3542,06,037,221500
06037221601,Census Tract 2216.01; Los Angeles County; California,3641,06,037,221601
06037221602,Census Tract 2216.02; Los Angeles County; California,2355,06,037,221602
06037221710,Census Tract 2217.10; Los Angeles County; California,2469,06,037,221710
06037221810,Census Tract 2218.10; Los Angeles County; California,2266,06,037,221810
06037221820,Census Tract 2218.20; Los Angeles County; California,2700,06,037,221820
06037221900,Census Tract 2219; Los Angeles County; California,4775,06,037,221900
06037222001,Census Tract 2220.01; Los Angeles County; California,2756,06,037,222001
06037222002,Census Tract 2220.02; Los Angeles County; California,4544,06,037,222002
06037222100,Census Tract 2221; Los Angeles County; California,3964,06,037,222100
06037222200,Census Tract 2222; Los Angeles County; California,3474,06,037,222200
06037222500,Census Tract 2225; Los Angeles County; California,4076,06,037,222500
06037222600,Census Tract 2226; Los Angeles County; California,4907,06,037,222600
06037222700,Census Tract 2227; Los Angeles County; California,4632,06,037,222700
06037224010,Census Tract 2240.10; Los Angeles County; California,2964,06,037,224010
06037224020,Census Tract 2240.20; Los Angeles County; California,2989,06,037,224020
06037224200,Census Tract 2242; Los Angeles County; California,2171,06,037,224200
06037224310,Census Tract 2243.10; Los Angeles County; California,1870,06,037,224310
06037224320,Census Tract 2243.20; Los Angeles County; California,3872,06,037,224320
06037224410,Census Tract 2244.10; Los Angeles County; California,2731,06,037,224410
06037224420,Census Tract 2244.20; Los Angeles County; California,2051,06,037,224420
06037224600,Census Tract 2246; Los Angeles County; California,3040,06,037,224600
06037224701,Census Tract 2247.01; Los Angeles County; California,2550,06,037,224701
06037224702,Census Tract 2247.02; Los Angeles County; California,2483,06,037,224702
06037226001,Census Tract 2260.01; Los Angeles County; California,2011,06,037,226001
06037226002,Census Tract 2260.02; Los Angeles County; California,1900,06,037,226002
06037226410,Census Tract 2264.10; Los Angeles County; California,3334,06,037,226410
06037226420,Census Tract 2264.20; Los Angeles County; California,4928,06,037,226420
06037226701,Census Tract 2267.01; Los Angeles County; California,2287,06,037,226701
06037226702,Census Tract 2267.02; Los Angeles County; California,3749,06,037,226702
06037227010,Census Tract 2270.10; Los Angeles County; California,3932,06,037,227010
06037227020,Census Tract 2270.20; Los Angeles County; California,3232,06,037,227020
06037228100,Census Tract 2281; Los Angeles County; California,4189,06,037,228100
06037228210,Census Tract 2282.10; Los Angeles County; California,3579,06,037,228210
06037228220,Census Tract 2282.20; Los Angeles County; California,4565,06,037,228220
06037228310,Census Tract 2283.10; Los Angeles County; California,4470,06,037,228310
06037228320,Census Tract 2283.20; Los Angeles County; California,3166,06,037,228320
06037228410,Census Tract 2284.10; Los Angeles County; California,3111,06,037,228410
06037228420,Census Tract 2284.20; Los Angeles County; California,2781,06,037,228420
06037228500,Census Tract 2285; Los Angeles County; California,4840,06,037,228500
06037228600,Census Tract 2286; Los Angeles County; California,4894,06,037,228600
06037228710,Census Tract 2287.10; Los Angeles County; California,4127,06,037,228710
06037228720,Census Tract 2287.20; Los Angeles County; California,4773,06,037,228720
06037228800,Census Tract 2288; Los Angeles County; California,5503,06,037,228800
06037228900,Census Tract 2289; Los Angeles County; California,3410,06,037,228900
06037229100,Census Tract 2291; Los Angeles County; California,4420,06,037,229100
06037229200,Census Tract 2292; Los Angeles County; California,4319,06,037,229200
06037229300,Census Tract 2293; Los Angeles County; California,5641,06,037,229300
06037229410,Census Tract 2294.10; Los Angeles County; California,3788,06,037,229410
06037229420,Census Tract 2294.20; Los Angeles County; California,4796,06,037,229420
06037231100,Census Tract 2311; Los Angeles County; California,2785,06,037,231100
06037231210,Census Tract 2312.10; Los Angeles County; California,3984,06,037,231210
06037231220,Census Tract 2312.20; Los Angeles County; California,4274,06,037,231220
06037231301,Census Tract 2313.01; Los Angeles County; California,2920,06,037,231301
06037231302,Census Tract 2313.02; Los Angeles County; California,2933,06,037,231302
06037231400,Census Tract 2314; Los Angeles County; California,4633,06,037,231400
06037231500,Census Tract 2315; Los Angeles County; California,5050,06,037,231500
06037231601,Census Tract 2316.01; Los Angeles County; California,2299,06,037,231601
06037231602,Census Tract 2316.02; Los Angeles County; California,1874,06,037,231602
06037231603,Census Tract 2316.03; Los Angeles County; California,3067,06,037,231603
06037231710,Census Tract 2317.10; Los Angeles County; California,4190,06,037,231710
06037231720,Census Tract 2317.20; Los Angeles County; California,5078,06,037,231720
06037231800,Census Tract 2318; Los Angeles County; California,4995,06,037,231800
06037231901,Census Tract 2319.01; Los Angeles County; California,2820,06,037,231901
06037231902,Census Tract 2319.02; Los Angeles County; California,2877,06,037,231902
06037232110,Census Tract 2321.10; Los Angeles County; California,3375,06,037,232110
06037232120,Census Tract 2321.20; Los Angeles County; California,5199,06,037,232120
06037232200,Census Tract 2322; Los Angeles County; California,3581,06,037,232200
06037232300,Census Tract 2323; Los Angeles County; California,4595,06,037,232300
06037232401,Census Tract 2324.01; Los Angeles County; California,3879,06,037,232401
06037232402,Census Tract 2324.02; Los Angeles County; California,3155,06,037,232402
06037232500,Census Tract 2325; Los Angeles County; California,4870,06,037,232500
06037232601,Census Tract 2326.01; Los Angeles County; California,1846,06,037,232601
06037232602,Census Tract 2326.02; Los Angeles County; California,5364,06,037,232602
06037232701,Census Tract 2327.01; Los Angeles County; California,2288,06,037,232701
06037232702,Census Tract 2327.02; Los Angeles County; California,4529,06,037,232702
06037232800,Census Tract 2328; Los Angeles County; California,3754,06,037,232800
06037234001,Census Tract 2340.01; Los Angeles County; California,2522,06,037,234001
06037234002,Census Tract 2340.02; Los Angeles County; California,2736,06,037,234002
06037234200,Census Tract 2342; Los Angeles County; California,2381,06,037,234200
06037234301,Census Tract 2343.01; Los Angeles County; California,1984,06,037,234301
06037234302,Census Tract 2343.02; Los Angeles County; California,2587,06,037,234302
06037234501,Census Tract 2345.01; Los Angeles County; California,2893,06,037,234501
06037234502,Census Tract 2345.02; Los Angeles County; California,2394,06,037,234502
06037234600,Census Tract 2346; Los Angeles County; California,4731,06,037,234600
06037234700,Census Tract 2347; Los Angeles County; California,3650,06,037,234700
06037234800,Census Tract 2348; Los Angeles County; California,3657,06,037,234800
06037234901,Census Tract 2349.01; Los Angeles County; California,2518,06,037,234901
06037234902,Census Tract 2349.02; Los Angeles County; California,4450,06,037,234902
06037235100,Census Tract 2351; Los Angeles County; California,4121,06,037,235100
06037235201,Census Tract 2352.01; Los Angeles County; California,2925,06,037,235201
06037235202,Census Tract 2352.02; Los Angeles County; California,4195,06,037,235202
06037236001,Census Tract 2360.01; Los Angeles County; California,4362,06,037,236001
06037236101,Census Tract 2361.01; Los Angeles County; California,2596,06,037,236101
06037236102,Census Tract 2361.02; Los Angeles County; California,3638,06,037,236102
06037236203,Census Tract 2362.03; Los Angeles County; California,3699,06,037,236203
06037236204,Census Tract 2362.04; Los Angeles County; California,3342,06,037,236204
06037236205,Census Tract 2362.05; Los Angeles County; California,2979,06,037,236205
06037236206,Census Tract 2362.06; Los Angeles County; California,2665,06,037,236206
06037236400,Census Tract 2364; Los Angeles County; California,4432,06,037,236400
06037237101,Census Tract 2371.01; Los Angeles County; California,3762,06,037,237101
06037237102,Census Tract 2371.02; Los Angeles County; California,4015,06,037,237102
06037237201,Census Tract 2372.01; Los Angeles County; California,3781,06,037,237201
06037237202,Census Tract 2372.02; Los Angeles County; California,4121,06,037,237202
06037237300,Census Tract 2373; Los Angeles County; California,5621,06,037,237300
06037237401,Census Tract 2374.01; Los Angeles County; California,3957,06,037,237401
06037237402,Census Tract 2374.02; Los Angeles County; California,4207,06,037,237402
06037237500,Census Tract 2375; Los Angeles County; California,2631,06,037,237500
06037237600,Census Tract 2376; Los Angeles County; California,3941,06,037,237600
06037237710,Census Tract 2377.10; Los Angeles County; California,4062,06,037,237710
06037237720,Census Tract 2377.20; Los Angeles County; California,3410,06,037,237720
06037237800,Census Tract 2378; Los Angeles County; California,4324,06,037,237800
06037237900,Census Tract 2379; Los Angeles County; California,4211,06,037,237900
06037238000,Census Tract 2380; Los Angeles County; California,5831,06,037,238000
06037238100,Census Tract 2381; Los Angeles County; California,4922,06,037,238100
06037238200,Census Tract 2382; Los Angeles County; California,6588,06,037,238200
06037238310,Census Tract 2383.10; Los Angeles County; California,5248,06,037,238310
06037238320,Census Tract 2383.20; Los Angeles County; California,3617,06,037,238320
06037238400,Census Tract 2384; Los Angeles County; California,4601,06,037,238400
06037239201,Census Tract 2392.01; Los Angeles County; California,3455,06,037,239201
06037239202,Census Tract 2392.02; Los Angeles County; California,5338,06,037,239202
06037239310,Census Tract 2393.10; Los Angeles County; California,3737,06,037,239310
06037239320,Census Tract 2393.20; Los Angeles County; California,2940,06,037,239320
06037239330,Census Tract 2393.30; Los Angeles County; California,3424,06,037,239330
06037239501,Census Tract 2395.01; Los Angeles County; California,3513,06,037,239501
06037239502,Census Tract 2395.02; Los Angeles County; California,3406,06,037,239502
06037239601,Census Tract 2396.01; Los Angeles County; California,3957,06,037,239601
06037239602,Census Tract 2396.02; Los Angeles County; California,3533,06,037,239602
06037239701,Census Tract 2397.01; Los Angeles County; California,3979,06,037,239701
06037239702,Census Tract 2397.02; Los Angeles County; California,4285,06,037,239702
06037239801,Census Tract 2398.01; Los Angeles County; California,4287,06,037,239801
06037239802,Census Tract 2398.02; Los Angeles County; California,5365,06,037,239802
06037240010,Census Tract 2400.10; Los Angeles County; California,3986,06,037,240010
06037240020,Census Tract 2400.20; Los Angeles County; California,5324,06,037,240020
06037240200,Census Tract 2402; Los Angeles County; California,5728,06,037,240200
06037240301,Census Tract 2403.01; Los Angeles County; California,2961,06,037,240301
06037240302,Census Tract 2403.02; Los Angeles County; California,2969,06,037,240302
06037240401,Census Tract 2404.01; Los Angeles County; California,5550,06,037,240401
06037240402,Census Tract 2404.02; Los Angeles County; California,3954,06,037,240402
06037240500,Census Tract 2405; Los Angeles County; California,6480,06,037,240500
06037240600,Census Tract 2406; Los Angeles County; California,4939,06,037,240600
06037240700,Census Tract 2407; Los Angeles County; California,6196,06,037,240700
06037240800,Census Tract 2408; Los Angeles County; California,4333,06,037,240800
06037240901,Census Tract 2409.01; Los Angeles County; California,2323,06,037,240901
06037240902,Census Tract 2409.02; Los Angeles County; California,3355,06,037,240902
06037241001,Census Tract 2410.01; Los Angeles County; California,5690,06,037,241001
06037241002,Census Tract 2410.02; Los Angeles County; California,4104,06,037,241002
06037241110,Census Tract 2411.10; Los Angeles County; California,3266,06,037,241110
06037241120,Census Tract 2411.20; Los Angeles County; California,4313,06,037,241120
06037241201,Census Tract 2412.01; Los Angeles County; California,3291,06,037,241201
06037241202,Census Tract 2412.02; Los Angeles County; California,5020,06,037,241202
06037241300,Census Tract 2413; Los Angeles County; California,2245,06,037,241300
06037241400,Census Tract 2414; Los Angeles County; California,4022,06,037,241400
06037242000,Census Tract 2420; Los Angeles County; California,3857,06,037,242000
06037242100,Census Tract 2421; Los Angeles County; California,2167,06,037,242100
06037242201,Census Tract 2422.01; Los Angeles County; California,3869,06,037,242201
06037242202,Census Tract 2422.02; Los Angeles County; California,2642,06,037,242202
06037242300,Census Tract 2423; Los Angeles County; California,4517,06,037,242300
06037242600,Census Tract 2426; Los Angeles County; California,4749,06,037,242600
06037242700,Census Tract 2427; Los Angeles County; California,4724,06,037,242700
06037243001,Census Tract 2430.01; Los Angeles County; California,3501,06,037,243001
06037243002,Census Tract 2430.02; Los Angeles County; California,3021,06,037,243002
06037243100,Census Tract 2431; Los Angeles County; California,5004,06,037,243100
06037261102,Census Tract 2611.02; Los Angeles County; California,3841,06,037,261102
06037261103,Census Tract 2611.03; Los Angeles County; California,1773,06,037,261103
06037261104,Census Tract 2611.04; Los Angeles County; California,1503,06,037,261104
06037261200,Census Tract 2612; Los Angeles County; California,3929,06,037,261200
06037262100,Census Tract 2621; Los Angeles County; California,2860,06,037,262100
06037262200,Census Tract 2622; Los Angeles County; California,4798,06,037,262200
06037262301,Census Tract 2623.01; Los Angeles County; California,2988,06,037,262301
06037262302,Census Tract 2623.02; Los Angeles County; California,2973,06,037,262302
06037262303,Census Tract 2623.03; Los Angeles County; California,2953,06,037,262303
06037262400,Census Tract 2624; Los Angeles County; California,2816,06,037,262400
06037262501,Census Tract 2625.01; Los Angeles County; California,3711,06,037,262501
06037262601,Census Tract 2626.01; Los Angeles County; California,3446,06,037,262601
06037262604,Census Tract 2626.04; Los Angeles County; California,6106,06,037,262604
06037262704,Census Tract 2627.04; Los Angeles County; California,3481,06,037,262704
06037262706,Census Tract 2627.06; Los Angeles County; California,3292,06,037,262706
06037262802,Census Tract 2628.02; Los Angeles County; California,3522,06,037,262802
06037264000,Census Tract 2640; Los Angeles County; California,3145,06,037,264000
06037264102,Census Tract 2641.02; Los Angeles County; California,3061,06,037,264102
06037264103,Census Tract 2641.03; Los Angeles County; California,2646,06,037,264103
06037264303,Census Tract 2643.03; Los Angeles County; California,2635,06,037,264303
06037264304,Census Tract 2643.04; Los Angeles County; California,2276,06,037,264304
06037264305,Census Tract 2643.05; Los Angeles County; California,4518,06,037,264305
06037264306,Census Tract 2643.06; Los Angeles County; California,1806,06,037,264306
06037265100,Census Tract 2651; Los Angeles County; California,2194,06,037,265100
06037265201,Census Tract 2652.01; Los Angeles County; California,2526,06,037,265201
06037265203,Census Tract 2652.03; Los Angeles County; California,2056,06,037,265203
06037265204,Census Tract 2652.04; Los Angeles County; California,1505,06,037,265204
06037265301,Census Tract 2653.01; Los Angeles County; California,13681,06,037,265301
06037265303,Census Tract 2653.03; Los Angeles County; California,4184,06,037,265303
06037265304,Census Tract 2653.04; Los Angeles County; California,3603,06,037,265304
06037265306,Census Tract 2653.06; Los Angeles County; California,1920,06,037,265306
06037265307,Census Tract 2653.07; Los Angeles County; California,2983,06,037,265307
06037265410,Census Tract 2654.10; Los Angeles County; California,1732,06,037,265410
06037265420,Census Tract 2654.20; Los Angeles County; California,1696,06,037,265420
06037265521,Census Tract 2655.21; Los Angeles County; California,1578,06,037,265521
06037265522,Census Tract 2655.22; Los Angeles County; California,1975,06,037,265522
06037265523,Census Tract 2655.23; Los Angeles County; California,2394,06,037,265523
06037265524,Census Tract 2655.24; Los Angeles County; California,2806,06,037,265524
06037265601,Census Tract 2656.01; Los Angeles County; California,2865,06,037,265601
06037265602,Census Tract 2656.02; Los Angeles County; California,3068,06,037,265602
06037265701,Census Tract 2657.01; Los Angeles County; California,1692,06,037,265701
06037265702,Census Tract 2657.02; Los Angeles County; California,2942,06,037,265702
06037267101,Census Tract 2671.01; Los Angeles County; California,3039,06,037,267101
06037267102,Census Tract 2671.02; Los Angeles County; California,3258,06,037,267102
06037267201,Census Tract 2672.01; Los Angeles County; California,2666,06,037,267201
06037267202,Census Tract 2672.02; Los Angeles County; California,3880,06,037,267202
06037267300,Census Tract 2673; Los Angeles County; California,4339,06,037,267300
06037267403,Census Tract 2674.03; Los Angeles County; California,3677,06,037,267403
06037267404,Census Tract 2674.04; Los Angeles County; California,3336,06,037,267404
06037267405,Census Tract 2674.05; Los Angeles County; California,2512,06,037,267405
06037267406,Census Tract 2674.06; Los Angeles County; California,1984,06,037,267406
06037267502,Census Tract 2675.02; Los Angeles County; California,3403,06,037,267502
06037267503,Census Tract 2675.03; Los Angeles County; California,2326,06,037,267503
06037267504,Census Tract 2675.04; Los Angeles County; California,3544,06,037,267504
06037267600,Census Tract 2676; Los Angeles County; California,2767,06,037,267600
06037267700,Census Tract 2677; Los Angeles County; California,3744,06,037,267700
06037267800,Census Tract 2678; Los Angeles County; California,3600,06,037,267800
06037267901,Census Tract 2679.01; Los Angeles County; California,3769,06,037,267901
06037267902,Census Tract 2679.02; Los Angeles County; California,3837,06,037,267902
06037269000,Census Tract 2690; Los Angeles County; California,4953,06,037,269000
06037269100,Census Tract 2691; Los Angeles County; California,4227,06,037,269100
06037269300,Census Tract 2693; Los Angeles County; California,3757,06,037,269300
06037269500,Census Tract 2695; Los Angeles County; California,3962,06,037,269500
06037269601,Census Tract 2696.01; Los Angeles County; California,3389,06,037,269601
06037269602,Census Tract 2696.02; Los Angeles County; California,2383,06,037,269602
06037269700,Census Tract 2697; Los Angeles County; California,4043,06,037,269700
06037269800,Census Tract 2698; Los Angeles County; California,3384,06,037,269800
06037269903,Census Tract 2699.03; Los Angeles County; California,3601,06,037,269903
06037269905,Census Tract 2699.05; Los Angeles County; California,2188,06,037,269905
06037269906,Census Tract 2699.06; Los Angeles County; California,3151,06,037,269906
06037269907,Census Tract 2699.07; Los Angeles County; California,2704,06,037,269907
06037269908,Census Tract 2699.08; Los Angeles County; California,1868,06,037,269908
06037269909,Census Tract 2699.09; Los Angeles County; California,2238,06,037,269909
06037270101,Census Tract 2701.01; Los Angeles County; California,1832,06,037,270101
06037270102,Census Tract 2701.02; Los Angeles County; California,2380,06,037,270102
06037270200,Census Tract 2702; Los Angeles County; California,3401,06,037,270200
06037270300,Census Tract 2703; Los Angeles County; California,2599,06,037,270300
06037271100,Census Tract 2711; Los Angeles County; California,2438,06,037,271100
06037271200,Census Tract 2712; Los Angeles County; California,2931,06,037,271200
06037271300,Census Tract 2713; Los Angeles County; California,4865,06,037,271300
06037271400,Census Tract 2714; Los Angeles County; California,3331,06,037,271400
06037271500,Census Tract 2715; Los Angeles County; California,3094,06,037,271500
06037271600,Census Tract 2716; Los Angeles County; California,5608,06,037,271600
06037271702,Census Tract 2717.02; Los Angeles County; California,4664,06,037,271702
06037271703,Census Tract 2717.03; Los Angeles County; California,2805,06,037,271703
06037271704,Census Tract 2717.04; Los Angeles County; California,2987,06,037,271704
06037271801,Census Tract 2718.01; Los Angeles County; California,3589,06,037,271801
06037271803,Census Tract 2718.03; Los Angeles County; California,3426,06,037,271803
06037271804,Census Tract 2718.04; Los Angeles County; California,2402,06,037,271804
06037271901,Census Tract 2719.01; Los Angeles County; California,3346,06,037,271901
06037271902,Census Tract 2719.02; Los Angeles County; California,3991,06,037,271902
06037272100,Census Tract 2721; Los Angeles County; California,4550,06,037,272100
06037272201,Census Tract 2722.01; Los Angeles County; California,2344,06,037,272201
06037272202,Census Tract 2722.02; Los Angeles County; California,3143,06,037,272202
06037272301,Census Tract 2723.01; Los Angeles County; California,3310,06,037,272301
06037272302,Census Tract 2723.02; Los Angeles County; California,3996,06,037,272302
06037273100,Census Tract 2731; Los Angeles County; California,3110,06,037,273100
06037273200,Census Tract 2732; Los Angeles County; California,2792,06,037,273200
06037273300,Census Tract 2733; Los Angeles County; California,3151,06,037,273300
06037273403,Census Tract 2734.03; Los Angeles County; California,1398,06,037,273403
06037273404,Census Tract 2734.04; Los Angeles County; California,1571,06,037,273404
06037273502,Census Tract 2735.02; Los Angeles County; California,2453,06,037,273502
06037273600,Census Tract 2736; Los Angeles County; California,2279,06,037,273600
06037273700,Census Tract 2737; Los Angeles County; California,2782,06,037,273700
06037273800,Census Tract 2738; Los Angeles County; California,2907,06,037,273800
06037273902,Census Tract 2739.02; Los Angeles County; California,4105,06,037,273902
06037274100,Census Tract 2741; Los Angeles County; California,4386,06,037,274100
06037274202,Census Tract 2742.02; Los Angeles County; California,4286,06,037,274202
06037275101,Census Tract 2751.01; Los Angeles County; California,962,06,037,275101
06037275102,Census Tract 2751.02; Los Angeles County; California,3661,06,037,275102
06037275200,Census Tract 2752; Los Angeles County; California,3686,06,037,275200
06037275311,Census Tract 2753.11; Los Angeles County; California,5234,06,037,275311
06037275312,Census Tract 2753.12; Los Angeles County; California,1795,06,037,275312
06037275313,Census Tract 2753.13; Los Angeles County; California,3470,06,037,275313
06037275400,Census Tract 2754; Los Angeles County; California,4336,06,037,275400
06037275500,Census Tract 2755; Los Angeles County; California,5086,06,037,275500
06037275603,Census Tract 2756.03; Los Angeles County; California,2759,06,037,275603
06037275604,Census Tract 2756.04; Los Angeles County; California,9869,06,037,275604
06037275605,Census Tract 2756.05; Los Angeles County; California,2915,06,037,275605
06037276000,Census Tract 2760; Los Angeles County; California,6626,06,037,276000
06037276101,Census Tract 2761.01; Los Angeles County; California,3441,06,037,276101
06037276102,Census Tract 2761.02; Los Angeles County; California,3429,06,037,276102
06037276400,Census Tract 2764; Los Angeles County; California,4233,06,037,276400
06037276500,Census Tract 2765; Los Angeles County; California,5464,06,037,276500
06037276601,Census Tract 2766.01; Los Angeles County; California,4055,06,037,276601
06037276605,Census Tract 2766.05; Los Angeles County; California,2452,06,037,276605
06037276606,Census Tract 2766.06; Los Angeles County; California,3310,06,037,276606
06037276607,Census Tract 2766.07; Los Angeles County; California,2709,06,037,276607
06037276608,Census Tract 2766.08; Los Angeles County; California,1819,06,037,276608
06037277000,Census Tract 2770; Los Angeles County; California,5711,06,037,277000
06037277100,Census Tract 2771; Los Angeles County; California,3179,06,037,277100
06037277200,Census Tract 2772; Los Angeles County; California,1893,06,037,277200
06037277400,Census Tract 2774; Los Angeles County; California,0,06,037,277400
06037278001,Census Tract 2780.01; Los Angeles County; California,2572,06,037,278001
06037278102,Census Tract 2781.02; Los Angeles County; California,2917,06,037,278102
06037291110,Census Tract 2911.10; Los Angeles County; California,3749,06,037,291110
06037291120,Census Tract 2911.20; Los Angeles County; California,2063,06,037,291120
06037291130,Census Tract 2911.30; Los Angeles County; California,3412,06,037,291130
06037291210,Census Tract 2912.10; Los Angeles County; California,4785,06,037,291210
06037291220,Census Tract 2912.20; Los Angeles County; California,2988,06,037,291220
06037291300,Census Tract 2913; Los Angeles County; California,3065,06,037,291300
06037292001,Census Tract 2920.01; Los Angeles County; California,4522,06,037,292001
06037292002,Census Tract 2920.02; Los Angeles County; California,1882,06,037,292002
06037293203,Census Tract 2932.03; Los Angeles County; California,2996,06,037,293203
06037293204,Census Tract 2932.04; Los Angeles County; California,4230,06,037,293204
06037293205,Census Tract 2932.05; Los Angeles County; California,3515,06,037,293205
06037293206,Census Tract 2932.06; Los Angeles County; California,2463,06,037,293206
06037293301,Census Tract 2933.01; Los Angeles County; California,2598,06,037,293301
06037293302,Census Tract 2933.02; Los Angeles County; California,4864,06,037,293302
06037293304,Census Tract 2933.04; Los Angeles County; California,4594,06,037,293304
06037293306,Census Tract 2933.06; Los Angeles County; California,2420,06,037,293306
06037293307,Census Tract 2933.07; Los Angeles County; California,3033,06,037,293307
06037294110,Census Tract 2941.10; Los Angeles County; California,3889,06,037,294110
06037294120,Census Tract 2941.20; Los Angeles County; California,2403,06,037,294120
06037294200,Census Tract 2942; Los Angeles County; California,4139,06,037,294200
06037294301,Census Tract 2943.01; Los Angeles County; California,2685,06,037,294301
06037294302,Census Tract 2943.02; Los Angeles County; California,4435,06,037,294302
06037294410,Census Tract 2944.10; Los Angeles County; California,5023,06,037,294410
06037294421,Census Tract 2944.21; Los Angeles County; California,2410,06,037,294421
06037294510,Census Tract 2945.10; Los Angeles County; California,4269,06,037,294510
06037294520,Census Tract 2945.20; Los Angeles County; California,3493,06,037,294520
06037294610,Census Tract 2946.10; Los Angeles County; California,4312,06,037,294610
06037294620,Census Tract 2946.20; Los Angeles County; California,3810,06,037,294620
06037294701,Census Tract 2947.01; Los Angeles County; California,2987,06,037,294701
06037294810,Census Tract 2948.10; Los Angeles County; California,3991,06,037,294810
06037294820,Census Tract 2948.20; Los Angeles County; California,3279,06,037,294820
06037294830,Census Tract 2948.30; Los Angeles County; California,3706,06,037,294830
06037294900,Census Tract 2949; Los Angeles County; California,3902,06,037,294900
06037295103,Census Tract 2951.03; Los Angeles County; California,4897,06,037,295103
06037296210,Census Tract 2962.10; Los Angeles County; California,3355,06,037,296210
06037296220,Census Tract 2962.20; Los Angeles County; California,3924,06,037,296220
06037296300,Census Tract 2963; Los Angeles County; California,5111,06,037,296300
06037296401,Census Tract 2964.01; Los Angeles County; California,3120,06,037,296401
06037296402,Census Tract 2964.02; Los Angeles County; California,3247,06,037,296402
06037296500,Census Tract 2965; Los Angeles County; California,3756,06,037,296500
06037296600,Census Tract 2966; Los Angeles County; California,5319,06,037,296600
06037296901,Census Tract 2969.01; Los Angeles County; California,4661,06,037,296901
06037296902,Census Tract 2969.02; Los Angeles County; California,4306,06,037,296902
06037297001,Census Tract 2970.01; Los Angeles County; California,1522,06,037,297001
06037297002,Census Tract 2970.02; Los Angeles County; California,4267,06,037,297002
06037297110,Census Tract 2971.10; Los Angeles County; California,4693,06,037,297110
06037297120,Census Tract 2971.20; Los Angeles County; California,3519,06,037,297120
06037297201,Census Tract 2972.01; Los Angeles County; California,3768,06,037,297201
06037297202,Census Tract 2972.02; Los Angeles County; California,4238,06,037,297202
06037297300,Census Tract 2973; Los Angeles County; California,2081,06,037,297300
06037297400,Census Tract 2974; Los Angeles County; California,3695,06,037,297400
06037297501,Census Tract 2975.01; Los Angeles County; California,2697,06,037,297501
06037297502,Census Tract 2975.02; Los Angeles County; California,2426,06,037,297502
06037297601,Census Tract 2976.01; Los Angeles County; California,3579,06,037,297601
06037297602,Census Tract 2976.02; Los Angeles County; California,3540,06,037,297602
06037300100,Census Tract 3001; Los Angeles County; California,6148,06,037,300100
06037300200,Census Tract 3002; Los Angeles County; California,5697,06,037,300200
06037300301,Census Tract 3003.01; Los Angeles County; California,5914,06,037,300301
06037300400,Census Tract 3004; Los Angeles County; California,5486,06,037,300400
06037300501,Census Tract 3005.01; Los Angeles County; California,2774,06,037,300501
06037300503,Census Tract 3005.03; Los Angeles County; California,5041,06,037,300503
06037300601,Census Tract 3006.01; Los Angeles County; California,5617,06,037,300601
06037300602,Census Tract 3006.02; Los Angeles County; California,3177,06,037,300602
06037300701,Census Tract 3007.01; Los Angeles County; California,5444,06,037,300701
06037300702,Census Tract 3007.02; Los Angeles County; California,5806,06,037,300702
06037300800,Census Tract 3008; Los Angeles County; California,7387,06,037,300800
06037300901,Census Tract 3009.01; Los Angeles County; California,5478,06,037,300901
06037300902,Census Tract 3009.02; Los Angeles County; California,2051,06,037,300902
06037301000,Census Tract 3010; Los Angeles County; California,5390,06,037,301000
06037301100,Census Tract 3011; Los Angeles County; California,6912,06,037,301100
06037301203,Census Tract 3012.03; Los Angeles County; California,3794,06,037,301203
06037301204,Census Tract 3012.04; Los Angeles County; California,4967,06,037,301204
06037301205,Census Tract 3012.05; Los Angeles County; California,2154,06,037,301205
06037301206,Census Tract 3012.06; Los Angeles County; California,4998,06,037,301206
06037301300,Census Tract 3013; Los Angeles County; California,2061,06,037,301300
06037301400,Census Tract 3014; Los Angeles County; California,3967,06,037,301400
06037301501,Census Tract 3015.01; Los Angeles County; California,1696,06,037,301501
06037301502,Census Tract 3015.02; Los Angeles County; California,7498,06,037,301502
06037301601,Census Tract 3016.01; Los Angeles County; California,5513,06,037,301601
06037301602,Census Tract 3016.02; Los Angeles County; California,3597,06,037,301602
06037301701,Census Tract 3017.01; Los Angeles County; California,2702,06,037,301701
06037301702,Census Tract 3017.02; Los Angeles County; California,5795,06,037,301702
06037301801,Census Tract 3018.01; Los Angeles County; California,6185,06,037,301801
06037301802,Census Tract 3018.02; Los Angeles County; California,5752,06,037,301802
06037301901,Census Tract 3019.01; Los Angeles County; California,3949,06,037,301901
06037301902,Census Tract 3019.02; Los Angeles County; California,3358,06,037,301902
06037302002,Census Tract 3020.02; Los Angeles County; California,3829,06,037,302002
06037302003,Census Tract 3020.03; Los Angeles County; California,3715,06,037,302003
06037302004,Census Tract 3020.04; Los Angeles County; California,3872,06,037,302004
06037302102,Census Tract 3021.02; Los Angeles County; California,5819,06,037,302102
06037302103,Census Tract 3021.03; Los Angeles County; California,5115,06,037,302103
06037302104,Census Tract 3021.04; Los Angeles County; California,3510,06,037,302104
06037302201,Census Tract 3022.01; Los Angeles County; California,3381,06,037,302201
06037302202,Census Tract 3022.02; Los Angeles County; California,4946,06,037,302202
06037302301,Census Tract 3023.01; Los Angeles County; California,3654,06,037,302301
06037302302,Census Tract 3023.02; Los Angeles County; California,5134,06,037,302302
06037302401,Census Tract 3024.01; Los Angeles County; California,6728,06,037,302401
06037302503,Census Tract 3025.03; Los Angeles County; California,3935,06,037,302503
06037302504,Census Tract 3025.04; Los Angeles County; California,3295,06,037,302504
06037302505,Census Tract 3025.05; Los Angeles County; California,3962,06,037,302505
06037302506,Census Tract 3025.06; Los Angeles County; California,3205,06,037,302506
06037310100,Census Tract 3101; Los Angeles County; California,5968,06,037,310100
06037310201,Census Tract 3102.01; Los Angeles County; California,5063,06,037,310201
06037310202,Census Tract 3102.02; Los Angeles County; California,4684,06,037,310202
06037310300,Census Tract 3103; Los Angeles County; California,2986,06,037,310300
06037310400,Census Tract 3104; Los Angeles County; California,3609,06,037,310400
06037310501,Census Tract 3105.01; Los Angeles County; California,3582,06,037,310501
06037310601,Census Tract 3106.01; Los Angeles County; California,6426,06,037,310601
06037310602,Census Tract 3106.02; Los Angeles County; California,2651,06,037,310602
06037310701,Census Tract 3107.01; Los Angeles County; California,2315,06,037,310701
06037310703,Census Tract 3107.03; Los Angeles County; California,5129,06,037,310703
06037310704,Census Tract 3107.04; Los Angeles County; California,4516,06,037,310704
06037310705,Census Tract 3107.05; Los Angeles County; California,2404,06,037,310705
06037310800,Census Tract 3108; Los Angeles County; California,5205,06,037,310800
06037310900,Census Tract 3109; Los Angeles County; California,6720,06,037,310900
06037311000,Census Tract 3110; Los Angeles County; California,3768,06,037,311000
06037311100,Census Tract 3111; Los Angeles County; California,3923,06,037,311100
06037311200,Census Tract 3112; Los Angeles County; California,3118,06,037,311200
06037311300,Census Tract 3113; Los Angeles County; California,3776,06,037,311300
06037311400,Census Tract 3114; Los Angeles County; California,2408,06,037,311400
06037311500,Census Tract 3115; Los Angeles County; California,6026,06,037,311500
06037311601,Census Tract 3116.01; Los Angeles County; California,2996,06,037,311601
06037311602,Census Tract 3116.02; Los Angeles County; California,4618,06,037,311602
06037311700,Census Tract 3117; Los Angeles County; California,5763,06,037,311700
06037311801,Census Tract 3118.01; Los Angeles County; California,2811,06,037,311801
06037311802,Census Tract 3118.02; Los Angeles County; California,4081,06,037,311802
06037320101,Census Tract 3201.01; Los Angeles County; California,3385,06,037,320101
06037320102,Census Tract 3201.02; Los Angeles County; California,3715,06,037,320102
06037320201,Census Tract 3202.01; Los Angeles County; California,3939,06,037,320201
06037320202,Census Tract 3202.02; Los Angeles County; California,5863,06,037,320202
06037320300,Census Tract 3203; Los Angeles County; California,6730,06,037,320300
06037400205,Census Tract 4002.05; Los Angeles County; California,2482,06,037,400205
06037400206,Census Tract 4002.06; Los Angeles County; California,5199,06,037,400206
06037400207,Census Tract 4002.07; Los Angeles County; California,4618,06,037,400207
06037400208,Census Tract 4002.08; Los Angeles County; California,1382,06,037,400208
06037400209,Census Tract 4002.09; Los Angeles County; California,4696,06,037,400209
06037400304,Census Tract 4003.04; Los Angeles County; California,8516,06,037,400304
06037400402,Census Tract 4004.02; Los Angeles County; California,4324,06,037,400402
06037400403,Census Tract 4004.03; Los Angeles County; California,4222,06,037,400403
06037400404,Census Tract 4004.04; Los Angeles County; California,4246,06,037,400404
06037400501,Census Tract 4005.01; Los Angeles County; California,1839,06,037,400501
06037400602,Census Tract 4006.02; Los Angeles County; California,4366,06,037,400602
06037400603,Census Tract 4006.03; Los Angeles County; California,4793,06,037,400603
06037400605,Census Tract 4006.05; Los Angeles County; California,6904,06,037,400605
06037400801,Census Tract 4008.01; Los Angeles County; California,6825,06,037,400801
06037401001,Census Tract 4010.01; Los Angeles County; California,2605,06,037,401001
06037401002,Census Tract 4010.02; Los Angeles County; California,4553,06,037,401002
06037401101,Census Tract 4011.01; Los Angeles County; California,5547,06,037,401101
06037401102,Census Tract 4011.02; Los Angeles County; California,3854,06,037,401102
06037401201,Census Tract 4012.01; Los Angeles County; California,3502,06,037,401201
06037401202,Census Tract 4012.02; Los Angeles County; California,4162,06,037,401202
06037401203,Census Tract 4012.03; Los Angeles County; California,4967,06,037,401203
06037401303,Census Tract 4013.03; Los Angeles County; California,2246,06,037,401303
06037401304,Census Tract 4013.04; Los Angeles County; California,4938,06,037,401304
06037401311,Census Tract 4013.11; Los Angeles County; California,6766,06,037,401311
06037401312,Census Tract 4013.12; Los Angeles County; California,4645,06,037,401312
06037401500,Census Tract 4015; Los Angeles County; California,5993,06,037,401500
06037401601,Census Tract 4016.01; Los Angeles County; California,5073,06,037,401601
06037401602,Census Tract 4016.02; Los Angeles County; California,5344,06,037,401602
06037401705,Census Tract 4017.05; Los Angeles County; California,2596,06,037,401705
06037401706,Census Tract 4017.06; Los Angeles County; California,5106,06,037,401706
06037401707,Census Tract 4017.07; Los Angeles County; California,8178,06,037,401707
06037401801,Census Tract 4018.01; Los Angeles County; California,4496,06,037,401801
06037401802,Census Tract 4018.02; Los Angeles County; California,3896,06,037,401802
06037401901,Census Tract 4019.01; Los Angeles County; California,4643,06,037,401901
06037401902,Census Tract 4019.02; Los Angeles County; California,5896,06,037,401902
06037402001,Census Tract 4020.01; Los Angeles County; California,4389,06,037,402001
06037402002,Census Tract 4020.02; Los Angeles County; California,3719,06,037,402002
06037402101,Census Tract 4021.01; Los Angeles County; California,4574,06,037,402101
06037402102,Census Tract 4021.02; Los Angeles County; California,4817,06,037,402102
06037402200,Census Tract 4022; Los Angeles County; California,7245,06,037,402200
06037402301,Census Tract 4023.01; Los Angeles County; California,5259,06,037,402301
06037402303,Census Tract 4023.03; Los Angeles County; California,3698,06,037,402303
06037402304,Census Tract 4023.04; Los Angeles County; California,4046,06,037,402304
06037402403,Census Tract 4024.03; Los Angeles County; California,4826,06,037,402403
06037402404,Census Tract 4024.04; Los Angeles County; California,1224,06,037,402404
06037402405,Census Tract 4024.05; Los Angeles County; California,2551,06,037,402405
06037402406,Census Tract 4024.06; Los Angeles County; California,4518,06,037,402406
06037402501,Census Tract 4025.01; Los Angeles County; California,5394,06,037,402501
06037402503,Census Tract 4025.03; Los Angeles County; California,4716,06,037,402503
06037402504,Census Tract 4025.04; Los Angeles County; California,2267,06,037,402504
06037402601,Census Tract 4026.01; Los Angeles County; California,2921,06,037,402601
06037402602,Census Tract 4026.02; Los Angeles County; California,4498,06,037,402602
06037402702,Census Tract 4027.02; Los Angeles County; California,5009,06,037,402702
06037402703,Census Tract 4027.03; Los Angeles County; California,5443,06,037,402703
06037402705,Census Tract 4027.05; Los Angeles County; California,3704,06,037,402705
06037402706,Census Tract 4027.06; Los Angeles County; California,3311,06,037,402706
06037402801,Census Tract 4028.01; Los Angeles County; California,4623,06,037,402801
06037402803,Census Tract 4028.03; Los Angeles County; California,3341,06,037,402803
06037402804,Census Tract 4028.04; Los Angeles County; California,4217,06,037,402804
06037402902,Census Tract 4029.02; Los Angeles County; California,6882,06,037,402902
06037402903,Census Tract 4029.03; Los Angeles County; California,3931,06,037,402903
06037402904,Census Tract 4029.04; Los Angeles County; California,3636,06,037,402904
06037403000,Census Tract 4030; Los Angeles County; California,6471,06,037,403000
06037403305,Census Tract 4033.05; Los Angeles County; California,2308,06,037,403305
06037403316,Census Tract 4033.16; Los Angeles County; California,6890,06,037,403316
06037403317,Census Tract 4033.17; Los Angeles County; California,5090,06,037,403317
06037403318,Census Tract 4033.18; Los Angeles County; California,5894,06,037,403318
06037403319,Census Tract 4033.19; Los Angeles County; California,4319,06,037,403319
06037403320,Census Tract 4033.20; Los Angeles County; California,5400,06,037,403320
06037403321,Census Tract 4033.21; Los Angeles County; California,4927,06,037,403321
06037403323,Census Tract 4033.23; Los Angeles County; California,5331,06,037,403323
06037403324,Census Tract 4033.24; Los Angeles County; California,6418,06,037,403324
06037403325,Census Tract 4033.25; Los Angeles County; California,4706,06,037,403325
06037403326,Census Tract 4033.26; Los Angeles County; California,2350,06,037,403326
06037403327,Census Tract 4033.27; Los Angeles County; California,2402,06,037,403327
06037403328,Census Tract 4033.28; Los Angeles County; California,5347,06,037,403328
06037403401,Census Tract 4034.01; Los Angeles County; California,4705,06,037,403401
06037403402,Census Tract 4034.02; Los Angeles County; California,3241,06,037,403402
06037403403,Census Tract 4034.03; Los Angeles County; California,5061,06,037,403403
06037403404,Census Tract 4034.04; Los Angeles County; California,2114,06,037,403404
06037403407,Census Tract 4034.07; Los Angeles County; California,2368,06,037,403407
06037403408,Census Tract 4034.08; Los Angeles County; California,6156,06,037,403408
06037403409,Census Tract 4034.09; Los Angeles County; California,3966,06,037,403409
06037403500,Census Tract 4035; Los Angeles County; California,1414,06,037,403500
06037403601,Census Tract 4036.01; Los Angeles County; California,6713,06,037,403601
06037403702,Census Tract 4037.02; Los Angeles County; California,4281,06,037,403702
06037403703,Census Tract 4037.03; Los Angeles County; California,4848,06,037,403703
06037403721,Census Tract 4037.21; Los Angeles County; California,5669,06,037,403721
06037403722,Census Tract 4037.22; Los Angeles County; California,5564,06,037,403722
06037403801,Census Tract 4038.01; Los Angeles County; California,5529,06,037,403801
06037403802,Census Tract 4038.02; Los Angeles County; California,5749,06,037,403802
06037403901,Census Tract 4039.01; Los Angeles County; California,2862,06,037,403901
06037403902,Census Tract 4039.02; Los Angeles County; California,5265,06,037,403902
06037404000,Census Tract 4040; Los Angeles County; California,4398,06,037,404000
06037404100,Census Tract 4041; Los Angeles County; California,6336,06,037,404100
06037404201,Census Tract 4042.01; Los Angeles County; California,3562,06,037,404201
06037404203,Census Tract 4042.03; Los Angeles County; California,3948,06,037,404203
06037404301,Census Tract 4043.01; Los Angeles County; California,6226,06,037,404301
06037404302,Census Tract 4043.02; Los Angeles County; California,2347,06,037,404302
06037404401,Census Tract 4044.01; Los Angeles County; California,3808,06,037,404401
06037404402,Census Tract 4044.02; Los Angeles County; California,4673,06,037,404402
06037404501,Census Tract 4045.01; Los Angeles County; California,2569,06,037,404501
06037404503,Census Tract 4045.03; Los Angeles County; California,3061,06,037,404503
06037404504,Census Tract 4045.04; Los Angeles County; California,4856,06,037,404504
06037404600,Census Tract 4046; Los Angeles County; California,1377,06,037,404600
06037404701,Census Tract 4047.01; Los Angeles County; California,5362,06,037,404701
06037404702,Census Tract 4047.02; Los Angeles County; California,4945,06,037,404702
06037404703,Census Tract 4047.03; Los Angeles County; California,3172,06,037,404703
06037404804,Census Tract 4048.04; Los Angeles County; California,4333,06,037,404804
06037404805,Census Tract 4048.05; Los Angeles County; California,2859,06,037,404805
06037404806,Census Tract 4048.06; Los Angeles County; California,6207,06,037,404806
06037404901,Census Tract 4049.01; Los Angeles County; California,4898,06,037,404901
06037404902,Census Tract 4049.02; Los Angeles County; California,3095,06,037,404902
06037404903,Census Tract 4049.03; Los Angeles County; California,2667,06,037,404903
06037405001,Census Tract 4050.01; Los Angeles County; California,5218,06,037,405001
06037405002,Census Tract 4050.02; Los Angeles County; California,2935,06,037,405002
06037405101,Census Tract 4051.01; Los Angeles County; California,5403,06,037,405101
06037405102,Census Tract 4051.02; Los Angeles County; California,5110,06,037,405102
06037405201,Census Tract 4052.01; Los Angeles County; California,5232,06,037,405201
06037405202,Census Tract 4052.02; Los Angeles County; California,4519,06,037,405202
06037405203,Census Tract 4052.03; Los Angeles County; California,2804,06,037,405203
06037405301,Census Tract 4053.01; Los Angeles County; California,3053,06,037,405301
06037405302,Census Tract 4053.02; Los Angeles County; California,5927,06,037,405302
06037405400,Census Tract 4054; Los Angeles County; California,4945,06,037,405400
06037405500,Census Tract 4055; Los Angeles County; California,6161,06,037,405500
06037405600,Census Tract 4056; Los Angeles County; California,5753,06,037,405600
06037405701,Census Tract 4057.01; Los Angeles County; California,3829,06,037,405701
06037405702,Census Tract 4057.02; Los Angeles County; California,5333,06,037,405702
06037405800,Census Tract 4058; Los Angeles County; California,5702,06,037,405800
06037405900,Census Tract 4059; Los Angeles County; California,4627,06,037,405900
06037406000,Census Tract 4060; Los Angeles County; California,5355,06,037,406000
06037406101,Census Tract 4061.01; Los Angeles County; California,3269,06,037,406101
06037406103,Census Tract 4061.03; Los Angeles County; California,7285,06,037,406103
06037406201,Census Tract 4062.01; Los Angeles County; California,3321,06,037,406201
06037406300,Census Tract 4063; Los Angeles County; California,5633,06,037,406300
06037406413,Census Tract 4064.13; Los Angeles County; California,7065,06,037,406413
06037406500,Census Tract 4065; Los Angeles County; California,8016,06,037,406500
06037406601,Census Tract 4066.01; Los Angeles County; California,5080,06,037,406601
06037406602,Census Tract 4066.02; Los Angeles County; California,4564,06,037,406602
06037406701,Census Tract 4067.01; Los Angeles County; California,3058,06,037,406701
06037406702,Census Tract 4067.02; Los Angeles County; California,6885,06,037,406702
06037406801,Census Tract 4068.01; Los Angeles County; California,4756,06,037,406801
06037406903,Census Tract 4069.03; Los Angeles County; California,7988,06,037,406903
06037407001,Census Tract 4070.01; Los Angeles County; California,5425,06,037,407001
06037407002,Census Tract 4070.02; Los Angeles County; California,3639,06,037,407002
06037407101,Census Tract 4071.01; Los Angeles County; California,4155,06,037,407101
06037407102,Census Tract 4071.02; Los Angeles County; California,5487,06,037,407102
06037407201,Census Tract 4072.01; Los Angeles County; California,3316,06,037,407201
06037407202,Census Tract 4072.02; Los Angeles County; California,3132,06,037,407202
06037407301,Census Tract 4073.01; Los Angeles County; California,3706,06,037,407301
06037407302,Census Tract 4073.02; Los Angeles County; California,3716,06,037,407302
06037407400,Census Tract 4074; Los Angeles County; California,1744,06,037,407400
06037407501,Census Tract 4075.01; Los Angeles County; California,4175,06,037,407501
06037407502,Census Tract 4075.02; Los Angeles County; California,3622,06,037,407502
06037407601,Census Tract 4076.01; Los Angeles County; California,4182,06,037,407601
06037407602,Census Tract 4076.02; Los Angeles County; California,4086,06,037,407602
06037407701,Census Tract 4077.01; Los Angeles County; California,4311,06,037,407701
06037407702,Census Tract 4077.02; Los Angeles County; California,6642,06,037,407702
06037407801,Census Tract 4078.01; Los Angeles County; California,4822,06,037,407801
06037407802,Census Tract 4078.02; Los Angeles County; California,3218,06,037,407802
06037407901,Census Tract 4079.01; Los Angeles County; California,4195,06,037,407901
06037407902,Census Tract 4079.02; Los Angeles County; California,1643,06,037,407902
06037408003,Census Tract 4080.03; Los Angeles County; California,4637,06,037,408003
06037408004,Census Tract 4080.04; Los Angeles County; California,2394,06,037,408004
06037408005,Census Tract 4080.05; Los Angeles County; California,5318,06,037,408005
06037408006,Census Tract 4080.06; Los Angeles County; California,3970,06,037,408006
06037408133,Census Tract 4081.33; Los Angeles County; California,5822,06,037,408133
06037408134,Census Tract 4081.34; Los Angeles County; California,2687,06,037,408134
06037408135,Census Tract 4081.35; Los Angeles County; California,4479,06,037,408135
06037408136,Census Tract 4081.36; Los Angeles County; California,3620,06,037,408136
06037408137,Census Tract 4081.37; Los Angeles County; California,4085,06,037,408137
06037408138,Census Tract 4081.38; Los Angeles County; California,4893,06,037,408138
06037408139,Census Tract 4081.39; Los Angeles County; California,4033,06,037,408139
06037408140,Census Tract 4081.40; Los Angeles County; California,3317,06,037,408140
06037408141,Census Tract 4081.41; Los Angeles County; California,4102,06,037,408141
06037408212,Census Tract 4082.12; Los Angeles County; California,4599,06,037,408212
06037408213,Census Tract 4082.13; Los Angeles County; California,5469,06,037,408213
06037408301,Census Tract 4083.01; Los Angeles County; California,5524,06,037,408301
06037408302,Census Tract 4083.02; Los Angeles County; California,3303,06,037,408302
06037408303,Census Tract 4083.03; Los Angeles County; California,4035,06,037,408303
06037408401,Census Tract 4084.01; Los Angeles County; California,4305,06,037,408401
06037408402,Census Tract 4084.02; Los Angeles County; California,6152,06,037,408402
06037408503,Census Tract 4085.03; Los Angeles County; California,6604,06,037,408503
06037408504,Census Tract 4085.04; Los Angeles County; California,5366,06,037,408504
06037408505,Census Tract 4085.05; Los Angeles County; California,2360,06,037,408505
06037408623,Census Tract 4086.23; Los Angeles County; California,3112,06,037,408623
06037408624,Census Tract 4086.24; Los Angeles County; California,3273,06,037,408624
06037408625,Census Tract 4086.25; Los Angeles County; California,3708,06,037,408625
06037408626,Census Tract 4086.26; Los Angeles County; California,3726,06,037,408626
06037408627,Census Tract 4086.27; Los Angeles County; California,2665,06,037,408627
06037408628,Census Tract 4086.28; Los Angeles County; California,5463,06,037,408628
06037408629,Census Tract 4086.29; Los Angeles County; California,3028,06,037,408629
06037408631,Census Tract 4086.31; Los Angeles County; California,5121,06,037,408631
06037408703,Census Tract 4087.03; Los Angeles County; California,5326,06,037,408703
06037408705,Census Tract 4087.05; Los Angeles County; California,5403,06,037,408705
06037408707,Census Tract 4087.07; Los Angeles County; California,6839,06,037,408707
06037408722,Census Tract 4087.22; Los Angeles County; California,3963,06,037,408722
06037408724,Census Tract 4087.24; Los Angeles County; California,5389,06,037,408724
06037408725,Census Tract 4087.25; Los Angeles County; California,5868,06,037,408725
06037408800,Census Tract 4088; Los Angeles County; California,4760,06,037,408800
06037408900,Census Tract 4089; Los Angeles County; California,5462,06,037,408900
06037409000,Census Tract 4090; Los Angeles County; California,7618,06,037,409000
06037409100,Census Tract 4091; Los Angeles County; California,5449,06,037,409100
06037430003,Census Tract 4300.03; Los Angeles County; California,4981,06,037,430003
06037430004,Census Tract 4300.04; Los Angeles County; California,3433,06,037,430004
06037430005,Census Tract 4300.05; Los Angeles County; California,3982,06,037,430005
06037430101,Census Tract 4301.01; Los Angeles County; California,4850,06,037,430101
06037430102,Census Tract 4301.02; Los Angeles County; California,4938,06,037,430102
06037430200,Census Tract 4302; Los Angeles County; California,1041,06,037,430200
06037430301,Census Tract 4303.01; Los Angeles County; California,4426,06,037,430301
06037430302,Census Tract 4303.02; Los Angeles County; California,4950,06,037,430302
06037430400,Census Tract 4304; Los Angeles County; California,4221,06,037,430400
06037430501,Census Tract 4305.01; Los Angeles County; California,4231,06,037,430501
06037430502,Census Tract 4305.02; Los Angeles County; California,6709,06,037,430502
06037430600,Census Tract 4306; Los Angeles County; California,4194,06,037,430600
06037430701,Census Tract 4307.01; Los Angeles County; California,4775,06,037,430701
06037430721,Census Tract 4307.21; Los Angeles County; California,3354,06,037,430721
06037430723,Census Tract 4307.23; Los Angeles County; California,4893,06,037,430723
06037430724,Census Tract 4307.24; Los Angeles County; California,5396,06,037,430724
06037430801,Census Tract 4308.01; Los Angeles County; California,7166,06,037,430801
06037430802,Census Tract 4308.02; Los Angeles County; California,3973,06,037,430802
06037430803,Census Tract 4308.03; Los Angeles County; California,5215,06,037,430803
06037430901,Census Tract 4309.01; Los Angeles County; California,4209,06,037,430901
06037430902,Census Tract 4309.02; Los Angeles County; California,5034,06,037,430902
06037431002,Census Tract 4310.02; Los Angeles County; California,3146,06,037,431002
06037431003,Census Tract 4310.03; Los Angeles County; California,4613,06,037,431003
06037431004,Census Tract 4310.04; Los Angeles County; California,3138,06,037,431004
06037431100,Census Tract 4311; Los Angeles County; California,7322,06,037,431100
06037431200,Census Tract 4312; Los Angeles County; California,6523,06,037,431200
06037431300,Census Tract 4313; Los Angeles County; California,2565,06,037,431300
06037431400,Census Tract 4314; Los Angeles County; California,3647,06,037,431400
06037431501,Census Tract 4315.01; Los Angeles County; California,3734,06,037,431501
06037431502,Census Tract 4315.02; Los Angeles County; California,4758,06,037,431502
06037431600,Census Tract 4316; Los Angeles County; California,3941,06,037,431600
06037431701,Census Tract 4317.01; Los Angeles County; California,6188,06,037,431701
06037431800,Census Tract 4318; Los Angeles County; California,5162,06,037,431800
06037431900,Census Tract 4319; Los Angeles County; California,3346,06,037,431900
06037432001,Census Tract 4320.01; Los Angeles County; California,2332,06,037,432001
06037432002,Census Tract 4320.02; Los Angeles County; California,5356,06,037,432002
06037432101,Census Tract 4321.01; Los Angeles County; California,4843,06,037,432101
06037432102,Census Tract 4321.02; Los Angeles County; California,5793,06,037,432102
06037432201,Census Tract 4322.01; Los Angeles County; California,4638,06,037,432201
06037432202,Census Tract 4322.02; Los Angeles County; California,3408,06,037,432202
06037432300,Census Tract 4323; Los Angeles County; California,3749,06,037,432300
06037432401,Census Tract 4324.01; Los Angeles County; California,3785,06,037,432401
06037432402,Census Tract 4324.02; Los Angeles County; California,5529,06,037,432402
06037432501,Census Tract 4325.01; Los Angeles County; California,4154,06,037,432501
06037432502,Census Tract 4325.02; Los Angeles County; California,4179,06,037,432502
06037432601,Census Tract 4326.01; Los Angeles County; California,6515,06,037,432601
06037432602,Census Tract 4326.02; Los Angeles County; California,4198,06,037,432602
06037432700,Census Tract 4327; Los Angeles County; California,4630,06,037,432700
06037432801,Census Tract 4328.01; Los Angeles County; California,2224,06,037,432801
06037432802,Census Tract 4328.02; Los Angeles County; California,5501,06,037,432802
06037432901,Census Tract 4329.01; Los Angeles County; California,4351,06,037,432901
06037432902,Census Tract 4329.02; Los Angeles County; California,2959,06,037,432902
06037433103,Census Tract 4331.03; Los Angeles County; California,6311,06,037,433103
06037433200,Census Tract 4332; Los Angeles County; California,5915,06,037,433200
06037433302,Census Tract 4333.02; Los Angeles County; California,1713,06,037,433302
06037433304,Census Tract 4333.04; Los Angeles County; California,4317,06,037,433304
06037433305,Census Tract 4333.05; Los Angeles County; California,4684,06,037,433305
06037433306,Census Tract 4333.06; Los Angeles County; California,3075,06,037,433306
06037433307,Census Tract 4333.07; Los Angeles County; California,2909,06,037,433307
06037433402,Census Tract 4334.02; Los Angeles County; California,4737,06,037,433402
06037433403,Census Tract 4334.03; Los Angeles County; California,4706,06,037,433403
06037433505,Census Tract 4335.05; Los Angeles County; California,3997,06,037,433505
06037433506,Census Tract 4335.06; Los Angeles County; California,3405,06,037,433506
06037433601,Census Tract 4336.01; Los Angeles County; California,4832,06,037,433601
06037433602,Census Tract 4336.02; Los Angeles County; California,2771,06,037,433602
06037433803,Census Tract 4338.03; Los Angeles County; California,3302,06,037,433803
06037433804,Census Tract 4338.04; Los Angeles County; California,4649,06,037,433804
06037433901,Census Tract 4339.01; Los Angeles County; California,5076,06,037,433901
06037433903,Census Tract 4339.03; Los Angeles County; California,5389,06,037,433903
06037434001,Census Tract 4340.01; Los Angeles County; California,4463,06,037,434001
06037434003,Census Tract 4340.03; Los Angeles County; California,3786,06,037,434003
06037434004,Census Tract 4340.04; Los Angeles County; California,2868,06,037,434004
06037434100,Census Tract 4341; Los Angeles County; California,6025,06,037,434100
06037460001,Census Tract 4600.01; Los Angeles County; California,1790,06,037,460001
06037460002,Census Tract 4600.02; Los Angeles County; California,2850,06,037,460002
06037460101,Census Tract 4601.01; Los Angeles County; California,5204,06,037,460101
06037460200,Census Tract 4602; Los Angeles County; California,5542,06,037,460200
06037460301,Census Tract 4603.01; Los Angeles County; California,4408,06,037,460301
06037460302,Census Tract 4603.02; Los Angeles County; California,4479,06,037,460302
06037460401,Census Tract 4604.01; Los Angeles County; California,1061,06,037,460401
06037460501,Census Tract 4605.01; Los Angeles County; California,5425,06,037,460501
06037460502,Census Tract 4605.02; Los Angeles County; California,4711,06,037,460502
06037460601,Census Tract 4606.01; Los Angeles County; California,5202,06,037,460601
06037460700,Census Tract 4607; Los Angeles County; California,4597,06,037,460700
06037460800,Census Tract 4608; Los Angeles County; California,2826,06,037,460800
06037460900,Census Tract 4609; Los Angeles County; California,6457,06,037,460900
06037461000,Census Tract 4610; Los Angeles County; California,5304,06,037,461000
06037461100,Census Tract 4611; Los Angeles County; California,5372,06,037,461100
06037461200,Census Tract 4612; Los Angeles County; California,4424,06,037,461200
06037461300,Census Tract 4613; Los Angeles County; California,6078,06,037,461300
06037461400,Census Tract 4614; Los Angeles County; California,2641,06,037,461400
06037461501,Census Tract 4615.01; Los Angeles County; California,3560,06,037,461501
06037461502,Census Tract 4615.02; Los Angeles County; California,5825,06,037,461502
06037461600,Census Tract 4616; Los Angeles County; California,4846,06,037,461600
06037461700,Census Tract 4617; Los Angeles County; California,1353,06,037,461700
06037461901,Census Tract 4619.01; Los Angeles County; California,4748,06,037,461901
06037461902,Census Tract 4619.02; Los Angeles County; California,2360,06,037,461902
06037462001,Census Tract 4620.01; Los Angeles County; California,4491,06,037,462001
06037462002,Census Tract 4620.02; Los Angeles County; California,3799,06,037,462002
06037462100,Census Tract 4621; Los Angeles County; California,4461,06,037,462100
06037462201,Census Tract 4622.01; Los Angeles County; California,3573,06,037,462201
06037462202,Census Tract 4622.02; Los Angeles County; California,3302,06,037,462202
06037462301,Census Tract 4623.01; Los Angeles County; California,4311,06,037,462301
06037462302,Census Tract 4623.02; Los Angeles County; California,3591,06,037,462302
06037462400,Census Tract 4624; Los Angeles County; California,3720,06,037,462400
06037462500,Census Tract 4625; Los Angeles County; California,6825,06,037,462500
06037462600,Census Tract 4626; Los Angeles County; California,2376,06,037,462600
06037462700,Census Tract 4627; Los Angeles County; California,5825,06,037,462700
06037462800,Census Tract 4628; Los Angeles County; California,2882,06,037,462800
06037462900,Census Tract 4629; Los Angeles County; California,3721,06,037,462900
06037463000,Census Tract 4630; Los Angeles County; California,2631,06,037,463000
06037463103,Census Tract 4631.03; Los Angeles County; California,5479,06,037,463103
06037463200,Census Tract 4632; Los Angeles County; California,3291,06,037,463200
06037463300,Census Tract 4633; Los Angeles County; California,1918,06,037,463300
06037463400,Census Tract 4634; Los Angeles County; California,5687,06,037,463400
06037463500,Census Tract 4635; Los Angeles County; California,6064,06,037,463500
06037463601,Census Tract 4636.01; Los Angeles County; California,6416,06,037,463601
06037463602,Census Tract 4636.02; Los Angeles County; California,5833,06,037,463602
06037463700,Census Tract 4637; Los Angeles County; California,3734,06,037,463700
06037463800,Census Tract 4638; Los Angeles County; California,3978,06,037,463800
06037463900,Census Tract 4639; Los Angeles County; California,3007,06,037,463900
06037464000,Census Tract 4640; Los Angeles County; California,5455,06,037,464000
06037464101,Census Tract 4641.01; Los Angeles County; California,2223,06,037,464101
06037464102,Census Tract 4641.02; Los Angeles County; California,4542,06,037,464102
06037464200,Census Tract 4642; Los Angeles County; California,5451,06,037,464200
06037480002,Census Tract 4800.02; Los Angeles County; California,3645,06,037,480002
06037480011,Census Tract 4800.11; Los Angeles County; California,5084,06,037,480011
06037480012,Census Tract 4800.12; Los Angeles County; California,4838,06,037,480012
06037480101,Census Tract 4801.01; Los Angeles County; California,4323,06,037,480101
06037480102,Census Tract 4801.02; Los Angeles County; California,3900,06,037,480102
06037480201,Census Tract 4802.01; Los Angeles County; California,3689,06,037,480201
06037480202,Census Tract 4802.02; Los Angeles County; California,2742,06,037,480202
06037480302,Census Tract 4803.02; Los Angeles County; California,3903,06,037,480302
06037480303,Census Tract 4803.03; Los Angeles County; California,4326,06,037,480303
06037480304,Census Tract 4803.04; Los Angeles County; California,4188,06,037,480304
06037480400,Census Tract 4804; Los Angeles County; California,5899,06,037,480400
06037480500,Census Tract 4805; Los Angeles County; California,5287,06,037,480500
06037480601,Census Tract 4806.01; Los Angeles County; California,3783,06,037,480601
06037480602,Census Tract 4806.02; Los Angeles County; California,4306,06,037,480602
06037480702,Census Tract 4807.02; Los Angeles County; California,4722,06,037,480702
06037480703,Census Tract 4807.03; Los Angeles County; California,3883,06,037,480703
06037480704,Census Tract 4807.04; Los Angeles County; California,4087,06,037,480704
06037480802,Census Tract 4808.02; Los Angeles County; California,3180,06,037,480802
06037480803,Census Tract 4808.03; Los Angeles County; California,2980,06,037,480803
06037480804,Census Tract 4808.04; Los Angeles County; California,4717,06,037,480804
06037480901,Census Tract 4809.01; Los Angeles County; California,3767,06,037,480901
06037480902,Census Tract 4809.02; Los Angeles County; California,4009,06,037,480902
06037480903,Census Tract 4809.03; Los Angeles County; California,2860,06,037,480903
06037481001,Census Tract 4810.01; Los Angeles County; California,4282,06,037,481001
06037481002,Census Tract 4810.02; Los Angeles County; California,5794,06,037,481002
06037481101,Census Tract 4811.01; Los Angeles County; California,4468,06,037,481101
06037481102,Census Tract 4811.02; Los Angeles County; California,3702,06,037,481102
06037481103,Census Tract 4811.03; Los Angeles County; California,5489,06,037,481103
06037481201,Census Tract 4812.01; Los Angeles County; California,3784,06,037,481201
06037481203,Census Tract 4812.03; Los Angeles County; California,6206,06,037,481203
06037481300,Census Tract 4813; Los Angeles County; California,3032,06,037,481300
06037481401,Census Tract 4814.01; Los Angeles County; California,5030,06,037,481401
06037481403,Census Tract 4814.03; Los Angeles County; California,3038,06,037,481403
06037481404,Census Tract 4814.04; Los Angeles County; California,3842,06,037,481404
06037481500,Census Tract 4815; Los Angeles County; California,4458,06,037,481500
06037481603,Census Tract 4816.03; Los Angeles County; California,3711,06,037,481603
06037481604,Census Tract 4816.04; Los Angeles County; California,4000,06,037,481604
06037481605,Census Tract 4816.05; Los Angeles County; California,2811,06,037,481605
06037481606,Census Tract 4816.06; Los Angeles County; California,5002,06,037,481606
06037481711,Census Tract 4817.11; Los Angeles County; California,4388,06,037,481711
06037481712,Census Tract 4817.12; Los Angeles County; California,5269,06,037,481712
06037481713,Census Tract 4817.13; Los Angeles County; California,2892,06,037,481713
06037481714,Census Tract 4817.14; Los Angeles County; California,2595,06,037,481714
06037481800,Census Tract 4818; Los Angeles County; California,2382,06,037,481800
06037481901,Census Tract 4819.01; Los Angeles County; California,5581,06,037,481901
06037481902,Census Tract 4819.02; Los Angeles County; California,3172,06,037,481902
06037482001,Census Tract 4820.01; Los Angeles County; California,2549,06,037,482001
06037482002,Census Tract 4820.02; Los Angeles County; California,6655,06,037,482002
06037482101,Census Tract 4821.01; Los Angeles County; California,3885,06,037,482101
06037482102,Census Tract 4821.02; Los Angeles County; California,3131,06,037,482102
06037482201,Census Tract 4822.01; Los Angeles County; California,3813,06,037,482201
06037482202,Census Tract 4822.02; Los Angeles County; California,5121,06,037,482202
06037482301,Census Tract 4823.01; Los Angeles County; California,4974,06,037,482301
06037482303,Census Tract 4823.03; Los Angeles County; California,4607,06,037,482303
06037482304,Census Tract 4823.04; Los Angeles County; California,3026,06,037,482304
06037482401,Census Tract 4824.01; Los Angeles County; California,3553,06,037,482401
06037482403,Census Tract 4824.03; Los Angeles County; California,3291,06,037,482403
06037482404,Census Tract 4824.04; Los Angeles County; California,3316,06,037,482404
06037482502,Census Tract 4825.02; Los Angeles County; California,3513,06,037,482502
06037482503,Census Tract 4825.03; Los Angeles County; California,3980,06,037,482503
06037482521,Census Tract 4825.21; Los Angeles County; California,5261,06,037,482521
06037482522,Census Tract 4825.22; Los Angeles County; California,4479,06,037,482522
06037482600,Census Tract 4826; Los Angeles County; California,6611,06,037,482600
06037482701,Census Tract 4827.01; Los Angeles County; California,3827,06,037,482701
06037482702,Census Tract 4827.02; Los Angeles County; California,2669,06,037,482702
06037482801,Census Tract 4828.01; Los Angeles County; California,3920,06,037,482801
06037500100,Census Tract 5001; Los Angeles County; California,3626,06,037,500100
06037500202,Census Tract 5002.02; Los Angeles County; California,4898,06,037,500202
06037500203,Census Tract 5002.03; Los Angeles County; California,4287,06,037,500203
06037500204,Census Tract 5002.04; Los Angeles County; California,2341,06,037,500204
06037500300,Census Tract 5003; Los Angeles County; California,2541,06,037,500300
06037500402,Census Tract 5004.02; Los Angeles County; California,4616,06,037,500402
06037500403,Census Tract 5004.03; Los Angeles County; California,3868,06,037,500403
06037500404,Census Tract 5004.04; Los Angeles County; California,4398,06,037,500404
06037500500,Census Tract 5005; Los Angeles County; California,2764,06,037,500500
06037500600,Census Tract 5006; Los Angeles County; California,5853,06,037,500600
06037500700,Census Tract 5007; Los Angeles County; California,6716,06,037,500700
06037500800,Census Tract 5008; Los Angeles County; California,5132,06,037,500800
06037500900,Census Tract 5009; Los Angeles County; California,5182,06,037,500900
06037501001,Census Tract 5010.01; Los Angeles County; California,2901,06,037,501001
06037501002,Census Tract 5010.02; Los Angeles County; California,4475,06,037,501002
06037501200,Census Tract 5012; Los Angeles County; California,5093,06,037,501200
06037501301,Census Tract 5013.01; Los Angeles County; California,3065,06,037,501301
06037501302,Census Tract 5013.02; Los Angeles County; California,4345,06,037,501302
06037501400,Census Tract 5014; Los Angeles County; California,3297,06,037,501400
06037501501,Census Tract 5015.01; Los Angeles County; California,2097,06,037,501501
06037501503,Census Tract 5015.03; Los Angeles County; California,5484,06,037,501503
06037501504,Census Tract 5015.04; Los Angeles County; California,3551,06,037,501504
06037501600,Census Tract 5016; Los Angeles County; California,6827,06,037,501600
06037501700,Census Tract 5017; Los Angeles County; California,3828,06,037,501700
06037501802,Census Tract 5018.02; Los Angeles County; California,3304,06,037,501802
06037501803,Census Tract 5018.03; Los Angeles County; California,4804,06,037,501803
06037501804,Census Tract 5018.04; Los Angeles County; California,1969,06,037,501804
06037501900,Census Tract 5019; Los Angeles County; California,4332,06,037,501900
06037502003,Census Tract 5020.03; Los Angeles County; California,2599,06,037,502003
06037502004,Census Tract 5020.04; Los Angeles County; California,3621,06,037,502004
06037502005,Census Tract 5020.05; Los Angeles County; California,4606,06,037,502005
06037502100,Census Tract 5021; Los Angeles County; California,5996,06,037,502100
06037502200,Census Tract 5022; Los Angeles County; California,7013,06,037,502200
06037502303,Census Tract 5023.03; Los Angeles County; California,8128,06,037,502303
06037502401,Census Tract 5024.01; Los Angeles County; California,4719,06,037,502401
06037502402,Census Tract 5024.02; Los Angeles County; California,3365,06,037,502402
06037502500,Census Tract 5025; Los Angeles County; California,4029,06,037,502500
06037502602,Census Tract 5026.02; Los Angeles County; California,4040,06,037,502602
06037502603,Census Tract 5026.03; Los Angeles County; California,3261,06,037,502603
06037502604,Census Tract 5026.04; Los Angeles County; California,3630,06,037,502604
06037502700,Census Tract 5027; Los Angeles County; California,7159,06,037,502700
06037502801,Census Tract 5028.01; Los Angeles County; California,6263,06,037,502801
06037502901,Census Tract 5029.01; Los Angeles County; California,5432,06,037,502901
06037503000,Census Tract 5030; Los Angeles County; California,5762,06,037,503000
06037503103,Census Tract 5031.03; Los Angeles County; California,5595,06,037,503103
06037503104,Census Tract 5031.04; Los Angeles County; California,2375,06,037,503104
06037503105,Census Tract 5031.05; Los Angeles County; California,3358,06,037,503105
06037503106,Census Tract 5031.06; Los Angeles County; California,3820,06,037,503106
06037503201,Census Tract 5032.01; Los Angeles County; California,3883,06,037,503201
06037503202,Census Tract 5032.02; Los Angeles County; California,4394,06,037,503202
06037503301,Census Tract 5033.01; Los Angeles County; California,3330,06,037,503301
06037503302,Census Tract 5033.02; Los Angeles County; California,6129,06,037,503302
06037503401,Census Tract 5034.01; Los Angeles County; California,7641,06,037,503401
06037503402,Census Tract 5034.02; Los Angeles County; California,4141,06,037,503402
06037503501,Census Tract 5035.01; Los Angeles County; California,6783,06,037,503501
06037503502,Census Tract 5035.02; Los Angeles County; California,3900,06,037,503502
06037503601,Census Tract 5036.01; Los Angeles County; California,4177,06,037,503601
06037503602,Census Tract 5036.02; Los Angeles County; California,3855,06,037,503602
06037503701,Census Tract 5037.01; Los Angeles County; California,5034,06,037,503701
06037503702,Census Tract 5037.02; Los Angeles County; California,4956,06,037,503702
06037503704,Census Tract 5037.04; Los Angeles County; California,4526,06,037,503704
06037503705,Census Tract 5037.05; Los Angeles County; California,2926,06,037,503705
06037503801,Census Tract 5038.01; Los Angeles County; California,3712,06,037,503801
06037503802,Census Tract 5038.02; Los Angeles County; California,5305,06,037,503802
06037503901,Census Tract 5039.01; Los Angeles County; California,2246,06,037,503901
06037503902,Census Tract 5039.02; Los Angeles County; California,5146,06,037,503902
06037504001,Census Tract 5040.01; Los Angeles County; California,5133,06,037,504001
06037504002,Census Tract 5040.02; Los Angeles County; California,4920,06,037,504002
06037504101,Census Tract 5041.01; Los Angeles County; California,5234,06,037,504101
06037504200,Census Tract 5042; Los Angeles County; California,7320,06,037,504200
06037530005,Census Tract 5300.05; Los Angeles County; California,3350,06,037,530005
06037530006,Census Tract 5300.06; Los Angeles County; California,4679,06,037,530006
06037530007,Census Tract 5300.07; Los Angeles County; California,6369,06,037,530007
06037530101,Census Tract 5301.01; Los Angeles County; California,5319,06,037,530101
06037530102,Census Tract 5301.02; Los Angeles County; California,5160,06,037,530102
06037530202,Census Tract 5302.02; Los Angeles County; California,4323,06,037,530202
06037530203,Census Tract 5302.03; Los Angeles County; California,2762,06,037,530203
06037530204,Census Tract 5302.04; Los Angeles County; California,3732,06,037,530204
06037530301,Census Tract 5303.01; Los Angeles County; California,1896,06,037,530301
06037530302,Census Tract 5303.02; Los Angeles County; California,5724,06,037,530302
06037530400,Census Tract 5304; Los Angeles County; California,3895,06,037,530400
06037530500,Census Tract 5305; Los Angeles County; California,3930,06,037,530500
06037530603,Census Tract 5306.03; Los Angeles County; California,4141,06,037,530603
06037530700,Census Tract 5307; Los Angeles County; California,2118,06,037,530700
06037530801,Census Tract 5308.01; Los Angeles County; California,5664,06,037,530801
06037530802,Census Tract 5308.02; Los Angeles County; California,3065,06,037,530802
06037530901,Census Tract 5309.01; Los Angeles County; California,3642,06,037,530901
06037530902,Census Tract 5309.02; Los Angeles County; California,3600,06,037,530902
06037531000,Census Tract 5310; Los Angeles County; California,4585,06,037,531000
06037531101,Census Tract 5311.01; Los Angeles County; California,4676,06,037,531101
06037531102,Census Tract 5311.02; Los Angeles County; California,2407,06,037,531102
06037531201,Census Tract 5312.01; Los Angeles County; California,4260,06,037,531201
06037531202,Census Tract 5312.02; Los Angeles County; California,4547,06,037,531202
06037531301,Census Tract 5313.01; Los Angeles County; California,5563,06,037,531301
06037531302,Census Tract 5313.02; Los Angeles County; California,5240,06,037,531302
06037531502,Census Tract 5315.02; Los Angeles County; California,3084,06,037,531502
06037531503,Census Tract 5315.03; Los Angeles County; California,2435,06,037,531503
06037531504,Census Tract 5315.04; Los Angeles County; California,3875,06,037,531504
06037531602,Census Tract 5316.02; Los Angeles County; California,3671,06,037,531602
06037531603,Census Tract 5316.03; Los Angeles County; California,3390,06,037,531603
06037531604,Census Tract 5316.04; Los Angeles County; California,3140,06,037,531604
06037531701,Census Tract 5317.01; Los Angeles County; California,5350,06,037,531701
06037531702,Census Tract 5317.02; Los Angeles County; California,4328,06,037,531702
06037531800,Census Tract 5318; Los Angeles County; California,4466,06,037,531800
06037531901,Census Tract 5319.01; Los Angeles County; California,6203,06,037,531901
06037531902,Census Tract 5319.02; Los Angeles County; California,3756,06,037,531902
06037532001,Census Tract 5320.01; Los Angeles County; California,2857,06,037,532001
06037532002,Census Tract 5320.02; Los Angeles County; California,3487,06,037,532002
06037532101,Census Tract 5321.01; Los Angeles County; California,6979,06,037,532101
06037532102,Census Tract 5321.02; Los Angeles County; California,3618,06,037,532102
06037532200,Census Tract 5322; Los Angeles County; California,6206,06,037,532200
06037532302,Census Tract 5323.02; Los Angeles County; California,4437,06,037,532302
06037532303,Census Tract 5323.03; Los Angeles County; California,4367,06,037,532303
06037532304,Census Tract 5323.04; Los Angeles County; California,3597,06,037,532304
06037532500,Census Tract 5325; Los Angeles County; California,3770,06,037,532500
06037532605,Census Tract 5326.05; Los Angeles County; California,4141,06,037,532605
06037532606,Census Tract 5326.06; Los Angeles County; California,3820,06,037,532606
06037532607,Census Tract 5326.07; Los Angeles County; California,5048,06,037,532607
06037532700,Census Tract 5327; Los Angeles County; California,2967,06,037,532700
06037532800,Census Tract 5328; Los Angeles County; California,3856,06,037,532800
06037532900,Census Tract 5329; Los Angeles County; California,6227,06,037,532900
06037533001,Census Tract 5330.01; Los Angeles County; California,4423,06,037,533001
06037533002,Census Tract 5330.02; Los Angeles County; California,2386,06,037,533002
06037533103,Census Tract 5331.03; Los Angeles County; California,3313,06,037,533103
06037533104,Census Tract 5331.04; Los Angeles County; California,4259,06,037,533104
06037533105,Census Tract 5331.05; Los Angeles County; California,2267,06,037,533105
06037533108,Census Tract 5331.08; Los Angeles County; California,4824,06,037,533108
06037533201,Census Tract 5332.01; Los Angeles County; California,2061,06,037,533201
06037533204,Census Tract 5332.04; Los Angeles County; California,3972,06,037,533204
06037533300,Census Tract 5333; Los Angeles County; California,3126,06,037,533300
06037533401,Census Tract 5334.01; Los Angeles County; California,4579,06,037,533401
06037533402,Census Tract 5334.02; Los Angeles County; California,3894,06,037,533402
06037533403,Census Tract 5334.03; Los Angeles County; California,2306,06,037,533403
06037533501,Census Tract 5335.01; Los Angeles County; California,2674,06,037,533501
06037533504,Census Tract 5335.04; Los Angeles County; California,3743,06,037,533504
06037533601,Census Tract 5336.01; Los Angeles County; California,4420,06,037,533601
06037533602,Census Tract 5336.02; Los Angeles County; California,5134,06,037,533602
06037533603,Census Tract 5336.03; Los Angeles County; California,5897,06,037,533603
06037533701,Census Tract 5337.01; Los Angeles County; California,2983,06,037,533701
06037533702,Census Tract 5337.02; Los Angeles County; California,3699,06,037,533702
06037533703,Census Tract 5337.03; Los Angeles County; California,3730,06,037,533703
06037533803,Census Tract 5338.03; Los Angeles County; California,5597,06,037,533803
06037533804,Census Tract 5338.04; Los Angeles County; California,3520,06,037,533804
06037533805,Census Tract 5338.05; Los Angeles County; California,3912,06,037,533805
06037533806,Census Tract 5338.06; Los Angeles County; California,3588,06,037,533806
06037533901,Census Tract 5339.01; Los Angeles County; California,5172,06,037,533901
06037533902,Census Tract 5339.02; Los Angeles County; California,4415,06,037,533902
06037534001,Census Tract 5340.01; Los Angeles County; California,5036,06,037,534001
06037534002,Census Tract 5340.02; Los Angeles County; California,3857,06,037,534002
06037534101,Census Tract 5341.01; Los Angeles County; California,1852,06,037,534101
06037534102,Census Tract 5341.02; Los Angeles County; California,5777,06,037,534102
06037534201,Census Tract 5342.01; Los Angeles County; California,4070,06,037,534201
06037534202,Census Tract 5342.02; Los Angeles County; California,4770,06,037,534202
06037534203,Census Tract 5342.03; Los Angeles County; California,3280,06,037,534203
06037534301,Census Tract 5343.01; Los Angeles County; California,3850,06,037,534301
06037534302,Census Tract 5343.02; Los Angeles County; California,3759,06,037,534302
06037534403,Census Tract 5344.03; Los Angeles County; California,3246,06,037,534403
06037534404,Census Tract 5344.04; Los Angeles County; California,3199,06,037,534404
06037534405,Census Tract 5344.05; Los Angeles County; California,4065,06,037,534405
06037534406,Census Tract 5344.06; Los Angeles County; California,3968,06,037,534406
06037534501,Census Tract 5345.01; Los Angeles County; California,5494,06,037,534501
06037534502,Census Tract 5345.02; Los Angeles County; California,3722,06,037,534502
06037534700,Census Tract 5347; Los Angeles County; California,3876,06,037,534700
06037534802,Census Tract 5348.02; Los Angeles County; California,2568,06,037,534802
06037534803,Census Tract 5348.03; Los Angeles County; California,4262,06,037,534803
06037534804,Census Tract 5348.04; Los Angeles County; California,4252,06,037,534804
06037534900,Census Tract 5349; Los Angeles County; California,5869,06,037,534900
06037535001,Census Tract 5350.01; Los Angeles County; California,3804,06,037,535001
06037535002,Census Tract 5350.02; Los Angeles County; California,3663,06,037,535002
06037535101,Census Tract 5351.01; Los Angeles County; California,7219,06,037,535101
06037535102,Census Tract 5351.02; Los Angeles County; California,4819,06,037,535102
06037535200,Census Tract 5352; Los Angeles County; California,6155,06,037,535200
06037535300,Census Tract 5353; Los Angeles County; California,5937,06,037,535300
06037535400,Census Tract 5354; Los Angeles County; California,3365,06,037,535400
06037535501,Census Tract 5355.01; Los Angeles County; California,2964,06,037,535501
06037535502,Census Tract 5355.02; Los Angeles County; California,4809,06,037,535502
06037535503,Census Tract 5355.03; Los Angeles County; California,2513,06,037,535503
06037535603,Census Tract 5356.03; Los Angeles County; California,3485,06,037,535603
06037535604,Census Tract 5356.04; Los Angeles County; California,4306,06,037,535604
06037535605,Census Tract 5356.05; Los Angeles County; California,4651,06,037,535605
06037535606,Census Tract 5356.06; Los Angeles County; California,1949,06,037,535606
06037535607,Census Tract 5356.07; Los Angeles County; California,4517,06,037,535607
06037535701,Census Tract 5357.01; Los Angeles County; California,5761,06,037,535701
06037535702,Census Tract 5357.02; Los Angeles County; California,5639,06,037,535702
06037535802,Census Tract 5358.02; Los Angeles County; California,5932,06,037,535802
06037535803,Census Tract 5358.03; Los Angeles County; California,3342,06,037,535803
06037535804,Census Tract 5358.04; Los Angeles County; California,6063,06,037,535804
06037535901,Census Tract 5359.01; Los Angeles County; California,6139,06,037,535901
06037535902,Census Tract 5359.02; Los Angeles County; California,5790,06,037,535902
06037536000,Census Tract 5360; Los Angeles County; California,3091,06,037,536000
06037536102,Census Tract 5361.02; Los Angeles County; California,3560,06,037,536102
06037536103,Census Tract 5361.03; Los Angeles County; California,5158,06,037,536103
06037536104,Census Tract 5361.04; Los Angeles County; California,3897,06,037,536104
06037536201,Census Tract 5362.01; Los Angeles County; California,3588,06,037,536201
06037536202,Census Tract 5362.02; Los Angeles County; California,4329,06,037,536202
06037540000,Census Tract 5400; Los Angeles County; California,6784,06,037,540000
06037540101,Census Tract 5401.01; Los Angeles County; California,6222,06,037,540101
06037540102,Census Tract 5401.02; Los Angeles County; California,6222,06,037,540102
06037540201,Census Tract 5402.01; Los Angeles County; California,2090,06,037,540201
06037540202,Census Tract 5402.02; Los Angeles County; California,6357,06,037,540202
06037540203,Census Tract 5402.03; Los Angeles County; California,5202,06,037,540203
06037540300,Census Tract 5403; Los Angeles County; California,4479,06,037,540300
06037540400,Census Tract 5404; Los Angeles County; California,2216,06,037,540400
06037540501,Census Tract 5405.01; Los Angeles County; California,5110,06,037,540501
06037540502,Census Tract 5405.02; Los Angeles County; California,6742,06,037,540502
06037540600,Census Tract 5406; Los Angeles County; California,4465,06,037,540600
06037540700,Census Tract 5407; Los Angeles County; California,3070,06,037,540700
06037540800,Census Tract 5408; Los Angeles County; California,5331,06,037,540800
06037540901,Census Tract 5409.01; Los Angeles County; California,5250,06,037,540901
06037540902,Census Tract 5409.02; Los Angeles County; California,4523,06,037,540902
06037541003,Census Tract 5410.03; Los Angeles County; California,4602,06,037,541003
06037541100,Census Tract 5411; Los Angeles County; California,2999,06,037,541100
06037541200,Census Tract 5412; Los Angeles County; California,6058,06,037,541200
06037541300,Census Tract 5413; Los Angeles County; California,6058,06,037,541300
06037541401,Census Tract 5414.01; Los Angeles County; California,3361,06,037,541401
06037541402,Census Tract 5414.02; Los Angeles County; California,3001,06,037,541402
06037541500,Census Tract 5415; Los Angeles County; California,5199,06,037,541500
06037541603,Census Tract 5416.03; Los Angeles County; California,2855,06,037,541603
06037541604,Census Tract 5416.04; Los Angeles County; California,5276,06,037,541604
06037541605,Census Tract 5416.05; Los Angeles County; California,5320,06,037,541605
06037541606,Census Tract 5416.06; Los Angeles County; California,2666,06,037,541606
06037541700,Census Tract 5417; Los Angeles County; California,5410,06,037,541700
06037541801,Census Tract 5418.01; Los Angeles County; California,5538,06,037,541801
06037541802,Census Tract 5418.02; Los Angeles County; California,5129,06,037,541802
06037542000,Census Tract 5420; Los Angeles County; California,5061,06,037,542000
06037542103,Census Tract 5421.03; Los Angeles County; California,3371,06,037,542103
06037542104,Census Tract 5421.04; Los Angeles County; California,4141,06,037,542104
06037542105,Census Tract 5421.05; Los Angeles County; California,4682,06,037,542105
06037542106,Census Tract 5421.06; Los Angeles County; California,2211,06,037,542106
06037542200,Census Tract 5422; Los Angeles County; California,7418,06,037,542200
06037542401,Census Tract 5424.01; Los Angeles County; California,4062,06,037,542401
06037542402,Census Tract 5424.02; Los Angeles County; California,3961,06,037,542402
06037542501,Census Tract 5425.01; Los Angeles County; California,4361,06,037,542501
06037542502,Census Tract 5425.02; Los Angeles County; California,4360,06,037,542502
06037542601,Census Tract 5426.01; Los Angeles County; California,3162,06,037,542601
06037542602,Census Tract 5426.02; Los Angeles County; California,4788,06,037,542602
06037542700,Census Tract 5427; Los Angeles County; California,5791,06,037,542700
06037542800,Census Tract 5428; Los Angeles County; California,3106,06,037,542800
06037542900,Census Tract 5429; Los Angeles County; California,3492,06,037,542900
06037543000,Census Tract 5430; Los Angeles County; California,4605,06,037,543000
06037543100,Census Tract 5431; Los Angeles County; California,6775,06,037,543100
06037543201,Census Tract 5432.01; Los Angeles County; California,3958,06,037,543201
06037543203,Census Tract 5432.03; Los Angeles County; California,4006,06,037,543203
06037543304,Census Tract 5433.04; Los Angeles County; California,6984,06,037,543304
06037543305,Census Tract 5433.05; Los Angeles County; California,3265,06,037,543305
06037543306,Census Tract 5433.06; Los Angeles County; California,6708,06,037,543306
06037543321,Census Tract 5433.21; Los Angeles County; California,5594,06,037,543321
06037543322,Census Tract 5433.22; Los Angeles County; California,6750,06,037,543322
06037543400,Census Tract 5434; Los Angeles County; California,3565,06,037,543400
06037543501,Census Tract 5435.01; Los Angeles County; California,6069,06,037,543501
06037543502,Census Tract 5435.02; Los Angeles County; California,4813,06,037,543502
06037543503,Census Tract 5435.03; Los Angeles County; California,5473,06,037,543503
06037543601,Census Tract 5436.01; Los Angeles County; California,4322,06,037,543601
06037543603,Census Tract 5436.03; Los Angeles County; California,3676,06,037,543603
06037543605,Census Tract 5436.05; Los Angeles County; California,4242,06,037,543605
06037543606,Census Tract 5436.06; Los Angeles County; California,3939,06,037,543606
06037543607,Census Tract 5436.07; Los Angeles County; California,4991,06,037,543607
06037543701,Census Tract 5437.01; Los Angeles County; California,3063,06,037,543701
06037543703,Census Tract 5437.03; Los Angeles County; California,4113,06,037,543703
06037543704,Census Tract 5437.04; Los Angeles County; California,3021,06,037,543704
06037543705,Census Tract 5437.05; Los Angeles County; California,2936,06,037,543705
06037543801,Census Tract 5438.01; Los Angeles County; California,4371,06,037,543801
06037543803,Census Tract 5438.03; Los Angeles County; California,4535,06,037,543803
06037543804,Census Tract 5438.04; Los Angeles County; California,4643,06,037,543804
06037543903,Census Tract 5439.03; Los Angeles County; California,4023,06,037,543903
06037543905,Census Tract 5439.05; Los Angeles County; California,4602,06,037,543905
06037544001,Census Tract 5440.01; Los Angeles County; California,4354,06,037,544001
06037544002,Census Tract 5440.02; Los Angeles County; California,3758,06,037,544002
06037550101,Census Tract 5501.01; Los Angeles County; California,3862,06,037,550101
06037550201,Census Tract 5502.01; Los Angeles County; California,3072,06,037,550201
06037550202,Census Tract 5502.02; Los Angeles County; California,5130,06,037,550202
06037550301,Census Tract 5503.01; Los Angeles County; California,4196,06,037,550301
06037550501,Census Tract 5505.01; Los Angeles County; California,3904,06,037,550501
06037550502,Census Tract 5505.02; Los Angeles County; California,4226,06,037,550502
06037550601,Census Tract 5506.01; Los Angeles County; California,5729,06,037,550601
06037550602,Census Tract 5506.02; Los Angeles County; California,3924,06,037,550602
06037550700,Census Tract 5507; Los Angeles County; California,6398,06,037,550700
06037550801,Census Tract 5508.01; Los Angeles County; California,5120,06,037,550801
06037550802,Census Tract 5508.02; Los Angeles County; California,2149,06,037,550802
06037550901,Census Tract 5509.01; Los Angeles County; California,4446,06,037,550901
06037550902,Census Tract 5509.02; Los Angeles County; California,5305,06,037,550902
06037551001,Census Tract 5510.01; Los Angeles County; California,3159,06,037,551001
06037551002,Census Tract 5510.02; Los Angeles County; California,4350,06,037,551002
06037551101,Census Tract 5511.01; Los Angeles County; California,4072,06,037,551101
06037551102,Census Tract 5511.02; Los Angeles County; California,5388,06,037,551102
06037551201,Census Tract 5512.01; Los Angeles County; California,3751,06,037,551201
06037551203,Census Tract 5512.03; Los Angeles County; California,4150,06,037,551203
06037551204,Census Tract 5512.04; Los Angeles County; California,3556,06,037,551204
06037551300,Census Tract 5513; Los Angeles County; California,5181,06,037,551300
06037551401,Census Tract 5514.01; Los Angeles County; California,4087,06,037,551401
06037551402,Census Tract 5514.02; Los Angeles County; California,5014,06,037,551402
06037551501,Census Tract 5515.01; Los Angeles County; California,4707,06,037,551501
06037551502,Census Tract 5515.02; Los Angeles County; California,4360,06,037,551502
06037551700,Census Tract 5517; Los Angeles County; California,6134,06,037,551700
06037551801,Census Tract 5518.01; Los Angeles County; California,3319,06,037,551801
06037551802,Census Tract 5518.02; Los Angeles County; California,3983,06,037,551802
06037551900,Census Tract 5519; Los Angeles County; California,5361,06,037,551900
06037552001,Census Tract 5520.01; Los Angeles County; California,3934,06,037,552001
06037552002,Census Tract 5520.02; Los Angeles County; California,3243,06,037,552002
06037552100,Census Tract 5521; Los Angeles County; California,5226,06,037,552100
06037552200,Census Tract 5522; Los Angeles County; California,6498,06,037,552200
06037552301,Census Tract 5523.01; Los Angeles County; California,3955,06,037,552301
06037552302,Census Tract 5523.02; Los Angeles County; California,4005,06,037,552302
06037552400,Census Tract 5524; Los Angeles County; California,2294,06,037,552400
06037552601,Census Tract 5526.01; Los Angeles County; California,5198,06,037,552601
06037552602,Census Tract 5526.02; Los Angeles County; California,3682,06,037,552602
06037552700,Census Tract 5527; Los Angeles County; California,6511,06,037,552700
06037552800,Census Tract 5528; Los Angeles County; California,5635,06,037,552800
06037552900,Census Tract 5529; Los Angeles County; California,6937,06,037,552900
06037553000,Census Tract 5530; Los Angeles County; California,5204,06,037,553000
06037553100,Census Tract 5531; Los Angeles County; California,6633,06,037,553100
06037553201,Census Tract 5532.01; Los Angeles County; California,3898,06,037,553201
06037553202,Census Tract 5532.02; Los Angeles County; California,2879,06,037,553202
06037553300,Census Tract 5533; Los Angeles County; California,3399,06,037,553300
06037553400,Census Tract 5534; Los Angeles County; California,3381,06,037,553400
06037553502,Census Tract 5535.02; Los Angeles County; California,3453,06,037,553502
06037553503,Census Tract 5535.03; Los Angeles County; California,2935,06,037,553503
06037553504,Census Tract 5535.04; Los Angeles County; California,4840,06,037,553504
06037553601,Census Tract 5536.01; Los Angeles County; California,4771,06,037,553601
06037553602,Census Tract 5536.02; Los Angeles County; California,5231,06,037,553602
06037553701,Census Tract 5537.01; Los Angeles County; California,3658,06,037,553701
06037553702,Census Tract 5537.02; Los Angeles County; California,4559,06,037,553702
06037553801,Census Tract 5538.01; Los Angeles County; California,3710,06,037,553801
06037553802,Census Tract 5538.02; Los Angeles County; California,6585,06,037,553802
06037553901,Census Tract 5539.01; Los Angeles County; California,6092,06,037,553901
06037553902,Census Tract 5539.02; Los Angeles County; California,6216,06,037,553902
06037554001,Census Tract 5540.01; Los Angeles County; California,4519,06,037,554001
06037554002,Census Tract 5540.02; Los Angeles County; California,5755,06,037,554002
06037554101,Census Tract 5541.01; Los Angeles County; California,3643,06,037,554101
06037554105,Census Tract 5541.05; Los Angeles County; California,4327,06,037,554105
06037554106,Census Tract 5541.06; Los Angeles County; California,3974,06,037,554106
06037554201,Census Tract 5542.01; Los Angeles County; California,3630,06,037,554201
06037554203,Census Tract 5542.03; Los Angeles County; California,3549,06,037,554203
06037554204,Census Tract 5542.04; Los Angeles County; California,4735,06,037,554204
06037554301,Census Tract 5543.01; Los Angeles County; California,3293,06,037,554301
06037554302,Census Tract 5543.02; Los Angeles County; California,3937,06,037,554302
06037554403,Census Tract 5544.03; Los Angeles County; California,5622,06,037,554403
06037554404,Census Tract 5544.04; Los Angeles County; California,4309,06,037,554404
06037554405,Census Tract 5544.05; Los Angeles County; California,3907,06,037,554405
06037554406,Census Tract 5544.06; Los Angeles County; California,4810,06,037,554406
06037554511,Census Tract 5545.11; Los Angeles County; California,3620,06,037,554511
06037554512,Census Tract 5545.12; Los Angeles County; California,6504,06,037,554512
06037554513,Census Tract 5545.13; Los Angeles County; California,2537,06,037,554513
06037554514,Census Tract 5545.14; Los Angeles County; California,4571,06,037,554514
06037554515,Census Tract 5545.15; Los Angeles County; California,3263,06,037,554515
06037554516,Census Tract 5545.16; Los Angeles County; California,3922,06,037,554516
06037554517,Census Tract 5545.17; Los Angeles County; California,4513,06,037,554517
06037554518,Census Tract 5545.18; Los Angeles County; California,4993,06,037,554518
06037554519,Census Tract 5545.19; Los Angeles County; California,3201,06,037,554519
06037554521,Census Tract 5545.21; Los Angeles County; California,5809,06,037,554521
06037554522,Census Tract 5545.22; Los Angeles County; California,4934,06,037,554522
06037554600,Census Tract 5546; Los Angeles County; California,3941,06,037,554600
06037554700,Census Tract 5547; Los Angeles County; California,4289,06,037,554700
06037554801,Census Tract 5548.01; Los Angeles County; California,3037,06,037,554801
06037554802,Census Tract 5548.02; Los Angeles County; California,5630,06,037,554802
06037554900,Census Tract 5549; Los Angeles County; California,7222,06,037,554900
06037555001,Census Tract 5550.01; Los Angeles County; California,5158,06,037,555001
06037555002,Census Tract 5550.02; Los Angeles County; California,4076,06,037,555002
06037555105,Census Tract 5551.05; Los Angeles County; California,5885,06,037,555105
06037555106,Census Tract 5551.06; Los Angeles County; California,2594,06,037,555106
06037555107,Census Tract 5551.07; Los Angeles County; California,5111,06,037,555107
06037555202,Census Tract 5552.02; Los Angeles County; California,3606,06,037,555202
06037555211,Census Tract 5552.11; Los Angeles County; California,6040,06,037,555211
06037555212,Census Tract 5552.12; Los Angeles County; California,5057,06,037,555212
06037555300,Census Tract 5553; Los Angeles County; California,4591,06,037,555300
06037570001,Census Tract 5700.01; Los Angeles County; California,4919,06,037,570001
06037570002,Census Tract 5700.02; Los Angeles County; California,2658,06,037,570002
06037570003,Census Tract 5700.03; Los Angeles County; California,3870,06,037,570003
06037570100,Census Tract 5701; Los Angeles County; California,3044,06,037,570100
06037570202,Census Tract 5702.02; Los Angeles County; California,6381,06,037,570202
06037570203,Census Tract 5702.03; Los Angeles County; California,3708,06,037,570203
06037570204,Census Tract 5702.04; Los Angeles County; California,4465,06,037,570204
06037570303,Census Tract 5703.03; Los Angeles County; California,3765,06,037,570303
06037570304,Census Tract 5703.04; Los Angeles County; California,4688,06,037,570304
06037570305,Census Tract 5703.05; Los Angeles County; California,5119,06,037,570305
06037570306,Census Tract 5703.06; Los Angeles County; California,3239,06,037,570306
06037570402,Census Tract 5704.02; Los Angeles County; California,3372,06,037,570402
06037570403,Census Tract 5704.03; Los Angeles County; California,3789,06,037,570403
06037570404,Census Tract 5704.04; Los Angeles County; California,3973,06,037,570404
06037570502,Census Tract 5705.02; Los Angeles County; California,5618,06,037,570502
06037570503,Census Tract 5705.03; Los Angeles County; California,3693,06,037,570503
06037570504,Census Tract 5705.04; Los Angeles County; California,3207,06,037,570504
06037570601,Census Tract 5706.01; Los Angeles County; California,6081,06,037,570601
06037570602,Census Tract 5706.02; Los Angeles County; California,5692,06,037,570602
06037570603,Census Tract 5706.03; Los Angeles County; California,5038,06,037,570603
06037570701,Census Tract 5707.01; Los Angeles County; California,7323,06,037,570701
06037570703,Census Tract 5707.03; Los Angeles County; California,2906,06,037,570703
06037570800,Census Tract 5708; Los Angeles County; California,5489,06,037,570800
06037570901,Census Tract 5709.01; Los Angeles County; California,5549,06,037,570901
06037570902,Census Tract 5709.02; Los Angeles County; California,3350,06,037,570902
06037571000,Census Tract 5710; Los Angeles County; California,5505,06,037,571000
06037571101,Census Tract 5711.01; Los Angeles County; California,5026,06,037,571101
06037571102,Census Tract 5711.02; Los Angeles County; California,3609,06,037,571102
06037571201,Census Tract 5712.01; Los Angeles County; California,3973,06,037,571201
06037571202,Census Tract 5712.02; Los Angeles County; California,3839,06,037,571202
06037571300,Census Tract 5713; Los Angeles County; California,4685,06,037,571300
06037571400,Census Tract 5714; Los Angeles County; California,4779,06,037,571400
06037571502,Census Tract 5715.02; Los Angeles County; California,5022,06,037,571502
06037571504,Census Tract 5715.04; Los Angeles County; California,5120,06,037,571504
06037571505,Census Tract 5715.05; Los Angeles County; California,2681,06,037,571505
06037571600,Census Tract 5716; Los Angeles County; California,2384,06,037,571600
06037571701,Census Tract 5717.01; Los Angeles County; California,5653,06,037,571701
06037571703,Census Tract 5717.03; Los Angeles County; California,3363,06,037,571703
06037571704,Census Tract 5717.04; Los Angeles County; California,3782,06,037,571704
06037571800,Census Tract 5718; Los Angeles County; California,3005,06,037,571800
06037571900,Census Tract 5719; Los Angeles County; California,6378,06,037,571900
06037572001,Census Tract 5720.01; Los Angeles County; California,5836,06,037,572001
06037572201,Census Tract 5722.01; Los Angeles County; California,6275,06,037,572201
06037572202,Census Tract 5722.02; Los Angeles County; California,3468,06,037,572202
06037572301,Census Tract 5723.01; Los Angeles County; California,3648,06,037,572301
06037572500,Census Tract 5725; Los Angeles County; California,4011,06,037,572500
06037572600,Census Tract 5726; Los Angeles County; California,4929,06,037,572600
06037572700,Census Tract 5727; Los Angeles County; California,5078,06,037,572700
06037573002,Census Tract 5730.02; Los Angeles County; California,3282,06,037,573002
06037573003,Census Tract 5730.03; Los Angeles County; California,1699,06,037,573003
06037573004,Census Tract 5730.04; Los Angeles County; California,5127,06,037,573004
06037573101,Census Tract 5731.01; Los Angeles County; California,4485,06,037,573101
06037573102,Census Tract 5731.02; Los Angeles County; California,3120,06,037,573102
06037573201,Census Tract 5732.01; Los Angeles County; California,3845,06,037,573201
06037573202,Census Tract 5732.02; Los Angeles County; California,6426,06,037,573202
06037573300,Census Tract 5733; Los Angeles County; California,3572,06,037,573300
06037573401,Census Tract 5734.01; Los Angeles County; California,1276,06,037,573401
06037573402,Census Tract 5734.02; Los Angeles County; California,6838,06,037,573402
06037573403,Census Tract 5734.03; Los Angeles County; California,3354,06,037,573403
06037573601,Census Tract 5736.01; Los Angeles County; California,6300,06,037,573601
06037573700,Census Tract 5737; Los Angeles County; California,5105,06,037,573700
06037573800,Census Tract 5738; Los Angeles County; California,4377,06,037,573800
06037573902,Census Tract 5739.02; Los Angeles County; California,2248,06,037,573902
06037574000,Census Tract 5740; Los Angeles County; California,5246,06,037,574000
06037574100,Census Tract 5741; Los Angeles County; California,5107,06,037,574100
06037574201,Census Tract 5742.01; Los Angeles County; California,3125,06,037,574201
06037574202,Census Tract 5742.02; Los Angeles County; California,2131,06,037,574202
06037574300,Census Tract 5743; Los Angeles County; California,6424,06,037,574300
06037574400,Census Tract 5744; Los Angeles County; California,5484,06,037,574400
06037574500,Census Tract 5745; Los Angeles County; California,6679,06,037,574500
06037574602,Census Tract 5746.02; Los Angeles County; California,1240,06,037,574602
06037574800,Census Tract 5748; Los Angeles County; California,3170,06,037,574800
06037574901,Census Tract 5749.01; Los Angeles County; California,3940,06,037,574901
06037574902,Census Tract 5749.02; Los Angeles County; California,5570,06,037,574902
06037575001,Census Tract 5750.01; Los Angeles County; California,4123,06,037,575001
06037575002,Census Tract 5750.02; Los Angeles County; California,4632,06,037,575002
06037575101,Census Tract 5751.01; Los Angeles County; California,4401,06,037,575101
06037575102,Census Tract 5751.02; Los Angeles County; California,4147,06,037,575102
06037575103,Census Tract 5751.03; Los Angeles County; California,4632,06,037,575103
06037575201,Census Tract 5752.01; Los Angeles County; California,4190,06,037,575201
06037575202,Census Tract 5752.02; Los Angeles County; California,3647,06,037,575202
06037575300,Census Tract 5753; Los Angeles County; California,4209,06,037,575300
06037575401,Census Tract 5754.01; Los Angeles County; California,4027,06,037,575401
06037575402,Census Tract 5754.02; Los Angeles County; California,3565,06,037,575402
06037575801,Census Tract 5758.01; Los Angeles County; California,2225,06,037,575801
06037575802,Census Tract 5758.02; Los Angeles County; California,4237,06,037,575802
06037575803,Census Tract 5758.03; Los Angeles County; California,2416,06,037,575803
06037575901,Census Tract 5759.01; Los Angeles County; California,3328,06,037,575901
06037575902,Census Tract 5759.02; Los Angeles County; California,5020,06,037,575902
06037576001,Census Tract 5760.01; Los Angeles County; California,6518,06,037,576001
06037576200,Census Tract 5762; Los Angeles County; California,5437,06,037,576200
06037576301,Census Tract 5763.01; Los Angeles County; California,4897,06,037,576301
06037576302,Census Tract 5763.02; Los Angeles County; California,3188,06,037,576302
06037576401,Census Tract 5764.01; Los Angeles County; California,4027,06,037,576401
06037576402,Census Tract 5764.02; Los Angeles County; California,4404,06,037,576402
06037576403,Census Tract 5764.03; Los Angeles County; California,4854,06,037,576403
06037576501,Census Tract 5765.01; Los Angeles County; California,2926,06,037,576501
06037576502,Census Tract 5765.02; Los Angeles County; California,5064,06,037,576502
06037576503,Census Tract 5765.03; Los Angeles County; California,3715,06,037,576503
06037576601,Census Tract 5766.01; Los Angeles County; California,4204,06,037,576601
06037576602,Census Tract 5766.02; Los Angeles County; California,4408,06,037,576602
06037576700,Census Tract 5767; Los Angeles County; California,4229,06,037,576700
06037576801,Census Tract 5768.01; Los Angeles County; California,3437,06,037,576801
06037576802,Census Tract 5768.02; Los Angeles County; California,4389,06,037,576802
06037576901,Census Tract 5769.01; Los Angeles County; California,4944,06,037,576901
06037576903,Census Tract 5769.03; Los Angeles County; California,4048,06,037,576903
06037576904,Census Tract 5769.04; Los Angeles County; California,3330,06,037,576904
06037577000,Census Tract 5770; Los Angeles County; California,7177,06,037,577000
06037577100,Census Tract 5771; Los Angeles County; California,7179,06,037,577100
06037577200,Census Tract 5772; Los Angeles County; California,5432,06,037,577200
06037577300,Census Tract 5773; Los Angeles County; California,5869,06,037,577300
06037577400,Census Tract 5774; Los Angeles County; California,3112,06,037,577400
06037577501,Census Tract 5775.01; Los Angeles County; California,3209,06,037,577501
06037577504,Census Tract 5775.04; Los Angeles County; California,1223,06,037,577504
06037577602,Census Tract 5776.02; Los Angeles County; California,3301,06,037,577602
06037577604,Census Tract 5776.04; Los Angeles County; California,1638,06,037,577604
06037577605,Census Tract 5776.05; Los Angeles County; California,4668,06,037,577605
06037577606,Census Tract 5776.06; Los Angeles County; California,3757,06,037,577606
06037577700,Census Tract 5777; Los Angeles County; California,4652,06,037,577700
06037577800,Census Tract 5778; Los Angeles County; California,4722,06,037,577800
06037577900,Census Tract 5779; Los Angeles County; California,6928,06,037,577900
06037578000,Census Tract 5780; Los Angeles County; California,5403,06,037,578000
06037578100,Census Tract 5781; Los Angeles County; California,2273,06,037,578100
06037599000,Census Tract 5990; Los Angeles County; California,3074,06,037,599000
06037599100,Census Tract 5991; Los Angeles County; California,554,06,037,599100
06037600100,Census Tract 6001; Los Angeles County; California,7423,06,037,600100
06037600201,Census Tract 6002.01; Los Angeles County; California,4830,06,037,600201
06037600202,Census Tract 6002.02; Los Angeles County; California,6670,06,037,600202
06037600302,Census Tract 6003.02; Los Angeles County; California,2678,06,037,600302
06037600303,Census Tract 6003.03; Los Angeles County; California,4605,06,037,600303
06037600304,Census Tract 6003.04; Los Angeles County; California,3623,06,037,600304
06037600400,Census Tract 6004; Los Angeles County; California,4294,06,037,600400
06037600501,Census Tract 6005.01; Los Angeles County; California,2478,06,037,600501
06037600601,Census Tract 6006.01; Los Angeles County; California,2394,06,037,600601
06037600602,Census Tract 6006.02; Los Angeles County; California,2760,06,037,600602
06037600702,Census Tract 6007.02; Los Angeles County; California,4704,06,037,600702
06037600703,Census Tract 6007.03; Los Angeles County; California,1773,06,037,600703
06037600704,Census Tract 6007.04; Los Angeles County; California,2643,06,037,600704
06037600801,Census Tract 6008.01; Los Angeles County; California,3018,06,037,600801
06037600802,Census Tract 6008.02; Los Angeles County; California,2570,06,037,600802
06037600902,Census Tract 6009.02; Los Angeles County; California,6585,06,037,600902
06037600911,Census Tract 6009.11; Los Angeles County; California,3595,06,037,600911
06037600912,Census Tract 6009.12; Los Angeles County; California,4522,06,037,600912
06037601001,Census Tract 6010.01; Los Angeles County; California,2614,06,037,601001
06037601002,Census Tract 6010.02; Los Angeles County; California,5222,06,037,601002
06037601100,Census Tract 6011; Los Angeles County; California,6188,06,037,601100
06037601202,Census Tract 6012.02; Los Angeles County; California,3807,06,037,601202
06037601211,Census Tract 6012.11; Los Angeles County; California,2907,06,037,601211
06037601212,Census Tract 6012.12; Los Angeles County; California,5295,06,037,601212
06037601301,Census Tract 6013.01; Los Angeles County; California,2222,06,037,601301
06037601302,Census Tract 6013.02; Los Angeles County; California,6377,06,037,601302
06037601303,Census Tract 6013.03; Los Angeles County; California,5379,06,037,601303
06037601401,Census Tract 6014.01; Los Angeles County; California,6057,06,037,601401
06037601402,Census Tract 6014.02; Los Angeles County; California,4551,06,037,601402
06037601501,Census Tract 6015.01; Los Angeles County; California,3553,06,037,601501
06037601502,Census Tract 6015.02; Los Angeles County; California,3218,06,037,601502
06037601600,Census Tract 6016; Los Angeles County; California,3978,06,037,601600
06037601700,Census Tract 6017; Los Angeles County; California,5006,06,037,601700
06037601801,Census Tract 6018.01; Los Angeles County; California,3082,06,037,601801
06037601802,Census Tract 6018.02; Los Angeles County; California,3164,06,037,601802
06037601900,Census Tract 6019; Los Angeles County; California,4498,06,037,601900
06037602002,Census Tract 6020.02; Los Angeles County; California,3044,06,037,602002
06037602003,Census Tract 6020.03; Los Angeles County; California,4005,06,037,602003
06037602103,Census Tract 6021.03; Los Angeles County; California,5527,06,037,602103
06037602104,Census Tract 6021.04; Los Angeles County; California,5401,06,037,602104
06037602105,Census Tract 6021.05; Los Angeles County; California,4255,06,037,602105
06037602106,Census Tract 6021.06; Los Angeles County; California,5992,06,037,602106
06037602201,Census Tract 6022.01; Los Angeles County; California,4458,06,037,602201
06037602202,Census Tract 6022.02; Los Angeles County; California,2728,06,037,602202
06037602301,Census Tract 6023.01; Los Angeles County; California,6936,06,037,602301
06037602302,Census Tract 6023.02; Los Angeles County; California,4651,06,037,602302
06037602402,Census Tract 6024.02; Los Angeles County; California,6969,06,037,602402
06037602403,Census Tract 6024.03; Los Angeles County; California,3969,06,037,602403
06037602404,Census Tract 6024.04; Los Angeles County; California,5636,06,037,602404
06037602504,Census Tract 6025.04; Los Angeles County; California,4681,06,037,602504
06037602505,Census Tract 6025.05; Los Angeles County; California,4459,06,037,602505
06037602506,Census Tract 6025.06; Los Angeles County; California,4296,06,037,602506
06037602507,Census Tract 6025.07; Los Angeles County; California,4574,06,037,602507
06037602510,Census Tract 6025.10; Los Angeles County; California,4001,06,037,602510
06037602511,Census Tract 6025.11; Los Angeles County; California,4395,06,037,602511
06037602512,Census Tract 6025.12; Los Angeles County; California,1928,06,037,602512
06037602513,Census Tract 6025.13; Los Angeles County; California,1433,06,037,602513
06037602601,Census Tract 6026.01; Los Angeles County; California,4990,06,037,602601
06037602602,Census Tract 6026.02; Los Angeles County; California,2957,06,037,602602
06037602700,Census Tract 6027; Los Angeles County; California,3749,06,037,602700
06037602801,Census Tract 6028.01; Los Angeles County; California,4059,06,037,602801
06037602802,Census Tract 6028.02; Los Angeles County; California,4265,06,037,602802
06037602900,Census Tract 6029; Los Angeles County; California,4670,06,037,602900
06037603004,Census Tract 6030.04; Los Angeles County; California,1649,06,037,603004
06037603005,Census Tract 6030.05; Los Angeles County; California,6073,06,037,603005
06037603006,Census Tract 6030.06; Los Angeles County; California,1822,06,037,603006
06037603007,Census Tract 6030.07; Los Angeles County; California,3463,06,037,603007
06037603008,Census Tract 6030.08; Los Angeles County; California,3820,06,037,603008
06037603101,Census Tract 6031.01; Los Angeles County; California,4810,06,037,603101
06037603102,Census Tract 6031.02; Los Angeles County; California,3420,06,037,603102
06037603200,Census Tract 6032; Los Angeles County; California,3364,06,037,603200
06037603301,Census Tract 6033.01; Los Angeles County; California,3431,06,037,603301
06037603302,Census Tract 6033.02; Los Angeles County; California,4315,06,037,603302
06037603400,Census Tract 6034; Los Angeles County; California,3979,06,037,603400
06037603500,Census Tract 6035; Los Angeles County; California,2749,06,037,603500
06037603600,Census Tract 6036; Los Angeles County; California,3910,06,037,603600
06037603702,Census Tract 6037.02; Los Angeles County; California,5008,06,037,603702
06037603703,Census Tract 6037.03; Los Angeles County; California,2631,06,037,603703
06037603705,Census Tract 6037.05; Los Angeles County; California,2860,06,037,603705
06037603706,Census Tract 6037.06; Los Angeles County; California,3423,06,037,603706
06037603801,Census Tract 6038.01; Los Angeles County; California,4712,06,037,603801
06037603802,Census Tract 6038.02; Los Angeles County; California,3510,06,037,603802
06037603901,Census Tract 6039.01; Los Angeles County; California,4065,06,037,603901
06037603902,Census Tract 6039.02; Los Angeles County; California,3446,06,037,603902
06037604001,Census Tract 6040.01; Los Angeles County; California,4780,06,037,604001
06037604002,Census Tract 6040.02; Los Angeles County; California,3805,06,037,604002
06037604101,Census Tract 6041.01; Los Angeles County; California,3923,06,037,604101
06037604102,Census Tract 6041.02; Los Angeles County; California,2540,06,037,604102
06037604200,Census Tract 6042; Los Angeles County; California,5603,06,037,604200
06037609900,Census Tract 6099; Los Angeles County; California,1770,06,037,609900
06037620001,Census Tract 6200.01; Los Angeles County; California,4242,06,037,620001
06037620002,Census Tract 6200.02; Los Angeles County; California,3463,06,037,620002
06037620101,Census Tract 6201.01; Los Angeles County; California,5050,06,037,620101
06037620102,Census Tract 6201.02; Los Angeles County; California,4014,06,037,620102
06037620201,Census Tract 6202.01; Los Angeles County; California,1559,06,037,620201
06037620301,Census Tract 6203.01; Los Angeles County; California,4270,06,037,620301
06037620303,Census Tract 6203.03; Los Angeles County; California,4741,06,037,620303
06037620305,Census Tract 6203.05; Los Angeles County; California,5844,06,037,620305
06037620400,Census Tract 6204; Los Angeles County; California,5045,06,037,620400
06037620501,Census Tract 6205.01; Los Angeles County; California,6133,06,037,620501
06037620521,Census Tract 6205.21; Los Angeles County; California,4414,06,037,620521
06037620522,Census Tract 6205.22; Los Angeles County; California,4683,06,037,620522
06037620601,Census Tract 6206.01; Los Angeles County; California,5881,06,037,620601
06037620602,Census Tract 6206.02; Los Angeles County; California,5899,06,037,620602
06037620701,Census Tract 6207.01; Los Angeles County; California,7033,06,037,620701
06037620703,Census Tract 6207.03; Los Angeles County; California,3547,06,037,620703
06037620704,Census Tract 6207.04; Los Angeles County; California,3835,06,037,620704
06037620801,Census Tract 6208.01; Los Angeles County; California,3842,06,037,620801
06037620802,Census Tract 6208.02; Los Angeles County; California,3550,06,037,620802
06037620901,Census Tract 6209.01; Los Angeles County; California,2722,06,037,620901
06037620904,Census Tract 6209.04; Los Angeles County; California,2637,06,037,620904
06037621001,Census Tract 6210.01; Los Angeles County; California,4954,06,037,621001
06037621005,Census Tract 6210.05; Los Angeles County; California,4830,06,037,621005
06037621102,Census Tract 6211.02; Los Angeles County; California,3032,06,037,621102
06037621104,Census Tract 6211.04; Los Angeles County; California,6247,06,037,621104
06037621201,Census Tract 6212.01; Los Angeles County; California,7226,06,037,621201
06037621204,Census Tract 6212.04; Los Angeles County; California,2819,06,037,621204
06037621301,Census Tract 6213.01; Los Angeles County; California,7118,06,037,621301
06037621324,Census Tract 6213.24; Los Angeles County; California,3252,06,037,621324
06037621326,Census Tract 6213.26; Los Angeles County; California,3052,06,037,621326
06037621400,Census Tract 6214; Los Angeles County; California,4399,06,037,621400
06037650001,Census Tract 6500.01; Los Angeles County; California,6087,06,037,650001
06037650003,Census Tract 6500.03; Los Angeles County; California,2912,06,037,650003
06037650004,Census Tract 6500.04; Los Angeles County; California,4337,06,037,650004
06037650101,Census Tract 6501.01; Los Angeles County; California,4841,06,037,650101
06037650102,Census Tract 6501.02; Los Angeles County; California,2187,06,037,650102
06037650200,Census Tract 6502; Los Angeles County; California,5945,06,037,650200
06037650300,Census Tract 6503; Los Angeles County; California,7693,06,037,650300
06037650401,Census Tract 6504.01; Los Angeles County; California,4360,06,037,650401
06037650501,Census Tract 6505.01; Los Angeles County; California,2772,06,037,650501
06037650502,Census Tract 6505.02; Los Angeles County; California,4177,06,037,650502
06037650603,Census Tract 6506.03; Los Angeles County; California,3454,06,037,650603
06037650604,Census Tract 6506.04; Los Angeles County; California,5438,06,037,650604
06037650605,Census Tract 6506.05; Los Angeles County; California,2668,06,037,650605
06037650606,Census Tract 6506.06; Los Angeles County; California,4042,06,037,650606
06037650607,Census Tract 6506.07; Los Angeles County; California,2858,06,037,650607
06037650701,Census Tract 6507.01; Los Angeles County; California,2591,06,037,650701
06037650702,Census Tract 6507.02; Los Angeles County; California,4754,06,037,650702
06037650801,Census Tract 6508.01; Los Angeles County; California,3931,06,037,650801
06037650802,Census Tract 6508.02; Los Angeles County; California,3495,06,037,650802
06037650901,Census Tract 6509.01; Los Angeles County; California,4920,06,037,650901
06037650903,Census Tract 6509.03; Los Angeles County; California,4888,06,037,650903
06037650904,Census Tract 6509.04; Los Angeles County; California,2440,06,037,650904
06037651001,Census Tract 6510.01; Los Angeles County; California,5360,06,037,651001
06037651002,Census Tract 6510.02; Los Angeles County; California,4571,06,037,651002
06037651101,Census Tract 6511.01; Los Angeles County; California,4732,06,037,651101
06037651102,Census Tract 6511.02; Los Angeles County; California,4179,06,037,651102
06037651201,Census Tract 6512.01; Los Angeles County; California,4391,06,037,651201
06037651221,Census Tract 6512.21; Los Angeles County; California,3502,06,037,651221
06037651222,Census Tract 6512.22; Los Angeles County; California,6113,06,037,651222
06037651302,Census Tract 6513.02; Los Angeles County; California,5847,06,037,651302
06037651304,Census Tract 6513.04; Los Angeles County; California,5005,06,037,651304
06037651401,Census Tract 6514.01; Los Angeles County; California,2361,06,037,651401
06037651402,Census Tract 6514.02; Los Angeles County; California,5279,06,037,651402
06037670001,Census Tract 6700.01; Los Angeles County; California,3316,06,037,670001
06037670002,Census Tract 6700.02; Los Angeles County; California,3175,06,037,670002
06037670003,Census Tract 6700.03; Los Angeles County; California,6034,06,037,670003
06037670101,Census Tract 6701.01; Los Angeles County; California,3889,06,037,670101
06037670102,Census Tract 6701.02; Los Angeles County; California,3811,06,037,670102
06037670201,Census Tract 6702.01; Los Angeles County; California,3994,06,037,670201
06037670202,Census Tract 6702.02; Los Angeles County; California,2505,06,037,670202
06037670324,Census Tract 6703.24; Los Angeles County; California,5359,06,037,670324
06037670326,Census Tract 6703.26; Los Angeles County; California,3184,06,037,670326
06037670328,Census Tract 6703.28; Los Angeles County; California,4382,06,037,670328
06037670405,Census Tract 6704.05; Los Angeles County; California,2582,06,037,670405
06037670406,Census Tract 6704.06; Los Angeles County; California,1837,06,037,670406
06037670407,Census Tract 6704.07; Los Angeles County; California,6031,06,037,670407
06037670413,Census Tract 6704.13; Los Angeles County; California,4897,06,037,670413
06037670416,Census Tract 6704.16; Los Angeles County; California,4055,06,037,670416
06037670417,Census Tract 6704.17; Los Angeles County; California,2786,06,037,670417
06037670418,Census Tract 6704.18; Los Angeles County; California,4428,06,037,670418
06037670500,Census Tract 6705; Los Angeles County; California,1509,06,037,670500
06037670603,Census Tract 6706.03; Los Angeles County; California,1886,06,037,670603
06037670604,Census Tract 6706.04; Los Angeles County; California,4764,06,037,670604
06037670701,Census Tract 6707.01; Los Angeles County; California,6035,06,037,670701
06037670702,Census Tract 6707.02; Los Angeles County; California,5770,06,037,670702
06037700101,Census Tract 7001.01; Los Angeles County; California,5584,06,037,700101
06037700102,Census Tract 7001.02; Los Angeles County; California,4237,06,037,700102
06037700200,Census Tract 7002; Los Angeles County; California,6549,06,037,700200
06037700300,Census Tract 7003; Los Angeles County; California,5564,06,037,700300
06037700400,Census Tract 7004; Los Angeles County; California,4547,06,037,700400
06037700501,Census Tract 7005.01; Los Angeles County; California,4316,06,037,700501
06037700502,Census Tract 7005.02; Los Angeles County; California,4087,06,037,700502
06037700600,Census Tract 7006; Los Angeles County; California,4721,06,037,700600
06037700700,Census Tract 7007; Los Angeles County; California,2935,06,037,700700
06037700801,Census Tract 7008.01; Los Angeles County; California,4176,06,037,700801
06037700802,Census Tract 7008.02; Los Angeles County; California,4129,06,037,700802
06037700901,Census Tract 7009.01; Los Angeles County; California,4155,06,037,700901
06037700902,Census Tract 7009.02; Los Angeles County; California,6430,06,037,700902
06037701000,Census Tract 7010; Los Angeles County; California,5078,06,037,701000
06037701201,Census Tract 7012.01; Los Angeles County; California,3730,06,037,701201
06037701202,Census Tract 7012.02; Los Angeles County; California,3203,06,037,701202
06037701302,Census Tract 7013.02; Los Angeles County; California,4789,06,037,701302
06037701304,Census Tract 7013.04; Los Angeles County; California,5965,06,037,701304
06037701402,Census Tract 7014.02; Los Angeles County; California,5975,06,037,701402
06037701501,Census Tract 7015.01; Los Angeles County; California,5082,06,037,701501
06037701502,Census Tract 7015.02; Los Angeles County; California,3855,06,037,701502
06037701601,Census Tract 7016.01; Los Angeles County; California,4051,06,037,701601
06037701602,Census Tract 7016.02; Los Angeles County; California,4438,06,037,701602
06037701701,Census Tract 7017.01; Los Angeles County; California,3454,06,037,701701
06037701702,Census Tract 7017.02; Los Angeles County; California,3081,06,037,701702
06037701801,Census Tract 7018.01; Los Angeles County; California,6023,06,037,701801
06037701802,Census Tract 7018.02; Los Angeles County; California,4947,06,037,701802
06037701902,Census Tract 7019.02; Los Angeles County; California,5600,06,037,701902
06037702002,Census Tract 7020.02; Los Angeles County; California,6226,06,037,702002
06037702102,Census Tract 7021.02; Los Angeles County; California,5913,06,037,702102
06037702201,Census Tract 7022.01; Los Angeles County; California,4111,06,037,702201
06037702202,Census Tract 7022.02; Los Angeles County; California,4039,06,037,702202
06037702300,Census Tract 7023; Los Angeles County; California,6679,06,037,702300
06037702400,Census Tract 7024; Los Angeles County; California,4867,06,037,702400
06037702501,Census Tract 7025.01; Los Angeles County; California,4708,06,037,702501
06037702502,Census Tract 7025.02; Los Angeles County; California,4287,06,037,702502
06037702600,Census Tract 7026; Los Angeles County; California,6070,06,037,702600
06037702700,Census Tract 7027; Los Angeles County; California,3257,06,037,702700
06037702801,Census Tract 7028.01; Los Angeles County; California,5479,06,037,702801
06037702802,Census Tract 7028.02; Los Angeles County; California,2151,06,037,702802
06037702803,Census Tract 7028.03; Los Angeles County; California,3065,06,037,702803
06037702900,Census Tract 7029; Los Angeles County; California,9176,06,037,702900
06037703002,Census Tract 7030.02; Los Angeles County; California,7589,06,037,703002
06037703003,Census Tract 7030.03; Los Angeles County; California,6047,06,037,703003
06037703100,Census Tract 7031; Los Angeles County; California,5584,06,037,703100
06037703200,Census Tract 7032; Los Angeles County; California,5646,06,037,703200
06037800101,Census Tract 8001.01; Los Angeles County; California,5646,06,037,800101
06037800103,Census Tract 8001.03; Los Angeles County; California,3818,06,037,800103
06037800104,Census Tract 8001.04; Los Angeles County; California,3728,06,037,800104
06037800202,Census Tract 8002.02; Los Angeles County; California,5912,06,037,800202
06037800204,Census Tract 8002.04; Los Angeles County; California,4384,06,037,800204
06037800205,Census Tract 8002.05; Los Angeles County; California,3793,06,037,800205
06037800206,Census Tract 8002.06; Los Angeles County; California,3493,06,037,800206
06037800324,Census Tract 8003.24; Los Angeles County; California,6557,06,037,800324
06037800325,Census Tract 8003.25; Los Angeles County; California,3443,06,037,800325
06037800328,Census Tract 8003.28; Los Angeles County; California,1306,06,037,800328
06037800333,Census Tract 8003.33; Los Angeles County; California,2211,06,037,800333
06037800334,Census Tract 8003.34; Los Angeles County; California,3299,06,037,800334
06037800335,Census Tract 8003.35; Los Angeles County; California,4329,06,037,800335
06037800336,Census Tract 8003.36; Los Angeles County; California,3607,06,037,800336
06037800337,Census Tract 8003.37; Los Angeles County; California,3205,06,037,800337
06037800338,Census Tract 8003.38; Los Angeles County; California,6155,06,037,800338
06037800406,Census Tract 8004.06; Los Angeles County; California,2018,06,037,800406
06037800410,Census Tract 8004.10; Los Angeles County; California,3815,06,037,800410
06037800411,Census Tract 8004.11; Los Angeles County; California,2486,06,037,800411
06037800412,Census Tract 8004.12; Los Angeles County; California,3460,06,037,800412
06037800504,Census Tract 8005.04; Los Angeles County; California,2049,06,037,800504
06037800506,Census Tract 8005.06; Los Angeles County; California,2987,06,037,800506
06037900102,Census Tract 9001.02; Los Angeles County; California,594,06,037,900102
06037900103,Census Tract 9001.03; Los Angeles County; California,6500,06,037,900103
06037900104,Census Tract 9001.04; Los Angeles County; California,6551,06,037,900104
06037900301,Census Tract 9003.01; Los Angeles County; California,4344,06,037,900301
06037900501,Census Tract 9005.01; Los Angeles County; California,7504,06,037,900501
06037900504,Census Tract 9005.04; Los Angeles County; California,6568,06,037,900504
06037900505,Census Tract 9005.05; Los Angeles County; California,4240,06,037,900505
06037900506,Census Tract 9005.06; Los Angeles County; California,5116,06,037,900506
06037900508,Census Tract 9005.08; Los Angeles County; California,3315,06,037,900508
06037900509,Census Tract 9005.09; Los Angeles County; California,4792,06,037,900509
06037900510,Census Tract 9005.10; Los Angeles County; California,4360,06,037,900510
06037900602,Census Tract 9006.02; Los Angeles County; California,5367,06,037,900602
06037900606,Census Tract 9006.06; Los Angeles County; California,4325,06,037,900606
06037900607,Census Tract 9006.07; Los Angeles County; California,5095,06,037,900607
06037900608,Census Tract 9006.08; Los Angeles County; California,3967,06,037,900608
06037900609,Census Tract 9006.09; Los Angeles County; California,5262,06,037,900609
06037900610,Census Tract 9006.10; Los Angeles County; California,3170,06,037,900610
06037900611,Census Tract 9006.11; Los Angeles County; California,4496,06,037,900611
06037900701,Census Tract 9007.01; Los Angeles County; California,4716,06,037,900701
06037900703,Census Tract 9007.03; Los Angeles County; California,5011,06,037,900703
06037900704,Census Tract 9007.04; Los Angeles County; California,3392,06,037,900704
06037900705,Census Tract 9007.05; Los Angeles County; California,3986,06,037,900705
06037900804,Census Tract 9008.04; Los Angeles County; California,3450,06,037,900804
06037900805,Census Tract 9008.05; Los Angeles County; California,5852,06,037,900805
06037900806,Census Tract 9008.06; Los Angeles County; California,4171,06,037,900806
06037900807,Census Tract 9008.07; Los Angeles County; California,3930,06,037,900807
06037900808,Census Tract 9008.08; Los Angeles County; California,5162,06,037,900808
06037900901,Census Tract 9009.01; Los Angeles County; California,2869,06,037,900901
06037900902,Census Tract 9009.02; Los Angeles County; California,1506,06,037,900902
06037901003,Census Tract 9010.03; Los Angeles County; California,3160,06,037,901003
06037901007,Census Tract 9010.07; Los Angeles County; California,2075,06,037,901007
06037901008,Census Tract 9010.08; Los Angeles County; California,3413,06,037,901008
06037901009,Census Tract 9010.09; Los Angeles County; California,5457,06,037,901009
06037901010,Census Tract 9010.10; Los Angeles County; California,5564,06,037,901010
06037901011,Census Tract 9010.11; Los Angeles County; California,4830,06,037,901011
06037901012,Census Tract 9010.12; Los Angeles County; California,6764,06,037,901012
06037901013,Census Tract 9010.13; Los Angeles County; California,3899,06,037,901013
06037901014,Census Tract 9010.14; Los Angeles County; California,5184,06,037,901014
06037901101,Census Tract 9011.01; Los Angeles County; California,5686,06,037,901101
06037901102,Census Tract 9011.02; Los Angeles County; California,5636,06,037,901102
06037901209,Census Tract 9012.09; Los Angeles County; California,885,06,037,901209
06037901210,Census Tract 9012.10; Los Angeles County; California,1802,06,037,901210
06037901214,Census Tract 9012.14; Los Angeles County; California,5187,06,037,901214
06037901215,Census Tract 9012.15; Los Angeles County; California,3685,06,037,901215
06037901216,Census Tract 9012.16; Los Angeles County; California,3059,06,037,901216
06037901217,Census Tract 9012.17; Los Angeles County; California,1421,06,037,901217
06037901218,Census Tract 9012.18; Los Angeles County; California,2425,06,037,901218
06037901300,Census Tract 9013; Los Angeles County; California,1840,06,037,901300
06037910002,Census Tract 9100.02; Los Angeles County; California,7288,06,037,910002
06037910210,Census Tract 9102.10; Los Angeles County; California,7176,06,037,910210
06037910211,Census Tract 9102.11; Los Angeles County; California,1882,06,037,910211
06037910212,Census Tract 9102.12; Los Angeles County; California,3319,06,037,910212
06037910213,Census Tract 9102.13; Los Angeles County; California,1691,06,037,910213
06037910214,Census Tract 9102.14; Los Angeles County; California,5692,06,037,910214
06037910215,Census Tract 9102.15; Los Angeles County; California,7246,06,037,910215
06037910216,Census Tract 9102.16; Los Angeles County; California,4819,06,037,910216
06037910217,Census Tract 9102.17; Los Angeles County; California,5970,06,037,910217
06037910218,Census Tract 9102.18; Los Angeles County; California,4437,06,037,910218
06037910301,Census Tract 9103.01; Los Angeles County; California,4520,06,037,910301
06037910302,Census Tract 9103.02; Los Angeles County; California,5817,06,037,910302
06037910401,Census Tract 9104.01; Los Angeles County; California,5742,06,037,910401
06037910404,Census Tract 9104.04; Los Angeles County; California,4735,06,037,910404
06037910405,Census Tract 9104.05; Los Angeles County; California,5675,06,037,910405
06037910501,Census Tract 9105.01; Los Angeles County; California,5997,06,037,910501
06037910502,Census Tract 9105.02; Los Angeles County; California,4139,06,037,910502
06037910504,Census Tract 9105.04; Los Angeles County; California,4046,06,037,910504
06037910505,Census Tract 9105.05; Los Angeles County; California,3164,06,037,910505
06037910601,Census Tract 9106.01; Los Angeles County; California,6445,06,037,910601
06037910602,Census Tract 9106.02; Los Angeles County; California,4553,06,037,910602
06037910605,Census Tract 9106.05; Los Angeles County; California,4913,06,037,910605
06037910606,Census Tract 9106.06; Los Angeles County; California,3120,06,037,910606
06037910607,Census Tract 9106.07; Los Angeles County; California,4099,06,037,910607
06037910608,Census Tract 9106.08; Los Angeles County; California,3863,06,037,910608
06037910706,Census Tract 9107.06; Los Angeles County; California,6761,06,037,910706
06037910707,Census Tract 9107.07; Los Angeles County; California,5615,06,037,910707
06037910709,Census Tract 9107.09; Los Angeles County; California,1682,06,037,910709
06037910712,Census Tract 9107.12; Los Angeles County; California,3211,06,037,910712
06037910713,Census Tract 9107.13; Los Angeles County; California,6801,06,037,910713
06037910714,Census Tract 9107.14; Los Angeles County; California,4225,06,037,910714
06037910715,Census Tract 9107.15; Los Angeles County; California,6701,06,037,910715
06037910716,Census Tract 9107.16; Los Angeles County; California,6583,06,037,910716
06037910717,Census Tract 9107.17; Los Angeles County; California,2226,06,037,910717
06037910718,Census Tract 9107.18; Los Angeles County; California,5245,06,037,910718
06037910719,Census Tract 9107.19; Los Angeles County; California,4305,06,037,910719
06037910720,Census Tract 9107.20; Los Angeles County; California,5263,06,037,910720
06037910721,Census Tract 9107.21; Los Angeles County; California,3905,06,037,910721
06037910804,Census Tract 9108.04; Los Angeles County; California,2971,06,037,910804
06037910807,Census Tract 9108.07; Los Angeles County; California,5928,06,037,910807
06037910808,Census Tract 9108.08; Los Angeles County; California,4011,06,037,910808
06037910809,Census Tract 9108.09; Los Angeles County; California,2231,06,037,910809
06037910810,Census Tract 9108.10; Los Angeles County; California,2914,06,037,910810
06037910814,Census Tract 9108.14; Los Angeles County; California,3457,06,037,910814
06037910815,Census Tract 9108.15; Los Angeles County; California,5176,06,037,910815
06037911001,Census Tract 9110.01; Los Angeles County; California,3205,06,037,911001
06037911100,Census Tract 9111; Los Angeles County; California,7146,06,037,911100
06037920013,Census Tract 9200.13; Los Angeles County; California,7253,06,037,920013
06037920015,Census Tract 9200.15; Los Angeles County; California,6119,06,037,920015
06037920016,Census Tract 9200.16; Los Angeles County; California,5345,06,037,920016
06037920017,Census Tract 9200.17; Los Angeles County; California,4315,06,037,920017
06037920018,Census Tract 9200.18; Los Angeles County; California,1892,06,037,920018
06037920020,Census Tract 9200.20; Los Angeles County; California,6033,06,037,920020
06037920028,Census Tract 9200.28; Los Angeles County; California,8576,06,037,920028
06037920029,Census Tract 9200.29; Los Angeles County; California,3317,06,037,920029
06037920030,Census Tract 9200.30; Los Angeles County; California,5916,06,037,920030
06037920031,Census Tract 9200.31; Los Angeles County; California,6371,06,037,920031
06037920034,Census Tract 9200.34; Los Angeles County; California,5299,06,037,920034
06037920035,Census Tract 9200.35; Los Angeles County; California,8455,06,037,920035
06037920038,Census Tract 9200.38; Los Angeles County; California,4804,06,037,920038
06037920039,Census Tract 9200.39; Los Angeles County; California,1661,06,037,920039
06037920040,Census Tract 9200.40; Los Angeles County; California,2682,06,037,920040
06037920041,Census Tract 9200.41; Los Angeles County; California,4065,06,037,920041
06037920042,Census Tract 9200.42; Los Angeles County; California,7539,06,037,920042
06037920043,Census Tract 9200.43; Los Angeles County; California,8892,06,037,920043
06037920044,Census Tract 9200.44; Los Angeles County; California,2684,06,037,920044
06037920045,Census Tract 9200.45; Los Angeles County; California,4554,06,037,920045
06037920046,Census Tract 9200.46; Los Angeles County; California,1910,06,037,920046
06037920047,Census Tract 9200.47; Los Angeles County; California,6579,06,037,920047
06037920048,Census Tract 9200.48; Los Angeles County; California,5433,06,037,920048
06037920049,Census Tract 9200.49; Los Angeles County; California,6500,06,037,920049
06037920050,Census Tract 9200.50; Los Angeles County; California,1147,06,037,920050
06037920102,Census Tract 9201.02; Los Angeles County; California,4758,06,037,920102
06037920104,Census Tract 9201.04; Los Angeles County; California,2987,06,037,920104
06037920106,Census Tract 9201.06; Los Angeles County; California,3716,06,037,920106
06037920109,Census Tract 9201.09; Los Angeles County; California,4803,06,037,920109
06037920110,Census Tract 9201.10; Los Angeles County; California,2912,06,037,920110
06037920111,Census Tract 9201.11; Los Angeles County; California,3141,06,037,920111
06037920112,Census Tract 9201.12; Los Angeles County; California,4277,06,037,920112
06037920114,Census Tract 9201.14; Los Angeles County; California,5350,06,037,920114
06037920115,Census Tract 9201.15; Los Angeles County; California,4158,06,037,920115
06037920116,Census Tract 9201.16; Los Angeles County; California,4606,06,037,920116
06037920118,Census Tract 9201.18; Los Angeles County; California,6019,06,037,920118
06037920119,Census Tract 9201.19; Los Angeles County; California,1902,06,037,920119
06037920120,Census Tract 9201.20; Los Angeles County; California,3876,06,037,920120
06037920121,Census Tract 9201.21; Los Angeles County; California,11359,06,037,920121
06037920200,Census Tract 9202; Los Angeles County; California,3604,06,037,920200
06037920303,Census Tract 9203.03; Los Angeles County; California,1704,06,037,920303
06037920312,Census Tract 9203.12; Los Angeles County; California,5684,06,037,920312
06037920313,Census Tract 9203.13; Los Angeles County; California,5349,06,037,920313
06037920314,Census Tract 9203.14; Los Angeles County; California,3250,06,037,920314
06037920322,Census Tract 9203.22; Los Angeles County; California,2689,06,037,920322
06037920326,Census Tract 9203.26; Los Angeles County; California,6971,06,037,920326
06037920328,Census Tract 9203.28; Los Angeles County; California,1961,06,037,920328
06037920329,Census Tract 9203.29; Los Angeles County; California,5091,06,037,920329
06037920330,Census Tract 9203.30; Los Angeles County; California,4445,06,037,920330
06037920331,Census Tract 9203.31; Los Angeles County; California,3794,06,037,920331
06037920332,Census Tract 9203.32; Los Angeles County; California,1778,06,037,920332
06037920334,Census Tract 9203.34; Los Angeles County; California,6224,06,037,920334
06037920338,Census Tract 9203.38; Los Angeles County; California,5594,06,037,920338
06037920339,Census Tract 9203.39; Los Angeles County; California,10017,06,037,920339
06037920340,Census Tract 9203.40; Los Angeles County; California,2652,06,037,920340
06037920341,Census Tract 9203.41; Los Angeles County; California,2885,06,037,920341
06037920342,Census Tract 9203.42; Los Angeles County; California,2977,06,037,920342
06037920343,Census Tract 9203.43; Los Angeles County; California,4090,06,037,920343
06037930400,Census Tract 9304; Los Angeles County; California,1212,06,037,930400
06037980001,Census Tract 9800.01; Los Angeles County; California,0,06,037,980001
06037980002,Census Tract 9800.02; Los Angeles County; California,0,06,037,980002
06037980003,Census Tract 9800.03; Los Angeles County; California,0,06,037,980003
06037980004,Census Tract 9800.04; Los Angeles County; California,0,06,037,980004
06037980005,Census Tract 9800.05; Los Angeles County; California,0,06,037,980005
06037980006,Census Tract 9800.06; Los Angeles County; California,0,06,037,980006
06037980007,Census Tract 9800.07; Los Angeles County; California,0,06,037,980007
06037980008,Census Tract 9800.08; Los Angeles County; California,106,06,037,980008
06037980009,Census Tract 9800.09; Los Angeles County; California,5,06,037,980009
06037980010,Census Tract 9800.10; Los Angeles County; California,182,06,037,980010
06037980011,Census Tract 9800.11; Los Angeles County; California,121,06,037,980011
06037980012,Census Tract 9800.12; Los Angeles County; California,13,06,037,980012
06037980013,Census Tract 9800.13; Los Angeles County; California,0,06,037,980013
06037980014,Census Tract 9800.14; Los Angeles County; California,38,06,037,980014
06037980015,Census Tract 9800.15; Los Angeles County; California,1392,06,037,980015
06037980016,Census Tract 9800.16; Los Angeles County; California,331,06,037,980016
06037980017,Census Tract 9800.17; Los Angeles County; California,1412,06,037,980017
06037980018,Census Tract 9800.18; Los Angeles County; California,0,06,037,980018
06037980019,Census Tract 9800.19; Los Angeles County; California,133,06,037,980019
06037980020,Census Tract 9800.20; Los Angeles County; California,0,06,037,980020
06037980021,Census Tract 9800.21; Los Angeles County; California,2,06,037,980021
06037980022,Census Tract 9800.22; Los Angeles County; California,0,06,037,980022
06037980023,Census Tract 9800.23; Los Angeles County; California,63,06,037,980023
06037980024,Census Tract 9800.24; Los Angeles County; California,222,06,037,980024
06037980025,Census Tract 9800.25; Los Angeles County; California,483,06,037,980025
06037980026,Census Tract 9800.26; Los Angeles County; California,39,06,037,980026
06037980028,Census Tract 9800.28; Los Angeles County; California,0,06,037,980028
06037980030,Census Tract 9800.30; Los Angeles County; California,0,06,037,980030
06037980031,Census Tract 9800.31; Los Angeles County; California,972,06,037,980031
06037980033,Census Tract 9800.33; Los Angeles County; California,21,06,037,980033
06037980034,Census Tract 9800.34; Los Angeles County; California,0,06,037,980034
06037980035,Census Tract 9800.35; Los Angeles County; California,758,06,037,980035
06037980036,Census Tract 9800.36; Los Angeles County; California,557,06,037,980036
06037980037,Census Tract 9800.37; Los Angeles County; California,0,06,037,980037
06037980038,Census Tract 9800.38; Los Angeles County; California,0,06,037,980038
06037980039,Census Tract 9800.39; Los Angeles County; California,0,06,037,980039
06037990100,Census Tract 9901; Los Angeles County; California,0,06,037,990100
06037990200,Census Tract 9902; Los Angeles County; California,0,06,037,990200
06037990300,Census Tract 9903; Los Angeles County; California,0,06,037,990300
06039000102,Census Tract 1.02; Madera County; California,4837,06,039,000102
06039000103,Census Tract 1.03; Madera County; California,3988,06,039,000103
06039000104,Census Tract 1.04; Madera County; California,4336,06,039,000104
06039000106,Census Tract 1.06; Madera County; California,5288,06,039,000106
06039000109,Census Tract 1.09; Madera County; California,2327,06,039,000109
06039000110,Census Tract 1.10; Madera County; California,4716,06,039,000110
06039000111,Census Tract 1.11; Madera County; California,2497,06,039,000111
06039000201,Census Tract 2.01; Madera County; California,6567,06,039,000201
06039000203,Census Tract 2.03; Madera County; California,1582,06,039,000203
06039000204,Census Tract 2.04; Madera County; California,5974,06,039,000204
06039000301,Census Tract 3.01; Madera County; California,4010,06,039,000301
06039000302,Census Tract 3.02; Madera County; California,5080,06,039,000302
06039000506,Census Tract 5.06; Madera County; California,7191,06,039,000506
06039000509,Census Tract 5.09; Madera County; California,5443,06,039,000509
06039000510,Census Tract 5.10; Madera County; California,5781,06,039,000510
06039000511,Census Tract 5.11; Madera County; California,7019,06,039,000511
06039000512,Census Tract 5.12; Madera County; California,5250,06,039,000512
06039000513,Census Tract 5.13; Madera County; California,4304,06,039,000513
06039000514,Census Tract 5.14; Madera County; California,6697,06,039,000514
06039000515,Census Tract 5.15; Madera County; California,3845,06,039,000515
06039000516,Census Tract 5.16; Madera County; California,2626,06,039,000516
06039000517,Census Tract 5.17; Madera County; California,2191,06,039,000517
06039000518,Census Tract 5.18; Madera County; California,2885,06,039,000518
06039000602,Census Tract 6.02; Madera County; California,3934,06,039,000602
06039000603,Census Tract 6.03; Madera County; California,5563,06,039,000603
06039000604,Census Tract 6.04; Madera County; California,5438,06,039,000604
06039000701,Census Tract 7.01; Madera County; California,5803,06,039,000701
06039000702,Census Tract 7.02; Madera County; California,6687,06,039,000702
06039000801,Census Tract 8.01; Madera County; California,2310,06,039,000801
06039000802,Census Tract 8.02; Madera County; California,3886,06,039,000802
06039000901,Census Tract 9.01; Madera County; California,3074,06,039,000901
06039000902,Census Tract 9.02; Madera County; California,4861,06,039,000902
06039000903,Census Tract 9.03; Madera County; California,4182,06,039,000903
06039001100,Census Tract 11; Madera County; California,10768,06,039,001100
06041101100,Census Tract 1011; Marin County; California,2428,06,041,101100
06041101200,Census Tract 1012; Marin County; California,2808,06,041,101200
06041102100,Census Tract 1021; Marin County; California,2209,06,041,102100
06041102202,Census Tract 1022.02; Marin County; California,5345,06,041,102202
06041102203,Census Tract 1022.03; Marin County; California,5684,06,041,102203
06041103100,Census Tract 1031; Marin County; California,7321,06,041,103100
06041103200,Census Tract 1032; Marin County; California,6288,06,041,103200
06041104102,Census Tract 1041.02; Marin County; California,5480,06,041,104102
06041104103,Census Tract 1041.03; Marin County; California,2788,06,041,104103
06041104104,Census Tract 1041.04; Marin County; California,4793,06,041,104104
06041104200,Census Tract 1042; Marin County; California,5809,06,041,104200
06041104300,Census Tract 1043; Marin County; California,1621,06,041,104300
06041105001,Census Tract 1050.01; Marin County; California,4037,06,041,105001
06041105002,Census Tract 1050.02; Marin County; California,2911,06,041,105002
06041106001,Census Tract 1060.01; Marin County; California,5258,06,041,106001
06041106002,Census Tract 1060.02; Marin County; California,5350,06,041,106002
06041107000,Census Tract 1070; Marin County; California,6477,06,041,107000
06041108100,Census Tract 1081; Marin County; California,6508,06,041,108100
06041108201,Census Tract 1082.01; Marin County; California,2369,06,041,108201
06041108202,Census Tract 1082.02; Marin County; California,4711,06,041,108202
06041109001,Census Tract 1090.01; Marin County; California,3976,06,041,109001
06041109002,Census Tract 1090.02; Marin County; California,4512,06,041,109002
06041110100,Census Tract 1101; Marin County; California,5657,06,041,110100
06041110200,Census Tract 1102; Marin County; California,5056,06,041,110200
06041111001,Census Tract 1110.01; Marin County; California,788,06,041,111001
06041111002,Census Tract 1110.02; Marin County; California,4440,06,041,111002
06041112100,Census Tract 1121; Marin County; California,4397,06,041,112100
06041112202,Census Tract 1122.02; Marin County; California,6247,06,041,112202
06041112203,Census Tract 1122.03; Marin County; California,2179,06,041,112203
06041112204,Census Tract 1122.04; Marin County; California,4283,06,041,112204
06041113000,Census Tract 1130; Marin County; California,3898,06,041,113000
06041114100,Census Tract 1141; Marin County; California,4987,06,041,114100
06041114200,Census Tract 1142; Marin County; California,2915,06,041,114200
06041115000,Census Tract 1150; Marin County; California,7742,06,041,115000
06041116000,Census Tract 1160; Marin County; California,3167,06,041,116000
06041117000,Census Tract 1170; Marin County; California,4903,06,041,117000
06041118100,Census Tract 1181; Marin County; California,2606,06,041,118100
06041119100,Census Tract 1191; Marin County; California,4839,06,041,119100
06041119201,Census Tract 1192.01; Marin County; California,3655,06,041,119201
06041119202,Census Tract 1192.02; Marin County; California,3759,06,041,119202
06041120001,Census Tract 1200.01; Marin County; California,1592,06,041,120001
06041120002,Census Tract 1200.02; Marin County; California,4804,06,041,120002
06041121100,Census Tract 1211; Marin County; California,5573,06,041,121100
06041121200,Census Tract 1212; Marin County; California,6374,06,041,121200
06041122000,Census Tract 1220; Marin County; California,1694,06,041,122000
06041123000,Census Tract 1230; Marin County; California,2354,06,041,123000
06041124100,Census Tract 1241; Marin County; California,5152,06,041,124100
06041124200,Census Tract 1242; Marin County; California,5573,06,041,124200
06041125000,Census Tract 1250; Marin County; California,4893,06,041,125000
06041126100,Census Tract 1261; Marin County; California,6171,06,041,126100
06041126200,Census Tract 1262; Marin County; California,4292,06,041,126200
06041127000,Census Tract 1270; Marin County; California,4573,06,041,127000
06041128100,Census Tract 1281; Marin County; California,7172,06,041,128100
06041128200,Census Tract 1282; Marin County; California,5174,06,041,128200
06041129000,Census Tract 1290; Marin County; California,2979,06,041,129000
06041130201,Census Tract 1302.01; Marin County; California,3367,06,041,130201
06041130203,Census Tract 1302.03; Marin County; California,2177,06,041,130203
06041130204,Census Tract 1302.04; Marin County; California,2396,06,041,130204
06041131100,Census Tract 1311; Marin County; California,1380,06,041,131100
06041132100,Census Tract 1321; Marin County; California,1627,06,041,132100
06041132200,Census Tract 1322; Marin County; California,1634,06,041,132200
06041133000,Census Tract 1330; Marin County; California,2817,06,041,133000
06041990100,Census Tract 9901; Marin County; California,0,06,041,990100
06043000101,Census Tract 1.01; Mariposa County; California,3122,06,043,000101
06043000102,Census Tract 1.02; Mariposa County; California,2553,06,043,000102
06043000200,Census Tract 2; Mariposa County; California,3020,06,043,000200
06043000301,Census Tract 3.01; Mariposa County; California,3619,06,043,000301
06043000302,Census Tract 3.02; Mariposa County; California,2113,06,043,000302
06043000400,Census Tract 4; Mariposa County; California,2655,06,043,000400
06045010100,Census Tract 101; Mendocino County; California,2347,06,045,010100
06045010200,Census Tract 102; Mendocino County; California,2891,06,045,010200
06045010300,Census Tract 103; Mendocino County; California,4474,06,045,010300
06045010400,Census Tract 104; Mendocino County; California,3042,06,045,010400
06045010500,Census Tract 105; Mendocino County; California,4331,06,045,010500
06045010601,Census Tract 106.01; Mendocino County; California,2995,06,045,010601
06045010602,Census Tract 106.02; Mendocino County; California,4691,06,045,010602
06045010700,Census Tract 107; Mendocino County; California,6775,06,045,010700
06045010801,Census Tract 108.01; Mendocino County; California,6041,06,045,010801
06045010802,Census Tract 108.02; Mendocino County; California,1593,06,045,010802
06045010900,Census Tract 109; Mendocino County; California,4766,06,045,010900
06045011001,Census Tract 110.01; Mendocino County; California,2006,06,045,011001
06045011003,Census Tract 110.03; Mendocino County; California,3379,06,045,011003
06045011004,Census Tract 110.04; Mendocino County; California,2199,06,045,011004
06045011102,Census Tract 111.02; Mendocino County; California,5715,06,045,011102
06045011200,Census Tract 112; Mendocino County; California,2670,06,045,011200
06045011300,Census Tract 113; Mendocino County; California,6539,06,045,011300
06045011400,Census Tract 114; Mendocino County; California,4692,06,045,011400
06045011501,Census Tract 115.01; Mendocino County; California,3567,06,045,011501
06045011502,Census Tract 115.02; Mendocino County; California,2856,06,045,011502
06045011600,Census Tract 116; Mendocino County; California,5869,06,045,011600
06045011700,Census Tract 117; Mendocino County; California,4654,06,045,011700
06045011800,Census Tract 118; Mendocino County; California,2152,06,045,011800
06045990100,Census Tract 9901; Mendocino County; California,0,06,045,990100
06047000201,Census Tract 2.01; Merced County; California,3273,06,047,000201
06047000202,Census Tract 2.02; Merced County; California,2140,06,047,000202
06047000204,Census Tract 2.04; Merced County; California,4971,06,047,000204
06047000205,Census Tract 2.05; Merced County; California,4860,06,047,000205
06047000301,Census Tract 3.01; Merced County; California,5848,06,047,000301
06047000303,Census Tract 3.03; Merced County; California,2285,06,047,000303
06047000305,Census Tract 3.05; Merced County; California,6611,06,047,000305
06047000306,Census Tract 3.06; Merced County; California,3306,06,047,000306
06047000401,Census Tract 4.01; Merced County; California,1823,06,047,000401
06047000403,Census Tract 4.03; Merced County; California,4192,06,047,000403
06047000404,Census Tract 4.04; Merced County; California,4480,06,047,000404
06047000503,Census Tract 5.03; Merced County; California,2489,06,047,000503
06047000504,Census Tract 5.04; Merced County; California,6433,06,047,000504
06047000505,Census Tract 5.05; Merced County; California,7551,06,047,000505
06047000601,Census Tract 6.01; Merced County; California,5779,06,047,000601
06047000602,Census Tract 6.02; Merced County; California,3920,06,047,000602
06047000603,Census Tract 6.03; Merced County; California,6175,06,047,000603
06047000701,Census Tract 7.01; Merced County; California,3379,06,047,000701
06047000702,Census Tract 7.02; Merced County; California,6487,06,047,000702
06047000801,Census Tract 8.01; Merced County; California,5955,06,047,000801
06047000802,Census Tract 8.02; Merced County; California,5417,06,047,000802
06047000901,Census Tract 9.01; Merced County; California,3482,06,047,000901
06047000903,Census Tract 9.03; Merced County; California,4329,06,047,000903
06047000904,Census Tract 9.04; Merced County; California,5511,06,047,000904
06047001003,Census Tract 10.03; Merced County; California,4855,06,047,001003
06047001004,Census Tract 10.04; Merced County; California,3807,06,047,001004
06047001005,Census Tract 10.05; Merced County; California,2297,06,047,001005
06047001006,Census Tract 10.06; Merced County; California,4742,06,047,001006
06047001007,Census Tract 10.07; Merced County; California,5575,06,047,001007
06047001008,Census Tract 10.08; Merced County; California,8044,06,047,001008
06047001101,Census Tract 11.01; Merced County; California,6240,06,047,001101
06047001200,Census Tract 12; Merced County; California,5464,06,047,001200
06047001301,Census Tract 13.01; Merced County; California,3524,06,047,001301
06047001302,Census Tract 13.02; Merced County; California,3121,06,047,001302
06047001401,Census Tract 14.01; Merced County; California,3686,06,047,001401
06047001402,Census Tract 14.02; Merced County; California,4622,06,047,001402
06047001501,Census Tract 15.01; Merced County; California,2815,06,047,001501
06047001502,Census Tract 15.02; Merced County; California,2363,06,047,001502
06047001503,Census Tract 15.03; Merced County; California,5488,06,047,001503
06047001601,Census Tract 16.01; Merced County; California,5067,06,047,001601
06047001603,Census Tract 16.03; Merced County; California,4152,06,047,001603
06047001604,Census Tract 16.04; Merced County; California,4425,06,047,001604
06047001700,Census Tract 17; Merced County; California,7387,06,047,001700
06047001801,Census Tract 18.01; Merced County; California,4674,06,047,001801
06047001901,Census Tract 19.01; Merced County; California,5213,06,047,001901
06047001902,Census Tract 19.02; Merced County; California,2148,06,047,001902
06047002001,Census Tract 20.01; Merced County; California,1061,06,047,002001
06047002002,Census Tract 20.02; Merced County; California,7262,06,047,002002
06047002100,Census Tract 21; Merced County; California,4059,06,047,002100
06047002201,Census Tract 22.01; Merced County; California,6491,06,047,002201
06047002203,Census Tract 22.03; Merced County; California,5273,06,047,002203
06047002204,Census Tract 22.04; Merced County; California,7070,06,047,002204
06047002301,Census Tract 23.01; Merced County; California,10253,06,047,002301
06047002303,Census Tract 23.03; Merced County; California,7132,06,047,002303
06047002304,Census Tract 23.04; Merced County; California,2813,06,047,002304
06047002305,Census Tract 23.05; Merced County; California,5833,06,047,002305
06047002306,Census Tract 23.06; Merced County; California,2951,06,047,002306
06047002401,Census Tract 24.01; Merced County; California,1644,06,047,002401
06047002403,Census Tract 24.03; Merced County; California,2554,06,047,002403
06047002404,Census Tract 24.04; Merced County; California,5116,06,047,002404
06047002500,Census Tract 25; Merced County; California,2470,06,047,002500
06047002601,Census Tract 26.01; Merced County; California,3125,06,047,002601
06047002602,Census Tract 26.02; Merced County; California,4689,06,047,002602
06049000100,Census Tract 1; Modoc County; California,3001,06,049,000100
06049000200,Census Tract 2; Modoc County; California,1617,06,049,000200
06049000300,Census Tract 3; Modoc County; California,2886,06,049,000300
06049000400,Census Tract 4; Modoc County; California,1096,06,049,000400
06051000101,Census Tract 1.01; Mono County; California,3532,06,051,000101
06051000102,Census Tract 1.02; Mono County; California,2402,06,051,000102
06051000201,Census Tract 2.01; Mono County; California,2976,06,051,000201
06051000202,Census Tract 2.02; Mono County; California,4238,06,051,000202
06053000101,Census Tract 1.01; Monterey County; California,2429,06,053,000101
06053000103,Census Tract 1.03; Monterey County; California,4245,06,053,000103
06053000104,Census Tract 1.04; Monterey County; California,3413,06,053,000104
06053000105,Census Tract 1.05; Monterey County; California,3069,06,053,000105
06053000106,Census Tract 1.06; Monterey County; California,5914,06,053,000106
06053000200,Census Tract 2; Monterey County; California,6932,06,053,000200
06053000300,Census Tract 3; Monterey County; California,4672,06,053,000300
06053000400,Census Tract 4; Monterey County; California,8202,06,053,000400
06053000501,Census Tract 5.01; Monterey County; California,5679,06,053,000501
06053000502,Census Tract 5.02; Monterey County; California,4828,06,053,000502
06053000600,Census Tract 6; Monterey County; California,7000,06,053,000600
06053000701,Census Tract 7.01; Monterey County; California,5396,06,053,000701
06053000702,Census Tract 7.02; Monterey County; California,6638,06,053,000702
06053000800,Census Tract 8; Monterey County; California,5624,06,053,000800
06053000900,Census Tract 9; Monterey County; California,5478,06,053,000900
06053001200,Census Tract 12; Monterey County; California,3313,06,053,001200
06053001300,Census Tract 13; Monterey County; California,3092,06,053,001300
06053001400,Census Tract 14; Monterey County; California,3078,06,053,001400
06053001500,Census Tract 15; Monterey County; California,6287,06,053,001500
06053001600,Census Tract 16; Monterey County; California,2747,06,053,001600
06053001700,Census Tract 17; Monterey County; California,4464,06,053,001700
06053001801,Census Tract 18.01; Monterey County; California,4759,06,053,001801
06053001802,Census Tract 18.02; Monterey County; California,5455,06,053,001802
06053010101,Census Tract 101.01; Monterey County; California,4053,06,053,010101
06053010102,Census Tract 101.02; Monterey County; California,2509,06,053,010102
06053010202,Census Tract 102.02; Monterey County; California,3930,06,053,010202
06053010305,Census Tract 103.05; Monterey County; California,5344,06,053,010305
06053010306,Census Tract 103.06; Monterey County; California,1390,06,053,010306
06053010400,Census Tract 104; Monterey County; California,6720,06,053,010400
06053010501,Census Tract 105.01; Monterey County; California,7608,06,053,010501
06053010504,Census Tract 105.04; Monterey County; California,5206,06,053,010504
06053010505,Census Tract 105.05; Monterey County; California,5716,06,053,010505
06053010506,Census Tract 105.06; Monterey County; California,5816,06,053,010506
06053010603,Census Tract 106.03; Monterey County; California,7450,06,053,010603
06053010604,Census Tract 106.04; Monterey County; California,5778,06,053,010604
06053010605,Census Tract 106.05; Monterey County; California,4341,06,053,010605
06053010606,Census Tract 106.06; Monterey County; California,7487,06,053,010606
06053010607,Census Tract 106.07; Monterey County; California,4144,06,053,010607
06053010608,Census Tract 106.08; Monterey County; California,3924,06,053,010608
06053010702,Census Tract 107.02; Monterey County; California,3520,06,053,010702
06053010804,Census Tract 108.04; Monterey County; California,5046,06,053,010804
06053010900,Census Tract 109; Monterey County; California,6568,06,053,010900
06053011001,Census Tract 110.01; Monterey County; California,3628,06,053,011001
06053011002,Census Tract 110.02; Monterey County; California,2501,06,053,011002
06053011101,Census Tract 111.01; Monterey County; California,730,06,053,011101
06053011103,Census Tract 111.03; Monterey County; California,4523,06,053,011103
06053011104,Census Tract 111.04; Monterey County; California,5725,06,053,011104
06053011105,Census Tract 111.05; Monterey County; California,7768,06,053,011105
06053011106,Census Tract 111.06; Monterey County; California,1876,06,053,011106
06053011202,Census Tract 112.02; Monterey County; California,8293,06,053,011202
06053011203,Census Tract 112.03; Monterey County; California,8393,06,053,011203
06053011204,Census Tract 112.04; Monterey County; California,4803,06,053,011204
06053011302,Census Tract 113.02; Monterey County; California,5283,06,053,011302
06053011303,Census Tract 113.03; Monterey County; California,3954,06,053,011303
06053011305,Census Tract 113.05; Monterey County; California,4553,06,053,011305
06053011306,Census Tract 113.06; Monterey County; California,3242,06,053,011306
06053011400,Census Tract 114; Monterey County; California,4951,06,053,011400
06053011502,Census Tract 115.02; Monterey County; California,1741,06,053,011502
06053011604,Census Tract 116.04; Monterey County; California,1777,06,053,011604
06053011605,Census Tract 116.05; Monterey County; California,3012,06,053,011605
06053011606,Census Tract 116.06; Monterey County; California,2568,06,053,011606
06053011700,Census Tract 117; Monterey County; California,3623,06,053,011700
06053011801,Census Tract 118.01; Monterey County; California,1409,06,053,011801
06053011802,Census Tract 118.02; Monterey County; California,1753,06,053,011802
06053011901,Census Tract 119.01; Monterey County; California,2080,06,053,011901
06053011902,Census Tract 119.02; Monterey County; California,1508,06,053,011902
06053012000,Census Tract 120; Monterey County; California,3417,06,053,012000
06053012100,Census Tract 121; Monterey County; California,2250,06,053,012100
06053012200,Census Tract 122; Monterey County; California,2692,06,053,012200
06053012302,Census Tract 123.02; Monterey County; California,2109,06,053,012302
06053012401,Census Tract 124.01; Monterey County; California,1654,06,053,012401
06053012402,Census Tract 124.02; Monterey County; California,2829,06,053,012402
06053012503,Census Tract 125.03; Monterey County; California,2576,06,053,012503
06053012504,Census Tract 125.04; Monterey County; California,2361,06,053,012504
06053012601,Census Tract 126.01; Monterey County; California,2945,06,053,012601
06053012700,Census Tract 127; Monterey County; California,3956,06,053,012700
06053012800,Census Tract 128; Monterey County; California,5077,06,053,012800
06053013000,Census Tract 130; Monterey County; California,3735,06,053,013000
06053013100,Census Tract 131; Monterey County; California,2151,06,053,013100
06053013200,Census Tract 132; Monterey County; California,3605,06,053,013200
06053013300,Census Tract 133; Monterey County; California,5751,06,053,013300
06053013400,Census Tract 134; Monterey County; California,1522,06,053,013400
06053013500,Census Tract 135; Monterey County; California,4475,06,053,013500
06053013600,Census Tract 136; Monterey County; California,4247,06,053,013600
06053013700,Census Tract 137; Monterey County; California,4788,06,053,013700
06053013800,Census Tract 138; Monterey County; California,4991,06,053,013800
06053013900,Census Tract 139; Monterey County; California,2258,06,053,013900
06053014000,Census Tract 140; Monterey County; California,2298,06,053,014000
06053014102,Census Tract 141.02; Monterey County; California,5192,06,053,014102
06053014104,Census Tract 141.04; Monterey County; California,2508,06,053,014104
06053014105,Census Tract 141.05; Monterey County; California,3764,06,053,014105
06053014108,Census Tract 141.08; Monterey County; California,5200,06,053,014108
06053014109,Census Tract 141.09; Monterey County; California,4698,06,053,014109
06053014110,Census Tract 141.10; Monterey County; California,6637,06,053,014110
06053014201,Census Tract 142.01; Monterey County; California,4886,06,053,014201
06053014202,Census Tract 142.02; Monterey County; California,3883,06,053,014202
06053014301,Census Tract 143.01; Monterey County; California,3311,06,053,014301
06053014302,Census Tract 143.02; Monterey County; California,4200,06,053,014302
06053014500,Census Tract 145; Monterey County; California,4732,06,053,014500
06053014601,Census Tract 146.01; Monterey County; California,5074,06,053,014601
06053014700,Census Tract 147; Monterey County; California,7052,06,053,014700
06053014800,Census Tract 148; Monterey County; California,5831,06,053,014800
06053980000,Census Tract 9800; Monterey County; California,0,06,053,980000
06053990000,Census Tract 9900; Monterey County; California,0,06,053,990000
06055200201,Census Tract 2002.01; Napa County; California,3565,06,055,200201
06055200202,Census Tract 2002.02; Napa County; California,2084,06,055,200202
06055200203,Census Tract 2002.03; Napa County; California,2003,06,055,200203
06055200301,Census Tract 2003.01; Napa County; California,6339,06,055,200301
06055200302,Census Tract 2003.02; Napa County; California,2602,06,055,200302
06055200400,Census Tract 2004; Napa County; California,3360,06,055,200400
06055200501,Census Tract 2005.01; Napa County; California,5441,06,055,200501
06055200503,Census Tract 2005.03; Napa County; California,1444,06,055,200503
06055200504,Census Tract 2005.04; Napa County; California,6617,06,055,200504
06055200505,Census Tract 2005.05; Napa County; California,2800,06,055,200505
06055200601,Census Tract 2006.01; Napa County; California,4554,06,055,200601
06055200602,Census Tract 2006.02; Napa County; California,4918,06,055,200602
06055200703,Census Tract 2007.03; Napa County; California,2987,06,055,200703
06055200704,Census Tract 2007.04; Napa County; California,4225,06,055,200704
06055200705,Census Tract 2007.05; Napa County; California,2822,06,055,200705
06055200706,Census Tract 2007.06; Napa County; California,2955,06,055,200706
06055200707,Census Tract 2007.07; Napa County; California,3223,06,055,200707
06055200802,Census Tract 2008.02; Napa County; California,6071,06,055,200802
06055200803,Census Tract 2008.03; Napa County; California,2193,06,055,200803
06055200804,Census Tract 2008.04; Napa County; California,5633,06,055,200804
06055200900,Census Tract 2009; Napa County; California,216,06,055,200900
06055201003,Census Tract 2010.03; Napa County; California,5182,06,055,201003
06055201004,Census Tract 2010.04; Napa County; California,6899,06,055,201004
06055201005,Census Tract 2010.05; Napa County; California,2650,06,055,201005
06055201006,Census Tract 2010.06; Napa County; California,3444,06,055,201006
06055201007,Census Tract 2010.07; Napa County; California,4039,06,055,201007
06055201101,Census Tract 2011.01; Napa County; California,1958,06,055,201101
06055201102,Census Tract 2011.02; Napa County; California,1838,06,055,201102
06055201200,Census Tract 2012; Napa County; California,4566,06,055,201200
06055201300,Census Tract 2013; Napa County; California,3348,06,055,201300
06055201401,Census Tract 2014.01; Napa County; California,2534,06,055,201401
06055201402,Census Tract 2014.02; Napa County; California,2555,06,055,201402
06055201403,Census Tract 2014.03; Napa County; California,565,06,055,201403
06055201500,Census Tract 2015; Napa County; California,1470,06,055,201500
06055201601,Census Tract 2016.01; Napa County; California,2276,06,055,201601
06055201602,Census Tract 2016.02; Napa County; California,3042,06,055,201602
06055201700,Census Tract 2017; Napa County; California,4540,06,055,201700
06055201800,Census Tract 2018; Napa County; California,1343,06,055,201800
06055201900,Census Tract 2019; Napa County; California,1457,06,055,201900
06055202000,Census Tract 2020; Napa County; California,5111,06,055,202000
06057000102,Census Tract 1.02; Nevada County; California,7089,06,057,000102
06057000104,Census Tract 1.04; Nevada County; California,3368,06,057,000104
06057000105,Census Tract 1.05; Nevada County; California,2746,06,057,000105
06057000106,Census Tract 1.06; Nevada County; California,1989,06,057,000106
06057000107,Census Tract 1.07; Nevada County; California,6478,06,057,000107
06057000200,Census Tract 2; Nevada County; California,2588,06,057,000200
06057000300,Census Tract 3; Nevada County; California,2857,06,057,000300
06057000401,Census Tract 4.01; Nevada County; California,5406,06,057,000401
06057000403,Census Tract 4.03; Nevada County; California,2286,06,057,000403
06057000404,Census Tract 4.04; Nevada County; California,4389,06,057,000404
06057000502,Census Tract 5.02; Nevada County; California,4588,06,057,000502
06057000503,Census Tract 5.03; Nevada County; California,1643,06,057,000503
06057000504,Census Tract 5.04; Nevada County; California,4953,06,057,000504
06057000601,Census Tract 6.01; Nevada County; California,2739,06,057,000601
06057000602,Census Tract 6.02; Nevada County; California,4681,06,057,000602
06057000701,Census Tract 7.01; Nevada County; California,7981,06,057,000701
06057000702,Census Tract 7.02; Nevada County; California,4062,06,057,000702
06057000801,Census Tract 8.01; Nevada County; California,5203,06,057,000801
06057000802,Census Tract 8.02; Nevada County; California,6317,06,057,000802
06057000900,Census Tract 9; Nevada County; California,3902,06,057,000900
06057001205,Census Tract 12.05; Nevada County; California,4920,06,057,001205
06057001207,Census Tract 12.07; Nevada County; California,5664,06,057,001207
06057001208,Census Tract 12.08; Nevada County; California,1942,06,057,001208
06057001209,Census Tract 12.09; Nevada County; California,1752,06,057,001209
06057001210,Census Tract 12.10; Nevada County; California,1820,06,057,001210
06057001211,Census Tract 12.11; Nevada County; California,1118,06,057,001211
06059001101,Census Tract 11.01; Orange County; California,4599,06,059,001101
06059001102,Census Tract 11.02; Orange County; California,3331,06,059,001102
06059001103,Census Tract 11.03; Orange County; California,4737,06,059,001103
06059001201,Census Tract 12.01; Orange County; California,5287,06,059,001201
06059001202,Census Tract 12.02; Orange County; California,3589,06,059,001202
06059001301,Census Tract 13.01; Orange County; California,6908,06,059,001301
06059001303,Census Tract 13.03; Orange County; California,6225,06,059,001303
06059001304,Census Tract 13.04; Orange County; California,3227,06,059,001304
06059001401,Census Tract 14.01; Orange County; California,5350,06,059,001401
06059001402,Census Tract 14.02; Orange County; California,4845,06,059,001402
06059001403,Census Tract 14.03; Orange County; California,3718,06,059,001403
06059001404,Census Tract 14.04; Orange County; California,3648,06,059,001404
06059001501,Census Tract 15.01; Orange County; California,6259,06,059,001501
06059001503,Census Tract 15.03; Orange County; California,5024,06,059,001503
06059001504,Census Tract 15.04; Orange County; California,4890,06,059,001504
06059001505,Census Tract 15.05; Orange County; California,7042,06,059,001505
06059001506,Census Tract 15.06; Orange County; California,4119,06,059,001506
06059001507,Census Tract 15.07; Orange County; California,5896,06,059,001507
06059001602,Census Tract 16.02; Orange County; California,4949,06,059,001602
06059001603,Census Tract 16.03; Orange County; California,4064,06,059,001603
06059001604,Census Tract 16.04; Orange County; California,4399,06,059,001604
06059001704,Census Tract 17.04; Orange County; California,7965,06,059,001704
06059001705,Census Tract 17.05; Orange County; California,4394,06,059,001705
06059001706,Census Tract 17.06; Orange County; California,3832,06,059,001706
06059001708,Census Tract 17.08; Orange County; California,3867,06,059,001708
06059001709,Census Tract 17.09; Orange County; California,2603,06,059,001709
06059001710,Census Tract 17.10; Orange County; California,4610,06,059,001710
06059001801,Census Tract 18.01; Orange County; California,5783,06,059,001801
06059001802,Census Tract 18.02; Orange County; California,7817,06,059,001802
06059001901,Census Tract 19.01; Orange County; California,2801,06,059,001901
06059001902,Census Tract 19.02; Orange County; California,3129,06,059,001902
06059001903,Census Tract 19.03; Orange County; California,3171,06,059,001903
06059011000,Census Tract 110; Orange County; California,6132,06,059,011000
06059011101,Census Tract 111.01; Orange County; California,4173,06,059,011101
06059011102,Census Tract 111.02; Orange County; California,4461,06,059,011102
06059011200,Census Tract 112; Orange County; California,5031,06,059,011200
06059011300,Census Tract 113; Orange County; California,5667,06,059,011300
06059011401,Census Tract 114.01; Orange County; California,2063,06,059,011401
06059011402,Census Tract 114.02; Orange County; California,3075,06,059,011402
06059011403,Census Tract 114.03; Orange County; California,5974,06,059,011403
06059011502,Census Tract 115.02; Orange County; California,4776,06,059,011502
06059011503,Census Tract 115.03; Orange County; California,1786,06,059,011503
06059011504,Census Tract 115.04; Orange County; California,5317,06,059,011504
06059011601,Census Tract 116.01; Orange County; California,7537,06,059,011601
06059011602,Census Tract 116.02; Orange County; California,5590,06,059,011602
06059011707,Census Tract 117.07; Orange County; California,6529,06,059,011707
06059011708,Census Tract 117.08; Orange County; California,5299,06,059,011708
06059011709,Census Tract 117.09; Orange County; California,4172,06,059,011709
06059011710,Census Tract 117.10; Orange County; California,4047,06,059,011710
06059011711,Census Tract 117.11; Orange County; California,5988,06,059,011711
06059011712,Census Tract 117.12; Orange County; California,4896,06,059,011712
06059011714,Census Tract 117.14; Orange County; California,941,06,059,011714
06059011715,Census Tract 117.15; Orange County; California,6818,06,059,011715
06059011716,Census Tract 117.16; Orange County; California,5395,06,059,011716
06059011717,Census Tract 117.17; Orange County; California,2802,06,059,011717
06059011718,Census Tract 117.18; Orange County; California,3091,06,059,011718
06059011720,Census Tract 117.20; Orange County; California,5645,06,059,011720
06059011721,Census Tract 117.21; Orange County; California,5170,06,059,011721
06059011722,Census Tract 117.22; Orange County; California,2672,06,059,011722
06059021802,Census Tract 218.02; Orange County; California,8939,06,059,021802
06059021807,Census Tract 218.07; Orange County; California,4283,06,059,021807
06059021809,Census Tract 218.09; Orange County; California,3117,06,059,021809
06059021810,Census Tract 218.10; Orange County; California,3773,06,059,021810
06059021812,Census Tract 218.12; Orange County; California,5832,06,059,021812
06059021813,Census Tract 218.13; Orange County; California,42,06,059,021813
06059021814,Census Tract 218.14; Orange County; California,8058,06,059,021814
06059021816,Census Tract 218.16; Orange County; California,5514,06,059,021816
06059021817,Census Tract 218.17; Orange County; California,3145,06,059,021817
06059021820,Census Tract 218.20; Orange County; California,4853,06,059,021820
06059021821,Census Tract 218.21; Orange County; California,7652,06,059,021821
06059021822,Census Tract 218.22; Orange County; California,9475,06,059,021822
06059021823,Census Tract 218.23; Orange County; California,3924,06,059,021823
06059021824,Census Tract 218.24; Orange County; California,2449,06,059,021824
06059021825,Census Tract 218.25; Orange County; California,3185,06,059,021825
06059021826,Census Tract 218.26; Orange County; California,2732,06,059,021826
06059021827,Census Tract 218.27; Orange County; California,3048,06,059,021827
06059021828,Census Tract 218.28; Orange County; California,4125,06,059,021828
06059021829,Census Tract 218.29; Orange County; California,4386,06,059,021829
06059021830,Census Tract 218.30; Orange County; California,5699,06,059,021830
06059021831,Census Tract 218.31; Orange County; California,5654,06,059,021831
06059021832,Census Tract 218.32; Orange County; California,6741,06,059,021832
06059021903,Census Tract 219.03; Orange County; California,4592,06,059,021903
06059021905,Census Tract 219.05; Orange County; California,5632,06,059,021905
06059021912,Census Tract 219.12; Orange County; California,4780,06,059,021912
06059021913,Census Tract 219.13; Orange County; California,7990,06,059,021913
06059021914,Census Tract 219.14; Orange County; California,3889,06,059,021914
06059021915,Census Tract 219.15; Orange County; California,3586,06,059,021915
06059021916,Census Tract 219.16; Orange County; California,3804,06,059,021916
06059021917,Census Tract 219.17; Orange County; California,3044,06,059,021917
06059021918,Census Tract 219.18; Orange County; California,4881,06,059,021918
06059021919,Census Tract 219.19; Orange County; California,3150,06,059,021919
06059021920,Census Tract 219.20; Orange County; California,7003,06,059,021920
06059021921,Census Tract 219.21; Orange County; California,4618,06,059,021921
06059021922,Census Tract 219.22; Orange County; California,5413,06,059,021922
06059021923,Census Tract 219.23; Orange County; California,7018,06,059,021923
06059021924,Census Tract 219.24; Orange County; California,4502,06,059,021924
06059032002,Census Tract 320.02; Orange County; California,5592,06,059,032002
06059032003,Census Tract 320.03; Orange County; California,4770,06,059,032003
06059032011,Census Tract 320.11; Orange County; California,1759,06,059,032011
06059032012,Census Tract 320.12; Orange County; California,3238,06,059,032012
06059032013,Census Tract 320.13; Orange County; California,4575,06,059,032013
06059032014,Census Tract 320.14; Orange County; California,5648,06,059,032014
06059032015,Census Tract 320.15; Orange County; California,6827,06,059,032015
06059032020,Census Tract 320.20; Orange County; California,6181,06,059,032020
06059032022,Census Tract 320.22; Orange County; California,6775,06,059,032022
06059032027,Census Tract 320.27; Orange County; California,6001,06,059,032027
06059032028,Census Tract 320.28; Orange County; California,4230,06,059,032028
06059032029,Census Tract 320.29; Orange County; California,4109,06,059,032029
06059032030,Census Tract 320.30; Orange County; California,3447,06,059,032030
06059032031,Census Tract 320.31; Orange County; California,3265,06,059,032031
06059032032,Census Tract 320.32; Orange County; California,2732,06,059,032032
06059032033,Census Tract 320.33; Orange County; California,3995,06,059,032033
06059032034,Census Tract 320.34; Orange County; California,5180,06,059,032034
06059032035,Census Tract 320.35; Orange County; California,2221,06,059,032035
06059032036,Census Tract 320.36; Orange County; California,3221,06,059,032036
06059032037,Census Tract 320.37; Orange County; California,5737,06,059,032037
06059032038,Census Tract 320.38; Orange County; California,6550,06,059,032038
06059032039,Census Tract 320.39; Orange County; California,6262,06,059,032039
06059032040,Census Tract 320.40; Orange County; California,2371,06,059,032040
06059032041,Census Tract 320.41; Orange County; California,1003,06,059,032041
06059032042,Census Tract 320.42; Orange County; California,6074,06,059,032042
06059032043,Census Tract 320.43; Orange County; California,3109,06,059,032043
06059032044,Census Tract 320.44; Orange County; California,5854,06,059,032044
06059032045,Census Tract 320.45; Orange County; California,3306,06,059,032045
06059032046,Census Tract 320.46; Orange County; California,6030,06,059,032046
06059032047,Census Tract 320.47; Orange County; California,4613,06,059,032047
06059032048,Census Tract 320.48; Orange County; California,4924,06,059,032048
06059032049,Census Tract 320.49; Orange County; California,10469,06,059,032049
06059032050,Census Tract 320.50; Orange County; California,4629,06,059,032050
06059032051,Census Tract 320.51; Orange County; California,4258,06,059,032051
06059032053,Census Tract 320.53; Orange County; California,8654,06,059,032053
06059032054,Census Tract 320.54; Orange County; California,5239,06,059,032054
06059032055,Census Tract 320.55; Orange County; California,3453,06,059,032055
06059032057,Census Tract 320.57; Orange County; California,7172,06,059,032057
06059032058,Census Tract 320.58; Orange County; California,6776,06,059,032058
06059032059,Census Tract 320.59; Orange County; California,8955,06,059,032059
06059032061,Census Tract 320.61; Orange County; California,5945,06,059,032061
06059032062,Census Tract 320.62; Orange County; California,4502,06,059,032062
06059032063,Census Tract 320.63; Orange County; California,7205,06,059,032063
06059032064,Census Tract 320.64; Orange County; California,2712,06,059,032064
06059032065,Census Tract 320.65; Orange County; California,5372,06,059,032065
06059032066,Census Tract 320.66; Orange County; California,9328,06,059,032066
06059042106,Census Tract 421.06; Orange County; California,2074,06,059,042106
06059042107,Census Tract 421.07; Orange County; California,3738,06,059,042107
06059042108,Census Tract 421.08; Orange County; California,5750,06,059,042108
06059042109,Census Tract 421.09; Orange County; California,4644,06,059,042109
06059042111,Census Tract 421.11; Orange County; California,5749,06,059,042111
06059042112,Census Tract 421.12; Orange County; California,8031,06,059,042112
06059042113,Census Tract 421.13; Orange County; California,4235,06,059,042113
06059042114,Census Tract 421.14; Orange County; California,3942,06,059,042114
06059042115,Census Tract 421.15; Orange County; California,984,06,059,042115
06059042116,Census Tract 421.16; Orange County; California,5672,06,059,042116
06059042201,Census Tract 422.01; Orange County; California,5766,06,059,042201
06059042203,Census Tract 422.03; Orange County; California,9842,06,059,042203
06059042205,Census Tract 422.05; Orange County; California,5336,06,059,042205
06059042206,Census Tract 422.06; Orange County; California,3345,06,059,042206
06059042305,Census Tract 423.05; Orange County; California,3481,06,059,042305
06059042307,Census Tract 423.07; Orange County; California,7272,06,059,042307
06059042311,Census Tract 423.11; Orange County; California,6413,06,059,042311
06059042312,Census Tract 423.12; Orange County; California,7196,06,059,042312
06059042313,Census Tract 423.13; Orange County; California,5362,06,059,042313
06059042315,Census Tract 423.15; Orange County; California,6525,06,059,042315
06059042317,Census Tract 423.17; Orange County; California,3330,06,059,042317
06059042319,Census Tract 423.19; Orange County; California,3627,06,059,042319
06059042320,Census Tract 423.20; Orange County; California,6054,06,059,042320
06059042323,Census Tract 423.23; Orange County; California,4388,06,059,042323
06059042324,Census Tract 423.24; Orange County; California,3769,06,059,042324
06059042325,Census Tract 423.25; Orange County; California,3773,06,059,042325
06059042326,Census Tract 423.26; Orange County; California,4385,06,059,042326
06059042327,Census Tract 423.27; Orange County; California,4460,06,059,042327
06059042328,Census Tract 423.28; Orange County; California,2248,06,059,042328
06059042329,Census Tract 423.29; Orange County; California,3579,06,059,042329
06059042330,Census Tract 423.30; Orange County; California,6681,06,059,042330
06059042331,Census Tract 423.31; Orange County; California,5077,06,059,042331
06059042332,Census Tract 423.32; Orange County; California,5495,06,059,042332
06059042333,Census Tract 423.33; Orange County; California,5583,06,059,042333
06059042334,Census Tract 423.34; Orange County; California,4840,06,059,042334
06059042335,Census Tract 423.35; Orange County; California,5573,06,059,042335
06059042336,Census Tract 423.36; Orange County; California,4089,06,059,042336
06059042337,Census Tract 423.37; Orange County; California,3415,06,059,042337
06059042338,Census Tract 423.38; Orange County; California,4807,06,059,042338
06059042339,Census Tract 423.39; Orange County; California,3032,06,059,042339
06059042340,Census Tract 423.40; Orange County; California,2636,06,059,042340
06059042341,Census Tract 423.41; Orange County; California,6229,06,059,042341
06059052408,Census Tract 524.08; Orange County; California,5420,06,059,052408
06059052410,Census Tract 524.10; Orange County; California,5010,06,059,052410
06059052411,Census Tract 524.11; Orange County; California,5126,06,059,052411
06059052415,Census Tract 524.15; Orange County; California,4156,06,059,052415
06059052416,Census Tract 524.16; Orange County; California,4282,06,059,052416
06059052417,Census Tract 524.17; Orange County; California,7519,06,059,052417
06059052419,Census Tract 524.19; Orange County; California,3051,06,059,052419
06059052421,Census Tract 524.21; Orange County; California,9399,06,059,052421
06059052422,Census Tract 524.22; Orange County; California,12295,06,059,052422
06059052423,Census Tract 524.23; Orange County; California,5944,06,059,052423
06059052424,Census Tract 524.24; Orange County; California,5026,06,059,052424
06059052425,Census Tract 524.25; Orange County; California,7215,06,059,052425
06059052427,Census Tract 524.27; Orange County; California,4957,06,059,052427
06059052428,Census Tract 524.28; Orange County; California,7201,06,059,052428
06059052429,Census Tract 524.29; Orange County; California,9027,06,059,052429
06059052430,Census Tract 524.30; Orange County; California,17078,06,059,052430
06059052431,Census Tract 524.31; Orange County; California,4873,06,059,052431
06059052432,Census Tract 524.32; Orange County; California,7454,06,059,052432
06059052433,Census Tract 524.33; Orange County; California,16295,06,059,052433
06059052434,Census Tract 524.34; Orange County; California,6663,06,059,052434
06059052435,Census Tract 524.35; Orange County; California,7147,06,059,052435
06059052436,Census Tract 524.36; Orange County; California,5117,06,059,052436
06059052437,Census Tract 524.37; Orange County; California,7153,06,059,052437
06059052438,Census Tract 524.38; Orange County; California,8068,06,059,052438
06059052439,Census Tract 524.39; Orange County; California,13687,06,059,052439
06059052502,Census Tract 525.02; Orange County; California,5675,06,059,052502
06059052505,Census Tract 525.05; Orange County; California,4274,06,059,052505
06059052506,Census Tract 525.06; Orange County; California,2536,06,059,052506
06059052511,Census Tract 525.11; Orange County; California,6264,06,059,052511
06059052513,Census Tract 525.13; Orange County; California,5343,06,059,052513
06059052514,Census Tract 525.14; Orange County; California,5460,06,059,052514
06059052518,Census Tract 525.18; Orange County; California,8242,06,059,052518
06059052519,Census Tract 525.19; Orange County; California,4081,06,059,052519
06059052520,Census Tract 525.20; Orange County; California,3284,06,059,052520
06059052521,Census Tract 525.21; Orange County; California,6135,06,059,052521
06059052522,Census Tract 525.22; Orange County; California,3794,06,059,052522
06059052523,Census Tract 525.23; Orange County; California,4004,06,059,052523
06059052524,Census Tract 525.24; Orange County; California,7434,06,059,052524
06059052526,Census Tract 525.26; Orange County; California,3706,06,059,052526
06059052527,Census Tract 525.27; Orange County; California,7619,06,059,052527
06059052528,Census Tract 525.28; Orange County; California,3696,06,059,052528
06059052529,Census Tract 525.29; Orange County; California,2984,06,059,052529
06059052530,Census Tract 525.30; Orange County; California,6285,06,059,052530
06059052531,Census Tract 525.31; Orange County; California,4096,06,059,052531
06059052532,Census Tract 525.32; Orange County; California,5904,06,059,052532
06059052533,Census Tract 525.33; Orange County; California,7170,06,059,052533
06059052534,Census Tract 525.34; Orange County; California,2205,06,059,052534
06059052535,Census Tract 525.35; Orange County; California,5093,06,059,052535
06059062605,Census Tract 626.05; Orange County; California,3107,06,059,062605
06059062610,Census Tract 626.10; Orange County; California,13289,06,059,062610
06059062611,Census Tract 626.11; Orange County; California,4017,06,059,062611
06059062614,Census Tract 626.14; Orange County; California,24017,06,059,062614
06059062619,Census Tract 626.19; Orange County; California,3783,06,059,062619
06059062620,Census Tract 626.20; Orange County; California,4975,06,059,062620
06059062622,Census Tract 626.22; Orange County; California,4340,06,059,062622
06059062625,Census Tract 626.25; Orange County; California,4617,06,059,062625
06059062626,Census Tract 626.26; Orange County; California,2368,06,059,062626
06059062627,Census Tract 626.27; Orange County; California,3574,06,059,062627
06059062628,Census Tract 626.28; Orange County; California,3251,06,059,062628
06059062629,Census Tract 626.29; Orange County; California,2318,06,059,062629
06059062630,Census Tract 626.30; Orange County; California,1624,06,059,062630
06059062631,Census Tract 626.31; Orange County; California,3038,06,059,062631
06059062632,Census Tract 626.32; Orange County; California,3932,06,059,062632
06059062633,Census Tract 626.33; Orange County; California,6308,06,059,062633
06059062634,Census Tract 626.34; Orange County; California,4637,06,059,062634
06059062635,Census Tract 626.35; Orange County; California,4739,06,059,062635
06059062636,Census Tract 626.36; Orange County; California,3660,06,059,062636
06059062637,Census Tract 626.37; Orange County; California,5585,06,059,062637
06059062638,Census Tract 626.38; Orange County; California,6051,06,059,062638
06059062639,Census Tract 626.39; Orange County; California,8624,06,059,062639
06059062640,Census Tract 626.40; Orange County; California,3071,06,059,062640
06059062641,Census Tract 626.41; Orange County; California,5852,06,059,062641
06059062642,Census Tract 626.42; Orange County; California,2919,06,059,062642
06059062643,Census Tract 626.43; Orange County; California,6794,06,059,062643
06059062645,Census Tract 626.45; Orange County; California,6023,06,059,062645
06059062646,Census Tract 626.46; Orange County; California,3231,06,059,062646
06059062647,Census Tract 626.47; Orange County; California,4839,06,059,062647
06059062648,Census Tract 626.48; Orange County; California,3014,06,059,062648
06059062649,Census Tract 626.49; Orange County; California,3083,06,059,062649
06059062650,Census Tract 626.50; Orange County; California,4789,06,059,062650
06059062651,Census Tract 626.51; Orange County; California,3269,06,059,062651
06059062652,Census Tract 626.52; Orange County; California,4657,06,059,062652
06059062653,Census Tract 626.53; Orange County; California,7882,06,059,062653
06059062654,Census Tract 626.54; Orange County; California,7196,06,059,062654
06059062655,Census Tract 626.55; Orange County; California,3741,06,059,062655
06059062656,Census Tract 626.56; Orange County; California,3534,06,059,062656
06059062657,Census Tract 626.57; Orange County; California,3302,06,059,062657
06059062658,Census Tract 626.58; Orange County; California,5078,06,059,062658
06059062701,Census Tract 627.01; Orange County; California,2552,06,059,062701
06059062702,Census Tract 627.02; Orange County; California,4355,06,059,062702
06059062800,Census Tract 628; Orange County; California,3464,06,059,062800
06059062900,Census Tract 629; Orange County; California,1624,06,059,062900
06059063004,Census Tract 630.04; Orange County; California,5617,06,059,063004
06059063005,Census Tract 630.05; Orange County; California,1614,06,059,063005
06059063006,Census Tract 630.06; Orange County; California,2294,06,059,063006
06059063007,Census Tract 630.07; Orange County; California,6705,06,059,063007
06059063008,Census Tract 630.08; Orange County; California,2296,06,059,063008
06059063009,Census Tract 630.09; Orange County; California,1607,06,059,063009
06059063010,Census Tract 630.10; Orange County; California,7116,06,059,063010
06059063101,Census Tract 631.01; Orange County; California,2705,06,059,063101
06059063102,Census Tract 631.02; Orange County; California,5884,06,059,063102
06059063103,Census Tract 631.03; Orange County; California,3502,06,059,063103
06059063201,Census Tract 632.01; Orange County; California,3686,06,059,063201
06059063202,Census Tract 632.02; Orange County; California,3812,06,059,063202
06059063301,Census Tract 633.01; Orange County; California,3132,06,059,063301
06059063302,Census Tract 633.02; Orange County; California,4067,06,059,063302
06059063400,Census Tract 634; Orange County; California,4628,06,059,063400
06059063500,Census Tract 635; Orange County; California,5499,06,059,063500
06059063601,Census Tract 636.01; Orange County; California,4308,06,059,063601
06059063603,Census Tract 636.03; Orange County; California,5657,06,059,063603
06059063604,Census Tract 636.04; Orange County; California,4440,06,059,063604
06059063605,Census Tract 636.05; Orange County; California,6044,06,059,063605
06059063701,Census Tract 637.01; Orange County; California,5724,06,059,063701
06059063702,Census Tract 637.02; Orange County; California,5754,06,059,063702
06059063802,Census Tract 638.02; Orange County; California,3078,06,059,063802
06059063803,Census Tract 638.03; Orange County; California,4214,06,059,063803
06059063805,Census Tract 638.05; Orange County; California,2541,06,059,063805
06059063806,Census Tract 638.06; Orange County; California,3775,06,059,063806
06059063807,Census Tract 638.07; Orange County; California,5182,06,059,063807
06059063808,Census Tract 638.08; Orange County; California,4790,06,059,063808
06059063902,Census Tract 639.02; Orange County; California,6111,06,059,063902
06059063903,Census Tract 639.03; Orange County; California,3783,06,059,063903
06059063904,Census Tract 639.04; Orange County; California,4690,06,059,063904
06059063905,Census Tract 639.05; Orange County; California,4160,06,059,063905
06059063906,Census Tract 639.06; Orange County; California,5577,06,059,063906
06059063908,Census Tract 639.08; Orange County; California,6027,06,059,063908
06059063909,Census Tract 639.09; Orange County; California,3484,06,059,063909
06059063910,Census Tract 639.10; Orange County; California,4917,06,059,063910
06059074003,Census Tract 740.03; Orange County; California,3613,06,059,074003
06059074004,Census Tract 740.04; Orange County; California,8489,06,059,074004
06059074005,Census Tract 740.05; Orange County; California,7105,06,059,074005
06059074006,Census Tract 740.06; Orange County; California,6274,06,059,074006
06059074102,Census Tract 741.02; Orange County; California,6181,06,059,074102
06059074103,Census Tract 741.03; Orange County; California,5098,06,059,074103
06059074106,Census Tract 741.06; Orange County; California,7356,06,059,074106
06059074107,Census Tract 741.07; Orange County; California,6308,06,059,074107
06059074108,Census Tract 741.08; Orange County; California,4448,06,059,074108
06059074109,Census Tract 741.09; Orange County; California,3023,06,059,074109
06059074110,Census Tract 741.10; Orange County; California,3878,06,059,074110
06059074111,Census Tract 741.11; Orange County; California,5193,06,059,074111
06059074200,Census Tract 742; Orange County; California,8088,06,059,074200
06059074300,Census Tract 743; Orange County; California,3783,06,059,074300
06059074403,Census Tract 744.03; Orange County; California,4987,06,059,074403
06059074405,Census Tract 744.05; Orange County; California,6932,06,059,074405
06059074406,Census Tract 744.06; Orange County; California,3873,06,059,074406
06059074407,Census Tract 744.07; Orange County; California,6803,06,059,074407
06059074408,Census Tract 744.08; Orange County; California,5739,06,059,074408
06059074501,Census Tract 745.01; Orange County; California,6110,06,059,074501
06059074502,Census Tract 745.02; Orange County; California,5458,06,059,074502
06059074601,Census Tract 746.01; Orange County; California,7312,06,059,074601
06059074602,Census Tract 746.02; Orange County; California,7460,06,059,074602
06059074701,Census Tract 747.01; Orange County; California,7304,06,059,074701
06059074702,Census Tract 747.02; Orange County; California,5602,06,059,074702
06059074801,Census Tract 748.01; Orange County; California,5078,06,059,074801
06059074802,Census Tract 748.02; Orange County; California,5254,06,059,074802
06059074803,Census Tract 748.03; Orange County; California,9393,06,059,074803
06059074805,Census Tract 748.05; Orange County; California,4822,06,059,074805
06059074806,Census Tract 748.06; Orange County; California,5360,06,059,074806
06059074901,Census Tract 749.01; Orange County; California,8535,06,059,074901
06059074902,Census Tract 749.02; Orange County; California,6240,06,059,074902
06059075002,Census Tract 750.02; Orange County; California,7857,06,059,075002
06059075003,Census Tract 750.03; Orange County; California,7169,06,059,075003
06059075004,Census Tract 750.04; Orange County; California,4370,06,059,075004
06059075100,Census Tract 751; Orange County; California,8275,06,059,075100
06059075201,Census Tract 752.01; Orange County; California,5292,06,059,075201
06059075202,Census Tract 752.02; Orange County; California,6408,06,059,075202
06059075301,Census Tract 753.01; Orange County; California,5331,06,059,075301
06059075302,Census Tract 753.02; Orange County; California,4850,06,059,075302
06059075303,Census Tract 753.03; Orange County; California,3478,06,059,075303
06059075401,Census Tract 754.01; Orange County; California,4592,06,059,075401
06059075403,Census Tract 754.03; Orange County; California,8632,06,059,075403
06059075404,Census Tract 754.04; Orange County; California,7573,06,059,075404
06059075405,Census Tract 754.05; Orange County; California,3082,06,059,075405
06059075504,Census Tract 755.04; Orange County; California,4185,06,059,075504
06059075505,Census Tract 755.05; Orange County; California,3458,06,059,075505
06059075506,Census Tract 755.06; Orange County; California,3251,06,059,075506
06059075507,Census Tract 755.07; Orange County; California,5322,06,059,075507
06059075512,Census Tract 755.12; Orange County; California,3282,06,059,075512
06059075513,Census Tract 755.13; Orange County; California,4734,06,059,075513
06059075514,Census Tract 755.14; Orange County; California,3427,06,059,075514
06059075516,Census Tract 755.16; Orange County; California,11338,06,059,075516
06059075517,Census Tract 755.17; Orange County; California,5636,06,059,075517
06059075518,Census Tract 755.18; Orange County; California,11153,06,059,075518
06059075603,Census Tract 756.03; Orange County; California,4224,06,059,075603
06059075604,Census Tract 756.04; Orange County; California,7115,06,059,075604
06059075605,Census Tract 756.05; Orange County; California,5739,06,059,075605
06059075606,Census Tract 756.06; Orange County; California,6200,06,059,075606
06059075607,Census Tract 756.07; Orange County; California,6442,06,059,075607
06059075701,Census Tract 757.01; Orange County; California,7627,06,059,075701
06059075702,Census Tract 757.02; Orange County; California,2935,06,059,075702
06059075703,Census Tract 757.03; Orange County; California,4094,06,059,075703
06059075805,Census Tract 758.05; Orange County; California,4273,06,059,075805
06059075806,Census Tract 758.06; Orange County; California,6577,06,059,075806
06059075807,Census Tract 758.07; Orange County; California,5094,06,059,075807
06059075808,Census Tract 758.08; Orange County; California,3222,06,059,075808
06059075809,Census Tract 758.09; Orange County; California,3260,06,059,075809
06059075810,Census Tract 758.10; Orange County; California,2783,06,059,075810
06059075811,Census Tract 758.11; Orange County; California,3263,06,059,075811
06059075812,Census Tract 758.12; Orange County; California,6269,06,059,075812
06059075813,Census Tract 758.13; Orange County; California,4695,06,059,075813
06059075814,Census Tract 758.14; Orange County; California,3100,06,059,075814
06059075815,Census Tract 758.15; Orange County; California,5224,06,059,075815
06059075816,Census Tract 758.16; Orange County; California,3313,06,059,075816
06059075901,Census Tract 759.01; Orange County; California,4199,06,059,075901
06059075902,Census Tract 759.02; Orange County; California,6593,06,059,075902
06059076001,Census Tract 760.01; Orange County; California,8316,06,059,076001
06059076002,Census Tract 760.02; Orange County; California,2641,06,059,076002
06059076102,Census Tract 761.02; Orange County; California,7858,06,059,076102
06059076103,Census Tract 761.03; Orange County; California,9342,06,059,076103
06059076104,Census Tract 761.04; Orange County; California,5792,06,059,076104
06059076105,Census Tract 761.05; Orange County; California,4142,06,059,076105
06059076201,Census Tract 762.01; Orange County; California,7589,06,059,076201
06059076202,Census Tract 762.02; Orange County; California,5566,06,059,076202
06059076204,Census Tract 762.04; Orange County; California,4267,06,059,076204
06059076205,Census Tract 762.05; Orange County; California,6706,06,059,076205
06059076206,Census Tract 762.06; Orange County; California,5985,06,059,076206
06059076208,Census Tract 762.08; Orange County; California,5811,06,059,076208
06059086301,Census Tract 863.01; Orange County; California,6725,06,059,086301
06059086303,Census Tract 863.03; Orange County; California,13930,06,059,086303
06059086304,Census Tract 863.04; Orange County; California,4509,06,059,086304
06059086305,Census Tract 863.05; Orange County; California,4263,06,059,086305
06059086306,Census Tract 863.06; Orange County; California,4103,06,059,086306
06059086402,Census Tract 864.02; Orange County; California,6193,06,059,086402
06059086404,Census Tract 864.04; Orange County; California,6508,06,059,086404
06059086405,Census Tract 864.05; Orange County; California,6049,06,059,086405
06059086406,Census Tract 864.06; Orange County; California,4132,06,059,086406
06059086407,Census Tract 864.07; Orange County; California,6329,06,059,086407
06059086501,Census Tract 865.01; Orange County; California,3506,06,059,086501
06059086502,Census Tract 865.02; Orange County; California,6569,06,059,086502
06059086601,Census Tract 866.01; Orange County; California,7826,06,059,086601
06059086602,Census Tract 866.02; Orange County; California,5735,06,059,086602
06059086701,Census Tract 867.01; Orange County; California,7877,06,059,086701
06059086702,Census Tract 867.02; Orange County; California,7054,06,059,086702
06059086801,Census Tract 868.01; Orange County; California,3381,06,059,086801
06059086802,Census Tract 868.02; Orange County; California,5577,06,059,086802
06059086803,Census Tract 868.03; Orange County; California,7987,06,059,086803
06059086901,Census Tract 869.01; Orange County; California,8632,06,059,086901
06059086902,Census Tract 869.02; Orange County; California,5919,06,059,086902
06059086903,Census Tract 869.03; Orange County; California,6217,06,059,086903
06059087001,Census Tract 870.01; Orange County; California,5525,06,059,087001
06059087002,Census Tract 870.02; Orange County; California,6923,06,059,087002
06059087101,Census Tract 871.01; Orange County; California,4652,06,059,087101
06059087102,Census Tract 871.02; Orange County; California,6769,06,059,087102
06059087103,Census Tract 871.03; Orange County; California,8107,06,059,087103
06059087105,Census Tract 871.05; Orange County; California,5438,06,059,087105
06059087106,Census Tract 871.06; Orange County; California,4549,06,059,087106
06059087200,Census Tract 872; Orange County; California,7547,06,059,087200
06059087301,Census Tract 873.01; Orange County; California,4478,06,059,087301
06059087302,Census Tract 873.02; Orange County; California,7285,06,059,087302
06059087401,Census Tract 874.01; Orange County; California,5483,06,059,087401
06059087403,Census Tract 874.03; Orange County; California,2631,06,059,087403
06059087404,Census Tract 874.04; Orange County; California,4522,06,059,087404
06059087405,Census Tract 874.05; Orange County; California,4742,06,059,087405
06059087503,Census Tract 875.03; Orange County; California,6148,06,059,087503
06059087504,Census Tract 875.04; Orange County; California,6531,06,059,087504
06059087505,Census Tract 875.05; Orange County; California,4812,06,059,087505
06059087601,Census Tract 876.01; Orange County; California,4720,06,059,087601
06059087602,Census Tract 876.02; Orange County; California,8122,06,059,087602
06059087701,Census Tract 877.01; Orange County; California,5531,06,059,087701
06059087703,Census Tract 877.03; Orange County; California,6598,06,059,087703
06059087704,Census Tract 877.04; Orange County; California,5033,06,059,087704
06059087801,Census Tract 878.01; Orange County; California,4982,06,059,087801
06059087802,Census Tract 878.02; Orange County; California,8659,06,059,087802
06059087803,Census Tract 878.03; Orange County; California,6339,06,059,087803
06059087805,Census Tract 878.05; Orange County; California,6390,06,059,087805
06059087806,Census Tract 878.06; Orange County; California,5753,06,059,087806
06059087901,Census Tract 879.01; Orange County; California,3490,06,059,087901
06059087902,Census Tract 879.02; Orange County; California,5033,06,059,087902
06059088001,Census Tract 880.01; Orange County; California,4348,06,059,088001
06059088002,Census Tract 880.02; Orange County; California,4077,06,059,088002
06059088101,Census Tract 881.01; Orange County; California,2063,06,059,088101
06059088104,Census Tract 881.04; Orange County; California,4609,06,059,088104
06059088105,Census Tract 881.05; Orange County; California,4519,06,059,088105
06059088106,Census Tract 881.06; Orange County; California,5550,06,059,088106
06059088107,Census Tract 881.07; Orange County; California,6141,06,059,088107
06059088201,Census Tract 882.01; Orange County; California,4258,06,059,088201
06059088202,Census Tract 882.02; Orange County; California,3517,06,059,088202
06059088203,Census Tract 882.03; Orange County; California,4024,06,059,088203
06059088301,Census Tract 883.01; Orange County; California,6073,06,059,088301
06059088302,Census Tract 883.02; Orange County; California,6651,06,059,088302
06059088401,Census Tract 884.01; Orange County; California,5489,06,059,088401
06059088402,Census Tract 884.02; Orange County; California,4373,06,059,088402
06059088403,Census Tract 884.03; Orange County; California,6966,06,059,088403
06059088501,Census Tract 885.01; Orange County; California,7385,06,059,088501
06059088502,Census Tract 885.02; Orange County; California,4909,06,059,088502
06059088601,Census Tract 886.01; Orange County; California,7832,06,059,088601
06059088602,Census Tract 886.02; Orange County; California,4136,06,059,088602
06059088701,Census Tract 887.01; Orange County; California,6053,06,059,088701
06059088702,Census Tract 887.02; Orange County; California,5789,06,059,088702
06059088801,Census Tract 888.01; Orange County; California,7281,06,059,088801
06059088802,Census Tract 888.02; Orange County; California,5722,06,059,088802
06059088901,Census Tract 889.01; Orange County; California,6529,06,059,088901
06059088902,Census Tract 889.02; Orange County; California,5359,06,059,088902
06059088903,Census Tract 889.03; Orange County; California,8366,06,059,088903
06059088904,Census Tract 889.04; Orange County; California,5688,06,059,088904
06059088905,Census Tract 889.05; Orange County; California,5173,06,059,088905
06059089001,Census Tract 890.01; Orange County; California,6131,06,059,089001
06059089003,Census Tract 890.03; Orange County; California,4464,06,059,089003
06059089004,Census Tract 890.04; Orange County; California,7038,06,059,089004
06059089102,Census Tract 891.02; Orange County; California,6834,06,059,089102
06059089104,Census Tract 891.04; Orange County; California,4829,06,059,089104
06059089105,Census Tract 891.05; Orange County; California,6128,06,059,089105
06059089106,Census Tract 891.06; Orange County; California,4023,06,059,089106
06059089107,Census Tract 891.07; Orange County; California,5914,06,059,089107
06059099202,Census Tract 992.02; Orange County; California,7171,06,059,099202
06059099203,Census Tract 992.03; Orange County; California,5580,06,059,099203
06059099204,Census Tract 992.04; Orange County; California,5641,06,059,099204
06059099212,Census Tract 992.12; Orange County; California,5329,06,059,099212
06059099214,Census Tract 992.14; Orange County; California,3424,06,059,099214
06059099215,Census Tract 992.15; Orange County; California,5962,06,059,099215
06059099216,Census Tract 992.16; Orange County; California,4047,06,059,099216
06059099217,Census Tract 992.17; Orange County; California,2330,06,059,099217
06059099220,Census Tract 992.20; Orange County; California,5512,06,059,099220
06059099222,Census Tract 992.22; Orange County; California,5542,06,059,099222
06059099223,Census Tract 992.23; Orange County; California,5900,06,059,099223
06059099224,Census Tract 992.24; Orange County; California,2815,06,059,099224
06059099225,Census Tract 992.25; Orange County; California,3985,06,059,099225
06059099226,Census Tract 992.26; Orange County; California,3823,06,059,099226
06059099227,Census Tract 992.27; Orange County; California,6066,06,059,099227
06059099229,Census Tract 992.29; Orange County; California,5692,06,059,099229
06059099230,Census Tract 992.30; Orange County; California,4377,06,059,099230
06059099231,Census Tract 992.31; Orange County; California,4759,06,059,099231
06059099232,Census Tract 992.32; Orange County; California,6760,06,059,099232
06059099233,Census Tract 992.33; Orange County; California,3328,06,059,099233
06059099234,Census Tract 992.34; Orange County; California,4231,06,059,099234
06059099235,Census Tract 992.35; Orange County; California,5264,06,059,099235
06059099237,Census Tract 992.37; Orange County; California,3267,06,059,099237
06059099238,Census Tract 992.38; Orange County; California,3988,06,059,099238
06059099239,Census Tract 992.39; Orange County; California,3303,06,059,099239
06059099240,Census Tract 992.40; Orange County; California,5039,06,059,099240
06059099241,Census Tract 992.41; Orange County; California,4625,06,059,099241
06059099242,Census Tract 992.42; Orange County; California,3408,06,059,099242
06059099243,Census Tract 992.43; Orange County; California,4086,06,059,099243
06059099244,Census Tract 992.44; Orange County; California,3782,06,059,099244
06059099245,Census Tract 992.45; Orange County; California,2497,06,059,099245
06059099246,Census Tract 992.46; Orange County; California,3404,06,059,099246
06059099247,Census Tract 992.47; Orange County; California,2793,06,059,099247
06059099248,Census Tract 992.48; Orange County; California,5018,06,059,099248
06059099249,Census Tract 992.49; Orange County; California,3451,06,059,099249
06059099250,Census Tract 992.50; Orange County; California,3184,06,059,099250
06059099251,Census Tract 992.51; Orange County; California,5208,06,059,099251
06059099305,Census Tract 993.05; Orange County; California,7311,06,059,099305
06059099306,Census Tract 993.06; Orange County; California,6240,06,059,099306
06059099307,Census Tract 993.07; Orange County; California,2379,06,059,099307
06059099308,Census Tract 993.08; Orange County; California,5727,06,059,099308
06059099309,Census Tract 993.09; Orange County; California,4644,06,059,099309
06059099310,Census Tract 993.10; Orange County; California,4264,06,059,099310
06059099311,Census Tract 993.11; Orange County; California,3543,06,059,099311
06059099402,Census Tract 994.02; Orange County; California,7633,06,059,099402
06059099404,Census Tract 994.04; Orange County; California,4330,06,059,099404
06059099405,Census Tract 994.05; Orange County; California,4349,06,059,099405
06059099406,Census Tract 994.06; Orange County; California,4743,06,059,099406
06059099407,Census Tract 994.07; Orange County; California,2189,06,059,099407
06059099408,Census Tract 994.08; Orange County; California,4066,06,059,099408
06059099410,Census Tract 994.10; Orange County; California,4519,06,059,099410
06059099411,Census Tract 994.11; Orange County; California,5141,06,059,099411
06059099412,Census Tract 994.12; Orange County; California,4824,06,059,099412
06059099415,Census Tract 994.15; Orange County; California,4678,06,059,099415
06059099416,Census Tract 994.16; Orange County; California,5952,06,059,099416
06059099417,Census Tract 994.17; Orange County; California,5647,06,059,099417
06059099418,Census Tract 994.18; Orange County; California,4341,06,059,099418
06059099419,Census Tract 994.19; Orange County; California,3913,06,059,099419
06059099502,Census Tract 995.02; Orange County; California,584,06,059,099502
06059099504,Census Tract 995.04; Orange County; California,3674,06,059,099504
06059099506,Census Tract 995.06; Orange County; California,873,06,059,099506
06059099508,Census Tract 995.08; Orange County; California,5210,06,059,099508
06059099509,Census Tract 995.09; Orange County; California,3514,06,059,099509
06059099510,Census Tract 995.10; Orange County; California,4117,06,059,099510
06059099511,Census Tract 995.11; Orange County; California,2681,06,059,099511
06059099512,Census Tract 995.12; Orange County; California,3237,06,059,099512
06059099513,Census Tract 995.13; Orange County; California,1932,06,059,099513
06059099514,Census Tract 995.14; Orange County; California,5040,06,059,099514
06059099601,Census Tract 996.01; Orange County; California,7200,06,059,099601
06059099602,Census Tract 996.02; Orange County; California,3077,06,059,099602
06059099603,Census Tract 996.03; Orange County; California,6009,06,059,099603
06059099604,Census Tract 996.04; Orange County; California,3687,06,059,099604
06059099605,Census Tract 996.05; Orange County; California,5468,06,059,099605
06059099701,Census Tract 997.01; Orange County; California,5451,06,059,099701
06059099702,Census Tract 997.02; Orange County; California,7681,06,059,099702
06059099703,Census Tract 997.03; Orange County; California,5246,06,059,099703
06059099801,Census Tract 998.01; Orange County; California,6368,06,059,099801
06059099802,Census Tract 998.02; Orange County; California,4424,06,059,099802
06059099803,Census Tract 998.03; Orange County; California,5322,06,059,099803
06059099902,Census Tract 999.02; Orange County; California,4831,06,059,099902
06059099903,Census Tract 999.03; Orange County; California,5177,06,059,099903
06059099904,Census Tract 999.04; Orange County; California,5580,06,059,099904
06059099905,Census Tract 999.05; Orange County; California,3267,06,059,099905
06059099906,Census Tract 999.06; Orange County; California,5442,06,059,099906
06059110001,Census Tract 1100.01; Orange County; California,4687,06,059,110001
06059110003,Census Tract 1100.03; Orange County; California,2695,06,059,110003
06059110004,Census Tract 1100.04; Orange County; California,4596,06,059,110004
06059110005,Census Tract 1100.05; Orange County; California,3463,06,059,110005
06059110006,Census Tract 1100.06; Orange County; California,3026,06,059,110006
06059110007,Census Tract 1100.07; Orange County; California,4917,06,059,110007
06059110008,Census Tract 1100.08; Orange County; California,5036,06,059,110008
06059110010,Census Tract 1100.10; Orange County; California,4351,06,059,110010
06059110011,Census Tract 1100.11; Orange County; California,2988,06,059,110011
06059110012,Census Tract 1100.12; Orange County; California,5000,06,059,110012
06059110014,Census Tract 1100.14; Orange County; California,4831,06,059,110014
06059110015,Census Tract 1100.15; Orange County; California,3468,06,059,110015
06059110102,Census Tract 1101.02; Orange County; California,5772,06,059,110102
06059110104,Census Tract 1101.04; Orange County; California,6262,06,059,110104
06059110106,Census Tract 1101.06; Orange County; California,3575,06,059,110106
06059110108,Census Tract 1101.08; Orange County; California,3301,06,059,110108
06059110109,Census Tract 1101.09; Orange County; California,5795,06,059,110109
06059110110,Census Tract 1101.10; Orange County; California,5088,06,059,110110
06059110111,Census Tract 1101.11; Orange County; California,5359,06,059,110111
06059110113,Census Tract 1101.13; Orange County; California,2518,06,059,110113
06059110114,Census Tract 1101.14; Orange County; California,4814,06,059,110114
06059110115,Census Tract 1101.15; Orange County; California,3242,06,059,110115
06059110116,Census Tract 1101.16; Orange County; California,4815,06,059,110116
06059110117,Census Tract 1101.17; Orange County; California,7053,06,059,110117
06059110118,Census Tract 1101.18; Orange County; California,2279,06,059,110118
06059110201,Census Tract 1102.01; Orange County; California,8159,06,059,110201
06059110202,Census Tract 1102.02; Orange County; California,7632,06,059,110202
06059110203,Census Tract 1102.03; Orange County; California,5667,06,059,110203
06059110301,Census Tract 1103.01; Orange County; California,7267,06,059,110301
06059110302,Census Tract 1103.02; Orange County; California,6344,06,059,110302
06059110303,Census Tract 1103.03; Orange County; California,4842,06,059,110303
06059110304,Census Tract 1103.04; Orange County; California,4398,06,059,110304
06059110401,Census Tract 1104.01; Orange County; California,4961,06,059,110401
06059110402,Census Tract 1104.02; Orange County; California,5847,06,059,110402
06059110500,Census Tract 1105; Orange County; California,8530,06,059,110500
06059110603,Census Tract 1106.03; Orange County; California,8421,06,059,110603
06059110604,Census Tract 1106.04; Orange County; California,9200,06,059,110604
06059110605,Census Tract 1106.05; Orange County; California,6009,06,059,110605
06059110606,Census Tract 1106.06; Orange County; California,4062,06,059,110606
06059110607,Census Tract 1106.07; Orange County; California,3979,06,059,110607
06059980000,Census Tract 9800; Orange County; California,13,06,059,980000
06059990100,Census Tract 9901; Orange County; California,0,06,059,990100
06061020104,Census Tract 201.04; Placer County; California,1477,06,061,020104
06061020105,Census Tract 201.05; Placer County; California,1480,06,061,020105
06061020106,Census Tract 201.06; Placer County; California,1240,06,061,020106
06061020107,Census Tract 201.07; Placer County; California,2544,06,061,020107
06061020200,Census Tract 202; Placer County; California,6964,06,061,020200
06061020300,Census Tract 203; Placer County; California,4927,06,061,020300
06061020401,Census Tract 204.01; Placer County; California,2113,06,061,020401
06061020402,Census Tract 204.02; Placer County; California,3416,06,061,020402
06061020501,Census Tract 205.01; Placer County; California,2863,06,061,020501
06061020502,Census Tract 205.02; Placer County; California,4325,06,061,020502
06061020601,Census Tract 206.01; Placer County; California,7165,06,061,020601
06061020604,Census Tract 206.04; Placer County; California,5923,06,061,020604
06061020605,Census Tract 206.05; Placer County; California,5917,06,061,020605
06061020606,Census Tract 206.06; Placer County; California,4367,06,061,020606
06061020607,Census Tract 206.07; Placer County; California,6105,06,061,020607
06061020608,Census Tract 206.08; Placer County; California,4052,06,061,020608
06061020710,Census Tract 207.10; Placer County; California,4362,06,061,020710
06061020711,Census Tract 207.11; Placer County; California,4943,06,061,020711
06061020712,Census Tract 207.12; Placer County; California,3434,06,061,020712
06061020713,Census Tract 207.13; Placer County; California,2963,06,061,020713
06061020714,Census Tract 207.14; Placer County; California,3647,06,061,020714
06061020715,Census Tract 207.15; Placer County; California,2949,06,061,020715
06061020717,Census Tract 207.17; Placer County; California,5560,06,061,020717
06061020805,Census Tract 208.05; Placer County; California,4299,06,061,020805
06061020806,Census Tract 208.06; Placer County; California,3925,06,061,020806
06061020901,Census Tract 209.01; Placer County; California,2543,06,061,020901
06061020908,Census Tract 209.08; Placer County; California,7651,06,061,020908
06061021003,Census Tract 210.03; Placer County; California,6912,06,061,021003
06061021034,Census Tract 210.34; Placer County; California,4266,06,061,021034
06061021037,Census Tract 210.37; Placer County; California,2408,06,061,021037
06061021038,Census Tract 210.38; Placer County; California,7758,06,061,021038
06061021039,Census Tract 210.39; Placer County; California,1602,06,061,021039
06061021040,Census Tract 210.40; Placer County; California,3053,06,061,021040
06061021043,Census Tract 210.43; Placer County; California,4595,06,061,021043
06061021044,Census Tract 210.44; Placer County; California,5574,06,061,021044
06061021045,Census Tract 210.45; Placer County; California,3475,06,061,021045
06061021046,Census Tract 210.46; Placer County; California,5001,06,061,021046
06061021047,Census Tract 210.47; Placer County; California,4007,06,061,021047
06061021048,Census Tract 210.48; Placer County; California,3452,06,061,021048
06061021103,Census Tract 211.03; Placer County; California,5239,06,061,021103
06061021106,Census Tract 211.06; Placer County; California,2414,06,061,021106
06061021108,Census Tract 211.08; Placer County; California,2827,06,061,021108
06061021109,Census Tract 211.09; Placer County; California,6383,06,061,021109
06061021122,Census Tract 211.22; Placer County; California,3611,06,061,021122
06061021123,Census Tract 211.23; Placer County; California,6966,06,061,021123
06061021128,Census Tract 211.28; Placer County; California,3496,06,061,021128
06061021129,Census Tract 211.29; Placer County; California,3246,06,061,021129
06061021130,Census Tract 211.30; Placer County; California,2471,06,061,021130
06061021131,Census Tract 211.31; Placer County; California,5144,06,061,021131
06061021203,Census Tract 212.03; Placer County; California,7674,06,061,021203
06061021204,Census Tract 212.04; Placer County; California,2757,06,061,021204
06061021304,Census Tract 213.04; Placer County; California,5955,06,061,021304
06061021323,Census Tract 213.23; Placer County; California,11540,06,061,021323
06061021324,Census Tract 213.24; Placer County; California,7680,06,061,021324
06061021325,Census Tract 213.25; Placer County; California,9075,06,061,021325
06061021326,Census Tract 213.26; Placer County; California,4823,06,061,021326
06061021327,Census Tract 213.27; Placer County; California,9714,06,061,021327
06061021328,Census Tract 213.28; Placer County; California,12999,06,061,021328
06061021401,Census Tract 214.01; Placer County; California,4090,06,061,021401
06061021403,Census Tract 214.03; Placer County; California,5857,06,061,021403
06061021501,Census Tract 215.01; Placer County; California,5696,06,061,021501
06061021502,Census Tract 215.02; Placer County; California,4143,06,061,021502
06061021603,Census Tract 216.03; Placer County; California,4787,06,061,021603
06061021604,Census Tract 216.04; Placer County; California,3649,06,061,021604
06061021801,Census Tract 218.01; Placer County; California,4882,06,061,021801
06061021802,Census Tract 218.02; Placer County; California,6076,06,061,021802
06061021901,Census Tract 219.01; Placer County; California,3816,06,061,021901
06061021902,Census Tract 219.02; Placer County; California,4561,06,061,021902
06061022002,Census Tract 220.02; Placer County; California,6327,06,061,022002
06061022011,Census Tract 220.11; Placer County; California,2085,06,061,022011
06061022013,Census Tract 220.13; Placer County; California,2801,06,061,022013
06061022014,Census Tract 220.14; Placer County; California,1691,06,061,022014
06061022100,Census Tract 221; Placer County; California,925,06,061,022100
06061022200,Census Tract 222; Placer County; California,839,06,061,022200
06061022300,Census Tract 223; Placer County; California,577,06,061,022300
06061022400,Census Tract 224; Placer County; California,4731,06,061,022400
06061022500,Census Tract 225; Placer County; California,5582,06,061,022500
06061022600,Census Tract 226; Placer County; California,4773,06,061,022600
06061022800,Census Tract 228; Placer County; California,4761,06,061,022800
06061022900,Census Tract 229; Placer County; California,5314,06,061,022900
06061023000,Census Tract 230; Placer County; California,3902,06,061,023000
06061023100,Census Tract 231; Placer County; California,8266,06,061,023100
06061023200,Census Tract 232; Placer County; California,6255,06,061,023200
06061023300,Census Tract 233; Placer County; California,6877,06,061,023300
06061023400,Census Tract 234; Placer County; California,6160,06,061,023400
06061023501,Census Tract 235.01; Placer County; California,1055,06,061,023501
06061023502,Census Tract 235.02; Placer County; California,7801,06,061,023502
06061023600,Census Tract 236; Placer County; California,4160,06,061,023600
06061023700,Census Tract 237; Placer County; California,3121,06,061,023700
06061023800,Census Tract 238; Placer County; California,2964,06,061,023800
06061023900,Census Tract 239; Placer County; California,3361,06,061,023900
06061990000,Census Tract 9900; Placer County; California,0,06,061,990000
06063000100,Census Tract 1; Plumas County; California,6089,06,063,000100
06063000201,Census Tract 2.01; Plumas County; California,1258,06,063,000201
06063000202,Census Tract 2.02; Plumas County; California,940,06,063,000202
06063000300,Census Tract 3; Plumas County; California,5439,06,063,000300
06063000400,Census Tract 4; Plumas County; California,1904,06,063,000400
06063000501,Census Tract 5.01; Plumas County; California,1759,06,063,000501
06063000502,Census Tract 5.02; Plumas County; California,2034,06,063,000502
06065030101,Census Tract 301.01; Riverside County; California,1173,06,065,030101
06065030103,Census Tract 301.03; Riverside County; California,2170,06,065,030103
06065030104,Census Tract 301.04; Riverside County; California,7610,06,065,030104
06065030200,Census Tract 302; Riverside County; California,4507,06,065,030200
06065030300,Census Tract 303; Riverside County; California,4390,06,065,030300
06065030400,Census Tract 304; Riverside County; California,6319,06,065,030400
06065030501,Census Tract 305.01; Riverside County; California,5110,06,065,030501
06065030502,Census Tract 305.02; Riverside County; California,1845,06,065,030502
06065030503,Census Tract 305.03; Riverside County; California,4085,06,065,030503
06065030602,Census Tract 306.02; Riverside County; California,3693,06,065,030602
06065030603,Census Tract 306.03; Riverside County; California,3159,06,065,030603
06065030604,Census Tract 306.04; Riverside County; California,2962,06,065,030604
06065030605,Census Tract 306.05; Riverside County; California,2306,06,065,030605
06065030700,Census Tract 307; Riverside County; California,6282,06,065,030700
06065030800,Census Tract 308; Riverside County; California,7297,06,065,030800
06065030900,Census Tract 309; Riverside County; California,3296,06,065,030900
06065031001,Census Tract 310.01; Riverside County; California,5429,06,065,031001
06065031002,Census Tract 310.02; Riverside County; California,5247,06,065,031002
06065031100,Census Tract 311; Riverside County; California,5227,06,065,031100
06065031200,Census Tract 312; Riverside County; California,5984,06,065,031200
06065031300,Census Tract 313; Riverside County; California,2648,06,065,031300
06065031401,Census Tract 314.01; Riverside County; California,7403,06,065,031401
06065031402,Census Tract 314.02; Riverside County; California,6321,06,065,031402
06065031501,Census Tract 315.01; Riverside County; California,6474,06,065,031501
06065031503,Census Tract 315.03; Riverside County; California,4766,06,065,031503
06065031504,Census Tract 315.04; Riverside County; California,4319,06,065,031504
06065031601,Census Tract 316.01; Riverside County; California,4458,06,065,031601
06065031602,Census Tract 316.02; Riverside County; California,5325,06,065,031602
06065031701,Census Tract 317.01; Riverside County; California,3407,06,065,031701
06065031702,Census Tract 317.02; Riverside County; California,2132,06,065,031702
06065031703,Census Tract 317.03; Riverside County; California,4076,06,065,031703
06065031704,Census Tract 317.04; Riverside County; California,4929,06,065,031704
06065040101,Census Tract 401.01; Riverside County; California,4199,06,065,040101
06065040102,Census Tract 401.02; Riverside County; California,6530,06,065,040102
06065040201,Census Tract 402.01; Riverside County; California,7236,06,065,040201
06065040202,Census Tract 402.02; Riverside County; California,3001,06,065,040202
06065040203,Census Tract 402.03; Riverside County; California,3385,06,065,040203
06065040204,Census Tract 402.04; Riverside County; California,3253,06,065,040204
06065040302,Census Tract 403.02; Riverside County; California,9812,06,065,040302
06065040303,Census Tract 403.03; Riverside County; California,3363,06,065,040303
06065040304,Census Tract 403.04; Riverside County; California,3761,06,065,040304
06065040305,Census Tract 403.05; Riverside County; California,2906,06,065,040305
06065040402,Census Tract 404.02; Riverside County; California,4897,06,065,040402
06065040403,Census Tract 404.03; Riverside County; California,5635,06,065,040403
06065040404,Census Tract 404.04; Riverside County; California,3419,06,065,040404
06065040405,Census Tract 404.05; Riverside County; California,5462,06,065,040405
06065040501,Census Tract 405.01; Riverside County; California,7921,06,065,040501
06065040502,Census Tract 405.02; Riverside County; California,6402,06,065,040502
06065040503,Census Tract 405.03; Riverside County; California,3646,06,065,040503
06065040603,Census Tract 406.03; Riverside County; California,2674,06,065,040603
06065040604,Census Tract 406.04; Riverside County; California,5249,06,065,040604
06065040605,Census Tract 406.05; Riverside County; California,3007,06,065,040605
06065040606,Census Tract 406.06; Riverside County; California,3460,06,065,040606
06065040609,Census Tract 406.09; Riverside County; California,17975,06,065,040609
06065040611,Census Tract 406.11; Riverside County; California,8780,06,065,040611
06065040616,Census Tract 406.16; Riverside County; California,10379,06,065,040616
06065040617,Census Tract 406.17; Riverside County; California,7641,06,065,040617
06065040618,Census Tract 406.18; Riverside County; California,10312,06,065,040618
06065040619,Census Tract 406.19; Riverside County; California,5160,06,065,040619
06065040620,Census Tract 406.20; Riverside County; California,7383,06,065,040620
06065040621,Census Tract 406.21; Riverside County; California,4042,06,065,040621
06065040622,Census Tract 406.22; Riverside County; California,6754,06,065,040622
06065040701,Census Tract 407.01; Riverside County; California,2473,06,065,040701
06065040702,Census Tract 407.02; Riverside County; California,2601,06,065,040702
06065040703,Census Tract 407.03; Riverside County; California,2842,06,065,040703
06065040806,Census Tract 408.06; Riverside County; California,2744,06,065,040806
06065040807,Census Tract 408.07; Riverside County; California,3384,06,065,040807
06065040808,Census Tract 408.08; Riverside County; California,6843,06,065,040808
06065040809,Census Tract 408.09; Riverside County; California,3374,06,065,040809
06065040812,Census Tract 408.12; Riverside County; California,3588,06,065,040812
06065040813,Census Tract 408.13; Riverside County; California,5649,06,065,040813
06065040814,Census Tract 408.14; Riverside County; California,4942,06,065,040814
06065040815,Census Tract 408.15; Riverside County; California,3962,06,065,040815
06065040816,Census Tract 408.16; Riverside County; California,2788,06,065,040816
06065040821,Census Tract 408.21; Riverside County; California,6077,06,065,040821
06065040901,Census Tract 409.01; Riverside County; California,8410,06,065,040901
06065040902,Census Tract 409.02; Riverside County; California,5166,06,065,040902
06065040903,Census Tract 409.03; Riverside County; California,3059,06,065,040903
06065040904,Census Tract 409.04; Riverside County; California,3918,06,065,040904
06065041001,Census Tract 410.01; Riverside County; California,2710,06,065,041001
06065041002,Census Tract 410.02; Riverside County; California,3219,06,065,041002
06065041003,Census Tract 410.03; Riverside County; California,2692,06,065,041003
06065041004,Census Tract 410.04; Riverside County; California,4579,06,065,041004
06065041101,Census Tract 411.01; Riverside County; California,4998,06,065,041101
06065041102,Census Tract 411.02; Riverside County; California,5350,06,065,041102
06065041201,Census Tract 412.01; Riverside County; California,3789,06,065,041201
06065041202,Census Tract 412.02; Riverside County; California,4790,06,065,041202
06065041203,Census Tract 412.03; Riverside County; California,4040,06,065,041203
06065041301,Census Tract 413.01; Riverside County; California,3629,06,065,041301
06065041302,Census Tract 413.02; Riverside County; California,4411,06,065,041302
06065041403,Census Tract 414.03; Riverside County; California,4427,06,065,041403
06065041404,Census Tract 414.04; Riverside County; California,3697,06,065,041404
06065041405,Census Tract 414.05; Riverside County; California,5496,06,065,041405
06065041406,Census Tract 414.06; Riverside County; California,5991,06,065,041406
06065041407,Census Tract 414.07; Riverside County; California,5777,06,065,041407
06065041408,Census Tract 414.08; Riverside County; California,4774,06,065,041408
06065041410,Census Tract 414.10; Riverside County; California,2673,06,065,041410
06065041411,Census Tract 414.11; Riverside County; California,2732,06,065,041411
06065041412,Census Tract 414.12; Riverside County; California,4717,06,065,041412
06065041413,Census Tract 414.13; Riverside County; California,6023,06,065,041413
06065041414,Census Tract 414.14; Riverside County; California,4120,06,065,041414
06065041415,Census Tract 414.15; Riverside County; California,4210,06,065,041415
06065041500,Census Tract 415; Riverside County; California,3846,06,065,041500
06065041601,Census Tract 416.01; Riverside County; California,2233,06,065,041601
06065041602,Census Tract 416.02; Riverside County; California,4127,06,065,041602
06065041702,Census Tract 417.02; Riverside County; California,4651,06,065,041702
06065041703,Census Tract 417.03; Riverside County; California,6125,06,065,041703
06065041704,Census Tract 417.04; Riverside County; California,3016,06,065,041704
06065041803,Census Tract 418.03; Riverside County; California,6001,06,065,041803
06065041804,Census Tract 418.04; Riverside County; California,4588,06,065,041804
06065041805,Census Tract 418.05; Riverside County; California,5633,06,065,041805
06065041806,Census Tract 418.06; Riverside County; California,4794,06,065,041806
06065041807,Census Tract 418.07; Riverside County; California,2448,06,065,041807
06065041808,Census Tract 418.08; Riverside County; California,7365,06,065,041808
06065041809,Census Tract 418.09; Riverside County; California,5327,06,065,041809
06065041810,Census Tract 418.10; Riverside County; California,5821,06,065,041810
06065041812,Census Tract 418.12; Riverside County; California,3539,06,065,041812
06065041813,Census Tract 418.13; Riverside County; California,6777,06,065,041813
06065041904,Census Tract 419.04; Riverside County; California,4953,06,065,041904
06065041905,Census Tract 419.05; Riverside County; California,2757,06,065,041905
06065041906,Census Tract 419.06; Riverside County; California,6522,06,065,041906
06065041909,Census Tract 419.09; Riverside County; California,5532,06,065,041909
06065041910,Census Tract 419.10; Riverside County; California,7421,06,065,041910
06065041912,Census Tract 419.12; Riverside County; California,6207,06,065,041912
06065041913,Census Tract 419.13; Riverside County; California,5593,06,065,041913
06065041914,Census Tract 419.14; Riverside County; California,5638,06,065,041914
06065041915,Census Tract 419.15; Riverside County; California,9285,06,065,041915
06065042003,Census Tract 420.03; Riverside County; California,6204,06,065,042003
06065042004,Census Tract 420.04; Riverside County; California,4861,06,065,042004
06065042005,Census Tract 420.05; Riverside County; California,5471,06,065,042005
06065042007,Census Tract 420.07; Riverside County; California,7605,06,065,042007
06065042008,Census Tract 420.08; Riverside County; California,8929,06,065,042008
06065042009,Census Tract 420.09; Riverside County; California,8006,06,065,042009
06065042010,Census Tract 420.10; Riverside County; California,5732,06,065,042010
06065042012,Census Tract 420.12; Riverside County; California,7135,06,065,042012
06065042015,Census Tract 420.15; Riverside County; California,5810,06,065,042015
06065042016,Census Tract 420.16; Riverside County; California,2324,06,065,042016
06065042017,Census Tract 420.17; Riverside County; California,3759,06,065,042017
06065042018,Census Tract 420.18; Riverside County; California,5980,06,065,042018
06065042206,Census Tract 422.06; Riverside County; California,6517,06,065,042206
06065042207,Census Tract 422.07; Riverside County; California,2655,06,065,042207
06065042208,Census Tract 422.08; Riverside County; California,3093,06,065,042208
06065042209,Census Tract 422.09; Riverside County; California,4301,06,065,042209
06065042210,Census Tract 422.10; Riverside County; California,5645,06,065,042210
06065042212,Census Tract 422.12; Riverside County; California,7881,06,065,042212
06065042213,Census Tract 422.13; Riverside County; California,3681,06,065,042213
06065042214,Census Tract 422.14; Riverside County; California,7679,06,065,042214
06065042217,Census Tract 422.17; Riverside County; California,5089,06,065,042217
06065042300,Census Tract 423; Riverside County; California,10814,06,065,042300
06065042401,Census Tract 424.01; Riverside County; California,2056,06,065,042401
06065042402,Census Tract 424.02; Riverside County; California,5567,06,065,042402
06065042403,Census Tract 424.03; Riverside County; California,5259,06,065,042403
06065042404,Census Tract 424.04; Riverside County; California,2639,06,065,042404
06065042405,Census Tract 424.05; Riverside County; California,4877,06,065,042405
06065042406,Census Tract 424.06; Riverside County; California,4545,06,065,042406
06065042407,Census Tract 424.07; Riverside County; California,3681,06,065,042407
06065042408,Census Tract 424.08; Riverside County; California,3170,06,065,042408
06065042409,Census Tract 424.09; Riverside County; California,3882,06,065,042409
06065042410,Census Tract 424.10; Riverside County; California,5679,06,065,042410
06065042411,Census Tract 424.11; Riverside County; California,2588,06,065,042411
06065042412,Census Tract 424.12; Riverside County; California,4818,06,065,042412
06065042505,Census Tract 425.05; Riverside County; California,3363,06,065,042505
06065042507,Census Tract 425.07; Riverside County; California,6457,06,065,042507
06065042508,Census Tract 425.08; Riverside County; California,5770,06,065,042508
06065042509,Census Tract 425.09; Riverside County; California,3215,06,065,042509
06065042510,Census Tract 425.10; Riverside County; California,5019,06,065,042510
06065042511,Census Tract 425.11; Riverside County; California,4573,06,065,042511
06065042512,Census Tract 425.12; Riverside County; California,3796,06,065,042512
06065042513,Census Tract 425.13; Riverside County; California,3040,06,065,042513
06065042514,Census Tract 425.14; Riverside County; California,3295,06,065,042514
06065042515,Census Tract 425.15; Riverside County; California,3525,06,065,042515
06065042516,Census Tract 425.16; Riverside County; California,3762,06,065,042516
06065042517,Census Tract 425.17; Riverside County; California,3266,06,065,042517
06065042518,Census Tract 425.18; Riverside County; California,3623,06,065,042518
06065042519,Census Tract 425.19; Riverside County; California,1627,06,065,042519
06065042520,Census Tract 425.20; Riverside County; California,5209,06,065,042520
06065042521,Census Tract 425.21; Riverside County; California,5111,06,065,042521
06065042522,Census Tract 425.22; Riverside County; California,4069,06,065,042522
06065042523,Census Tract 425.23; Riverside County; California,5193,06,065,042523
06065042621,Census Tract 426.21; Riverside County; California,8138,06,065,042621
06065042622,Census Tract 426.22; Riverside County; California,5328,06,065,042622
06065042623,Census Tract 426.23; Riverside County; California,4194,06,065,042623
06065042624,Census Tract 426.24; Riverside County; California,5265,06,065,042624
06065042625,Census Tract 426.25; Riverside County; California,6377,06,065,042625
06065042626,Census Tract 426.26; Riverside County; California,9385,06,065,042626
06065042627,Census Tract 426.27; Riverside County; California,4978,06,065,042627
06065042628,Census Tract 426.28; Riverside County; California,4911,06,065,042628
06065042629,Census Tract 426.29; Riverside County; California,6574,06,065,042629
06065042630,Census Tract 426.30; Riverside County; California,6898,06,065,042630
06065042631,Census Tract 426.31; Riverside County; California,5497,06,065,042631
06065042632,Census Tract 426.32; Riverside County; California,3213,06,065,042632
06065042708,Census Tract 427.08; Riverside County; California,6206,06,065,042708
06065042709,Census Tract 427.09; Riverside County; California,5158,06,065,042709
06065042711,Census Tract 427.11; Riverside County; California,3904,06,065,042711
06065042714,Census Tract 427.14; Riverside County; California,3073,06,065,042714
06065042716,Census Tract 427.16; Riverside County; California,5842,06,065,042716
06065042717,Census Tract 427.17; Riverside County; California,6307,06,065,042717
06065042719,Census Tract 427.19; Riverside County; California,5650,06,065,042719
06065042720,Census Tract 427.20; Riverside County; California,5973,06,065,042720
06065042723,Census Tract 427.23; Riverside County; California,7972,06,065,042723
06065042724,Census Tract 427.24; Riverside County; California,5678,06,065,042724
06065042726,Census Tract 427.26; Riverside County; California,12017,06,065,042726
06065042728,Census Tract 427.28; Riverside County; California,4002,06,065,042728
06065042730,Census Tract 427.30; Riverside County; California,5559,06,065,042730
06065042731,Census Tract 427.31; Riverside County; California,9624,06,065,042731
06065042732,Census Tract 427.32; Riverside County; California,7963,06,065,042732
06065042733,Census Tract 427.33; Riverside County; California,14580,06,065,042733
06065042737,Census Tract 427.37; Riverside County; California,6689,06,065,042737
06065042738,Census Tract 427.38; Riverside County; California,8653,06,065,042738
06065042739,Census Tract 427.39; Riverside County; California,9265,06,065,042739
06065042740,Census Tract 427.40; Riverside County; California,2016,06,065,042740
06065042741,Census Tract 427.41; Riverside County; California,2497,06,065,042741
06065042742,Census Tract 427.42; Riverside County; California,8217,06,065,042742
06065042743,Census Tract 427.43; Riverside County; California,4857,06,065,042743
06065042744,Census Tract 427.44; Riverside County; California,4399,06,065,042744
06065042745,Census Tract 427.45; Riverside County; California,7832,06,065,042745
06065042746,Census Tract 427.46; Riverside County; California,4583,06,065,042746
06065042747,Census Tract 427.47; Riverside County; California,4305,06,065,042747
06065042748,Census Tract 427.48; Riverside County; California,6028,06,065,042748
06065042749,Census Tract 427.49; Riverside County; California,4747,06,065,042749
06065042750,Census Tract 427.50; Riverside County; California,3710,06,065,042750
06065042751,Census Tract 427.51; Riverside County; California,6293,06,065,042751
06065042752,Census Tract 427.52; Riverside County; California,4868,06,065,042752
06065042801,Census Tract 428.01; Riverside County; California,4686,06,065,042801
06065042802,Census Tract 428.02; Riverside County; California,6040,06,065,042802
06065042902,Census Tract 429.02; Riverside County; California,4774,06,065,042902
06065042903,Census Tract 429.03; Riverside County; California,5213,06,065,042903
06065042905,Census Tract 429.05; Riverside County; California,4719,06,065,042905
06065042906,Census Tract 429.06; Riverside County; California,5804,06,065,042906
06065042907,Census Tract 429.07; Riverside County; California,3844,06,065,042907
06065042908,Census Tract 429.08; Riverside County; California,4400,06,065,042908
06065043001,Census Tract 430.01; Riverside County; California,13365,06,065,043001
06065043003,Census Tract 430.03; Riverside County; California,7628,06,065,043003
06065043005,Census Tract 430.05; Riverside County; California,5709,06,065,043005
06065043006,Census Tract 430.06; Riverside County; California,4837,06,065,043006
06065043007,Census Tract 430.07; Riverside County; California,7258,06,065,043007
06065043008,Census Tract 430.08; Riverside County; California,5772,06,065,043008
06065043009,Census Tract 430.09; Riverside County; California,5869,06,065,043009
06065043010,Census Tract 430.10; Riverside County; California,5135,06,065,043010
06065043201,Census Tract 432.01; Riverside County; California,3555,06,065,043201
06065043202,Census Tract 432.02; Riverside County; California,5861,06,065,043202
06065043203,Census Tract 432.03; Riverside County; California,2394,06,065,043203
06065043204,Census Tract 432.04; Riverside County; California,8622,06,065,043204
06065043205,Census Tract 432.05; Riverside County; California,5722,06,065,043205
06065043206,Census Tract 432.06; Riverside County; California,8075,06,065,043206
06065043207,Census Tract 432.07; Riverside County; California,4969,06,065,043207
06065043208,Census Tract 432.08; Riverside County; California,4562,06,065,043208
06065043209,Census Tract 432.09; Riverside County; California,3776,06,065,043209
06065043210,Census Tract 432.10; Riverside County; California,4404,06,065,043210
06065043211,Census Tract 432.11; Riverside County; California,6814,06,065,043211
06065043216,Census Tract 432.16; Riverside County; California,7083,06,065,043216
06065043217,Census Tract 432.17; Riverside County; California,3516,06,065,043217
06065043218,Census Tract 432.18; Riverside County; California,5520,06,065,043218
06065043220,Census Tract 432.20; Riverside County; California,4895,06,065,043220
06065043222,Census Tract 432.22; Riverside County; California,5154,06,065,043222
06065043227,Census Tract 432.27; Riverside County; California,8155,06,065,043227
06065043228,Census Tract 432.28; Riverside County; California,5019,06,065,043228
06065043229,Census Tract 432.29; Riverside County; California,4630,06,065,043229
06065043235,Census Tract 432.35; Riverside County; California,13536,06,065,043235
06065043246,Census Tract 432.46; Riverside County; California,6287,06,065,043246
06065043248,Census Tract 432.48; Riverside County; California,4031,06,065,043248
06065043252,Census Tract 432.52; Riverside County; California,10051,06,065,043252
06065043254,Census Tract 432.54; Riverside County; California,5402,06,065,043254
06065043256,Census Tract 432.56; Riverside County; California,3534,06,065,043256
06065043262,Census Tract 432.62; Riverside County; California,4663,06,065,043262
06065043264,Census Tract 432.64; Riverside County; California,7839,06,065,043264
06065043265,Census Tract 432.65; Riverside County; California,7339,06,065,043265
06065043266,Census Tract 432.66; Riverside County; California,5241,06,065,043266
06065043267,Census Tract 432.67; Riverside County; California,5908,06,065,043267
06065043270,Census Tract 432.70; Riverside County; California,5617,06,065,043270
06065043271,Census Tract 432.71; Riverside County; California,5331,06,065,043271
06065043272,Census Tract 432.72; Riverside County; California,5437,06,065,043272
06065043274,Census Tract 432.74; Riverside County; California,2047,06,065,043274
06065043276,Census Tract 432.76; Riverside County; California,3692,06,065,043276
06065043278,Census Tract 432.78; Riverside County; California,6085,06,065,043278
06065043279,Census Tract 432.79; Riverside County; California,5717,06,065,043279
06065043292,Census Tract 432.92; Riverside County; California,5307,06,065,043292
06065043293,Census Tract 432.93; Riverside County; California,3132,06,065,043293
06065043294,Census Tract 432.94; Riverside County; California,4747,06,065,043294
06065043295,Census Tract 432.95; Riverside County; California,5421,06,065,043295
06065043296,Census Tract 432.96; Riverside County; California,4579,06,065,043296
06065043297,Census Tract 432.97; Riverside County; California,11415,06,065,043297
06065043298,Census Tract 432.98; Riverside County; California,5020,06,065,043298
06065043304,Census Tract 433.04; Riverside County; California,9290,06,065,043304
06065043306,Census Tract 433.06; Riverside County; California,5121,06,065,043306
06065043307,Census Tract 433.07; Riverside County; California,7065,06,065,043307
06065043308,Census Tract 433.08; Riverside County; California,2960,06,065,043308
06065043309,Census Tract 433.09; Riverside County; California,3562,06,065,043309
06065043310,Census Tract 433.10; Riverside County; California,3023,06,065,043310
06065043311,Census Tract 433.11; Riverside County; California,2362,06,065,043311
06065043312,Census Tract 433.12; Riverside County; California,4896,06,065,043312
06065043313,Census Tract 433.13; Riverside County; California,3295,06,065,043313
06065043314,Census Tract 433.14; Riverside County; California,4584,06,065,043314
06065043315,Census Tract 433.15; Riverside County; California,2662,06,065,043315
06065043316,Census Tract 433.16; Riverside County; California,3441,06,065,043316
06065043318,Census Tract 433.18; Riverside County; California,5617,06,065,043318
06065043319,Census Tract 433.19; Riverside County; California,6779,06,065,043319
06065043401,Census Tract 434.01; Riverside County; California,6641,06,065,043401
06065043403,Census Tract 434.03; Riverside County; California,3346,06,065,043403
06065043404,Census Tract 434.04; Riverside County; California,2300,06,065,043404
06065043405,Census Tract 434.05; Riverside County; California,4490,06,065,043405
06065043503,Census Tract 435.03; Riverside County; California,4198,06,065,043503
06065043505,Census Tract 435.05; Riverside County; California,3801,06,065,043505
06065043506,Census Tract 435.06; Riverside County; California,7852,06,065,043506
06065043509,Census Tract 435.09; Riverside County; California,5794,06,065,043509
06065043512,Census Tract 435.12; Riverside County; California,6916,06,065,043512
06065043513,Census Tract 435.13; Riverside County; California,2915,06,065,043513
06065043517,Census Tract 435.17; Riverside County; California,9093,06,065,043517
06065043518,Census Tract 435.18; Riverside County; California,5748,06,065,043518
06065043519,Census Tract 435.19; Riverside County; California,1284,06,065,043519
06065043520,Census Tract 435.20; Riverside County; California,2350,06,065,043520
06065043521,Census Tract 435.21; Riverside County; California,4204,06,065,043521
06065043522,Census Tract 435.22; Riverside County; California,3374,06,065,043522
06065043523,Census Tract 435.23; Riverside County; California,3267,06,065,043523
06065043524,Census Tract 435.24; Riverside County; California,4601,06,065,043524
06065043601,Census Tract 436.01; Riverside County; California,5591,06,065,043601
06065043602,Census Tract 436.02; Riverside County; California,3690,06,065,043602
06065043701,Census Tract 437.01; Riverside County; California,4491,06,065,043701
06065043702,Census Tract 437.02; Riverside County; California,5064,06,065,043702
06065043703,Census Tract 437.03; Riverside County; California,3495,06,065,043703
06065043802,Census Tract 438.02; Riverside County; California,7412,06,065,043802
06065043807,Census Tract 438.07; Riverside County; California,6271,06,065,043807
06065043809,Census Tract 438.09; Riverside County; California,7623,06,065,043809
06065043810,Census Tract 438.10; Riverside County; California,5143,06,065,043810
06065043812,Census Tract 438.12; Riverside County; California,6657,06,065,043812
06065043813,Census Tract 438.13; Riverside County; California,3511,06,065,043813
06065043818,Census Tract 438.18; Riverside County; California,4118,06,065,043818
06065043820,Census Tract 438.20; Riverside County; California,5894,06,065,043820
06065043821,Census Tract 438.21; Riverside County; California,6191,06,065,043821
06065043822,Census Tract 438.22; Riverside County; California,3607,06,065,043822
06065043823,Census Tract 438.23; Riverside County; California,14738,06,065,043823
06065043824,Census Tract 438.24; Riverside County; California,5107,06,065,043824
06065043900,Census Tract 439; Riverside County; California,5694,06,065,043900
06065044000,Census Tract 440; Riverside County; California,2062,06,065,044000
06065044101,Census Tract 441.01; Riverside County; California,2750,06,065,044101
06065044102,Census Tract 441.02; Riverside County; California,3459,06,065,044102
06065044103,Census Tract 441.03; Riverside County; California,7401,06,065,044103
06065044104,Census Tract 441.04; Riverside County; California,2576,06,065,044104
06065044200,Census Tract 442; Riverside County; California,6270,06,065,044200
06065044300,Census Tract 443; Riverside County; California,4763,06,065,044300
06065044403,Census Tract 444.03; Riverside County; California,3799,06,065,044403
06065044404,Census Tract 444.04; Riverside County; California,2522,06,065,044404
06065044405,Census Tract 444.05; Riverside County; California,1649,06,065,044405
06065044406,Census Tract 444.06; Riverside County; California,2682,06,065,044406
06065044407,Census Tract 444.07; Riverside County; California,3140,06,065,044407
06065044505,Census Tract 445.05; Riverside County; California,6963,06,065,044505
06065044507,Census Tract 445.07; Riverside County; California,6866,06,065,044507
06065044509,Census Tract 445.09; Riverside County; California,5721,06,065,044509
06065044510,Census Tract 445.10; Riverside County; California,6279,06,065,044510
06065044515,Census Tract 445.15; Riverside County; California,3794,06,065,044515
06065044516,Census Tract 445.16; Riverside County; California,7875,06,065,044516
06065044517,Census Tract 445.17; Riverside County; California,2498,06,065,044517
06065044518,Census Tract 445.18; Riverside County; California,7665,06,065,044518
06065044520,Census Tract 445.20; Riverside County; California,1099,06,065,044520
06065044521,Census Tract 445.21; Riverside County; California,1370,06,065,044521
06065044523,Census Tract 445.23; Riverside County; California,1858,06,065,044523
06065044524,Census Tract 445.24; Riverside County; California,2946,06,065,044524
06065044602,Census Tract 446.02; Riverside County; California,2764,06,065,044602
06065044604,Census Tract 446.04; Riverside County; California,3355,06,065,044604
06065044605,Census Tract 446.05; Riverside County; California,5937,06,065,044605
06065044606,Census Tract 446.06; Riverside County; California,3405,06,065,044606
06065044701,Census Tract 447.01; Riverside County; California,3201,06,065,044701
06065044702,Census Tract 447.02; Riverside County; California,2164,06,065,044702
06065044804,Census Tract 448.04; Riverside County; California,2623,06,065,044804
06065044805,Census Tract 448.05; Riverside County; California,1604,06,065,044805
06065044806,Census Tract 448.06; Riverside County; California,1655,06,065,044806
06065044807,Census Tract 448.07; Riverside County; California,1320,06,065,044807
06065044904,Census Tract 449.04; Riverside County; California,5709,06,065,044904
06065044907,Census Tract 449.07; Riverside County; California,4989,06,065,044907
06065044911,Census Tract 449.11; Riverside County; California,5203,06,065,044911
06065044916,Census Tract 449.16; Riverside County; California,5210,06,065,044916
06065044917,Census Tract 449.17; Riverside County; California,3874,06,065,044917
06065044918,Census Tract 449.18; Riverside County; California,2516,06,065,044918
06065044919,Census Tract 449.19; Riverside County; California,4931,06,065,044919
06065044921,Census Tract 449.21; Riverside County; California,2897,06,065,044921
06065044922,Census Tract 449.22; Riverside County; California,6817,06,065,044922
06065044923,Census Tract 449.23; Riverside County; California,3299,06,065,044923
06065044924,Census Tract 449.24; Riverside County; California,3362,06,065,044924
06065044925,Census Tract 449.25; Riverside County; California,3577,06,065,044925
06065044926,Census Tract 449.26; Riverside County; California,4913,06,065,044926
06065044927,Census Tract 449.27; Riverside County; California,4090,06,065,044927
06065044928,Census Tract 449.28; Riverside County; California,4091,06,065,044928
06065044929,Census Tract 449.29; Riverside County; California,3895,06,065,044929
06065044930,Census Tract 449.30; Riverside County; California,3059,06,065,044930
06065044931,Census Tract 449.31; Riverside County; California,2471,06,065,044931
06065044932,Census Tract 449.32; Riverside County; California,2853,06,065,044932
06065044933,Census Tract 449.33; Riverside County; California,3521,06,065,044933
06065044934,Census Tract 449.34; Riverside County; California,2349,06,065,044934
06065045000,Census Tract 450; Riverside County; California,3097,06,065,045000
06065045103,Census Tract 451.03; Riverside County; California,3002,06,065,045103
06065045109,Census Tract 451.09; Riverside County; California,4129,06,065,045109
06065045110,Census Tract 451.10; Riverside County; California,4917,06,065,045110
06065045114,Census Tract 451.14; Riverside County; California,1717,06,065,045114
06065045115,Census Tract 451.15; Riverside County; California,1796,06,065,045115
06065045116,Census Tract 451.16; Riverside County; California,1570,06,065,045116
06065045117,Census Tract 451.17; Riverside County; California,3489,06,065,045117
06065045118,Census Tract 451.18; Riverside County; California,2558,06,065,045118
06065045119,Census Tract 451.19; Riverside County; California,3053,06,065,045119
06065045120,Census Tract 451.20; Riverside County; California,3977,06,065,045120
06065045122,Census Tract 451.22; Riverside County; California,1270,06,065,045122
06065045123,Census Tract 451.23; Riverside County; California,2317,06,065,045123
06065045124,Census Tract 451.24; Riverside County; California,1515,06,065,045124
06065045125,Census Tract 451.25; Riverside County; California,1990,06,065,045125
06065045126,Census Tract 451.26; Riverside County; California,3059,06,065,045126
06065045127,Census Tract 451.27; Riverside County; California,2194,06,065,045127
06065045128,Census Tract 451.28; Riverside County; California,1535,06,065,045128
06065045129,Census Tract 451.29; Riverside County; California,5627,06,065,045129
06065045207,Census Tract 452.07; Riverside County; California,4925,06,065,045207
06065045209,Census Tract 452.09; Riverside County; California,5915,06,065,045209
06065045212,Census Tract 452.12; Riverside County; California,2187,06,065,045212
06065045213,Census Tract 452.13; Riverside County; California,5769,06,065,045213
06065045214,Census Tract 452.14; Riverside County; California,6043,06,065,045214
06065045216,Census Tract 452.16; Riverside County; California,2441,06,065,045216
06065045217,Census Tract 452.17; Riverside County; California,7490,06,065,045217
06065045222,Census Tract 452.22; Riverside County; California,3088,06,065,045222
06065045224,Census Tract 452.24; Riverside County; California,6006,06,065,045224
06065045226,Census Tract 452.26; Riverside County; California,6588,06,065,045226
06065045228,Census Tract 452.28; Riverside County; California,7241,06,065,045228
06065045233,Census Tract 452.33; Riverside County; California,5019,06,065,045233
06065045234,Census Tract 452.34; Riverside County; California,5112,06,065,045234
06065045235,Census Tract 452.35; Riverside County; California,3106,06,065,045235
06065045302,Census Tract 453.02; Riverside County; California,4183,06,065,045302
06065045303,Census Tract 453.03; Riverside County; California,2724,06,065,045303
06065045305,Census Tract 453.05; Riverside County; California,5344,06,065,045305
06065045306,Census Tract 453.06; Riverside County; California,6226,06,065,045306
06065045501,Census Tract 455.01; Riverside County; California,6124,06,065,045501
06065045502,Census Tract 455.02; Riverside County; California,3558,06,065,045502
06065045606,Census Tract 456.06; Riverside County; California,3826,06,065,045606
06065045610,Census Tract 456.10; Riverside County; California,4020,06,065,045610
06065045611,Census Tract 456.11; Riverside County; California,3305,06,065,045611
06065045612,Census Tract 456.12; Riverside County; California,4556,06,065,045612
06065045613,Census Tract 456.13; Riverside County; California,2022,06,065,045613
06065045614,Census Tract 456.14; Riverside County; California,1293,06,065,045614
06065045615,Census Tract 456.15; Riverside County; California,3050,06,065,045615
06065045616,Census Tract 456.16; Riverside County; California,1832,06,065,045616
06065045617,Census Tract 456.17; Riverside County; California,2049,06,065,045617
06065045618,Census Tract 456.18; Riverside County; California,1747,06,065,045618
06065045619,Census Tract 456.19; Riverside County; California,4470,06,065,045619
06065045703,Census Tract 457.03; Riverside County; California,7495,06,065,045703
06065045704,Census Tract 457.04; Riverside County; California,3273,06,065,045704
06065045706,Census Tract 457.06; Riverside County; California,4524,06,065,045706
06065045707,Census Tract 457.07; Riverside County; California,6462,06,065,045707
06065045708,Census Tract 457.08; Riverside County; California,4360,06,065,045708
06065045709,Census Tract 457.09; Riverside County; California,4608,06,065,045709
06065045900,Census Tract 459; Riverside County; California,1644,06,065,045900
06065046101,Census Tract 461.01; Riverside County; California,2389,06,065,046101
06065046102,Census Tract 461.02; Riverside County; California,2050,06,065,046102
06065046103,Census Tract 461.03; Riverside County; California,3083,06,065,046103
06065046200,Census Tract 462; Riverside County; California,2644,06,065,046200
06065046401,Census Tract 464.01; Riverside County; California,4118,06,065,046401
06065046402,Census Tract 464.02; Riverside County; California,5663,06,065,046402
06065046403,Census Tract 464.03; Riverside County; California,7061,06,065,046403
06065046404,Census Tract 464.04; Riverside County; California,5931,06,065,046404
06065046405,Census Tract 464.05; Riverside County; California,4305,06,065,046405
06065046501,Census Tract 465.01; Riverside County; California,5829,06,065,046501
06065046502,Census Tract 465.02; Riverside County; California,4175,06,065,046502
06065046601,Census Tract 466.01; Riverside County; California,3307,06,065,046601
06065046602,Census Tract 466.02; Riverside County; California,3620,06,065,046602
06065046700,Census Tract 467; Riverside County; California,4388,06,065,046700
06065046800,Census Tract 468; Riverside County; California,6433,06,065,046800
06065046900,Census Tract 469; Riverside County; California,1804,06,065,046900
06065047000,Census Tract 470; Riverside County; California,1473,06,065,047000
06065047201,Census Tract 472.01; Riverside County; California,1992,06,065,047201
06065047202,Census Tract 472.02; Riverside County; California,2020,06,065,047202
06065047901,Census Tract 479.01; Riverside County; California,4820,06,065,047901
06065047902,Census Tract 479.02; Riverside County; California,6671,06,065,047902
06065048100,Census Tract 481; Riverside County; California,7452,06,065,048100
06065048200,Census Tract 482; Riverside County; California,4785,06,065,048200
06065048300,Census Tract 483; Riverside County; California,7016,06,065,048300
06065048700,Census Tract 487; Riverside County; California,4458,06,065,048700
06065048800,Census Tract 488; Riverside County; California,4463,06,065,048800
06065048901,Census Tract 489.01; Riverside County; California,3857,06,065,048901
06065048902,Census Tract 489.02; Riverside County; California,8248,06,065,048902
06065049001,Census Tract 490.01; Riverside County; California,6763,06,065,049001
06065049002,Census Tract 490.02; Riverside County; California,2961,06,065,049002
06065049101,Census Tract 491.01; Riverside County; California,2397,06,065,049101
06065049102,Census Tract 491.02; Riverside County; California,3329,06,065,049102
06065049400,Census Tract 494; Riverside County; California,3418,06,065,049400
06065049501,Census Tract 495.01; Riverside County; California,4530,06,065,049501
06065049502,Census Tract 495.02; Riverside County; California,3663,06,065,049502
06065049600,Census Tract 496; Riverside County; California,6968,06,065,049600
06065049701,Census Tract 497.01; Riverside County; California,3651,06,065,049701
06065049702,Census Tract 497.02; Riverside County; California,5829,06,065,049702
06065049800,Census Tract 498; Riverside County; California,3754,06,065,049800
06065050301,Census Tract 503.01; Riverside County; California,5966,06,065,050301
06065050302,Census Tract 503.02; Riverside County; California,6395,06,065,050302
06065050401,Census Tract 504.01; Riverside County; California,4964,06,065,050401
06065050402,Census Tract 504.02; Riverside County; California,5250,06,065,050402
06065050501,Census Tract 505.01; Riverside County; California,6168,06,065,050501
06065050502,Census Tract 505.02; Riverside County; California,3502,06,065,050502
06065050503,Census Tract 505.03; Riverside County; California,5425,06,065,050503
06065050600,Census Tract 506; Riverside County; California,8699,06,065,050600
06065050701,Census Tract 507.01; Riverside County; California,8910,06,065,050701
06065050702,Census Tract 507.02; Riverside County; California,4378,06,065,050702
06065050901,Census Tract 509.01; Riverside County; California,1829,06,065,050901
06065050902,Census Tract 509.02; Riverside County; California,2703,06,065,050902
06065051100,Census Tract 511; Riverside County; California,7004,06,065,051100
06065051200,Census Tract 512; Riverside County; California,5109,06,065,051200
06065051301,Census Tract 513.01; Riverside County; California,4954,06,065,051301
06065051302,Census Tract 513.02; Riverside County; California,5877,06,065,051302
06065051401,Census Tract 514.01; Riverside County; California,3521,06,065,051401
06065051402,Census Tract 514.02; Riverside County; California,3058,06,065,051402
06065940100,Census Tract 9401; Riverside County; California,176,06,065,940100
06065940400,Census Tract 9404; Riverside County; California,5912,06,065,940400
06065940500,Census Tract 9405; Riverside County; California,2475,06,065,940500
06065940600,Census Tract 9406; Riverside County; California,4458,06,065,940600
06065940700,Census Tract 9407; Riverside County; California,2802,06,065,940700
06065940800,Census Tract 9408; Riverside County; California,2905,06,065,940800
06065940900,Census Tract 9409; Riverside County; California,2020,06,065,940900
06065941001,Census Tract 9410.01; Riverside County; California,1849,06,065,941001
06065941002,Census Tract 9410.02; Riverside County; California,2185,06,065,941002
06065941100,Census Tract 9411; Riverside County; California,2194,06,065,941100
06065941200,Census Tract 9412; Riverside County; California,2967,06,065,941200
06065941300,Census Tract 9413; Riverside County; California,2745,06,065,941300
06065941400,Census Tract 9414; Riverside County; California,3996,06,065,941400
06065941500,Census Tract 9415; Riverside County; California,4873,06,065,941500
06065980004,Census Tract 9800.04; Riverside County; California,0,06,065,980004
06065981000,Census Tract 9810; Riverside County; California,5704,06,065,981000
06067000100,Census Tract 1; Sacramento County; California,3813,06,067,000100
06067000200,Census Tract 2; Sacramento County; California,3901,06,067,000200
06067000300,Census Tract 3; Sacramento County; California,3429,06,067,000300
06067000400,Census Tract 4; Sacramento County; California,3973,06,067,000400
06067000501,Census Tract 5.01; Sacramento County; California,1837,06,067,000501
06067000502,Census Tract 5.02; Sacramento County; California,1683,06,067,000502
06067000600,Census Tract 6; Sacramento County; California,1525,06,067,000600
06067000700,Census Tract 7; Sacramento County; California,2834,06,067,000700
06067000800,Census Tract 8; Sacramento County; California,1519,06,067,000800
06067001102,Census Tract 11.02; Sacramento County; California,1871,06,067,001102
06067001103,Census Tract 11.03; Sacramento County; California,1441,06,067,001103
06067001201,Census Tract 12.01; Sacramento County; California,2632,06,067,001201
06067001202,Census Tract 12.02; Sacramento County; California,2070,06,067,001202
06067001300,Census Tract 13; Sacramento County; California,3704,06,067,001300
06067001400,Census Tract 14; Sacramento County; California,2737,06,067,001400
06067001500,Census Tract 15; Sacramento County; California,4900,06,067,001500
06067001601,Census Tract 16.01; Sacramento County; California,3199,06,067,001601
06067001602,Census Tract 16.02; Sacramento County; California,2398,06,067,001602
06067001701,Census Tract 17.01; Sacramento County; California,1859,06,067,001701
06067001702,Census Tract 17.02; Sacramento County; California,4007,06,067,001702
06067001800,Census Tract 18; Sacramento County; California,5572,06,067,001800
06067001900,Census Tract 19; Sacramento County; California,3316,06,067,001900
06067002000,Census Tract 20; Sacramento County; California,3039,06,067,002000
06067002100,Census Tract 21; Sacramento County; California,2711,06,067,002100
06067002200,Census Tract 22; Sacramento County; California,4724,06,067,002200
06067002300,Census Tract 23; Sacramento County; California,3306,06,067,002300
06067002400,Census Tract 24; Sacramento County; California,4878,06,067,002400
06067002500,Census Tract 25; Sacramento County; California,2280,06,067,002500
06067002600,Census Tract 26; Sacramento County; California,2778,06,067,002600
06067002700,Census Tract 27; Sacramento County; California,3538,06,067,002700
06067002800,Census Tract 28; Sacramento County; California,3035,06,067,002800
06067002900,Census Tract 29; Sacramento County; California,5155,06,067,002900
06067003001,Census Tract 30.01; Sacramento County; California,2826,06,067,003001
06067003002,Census Tract 30.02; Sacramento County; California,4010,06,067,003002
06067003101,Census Tract 31.01; Sacramento County; California,3560,06,067,003101
06067003102,Census Tract 31.02; Sacramento County; California,3015,06,067,003102
06067003202,Census Tract 32.02; Sacramento County; California,4793,06,067,003202
06067003203,Census Tract 32.03; Sacramento County; California,3028,06,067,003203
06067003204,Census Tract 32.04; Sacramento County; California,6289,06,067,003204
06067003300,Census Tract 33; Sacramento County; California,4773,06,067,003300
06067003400,Census Tract 34; Sacramento County; California,4617,06,067,003400
06067003501,Census Tract 35.01; Sacramento County; California,2530,06,067,003501
06067003502,Census Tract 35.02; Sacramento County; California,2977,06,067,003502
06067003600,Census Tract 36; Sacramento County; California,2485,06,067,003600
06067003700,Census Tract 37; Sacramento County; California,4657,06,067,003700
06067003800,Census Tract 38; Sacramento County; California,5034,06,067,003800
06067003900,Census Tract 39; Sacramento County; California,3806,06,067,003900
06067004005,Census Tract 40.05; Sacramento County; California,4411,06,067,004005
06067004006,Census Tract 40.06; Sacramento County; California,5318,06,067,004006
06067004008,Census Tract 40.08; Sacramento County; California,3285,06,067,004008
06067004011,Census Tract 40.11; Sacramento County; California,3162,06,067,004011
06067004012,Census Tract 40.12; Sacramento County; California,3866,06,067,004012
06067004013,Census Tract 40.13; Sacramento County; California,3693,06,067,004013
06067004014,Census Tract 40.14; Sacramento County; California,2450,06,067,004014
06067004015,Census Tract 40.15; Sacramento County; California,4440,06,067,004015
06067004016,Census Tract 40.16; Sacramento County; California,1899,06,067,004016
06067004017,Census Tract 40.17; Sacramento County; California,2459,06,067,004017
06067004018,Census Tract 40.18; Sacramento County; California,3143,06,067,004018
06067004019,Census Tract 40.19; Sacramento County; California,2973,06,067,004019
06067004020,Census Tract 40.20; Sacramento County; California,2272,06,067,004020
06067004100,Census Tract 41; Sacramento County; California,5765,06,067,004100
06067004201,Census Tract 42.01; Sacramento County; California,5958,06,067,004201
06067004202,Census Tract 42.02; Sacramento County; California,5356,06,067,004202
06067004203,Census Tract 42.03; Sacramento County; California,6249,06,067,004203
06067004301,Census Tract 43.01; Sacramento County; California,5772,06,067,004301
06067004302,Census Tract 43.02; Sacramento County; California,4571,06,067,004302
06067004401,Census Tract 44.01; Sacramento County; California,4067,06,067,004401
06067004402,Census Tract 44.02; Sacramento County; California,3979,06,067,004402
06067004501,Census Tract 45.01; Sacramento County; California,4340,06,067,004501
06067004502,Census Tract 45.02; Sacramento County; California,4993,06,067,004502
06067004602,Census Tract 46.02; Sacramento County; California,5643,06,067,004602
06067004603,Census Tract 46.03; Sacramento County; California,3504,06,067,004603
06067004604,Census Tract 46.04; Sacramento County; California,5215,06,067,004604
06067004701,Census Tract 47.01; Sacramento County; California,3510,06,067,004701
06067004702,Census Tract 47.02; Sacramento County; California,4830,06,067,004702
06067004801,Census Tract 48.01; Sacramento County; California,5963,06,067,004801
06067004802,Census Tract 48.02; Sacramento County; California,5490,06,067,004802
06067004904,Census Tract 49.04; Sacramento County; California,6384,06,067,004904
06067004906,Census Tract 49.06; Sacramento County; California,3506,06,067,004906
06067004907,Census Tract 49.07; Sacramento County; California,2424,06,067,004907
06067004908,Census Tract 49.08; Sacramento County; California,5445,06,067,004908
06067004909,Census Tract 49.09; Sacramento County; California,2638,06,067,004909
06067004910,Census Tract 49.10; Sacramento County; California,4543,06,067,004910
06067005002,Census Tract 50.02; Sacramento County; California,7176,06,067,005002
06067005003,Census Tract 50.03; Sacramento County; California,4309,06,067,005003
06067005004,Census Tract 50.04; Sacramento County; California,4110,06,067,005004
06067005101,Census Tract 51.01; Sacramento County; California,5611,06,067,005101
06067005102,Census Tract 51.02; Sacramento County; California,3784,06,067,005102
06067005201,Census Tract 52.01; Sacramento County; California,3546,06,067,005201
06067005202,Census Tract 52.02; Sacramento County; California,3451,06,067,005202
06067005204,Census Tract 52.04; Sacramento County; California,4852,06,067,005204
06067005205,Census Tract 52.05; Sacramento County; California,3716,06,067,005205
06067005301,Census Tract 53.01; Sacramento County; California,2332,06,067,005301
06067005402,Census Tract 54.02; Sacramento County; California,2799,06,067,005402
06067005403,Census Tract 54.03; Sacramento County; California,2052,06,067,005403
06067005404,Census Tract 54.04; Sacramento County; California,6263,06,067,005404
06067005502,Census Tract 55.02; Sacramento County; California,5497,06,067,005502
06067005505,Census Tract 55.05; Sacramento County; California,5784,06,067,005505
06067005506,Census Tract 55.06; Sacramento County; California,3760,06,067,005506
06067005508,Census Tract 55.08; Sacramento County; California,3991,06,067,005508
06067005509,Census Tract 55.09; Sacramento County; California,1935,06,067,005509
06067005510,Census Tract 55.10; Sacramento County; California,5138,06,067,005510
06067005601,Census Tract 56.01; Sacramento County; California,6122,06,067,005601
06067005605,Census Tract 56.05; Sacramento County; California,3512,06,067,005605
06067005606,Census Tract 56.06; Sacramento County; California,4737,06,067,005606
06067005701,Census Tract 57.01; Sacramento County; California,3949,06,067,005701
06067005702,Census Tract 57.02; Sacramento County; California,4483,06,067,005702
06067005801,Census Tract 58.01; Sacramento County; California,5228,06,067,005801
06067005803,Census Tract 58.03; Sacramento County; California,3673,06,067,005803
06067005804,Census Tract 58.04; Sacramento County; California,2512,06,067,005804
06067005901,Census Tract 59.01; Sacramento County; California,6397,06,067,005901
06067005903,Census Tract 59.03; Sacramento County; California,2611,06,067,005903
06067005904,Census Tract 59.04; Sacramento County; California,5401,06,067,005904
06067006002,Census Tract 60.02; Sacramento County; California,5733,06,067,006002
06067006003,Census Tract 60.03; Sacramento County; California,4909,06,067,006003
06067006004,Census Tract 60.04; Sacramento County; California,2374,06,067,006004
06067006101,Census Tract 61.01; Sacramento County; California,4905,06,067,006101
06067006102,Census Tract 61.02; Sacramento County; California,4047,06,067,006102
06067006202,Census Tract 62.02; Sacramento County; California,4111,06,067,006202
06067006203,Census Tract 62.03; Sacramento County; California,3842,06,067,006203
06067006204,Census Tract 62.04; Sacramento County; California,3467,06,067,006204
06067006300,Census Tract 63; Sacramento County; California,4913,06,067,006300
06067006400,Census Tract 64; Sacramento County; California,5770,06,067,006400
06067006501,Census Tract 65.01; Sacramento County; California,5162,06,067,006501
06067006502,Census Tract 65.02; Sacramento County; California,2418,06,067,006502
06067006600,Census Tract 66; Sacramento County; California,6638,06,067,006600
06067006703,Census Tract 67.03; Sacramento County; California,5363,06,067,006703
06067006704,Census Tract 67.04; Sacramento County; California,3615,06,067,006704
06067006705,Census Tract 67.05; Sacramento County; California,4779,06,067,006705
06067006706,Census Tract 67.06; Sacramento County; California,3615,06,067,006706
06067006801,Census Tract 68.01; Sacramento County; California,1743,06,067,006801
06067006802,Census Tract 68.02; Sacramento County; California,2137,06,067,006802
06067006803,Census Tract 68.03; Sacramento County; California,3515,06,067,006803
06067006901,Census Tract 69.01; Sacramento County; California,2190,06,067,006901
06067006902,Census Tract 69.02; Sacramento County; California,3523,06,067,006902
06067007001,Census Tract 70.01; Sacramento County; California,4680,06,067,007001
06067007007,Census Tract 70.07; Sacramento County; California,5992,06,067,007007
06067007010,Census Tract 70.10; Sacramento County; California,4044,06,067,007010
06067007011,Census Tract 70.11; Sacramento County; California,7301,06,067,007011
06067007012,Census Tract 70.12; Sacramento County; California,3624,06,067,007012
06067007013,Census Tract 70.13; Sacramento County; California,3233,06,067,007013
06067007016,Census Tract 70.16; Sacramento County; California,5580,06,067,007016
06067007017,Census Tract 70.17; Sacramento County; California,3333,06,067,007017
06067007019,Census Tract 70.19; Sacramento County; California,3216,06,067,007019
06067007020,Census Tract 70.20; Sacramento County; California,5708,06,067,007020
06067007021,Census Tract 70.21; Sacramento County; California,5914,06,067,007021
06067007022,Census Tract 70.22; Sacramento County; California,2963,06,067,007022
06067007023,Census Tract 70.23; Sacramento County; California,4711,06,067,007023
06067007024,Census Tract 70.24; Sacramento County; California,1851,06,067,007024
06067007025,Census Tract 70.25; Sacramento County; California,2949,06,067,007025
06067007026,Census Tract 70.26; Sacramento County; California,6023,06,067,007026
06067007027,Census Tract 70.27; Sacramento County; California,2002,06,067,007027
06067007028,Census Tract 70.28; Sacramento County; California,5386,06,067,007028
06067007101,Census Tract 71.01; Sacramento County; California,1355,06,067,007101
06067007103,Census Tract 71.03; Sacramento County; California,4094,06,067,007103
06067007105,Census Tract 71.05; Sacramento County; California,6735,06,067,007105
06067007106,Census Tract 71.06; Sacramento County; California,6813,06,067,007106
06067007107,Census Tract 71.07; Sacramento County; California,3796,06,067,007107
06067007108,Census Tract 71.08; Sacramento County; California,6463,06,067,007108
06067007109,Census Tract 71.09; Sacramento County; California,3671,06,067,007109
06067007110,Census Tract 71.10; Sacramento County; California,4795,06,067,007110
06067007111,Census Tract 71.11; Sacramento County; California,4543,06,067,007111
06067007202,Census Tract 72.02; Sacramento County; California,3830,06,067,007202
06067007204,Census Tract 72.04; Sacramento County; California,6119,06,067,007204
06067007206,Census Tract 72.06; Sacramento County; California,4128,06,067,007206
06067007207,Census Tract 72.07; Sacramento County; California,4674,06,067,007207
06067007208,Census Tract 72.08; Sacramento County; California,4601,06,067,007208
06067007209,Census Tract 72.09; Sacramento County; California,3871,06,067,007209
06067007301,Census Tract 73.01; Sacramento County; California,5450,06,067,007301
06067007402,Census Tract 74.02; Sacramento County; California,7617,06,067,007402
06067007403,Census Tract 74.03; Sacramento County; California,4959,06,067,007403
06067007413,Census Tract 74.13; Sacramento County; California,6363,06,067,007413
06067007414,Census Tract 74.14; Sacramento County; California,4335,06,067,007414
06067007415,Census Tract 74.15; Sacramento County; California,3268,06,067,007415
06067007416,Census Tract 74.16; Sacramento County; California,4154,06,067,007416
06067007417,Census Tract 74.17; Sacramento County; California,3850,06,067,007417
06067007422,Census Tract 74.22; Sacramento County; California,2637,06,067,007422
06067007423,Census Tract 74.23; Sacramento County; California,5974,06,067,007423
06067007424,Census Tract 74.24; Sacramento County; California,3974,06,067,007424
06067007426,Census Tract 74.26; Sacramento County; California,2404,06,067,007426
06067007427,Census Tract 74.27; Sacramento County; California,8313,06,067,007427
06067007428,Census Tract 74.28; Sacramento County; California,3346,06,067,007428
06067007429,Census Tract 74.29; Sacramento County; California,5516,06,067,007429
06067007430,Census Tract 74.30; Sacramento County; California,7776,06,067,007430
06067007431,Census Tract 74.31; Sacramento County; California,3452,06,067,007431
06067007432,Census Tract 74.32; Sacramento County; California,4785,06,067,007432
06067007434,Census Tract 74.34; Sacramento County; California,6455,06,067,007434
06067007435,Census Tract 74.35; Sacramento County; California,3116,06,067,007435
06067007436,Census Tract 74.36; Sacramento County; California,2340,06,067,007436
06067007437,Census Tract 74.37; Sacramento County; California,6012,06,067,007437
06067007438,Census Tract 74.38; Sacramento County; California,3476,06,067,007438
06067007439,Census Tract 74.39; Sacramento County; California,4918,06,067,007439
06067007501,Census Tract 75.01; Sacramento County; California,7444,06,067,007501
06067007503,Census Tract 75.03; Sacramento County; California,5059,06,067,007503
06067007504,Census Tract 75.04; Sacramento County; California,1985,06,067,007504
06067007602,Census Tract 76.02; Sacramento County; California,4972,06,067,007602
06067007603,Census Tract 76.03; Sacramento County; California,2825,06,067,007603
06067007604,Census Tract 76.04; Sacramento County; California,3874,06,067,007604
06067007701,Census Tract 77.01; Sacramento County; California,6895,06,067,007701
06067007702,Census Tract 77.02; Sacramento County; California,4062,06,067,007702
06067007801,Census Tract 78.01; Sacramento County; California,5523,06,067,007801
06067007802,Census Tract 78.02; Sacramento County; California,5126,06,067,007802
06067007903,Census Tract 79.03; Sacramento County; California,4695,06,067,007903
06067007904,Census Tract 79.04; Sacramento County; California,6342,06,067,007904
06067007905,Census Tract 79.05; Sacramento County; California,4575,06,067,007905
06067007906,Census Tract 79.06; Sacramento County; California,3322,06,067,007906
06067008005,Census Tract 80.05; Sacramento County; California,4523,06,067,008005
06067008006,Census Tract 80.06; Sacramento County; California,5022,06,067,008006
06067008007,Census Tract 80.07; Sacramento County; California,3083,06,067,008007
06067008008,Census Tract 80.08; Sacramento County; California,4935,06,067,008008
06067008009,Census Tract 80.09; Sacramento County; California,4454,06,067,008009
06067008010,Census Tract 80.10; Sacramento County; California,6708,06,067,008010
06067008111,Census Tract 81.11; Sacramento County; California,6297,06,067,008111
06067008113,Census Tract 81.13; Sacramento County; California,3720,06,067,008113
06067008117,Census Tract 81.17; Sacramento County; California,2336,06,067,008117
06067008119,Census Tract 81.19; Sacramento County; California,6069,06,067,008119
06067008120,Census Tract 81.20; Sacramento County; California,5468,06,067,008120
06067008122,Census Tract 81.22; Sacramento County; California,3873,06,067,008122
06067008124,Census Tract 81.24; Sacramento County; California,4905,06,067,008124
06067008125,Census Tract 81.25; Sacramento County; California,5520,06,067,008125
06067008127,Census Tract 81.27; Sacramento County; California,4533,06,067,008127
06067008128,Census Tract 81.28; Sacramento County; California,2123,06,067,008128
06067008129,Census Tract 81.29; Sacramento County; California,2715,06,067,008129
06067008130,Census Tract 81.30; Sacramento County; California,4307,06,067,008130
06067008131,Census Tract 81.31; Sacramento County; California,6038,06,067,008131
06067008132,Census Tract 81.32; Sacramento County; California,3855,06,067,008132
06067008133,Census Tract 81.33; Sacramento County; California,2277,06,067,008133
06067008134,Census Tract 81.34; Sacramento County; California,5155,06,067,008134
06067008135,Census Tract 81.35; Sacramento County; California,4567,06,067,008135
06067008136,Census Tract 81.36; Sacramento County; California,3302,06,067,008136
06067008137,Census Tract 81.37; Sacramento County; California,2351,06,067,008137
06067008138,Census Tract 81.38; Sacramento County; California,4581,06,067,008138
06067008139,Census Tract 81.39; Sacramento County; California,3511,06,067,008139
06067008140,Census Tract 81.40; Sacramento County; California,2618,06,067,008140
06067008141,Census Tract 81.41; Sacramento County; California,7895,06,067,008141
06067008142,Census Tract 81.42; Sacramento County; California,3383,06,067,008142
06067008143,Census Tract 81.43; Sacramento County; California,3916,06,067,008143
06067008144,Census Tract 81.44; Sacramento County; California,3276,06,067,008144
06067008145,Census Tract 81.45; Sacramento County; California,7756,06,067,008145
06067008203,Census Tract 82.03; Sacramento County; California,5163,06,067,008203
06067008204,Census Tract 82.04; Sacramento County; California,4784,06,067,008204
06067008206,Census Tract 82.06; Sacramento County; California,5887,06,067,008206
06067008207,Census Tract 82.07; Sacramento County; California,4674,06,067,008207
06067008208,Census Tract 82.08; Sacramento County; California,4283,06,067,008208
06067008209,Census Tract 82.09; Sacramento County; California,4411,06,067,008209
06067008210,Census Tract 82.10; Sacramento County; California,6161,06,067,008210
06067008211,Census Tract 82.11; Sacramento County; California,2835,06,067,008211
06067008402,Census Tract 84.02; Sacramento County; California,6223,06,067,008402
06067008403,Census Tract 84.03; Sacramento County; California,5760,06,067,008403
06067008404,Census Tract 84.04; Sacramento County; California,4399,06,067,008404
06067008501,Census Tract 85.01; Sacramento County; California,7271,06,067,008501
06067008504,Census Tract 85.04; Sacramento County; California,5423,06,067,008504
06067008505,Census Tract 85.05; Sacramento County; California,1882,06,067,008505
06067008506,Census Tract 85.06; Sacramento County; California,2573,06,067,008506
06067008507,Census Tract 85.07; Sacramento County; California,3969,06,067,008507
06067008508,Census Tract 85.08; Sacramento County; California,12300,06,067,008508
06067008509,Census Tract 85.09; Sacramento County; California,4408,06,067,008509
06067008510,Census Tract 85.10; Sacramento County; California,5127,06,067,008510
06067008512,Census Tract 85.12; Sacramento County; California,5241,06,067,008512
06067008513,Census Tract 85.13; Sacramento County; California,4336,06,067,008513
06067008601,Census Tract 86.01; Sacramento County; California,5584,06,067,008601
06067008602,Census Tract 86.02; Sacramento County; California,1832,06,067,008602
06067008702,Census Tract 87.02; Sacramento County; California,3154,06,067,008702
06067008703,Census Tract 87.03; Sacramento County; California,5206,06,067,008703
06067008704,Census Tract 87.04; Sacramento County; California,3552,06,067,008704
06067008706,Census Tract 87.06; Sacramento County; California,2083,06,067,008706
06067008707,Census Tract 87.07; Sacramento County; California,7011,06,067,008707
06067008708,Census Tract 87.08; Sacramento County; California,4569,06,067,008708
06067008802,Census Tract 88.02; Sacramento County; California,2698,06,067,008802
06067008803,Census Tract 88.03; Sacramento County; California,2203,06,067,008803
06067008905,Census Tract 89.05; Sacramento County; California,5155,06,067,008905
06067008907,Census Tract 89.07; Sacramento County; California,5174,06,067,008907
06067008908,Census Tract 89.08; Sacramento County; California,5027,06,067,008908
06067008909,Census Tract 89.09; Sacramento County; California,2217,06,067,008909
06067008910,Census Tract 89.10; Sacramento County; California,3354,06,067,008910
06067008911,Census Tract 89.11; Sacramento County; California,2709,06,067,008911
06067008912,Census Tract 89.12; Sacramento County; California,3202,06,067,008912
06067008913,Census Tract 89.13; Sacramento County; California,4657,06,067,008913
06067009004,Census Tract 90.04; Sacramento County; California,3865,06,067,009004
06067009005,Census Tract 90.05; Sacramento County; California,3551,06,067,009005
06067009006,Census Tract 90.06; Sacramento County; California,5444,06,067,009006
06067009007,Census Tract 90.07; Sacramento County; California,2630,06,067,009007
06067009008,Census Tract 90.08; Sacramento County; California,5251,06,067,009008
06067009010,Census Tract 90.10; Sacramento County; California,6830,06,067,009010
06067009011,Census Tract 90.11; Sacramento County; California,5786,06,067,009011
06067009103,Census Tract 91.03; Sacramento County; California,3286,06,067,009103
06067009105,Census Tract 91.05; Sacramento County; California,3002,06,067,009105
06067009106,Census Tract 91.06; Sacramento County; California,3877,06,067,009106
06067009107,Census Tract 91.07; Sacramento County; California,3924,06,067,009107
06067009108,Census Tract 91.08; Sacramento County; California,3716,06,067,009108
06067009109,Census Tract 91.09; Sacramento County; California,5360,06,067,009109
06067009110,Census Tract 91.10; Sacramento County; California,1911,06,067,009110
06067009111,Census Tract 91.11; Sacramento County; California,5989,06,067,009111
06067009112,Census Tract 91.12; Sacramento County; California,3504,06,067,009112
06067009201,Census Tract 92.01; Sacramento County; California,6824,06,067,009201
06067009307,Census Tract 93.07; Sacramento County; California,5483,06,067,009307
06067009308,Census Tract 93.08; Sacramento County; California,7006,06,067,009308
06067009309,Census Tract 93.09; Sacramento County; California,2388,06,067,009309
06067009310,Census Tract 93.10; Sacramento County; California,6171,06,067,009310
06067009311,Census Tract 93.11; Sacramento County; California,6506,06,067,009311
06067009312,Census Tract 93.12; Sacramento County; California,7657,06,067,009312
06067009314,Census Tract 93.14; Sacramento County; California,6080,06,067,009314
06067009316,Census Tract 93.16; Sacramento County; California,5175,06,067,009316
06067009317,Census Tract 93.17; Sacramento County; California,6891,06,067,009317
06067009318,Census Tract 93.18; Sacramento County; California,2088,06,067,009318
06067009319,Census Tract 93.19; Sacramento County; California,5155,06,067,009319
06067009320,Census Tract 93.20; Sacramento County; California,4113,06,067,009320
06067009321,Census Tract 93.21; Sacramento County; California,5635,06,067,009321
06067009323,Census Tract 93.23; Sacramento County; California,5781,06,067,009323
06067009326,Census Tract 93.26; Sacramento County; California,4253,06,067,009326
06067009328,Census Tract 93.28; Sacramento County; California,6379,06,067,009328
06067009329,Census Tract 93.29; Sacramento County; California,2968,06,067,009329
06067009330,Census Tract 93.30; Sacramento County; California,4980,06,067,009330
06067009331,Census Tract 93.31; Sacramento County; California,7741,06,067,009331
06067009332,Census Tract 93.32; Sacramento County; California,1742,06,067,009332
06067009333,Census Tract 93.33; Sacramento County; California,2603,06,067,009333
06067009334,Census Tract 93.34; Sacramento County; California,5791,06,067,009334
06067009335,Census Tract 93.35; Sacramento County; California,6285,06,067,009335
06067009336,Census Tract 93.36; Sacramento County; California,4306,06,067,009336
06067009403,Census Tract 94.03; Sacramento County; California,2193,06,067,009403
06067009404,Census Tract 94.04; Sacramento County; California,7235,06,067,009404
06067009406,Census Tract 94.06; Sacramento County; California,2452,06,067,009406
06067009408,Census Tract 94.08; Sacramento County; California,1653,06,067,009408
06067009409,Census Tract 94.09; Sacramento County; California,4560,06,067,009409
06067009410,Census Tract 94.10; Sacramento County; California,6610,06,067,009410
06067009501,Census Tract 95.01; Sacramento County; California,2864,06,067,009501
06067009502,Census Tract 95.02; Sacramento County; California,7969,06,067,009502
06067009503,Census Tract 95.03; Sacramento County; California,2760,06,067,009503
06067009504,Census Tract 95.04; Sacramento County; California,3279,06,067,009504
06067009601,Census Tract 96.01; Sacramento County; California,7076,06,067,009601
06067009608,Census Tract 96.08; Sacramento County; California,10617,06,067,009608
06067009609,Census Tract 96.09; Sacramento County; California,5767,06,067,009609
06067009610,Census Tract 96.10; Sacramento County; California,7304,06,067,009610
06067009611,Census Tract 96.11; Sacramento County; California,3899,06,067,009611
06067009612,Census Tract 96.12; Sacramento County; California,5251,06,067,009612
06067009614,Census Tract 96.14; Sacramento County; California,6610,06,067,009614
06067009616,Census Tract 96.16; Sacramento County; California,6544,06,067,009616
06067009617,Census Tract 96.17; Sacramento County; California,3557,06,067,009617
06067009618,Census Tract 96.18; Sacramento County; California,5148,06,067,009618
06067009622,Census Tract 96.22; Sacramento County; California,7759,06,067,009622
06067009632,Census Tract 96.32; Sacramento County; California,6623,06,067,009632
06067009633,Census Tract 96.33; Sacramento County; California,3762,06,067,009633
06067009634,Census Tract 96.34; Sacramento County; California,5195,06,067,009634
06067009635,Census Tract 96.35; Sacramento County; California,5742,06,067,009635
06067009637,Census Tract 96.37; Sacramento County; California,6821,06,067,009637
06067009639,Census Tract 96.39; Sacramento County; California,4245,06,067,009639
06067009640,Census Tract 96.40; Sacramento County; California,4944,06,067,009640
06067009641,Census Tract 96.41; Sacramento County; California,4176,06,067,009641
06067009642,Census Tract 96.42; Sacramento County; California,1739,06,067,009642
06067009643,Census Tract 96.43; Sacramento County; California,6295,06,067,009643
06067009644,Census Tract 96.44; Sacramento County; California,3530,06,067,009644
06067009645,Census Tract 96.45; Sacramento County; California,4254,06,067,009645
06067009646,Census Tract 96.46; Sacramento County; California,3699,06,067,009646
06067009647,Census Tract 96.47; Sacramento County; California,6292,06,067,009647
06067009648,Census Tract 96.48; Sacramento County; California,3935,06,067,009648
06067009649,Census Tract 96.49; Sacramento County; California,5485,06,067,009649
06067009650,Census Tract 96.50; Sacramento County; California,2977,06,067,009650
06067009651,Census Tract 96.51; Sacramento County; California,5493,06,067,009651
06067009652,Census Tract 96.52; Sacramento County; California,6235,06,067,009652
06067009653,Census Tract 96.53; Sacramento County; California,3392,06,067,009653
06067009800,Census Tract 98; Sacramento County; California,2062,06,067,009800
06067009900,Census Tract 99; Sacramento County; California,3808,06,067,009900
06067988300,Census Tract 9883; Sacramento County; California,4432,06,067,988300
06069000100,Census Tract 1; San Benito County; California,5922,06,069,000100
06069000200,Census Tract 2; San Benito County; California,6748,06,069,000200
06069000300,Census Tract 3; San Benito County; California,6491,06,069,000300
06069000400,Census Tract 4; San Benito County; California,6241,06,069,000400
06069000501,Census Tract 5.01; San Benito County; California,5576,06,069,000501
06069000502,Census Tract 5.02; San Benito County; California,7891,06,069,000502
06069000601,Census Tract 6.01; San Benito County; California,5658,06,069,000601
06069000602,Census Tract 6.02; San Benito County; California,4024,06,069,000602
06069000701,Census Tract 7.01; San Benito County; California,4459,06,069,000701
06069000702,Census Tract 7.02; San Benito County; California,6651,06,069,000702
06069000801,Census Tract 8.01; San Benito County; California,3428,06,069,000801
06069000802,Census Tract 8.02; San Benito County; California,4201,06,069,000802
06071000103,Census Tract 1.03; San Bernardino County; California,3983,06,071,000103
06071000104,Census Tract 1.04; San Bernardino County; California,6292,06,071,000104
06071000105,Census Tract 1.05; San Bernardino County; California,5486,06,071,000105
06071000107,Census Tract 1.07; San Bernardino County; California,2765,06,071,000107
06071000108,Census Tract 1.08; San Bernardino County; California,6123,06,071,000108
06071000109,Census Tract 1.09; San Bernardino County; California,7334,06,071,000109
06071000111,Census Tract 1.11; San Bernardino County; California,2865,06,071,000111
06071000115,Census Tract 1.15; San Bernardino County; California,8358,06,071,000115
06071000117,Census Tract 1.17; San Bernardino County; California,6368,06,071,000117
06071000118,Census Tract 1.18; San Bernardino County; California,4731,06,071,000118
06071000119,Census Tract 1.19; San Bernardino County; California,4198,06,071,000119
06071000120,Census Tract 1.20; San Bernardino County; California,8007,06,071,000120
06071000121,Census Tract 1.21; San Bernardino County; California,8244,06,071,000121
06071000122,Census Tract 1.22; San Bernardino County; California,3878,06,071,000122
06071000201,Census Tract 2.01; San Bernardino County; California,5618,06,071,000201
06071000203,Census Tract 2.03; San Bernardino County; California,4317,06,071,000203
06071000205,Census Tract 2.05; San Bernardino County; California,4525,06,071,000205
06071000207,Census Tract 2.07; San Bernardino County; California,4792,06,071,000207
06071000208,Census Tract 2.08; San Bernardino County; California,3832,06,071,000208
06071000304,Census Tract 3.04; San Bernardino County; California,6665,06,071,000304
06071000305,Census Tract 3.05; San Bernardino County; California,5360,06,071,000305
06071000306,Census Tract 3.06; San Bernardino County; California,2877,06,071,000306
06071000307,Census Tract 3.07; San Bernardino County; California,2617,06,071,000307
06071000308,Census Tract 3.08; San Bernardino County; California,3719,06,071,000308
06071000401,Census Tract 4.01; San Bernardino County; California,6460,06,071,000401
06071000403,Census Tract 4.03; San Bernardino County; California,4111,06,071,000403
06071000404,Census Tract 4.04; San Bernardino County; California,5327,06,071,000404
06071000501,Census Tract 5.01; San Bernardino County; California,7247,06,071,000501
06071000503,Census Tract 5.03; San Bernardino County; California,4557,06,071,000503
06071000504,Census Tract 5.04; San Bernardino County; California,4929,06,071,000504
06071000603,Census Tract 6.03; San Bernardino County; California,4908,06,071,000603
06071000604,Census Tract 6.04; San Bernardino County; California,5860,06,071,000604
06071000605,Census Tract 6.05; San Bernardino County; California,4487,06,071,000605
06071000606,Census Tract 6.06; San Bernardino County; California,4058,06,071,000606
06071000804,Census Tract 8.04; San Bernardino County; California,3458,06,071,000804
06071000808,Census Tract 8.08; San Bernardino County; California,5846,06,071,000808
06071000812,Census Tract 8.12; San Bernardino County; California,4520,06,071,000812
06071000813,Census Tract 8.13; San Bernardino County; California,3210,06,071,000813
06071000814,Census Tract 8.14; San Bernardino County; California,3704,06,071,000814
06071000815,Census Tract 8.15; San Bernardino County; California,3508,06,071,000815
06071000816,Census Tract 8.16; San Bernardino County; California,4830,06,071,000816
06071000817,Census Tract 8.17; San Bernardino County; California,3853,06,071,000817
06071000818,Census Tract 8.18; San Bernardino County; California,6087,06,071,000818
06071000819,Census Tract 8.19; San Bernardino County; California,5898,06,071,000819
06071000820,Census Tract 8.20; San Bernardino County; California,3883,06,071,000820
06071000821,Census Tract 8.21; San Bernardino County; California,5258,06,071,000821
06071000823,Census Tract 8.23; San Bernardino County; California,6417,06,071,000823
06071000824,Census Tract 8.24; San Bernardino County; California,5575,06,071,000824
06071000825,Census Tract 8.25; San Bernardino County; California,3714,06,071,000825
06071000826,Census Tract 8.26; San Bernardino County; California,4724,06,071,000826
06071000901,Census Tract 9.01; San Bernardino County; California,5104,06,071,000901
06071000903,Census Tract 9.03; San Bernardino County; California,3501,06,071,000903
06071000904,Census Tract 9.04; San Bernardino County; California,4145,06,071,000904
06071001001,Census Tract 10.01; San Bernardino County; California,5148,06,071,001001
06071001002,Census Tract 10.02; San Bernardino County; California,5521,06,071,001002
06071001101,Census Tract 11.01; San Bernardino County; California,3824,06,071,001101
06071001103,Census Tract 11.03; San Bernardino County; California,3843,06,071,001103
06071001104,Census Tract 11.04; San Bernardino County; California,5637,06,071,001104
06071001200,Census Tract 12; San Bernardino County; California,4650,06,071,001200
06071001305,Census Tract 13.05; San Bernardino County; California,5436,06,071,001305
06071001307,Census Tract 13.07; San Bernardino County; California,3802,06,071,001307
06071001308,Census Tract 13.08; San Bernardino County; California,5092,06,071,001308
06071001309,Census Tract 13.09; San Bernardino County; California,5102,06,071,001309
06071001310,Census Tract 13.10; San Bernardino County; California,5207,06,071,001310
06071001311,Census Tract 13.11; San Bernardino County; California,3974,06,071,001311
06071001312,Census Tract 13.12; San Bernardino County; California,6047,06,071,001312
06071001400,Census Tract 14; San Bernardino County; California,3457,06,071,001400
06071001501,Census Tract 15.01; San Bernardino County; California,3552,06,071,001501
06071001503,Census Tract 15.03; San Bernardino County; California,4059,06,071,001503
06071001504,Census Tract 15.04; San Bernardino County; California,4975,06,071,001504
06071001600,Census Tract 16; San Bernardino County; California,4773,06,071,001600
06071001702,Census Tract 17.02; San Bernardino County; California,6402,06,071,001702
06071001703,Census Tract 17.03; San Bernardino County; California,4763,06,071,001703
06071001704,Census Tract 17.04; San Bernardino County; California,4374,06,071,001704
06071001706,Census Tract 17.06; San Bernardino County; California,5595,06,071,001706
06071001707,Census Tract 17.07; San Bernardino County; California,5747,06,071,001707
06071001803,Census Tract 18.03; San Bernardino County; California,3343,06,071,001803
06071001804,Census Tract 18.04; San Bernardino County; California,5998,06,071,001804
06071001806,Census Tract 18.06; San Bernardino County; California,4550,06,071,001806
06071001808,Census Tract 18.08; San Bernardino County; California,4196,06,071,001808
06071001809,Census Tract 18.09; San Bernardino County; California,4431,06,071,001809
06071001810,Census Tract 18.10; San Bernardino County; California,4644,06,071,001810
06071001812,Census Tract 18.12; San Bernardino County; California,3708,06,071,001812
06071001813,Census Tract 18.13; San Bernardino County; California,4733,06,071,001813
06071001901,Census Tract 19.01; San Bernardino County; California,5063,06,071,001901
06071001906,Census Tract 19.06; San Bernardino County; California,13555,06,071,001906
06071001907,Census Tract 19.07; San Bernardino County; California,16455,06,071,001907
06071001908,Census Tract 19.08; San Bernardino County; California,7556,06,071,001908
06071001909,Census Tract 19.09; San Bernardino County; California,2758,06,071,001909
06071001910,Census Tract 19.10; San Bernardino County; California,1945,06,071,001910
06071001911,Census Tract 19.11; San Bernardino County; California,5884,06,071,001911
06071002011,Census Tract 20.11; San Bernardino County; California,4347,06,071,002011
06071002013,Census Tract 20.13; San Bernardino County; California,3994,06,071,002013
06071002014,Census Tract 20.14; San Bernardino County; California,4348,06,071,002014
06071002015,Census Tract 20.15; San Bernardino County; California,4520,06,071,002015
06071002016,Census Tract 20.16; San Bernardino County; California,3891,06,071,002016
06071002017,Census Tract 20.17; San Bernardino County; California,5688,06,071,002017
06071002018,Census Tract 20.18; San Bernardino County; California,5160,06,071,002018
06071002019,Census Tract 20.19; San Bernardino County; California,4215,06,071,002019
06071002021,Census Tract 20.21; San Bernardino County; California,4655,06,071,002021
06071002023,Census Tract 20.23; San Bernardino County; California,5253,06,071,002023
06071002025,Census Tract 20.25; San Bernardino County; California,5542,06,071,002025
06071002027,Census Tract 20.27; San Bernardino County; California,5574,06,071,002027
06071002028,Census Tract 20.28; San Bernardino County; California,6567,06,071,002028
06071002029,Census Tract 20.29; San Bernardino County; California,5537,06,071,002029
06071002031,Census Tract 20.31; San Bernardino County; California,6734,06,071,002031
06071002035,Census Tract 20.35; San Bernardino County; California,7562,06,071,002035
06071002037,Census Tract 20.37; San Bernardino County; California,7481,06,071,002037
06071002038,Census Tract 20.38; San Bernardino County; California,5043,06,071,002038
06071002039,Census Tract 20.39; San Bernardino County; California,6709,06,071,002039
06071002040,Census Tract 20.40; San Bernardino County; California,5540,06,071,002040
06071002041,Census Tract 20.41; San Bernardino County; California,5341,06,071,002041
06071002042,Census Tract 20.42; San Bernardino County; California,2738,06,071,002042
06071002043,Census Tract 20.43; San Bernardino County; California,6673,06,071,002043
06071002044,Census Tract 20.44; San Bernardino County; California,4220,06,071,002044
06071002045,Census Tract 20.45; San Bernardino County; California,2389,06,071,002045
06071002046,Census Tract 20.46; San Bernardino County; California,6794,06,071,002046
06071002047,Census Tract 20.47; San Bernardino County; California,3459,06,071,002047
06071002048,Census Tract 20.48; San Bernardino County; California,3988,06,071,002048
06071002049,Census Tract 20.49; San Bernardino County; California,3287,06,071,002049
06071002050,Census Tract 20.50; San Bernardino County; California,5532,06,071,002050
06071002051,Census Tract 20.51; San Bernardino County; California,4754,06,071,002051
06071002101,Census Tract 21.01; San Bernardino County; California,4101,06,071,002101
06071002103,Census Tract 21.03; San Bernardino County; California,4659,06,071,002103
06071002105,Census Tract 21.05; San Bernardino County; California,5921,06,071,002105
06071002107,Census Tract 21.07; San Bernardino County; California,5465,06,071,002107
06071002109,Census Tract 21.09; San Bernardino County; California,7840,06,071,002109
06071002111,Census Tract 21.11; San Bernardino County; California,3767,06,071,002111
06071002112,Census Tract 21.12; San Bernardino County; California,4471,06,071,002112
06071002204,Census Tract 22.04; San Bernardino County; California,5863,06,071,002204
06071002206,Census Tract 22.06; San Bernardino County; California,7570,06,071,002206
06071002207,Census Tract 22.07; San Bernardino County; California,5747,06,071,002207
06071002306,Census Tract 23.06; San Bernardino County; California,3638,06,071,002306
06071002307,Census Tract 23.07; San Bernardino County; California,5695,06,071,002307
06071002308,Census Tract 23.08; San Bernardino County; California,10143,06,071,002308
06071002309,Census Tract 23.09; San Bernardino County; California,3562,06,071,002309
06071002310,Census Tract 23.10; San Bernardino County; California,5143,06,071,002310
06071002311,Census Tract 23.11; San Bernardino County; California,6498,06,071,002311
06071002312,Census Tract 23.12; San Bernardino County; California,5305,06,071,002312
06071002313,Census Tract 23.13; San Bernardino County; California,6206,06,071,002313
06071002314,Census Tract 23.14; San Bernardino County; California,6202,06,071,002314
06071002315,Census Tract 23.15; San Bernardino County; California,3649,06,071,002315
06071002403,Census Tract 24.03; San Bernardino County; California,4689,06,071,002403
06071002404,Census Tract 24.04; San Bernardino County; California,3987,06,071,002404
06071002405,Census Tract 24.05; San Bernardino County; California,5546,06,071,002405
06071002406,Census Tract 24.06; San Bernardino County; California,2602,06,071,002406
06071002501,Census Tract 25.01; San Bernardino County; California,5166,06,071,002501
06071002503,Census Tract 25.03; San Bernardino County; California,4552,06,071,002503
06071002504,Census Tract 25.04; San Bernardino County; California,3751,06,071,002504
06071002602,Census Tract 26.02; San Bernardino County; California,7098,06,071,002602
06071002604,Census Tract 26.04; San Bernardino County; California,6259,06,071,002604
06071002606,Census Tract 26.06; San Bernardino County; California,6627,06,071,002606
06071002608,Census Tract 26.08; San Bernardino County; California,6202,06,071,002608
06071002609,Census Tract 26.09; San Bernardino County; California,3108,06,071,002609
06071002610,Census Tract 26.10; San Bernardino County; California,3390,06,071,002610
06071002611,Census Tract 26.11; San Bernardino County; California,4406,06,071,002611
06071002703,Census Tract 27.03; San Bernardino County; California,6098,06,071,002703
06071002705,Census Tract 27.05; San Bernardino County; California,6062,06,071,002705
06071002706,Census Tract 27.06; San Bernardino County; California,14186,06,071,002706
06071002707,Census Tract 27.07; San Bernardino County; California,3273,06,071,002707
06071002708,Census Tract 27.08; San Bernardino County; California,6512,06,071,002708
06071002709,Census Tract 27.09; San Bernardino County; California,7815,06,071,002709
06071002801,Census Tract 28.01; San Bernardino County; California,5035,06,071,002801
06071002803,Census Tract 28.03; San Bernardino County; California,4289,06,071,002803
06071002804,Census Tract 28.04; San Bernardino County; California,6305,06,071,002804
06071002901,Census Tract 29.01; San Bernardino County; California,4730,06,071,002901
06071002902,Census Tract 29.02; San Bernardino County; California,6212,06,071,002902
06071003000,Census Tract 30; San Bernardino County; California,3126,06,071,003000
06071003101,Census Tract 31.01; San Bernardino County; California,4514,06,071,003101
06071003102,Census Tract 31.02; San Bernardino County; California,6345,06,071,003102
06071003201,Census Tract 32.01; San Bernardino County; California,3558,06,071,003201
06071003202,Census Tract 32.02; San Bernardino County; California,4759,06,071,003202
06071003301,Census Tract 33.01; San Bernardino County; California,5112,06,071,003301
06071003302,Census Tract 33.02; San Bernardino County; California,7576,06,071,003302
06071003401,Census Tract 34.01; San Bernardino County; California,6905,06,071,003401
06071003403,Census Tract 34.03; San Bernardino County; California,4444,06,071,003403
06071003404,Census Tract 34.04; San Bernardino County; California,5790,06,071,003404
06071003405,Census Tract 34.05; San Bernardino County; California,5464,06,071,003405
06071003503,Census Tract 35.03; San Bernardino County; California,5286,06,071,003503
06071003505,Census Tract 35.05; San Bernardino County; California,7270,06,071,003505
06071003506,Census Tract 35.06; San Bernardino County; California,5166,06,071,003506
06071003507,Census Tract 35.07; San Bernardino County; California,5187,06,071,003507
06071003509,Census Tract 35.09; San Bernardino County; California,5325,06,071,003509
06071003510,Census Tract 35.10; San Bernardino County; California,4167,06,071,003510
06071003603,Census Tract 36.03; San Bernardino County; California,4518,06,071,003603
06071003605,Census Tract 36.05; San Bernardino County; California,4095,06,071,003605
06071003606,Census Tract 36.06; San Bernardino County; California,5309,06,071,003606
06071003607,Census Tract 36.07; San Bernardino County; California,5734,06,071,003607
06071003609,Census Tract 36.09; San Bernardino County; California,4293,06,071,003609
06071003611,Census Tract 36.11; San Bernardino County; California,4957,06,071,003611
06071003612,Census Tract 36.12; San Bernardino County; California,5121,06,071,003612
06071003700,Census Tract 37; San Bernardino County; California,3624,06,071,003700
06071003801,Census Tract 38.01; San Bernardino County; California,5307,06,071,003801
06071003803,Census Tract 38.03; San Bernardino County; California,4995,06,071,003803
06071003804,Census Tract 38.04; San Bernardino County; California,5306,06,071,003804
06071003900,Census Tract 39; San Bernardino County; California,5242,06,071,003900
06071004001,Census Tract 40.01; San Bernardino County; California,4448,06,071,004001
06071004003,Census Tract 40.03; San Bernardino County; California,5998,06,071,004003
06071004004,Census Tract 40.04; San Bernardino County; California,6307,06,071,004004
06071004101,Census Tract 41.01; San Bernardino County; California,5339,06,071,004101
06071004103,Census Tract 41.03; San Bernardino County; California,6852,06,071,004103
06071004104,Census Tract 41.04; San Bernardino County; California,6261,06,071,004104
06071004201,Census Tract 42.01; San Bernardino County; California,7316,06,071,004201
06071004202,Census Tract 42.02; San Bernardino County; California,5197,06,071,004202
06071004301,Census Tract 43.01; San Bernardino County; California,4546,06,071,004301
06071004302,Census Tract 43.02; San Bernardino County; California,4312,06,071,004302
06071004401,Census Tract 44.01; San Bernardino County; California,4301,06,071,004401
06071004403,Census Tract 44.03; San Bernardino County; California,5251,06,071,004403
06071004404,Census Tract 44.04; San Bernardino County; California,5557,06,071,004404
06071004503,Census Tract 45.03; San Bernardino County; California,4692,06,071,004503
06071004505,Census Tract 45.05; San Bernardino County; California,5338,06,071,004505
06071004507,Census Tract 45.07; San Bernardino County; California,5864,06,071,004507
06071004509,Census Tract 45.09; San Bernardino County; California,4928,06,071,004509
06071004510,Census Tract 45.10; San Bernardino County; California,5271,06,071,004510
06071004511,Census Tract 45.11; San Bernardino County; California,4067,06,071,004511
06071004512,Census Tract 45.12; San Bernardino County; California,4766,06,071,004512
06071004601,Census Tract 46.01; San Bernardino County; California,9192,06,071,004601
06071004603,Census Tract 46.03; San Bernardino County; California,7117,06,071,004603
06071004604,Census Tract 46.04; San Bernardino County; California,5004,06,071,004604
06071004700,Census Tract 47; San Bernardino County; California,6082,06,071,004700
06071004800,Census Tract 48; San Bernardino County; California,3410,06,071,004800
06071004901,Census Tract 49.01; San Bernardino County; California,4199,06,071,004901
06071004902,Census Tract 49.02; San Bernardino County; California,2717,06,071,004902
06071005101,Census Tract 51.01; San Bernardino County; California,4913,06,071,005101
06071005102,Census Tract 51.02; San Bernardino County; California,4135,06,071,005102
06071005200,Census Tract 52; San Bernardino County; California,4346,06,071,005200
06071005300,Census Tract 53; San Bernardino County; California,5246,06,071,005300
06071005400,Census Tract 54; San Bernardino County; California,6529,06,071,005400
06071005501,Census Tract 55.01; San Bernardino County; California,3424,06,071,005501
06071005502,Census Tract 55.02; San Bernardino County; California,5406,06,071,005502
06071005601,Census Tract 56.01; San Bernardino County; California,3891,06,071,005601
06071005602,Census Tract 56.02; San Bernardino County; California,2932,06,071,005602
06071005701,Census Tract 57.01; San Bernardino County; California,2229,06,071,005701
06071005800,Census Tract 58; San Bernardino County; California,3365,06,071,005800
06071006101,Census Tract 61.01; San Bernardino County; California,4330,06,071,006101
06071006102,Census Tract 61.02; San Bernardino County; California,5314,06,071,006102
06071006201,Census Tract 62.01; San Bernardino County; California,4043,06,071,006201
06071006203,Census Tract 62.03; San Bernardino County; California,5555,06,071,006203
06071006204,Census Tract 62.04; San Bernardino County; California,4414,06,071,006204
06071006301,Census Tract 63.01; San Bernardino County; California,4732,06,071,006301
06071006303,Census Tract 63.03; San Bernardino County; California,5169,06,071,006303
06071006304,Census Tract 63.04; San Bernardino County; California,4815,06,071,006304
06071006401,Census Tract 64.01; San Bernardino County; California,3210,06,071,006401
06071006402,Census Tract 64.02; San Bernardino County; California,5525,06,071,006402
06071006501,Census Tract 65.01; San Bernardino County; California,4689,06,071,006501
06071006502,Census Tract 65.02; San Bernardino County; California,3157,06,071,006502
06071006601,Census Tract 66.01; San Bernardino County; California,4576,06,071,006601
06071006603,Census Tract 66.03; San Bernardino County; California,5885,06,071,006603
06071006604,Census Tract 66.04; San Bernardino County; California,4155,06,071,006604
06071006700,Census Tract 67; San Bernardino County; California,4378,06,071,006700
06071007001,Census Tract 70.01; San Bernardino County; California,2996,06,071,007001
06071007002,Census Tract 70.02; San Bernardino County; California,5176,06,071,007002
06071007104,Census Tract 71.04; San Bernardino County; California,3474,06,071,007104
06071007105,Census Tract 71.05; San Bernardino County; California,2933,06,071,007105
06071007106,Census Tract 71.06; San Bernardino County; California,4302,06,071,007106
06071007107,Census Tract 71.07; San Bernardino County; California,2785,06,071,007107
06071007108,Census Tract 71.08; San Bernardino County; California,2406,06,071,007108
06071007110,Census Tract 71.10; San Bernardino County; California,5657,06,071,007110
06071007111,Census Tract 71.11; San Bernardino County; California,3783,06,071,007111
06071007112,Census Tract 71.12; San Bernardino County; California,2977,06,071,007112
06071007201,Census Tract 72.01; San Bernardino County; California,4467,06,071,007201
06071007202,Census Tract 72.02; San Bernardino County; California,2415,06,071,007202
06071007303,Census Tract 73.03; San Bernardino County; California,5399,06,071,007303
06071007305,Census Tract 73.05; San Bernardino County; California,4765,06,071,007305
06071007306,Census Tract 73.06; San Bernardino County; California,6528,06,071,007306
06071007307,Census Tract 73.07; San Bernardino County; California,4634,06,071,007307
06071007308,Census Tract 73.08; San Bernardino County; California,4724,06,071,007308
06071007404,Census Tract 74.04; San Bernardino County; California,5441,06,071,007404
06071007407,Census Tract 74.07; San Bernardino County; California,3043,06,071,007407
06071007408,Census Tract 74.08; San Bernardino County; California,3885,06,071,007408
06071007409,Census Tract 74.09; San Bernardino County; California,6798,06,071,007409
06071007410,Census Tract 74.10; San Bernardino County; California,5792,06,071,007410
06071007411,Census Tract 74.11; San Bernardino County; California,1624,06,071,007411
06071007412,Census Tract 74.12; San Bernardino County; California,5763,06,071,007412
06071007603,Census Tract 76.03; San Bernardino County; California,4671,06,071,007603
06071007604,Census Tract 76.04; San Bernardino County; California,4105,06,071,007604
06071007605,Census Tract 76.05; San Bernardino County; California,4205,06,071,007605
06071007606,Census Tract 76.06; San Bernardino County; California,3335,06,071,007606
06071007800,Census Tract 78; San Bernardino County; California,7528,06,071,007800
06071007903,Census Tract 79.03; San Bernardino County; California,4799,06,071,007903
06071007904,Census Tract 79.04; San Bernardino County; California,7087,06,071,007904
06071007905,Census Tract 79.05; San Bernardino County; California,3918,06,071,007905
06071007906,Census Tract 79.06; San Bernardino County; California,3867,06,071,007906
06071008001,Census Tract 80.01; San Bernardino County; California,9533,06,071,008001
06071008003,Census Tract 80.03; San Bernardino County; California,3477,06,071,008003
06071008004,Census Tract 80.04; San Bernardino County; California,2982,06,071,008004
06071008100,Census Tract 81; San Bernardino County; California,3372,06,071,008100
06071008201,Census Tract 82.01; San Bernardino County; California,3633,06,071,008201
06071008202,Census Tract 82.02; San Bernardino County; California,1864,06,071,008202
06071008301,Census Tract 83.01; San Bernardino County; California,6780,06,071,008301
06071008302,Census Tract 83.02; San Bernardino County; California,2783,06,071,008302
06071008402,Census Tract 84.02; San Bernardino County; California,5737,06,071,008402
06071008403,Census Tract 84.03; San Bernardino County; California,5855,06,071,008403
06071008404,Census Tract 84.04; San Bernardino County; California,3393,06,071,008404
06071008405,Census Tract 84.05; San Bernardino County; California,5161,06,071,008405
06071008406,Census Tract 84.06; San Bernardino County; California,5688,06,071,008406
06071008501,Census Tract 85.01; San Bernardino County; California,3675,06,071,008501
06071008502,Census Tract 85.02; San Bernardino County; California,4514,06,071,008502
06071008601,Census Tract 86.01; San Bernardino County; California,5499,06,071,008601
06071008602,Census Tract 86.02; San Bernardino County; California,4750,06,071,008602
06071008705,Census Tract 87.05; San Bernardino County; California,5356,06,071,008705
06071008708,Census Tract 87.08; San Bernardino County; California,4118,06,071,008708
06071008709,Census Tract 87.09; San Bernardino County; California,4729,06,071,008709
06071008710,Census Tract 87.10; San Bernardino County; California,4715,06,071,008710
06071008711,Census Tract 87.11; San Bernardino County; California,2822,06,071,008711
06071008712,Census Tract 87.12; San Bernardino County; California,4722,06,071,008712
06071008713,Census Tract 87.13; San Bernardino County; California,3658,06,071,008713
06071008714,Census Tract 87.14; San Bernardino County; California,4112,06,071,008714
06071008715,Census Tract 87.15; San Bernardino County; California,7518,06,071,008715
06071008716,Census Tract 87.16; San Bernardino County; California,6223,06,071,008716
06071008800,Census Tract 88; San Bernardino County; California,6707,06,071,008800
06071008901,Census Tract 89.01; San Bernardino County; California,2093,06,071,008901
06071009109,Census Tract 91.09; San Bernardino County; California,7459,06,071,009109
06071009119,Census Tract 91.19; San Bernardino County; California,7067,06,071,009119
06071009120,Census Tract 91.20; San Bernardino County; California,4572,06,071,009120
06071009121,Census Tract 91.21; San Bernardino County; California,2493,06,071,009121
06071009122,Census Tract 91.22; San Bernardino County; California,5961,06,071,009122
06071009123,Census Tract 91.23; San Bernardino County; California,3394,06,071,009123
06071009124,Census Tract 91.24; San Bernardino County; California,4906,06,071,009124
06071009125,Census Tract 91.25; San Bernardino County; California,6106,06,071,009125
06071009126,Census Tract 91.26; San Bernardino County; California,6375,06,071,009126
06071009127,Census Tract 91.27; San Bernardino County; California,8989,06,071,009127
06071009128,Census Tract 91.28; San Bernardino County; California,5162,06,071,009128
06071009129,Census Tract 91.29; San Bernardino County; California,7686,06,071,009129
06071009130,Census Tract 91.30; San Bernardino County; California,3865,06,071,009130
06071009131,Census Tract 91.31; San Bernardino County; California,5973,06,071,009131
06071009132,Census Tract 91.32; San Bernardino County; California,2599,06,071,009132
06071009133,Census Tract 91.33; San Bernardino County; California,8058,06,071,009133
06071009134,Census Tract 91.34; San Bernardino County; California,871,06,071,009134
06071009135,Census Tract 91.35; San Bernardino County; California,5945,06,071,009135
06071009136,Census Tract 91.36; San Bernardino County; California,5565,06,071,009136
06071009137,Census Tract 91.37; San Bernardino County; California,4444,06,071,009137
06071009138,Census Tract 91.38; San Bernardino County; California,6349,06,071,009138
06071009139,Census Tract 91.39; San Bernardino County; California,5773,06,071,009139
06071009201,Census Tract 92.01; San Bernardino County; California,5287,06,071,009201
06071009202,Census Tract 92.02; San Bernardino County; California,1617,06,071,009202
06071009300,Census Tract 93; San Bernardino County; California,1058,06,071,009300
06071009400,Census Tract 94; San Bernardino County; California,4138,06,071,009400
06071009501,Census Tract 95.01; San Bernardino County; California,3453,06,071,009501
06071009502,Census Tract 95.02; San Bernardino County; California,4172,06,071,009502
06071009708,Census Tract 97.08; San Bernardino County; California,5896,06,071,009708
06071009709,Census Tract 97.09; San Bernardino County; California,6714,06,071,009709
06071009712,Census Tract 97.12; San Bernardino County; California,6504,06,071,009712
06071009713,Census Tract 97.13; San Bernardino County; California,6267,06,071,009713
06071009714,Census Tract 97.14; San Bernardino County; California,4179,06,071,009714
06071009717,Census Tract 97.17; San Bernardino County; California,4281,06,071,009717
06071009718,Census Tract 97.18; San Bernardino County; California,3749,06,071,009718
06071009719,Census Tract 97.19; San Bernardino County; California,3050,06,071,009719
06071009720,Census Tract 97.20; San Bernardino County; California,2127,06,071,009720
06071009721,Census Tract 97.21; San Bernardino County; California,5913,06,071,009721
06071009722,Census Tract 97.22; San Bernardino County; California,3676,06,071,009722
06071009723,Census Tract 97.23; San Bernardino County; California,5852,06,071,009723
06071009724,Census Tract 97.24; San Bernardino County; California,4165,06,071,009724
06071009725,Census Tract 97.25; San Bernardino County; California,4889,06,071,009725
06071009726,Census Tract 97.26; San Bernardino County; California,3154,06,071,009726
06071009727,Census Tract 97.27; San Bernardino County; California,4844,06,071,009727
06071009800,Census Tract 98; San Bernardino County; California,4691,06,071,009800
06071009906,Census Tract 99.06; San Bernardino County; California,5697,06,071,009906
06071009908,Census Tract 99.08; San Bernardino County; California,5078,06,071,009908
06071009910,Census Tract 99.10; San Bernardino County; California,4973,06,071,009910
06071009911,Census Tract 99.11; San Bernardino County; California,7510,06,071,009911
06071009912,Census Tract 99.12; San Bernardino County; California,6214,06,071,009912
06071009913,Census Tract 99.13; San Bernardino County; California,5875,06,071,009913
06071009914,Census Tract 99.14; San Bernardino County; California,3051,06,071,009914
06071009915,Census Tract 99.15; San Bernardino County; California,4364,06,071,009915
06071009916,Census Tract 99.16; San Bernardino County; California,5390,06,071,009916
06071009917,Census Tract 99.17; San Bernardino County; California,6418,06,071,009917
06071009918,Census Tract 99.18; San Bernardino County; California,3022,06,071,009918
06071010009,Census Tract 100.09; San Bernardino County; California,5504,06,071,010009
06071010010,Census Tract 100.10; San Bernardino County; California,7097,06,071,010010
06071010011,Census Tract 100.11; San Bernardino County; California,5101,06,071,010011
06071010012,Census Tract 100.12; San Bernardino County; California,4499,06,071,010012
06071010014,Census Tract 100.14; San Bernardino County; California,5487,06,071,010014
06071010015,Census Tract 100.15; San Bernardino County; California,5725,06,071,010015
06071010016,Census Tract 100.16; San Bernardino County; California,7034,06,071,010016
06071010019,Census Tract 100.19; San Bernardino County; California,5839,06,071,010019
06071010021,Census Tract 100.21; San Bernardino County; California,8302,06,071,010021
06071010022,Census Tract 100.22; San Bernardino County; California,4674,06,071,010022
06071010023,Census Tract 100.23; San Bernardino County; California,6696,06,071,010023
06071010024,Census Tract 100.24; San Bernardino County; California,5337,06,071,010024
06071010027,Census Tract 100.27; San Bernardino County; California,4792,06,071,010027
06071010028,Census Tract 100.28; San Bernardino County; California,6001,06,071,010028
06071010029,Census Tract 100.29; San Bernardino County; California,3826,06,071,010029
06071010030,Census Tract 100.30; San Bernardino County; California,3149,06,071,010030
06071010031,Census Tract 100.31; San Bernardino County; California,4942,06,071,010031
06071010032,Census Tract 100.32; San Bernardino County; California,6436,06,071,010032
06071010033,Census Tract 100.33; San Bernardino County; California,1879,06,071,010033
06071010034,Census Tract 100.34; San Bernardino County; California,5217,06,071,010034
06071010035,Census Tract 100.35; San Bernardino County; California,3901,06,071,010035
06071010036,Census Tract 100.36; San Bernardino County; California,5096,06,071,010036
06071010037,Census Tract 100.37; San Bernardino County; California,6543,06,071,010037
06071010038,Census Tract 100.38; San Bernardino County; California,5372,06,071,010038
06071010039,Census Tract 100.39; San Bernardino County; California,3152,06,071,010039
06071010040,Census Tract 100.40; San Bernardino County; California,1539,06,071,010040
06071010041,Census Tract 100.41; San Bernardino County; California,5480,06,071,010041
06071010042,Census Tract 100.42; San Bernardino County; California,4251,06,071,010042
06071010300,Census Tract 103; San Bernardino County; California,2854,06,071,010300
06071010402,Census Tract 104.02; San Bernardino County; California,11067,06,071,010402
06071010410,Census Tract 104.10; San Bernardino County; California,2909,06,071,010410
06071010413,Census Tract 104.13; San Bernardino County; California,6695,06,071,010413
06071010415,Census Tract 104.15; San Bernardino County; California,5139,06,071,010415
06071010417,Census Tract 104.17; San Bernardino County; California,4038,06,071,010417
06071010419,Census Tract 104.19; San Bernardino County; California,3388,06,071,010419
06071010420,Census Tract 104.20; San Bernardino County; California,3829,06,071,010420
06071010422,Census Tract 104.22; San Bernardino County; California,1853,06,071,010422
06071010424,Census Tract 104.24; San Bernardino County; California,1579,06,071,010424
06071010425,Census Tract 104.25; San Bernardino County; California,770,06,071,010425
06071010426,Census Tract 104.26; San Bernardino County; California,2318,06,071,010426
06071010427,Census Tract 104.27; San Bernardino County; California,2637,06,071,010427
06071010428,Census Tract 104.28; San Bernardino County; California,3843,06,071,010428
06071010429,Census Tract 104.29; San Bernardino County; California,4481,06,071,010429
06071010430,Census Tract 104.30; San Bernardino County; California,3727,06,071,010430
06071010431,Census Tract 104.31; San Bernardino County; California,1823,06,071,010431
06071010432,Census Tract 104.32; San Bernardino County; California,1843,06,071,010432
06071010433,Census Tract 104.33; San Bernardino County; California,4634,06,071,010433
06071010434,Census Tract 104.34; San Bernardino County; California,1427,06,071,010434
06071010435,Census Tract 104.35; San Bernardino County; California,1912,06,071,010435
06071010436,Census Tract 104.36; San Bernardino County; California,1056,06,071,010436
06071010700,Census Tract 107; San Bernardino County; California,3621,06,071,010700
06071010803,Census Tract 108.03; San Bernardino County; California,3195,06,071,010803
06071010804,Census Tract 108.04; San Bernardino County; California,1972,06,071,010804
06071010805,Census Tract 108.05; San Bernardino County; California,2901,06,071,010805
06071010806,Census Tract 108.06; San Bernardino County; California,2668,06,071,010806
06071010903,Census Tract 109.03; San Bernardino County; California,2185,06,071,010903
06071010904,Census Tract 109.04; San Bernardino County; California,2324,06,071,010904
06071010905,Census Tract 109.05; San Bernardino County; California,2041,06,071,010905
06071010906,Census Tract 109.06; San Bernardino County; California,821,06,071,010906
06071011002,Census Tract 110.02; San Bernardino County; California,1479,06,071,011002
06071011003,Census Tract 110.03; San Bernardino County; California,1660,06,071,011003
06071011004,Census Tract 110.04; San Bernardino County; California,976,06,071,011004
06071011101,Census Tract 111.01; San Bernardino County; California,3954,06,071,011101
06071011102,Census Tract 111.02; San Bernardino County; California,2023,06,071,011102
06071011203,Census Tract 112.03; San Bernardino County; California,1307,06,071,011203
06071011204,Census Tract 112.04; San Bernardino County; California,1123,06,071,011204
06071011205,Census Tract 112.05; San Bernardino County; California,1609,06,071,011205
06071011206,Census Tract 112.06; San Bernardino County; California,895,06,071,011206
06071011300,Census Tract 113; San Bernardino County; California,1123,06,071,011300
06071011404,Census Tract 114.04; San Bernardino County; California,3213,06,071,011404
06071011405,Census Tract 114.05; San Bernardino County; California,1733,06,071,011405
06071011406,Census Tract 114.06; San Bernardino County; California,2317,06,071,011406
06071011407,Census Tract 114.07; San Bernardino County; California,1897,06,071,011407
06071011408,Census Tract 114.08; San Bernardino County; California,1569,06,071,011408
06071011500,Census Tract 115; San Bernardino County; California,2177,06,071,011500
06071011601,Census Tract 116.01; San Bernardino County; California,6977,06,071,011601
06071011602,Census Tract 116.02; San Bernardino County; California,2906,06,071,011602
06071011700,Census Tract 117; San Bernardino County; California,1583,06,071,011700
06071011801,Census Tract 118.01; San Bernardino County; California,4414,06,071,011801
06071011802,Census Tract 118.02; San Bernardino County; California,3213,06,071,011802
06071011900,Census Tract 119; San Bernardino County; California,2371,06,071,011900
06071012001,Census Tract 120.01; San Bernardino County; California,6401,06,071,012001
06071012002,Census Tract 120.02; San Bernardino County; California,5361,06,071,012002
06071012101,Census Tract 121.01; San Bernardino County; California,7399,06,071,012101
06071012103,Census Tract 121.03; San Bernardino County; California,3539,06,071,012103
06071012105,Census Tract 121.05; San Bernardino County; California,2760,06,071,012105
06071012106,Census Tract 121.06; San Bernardino County; California,2452,06,071,012106
06071012201,Census Tract 122.01; San Bernardino County; California,7408,06,071,012201
06071012202,Census Tract 122.02; San Bernardino County; California,2987,06,071,012202
06071012300,Census Tract 123; San Bernardino County; California,2575,06,071,012300
06071012400,Census Tract 124; San Bernardino County; California,2732,06,071,012400
06071012500,Census Tract 125; San Bernardino County; California,4804,06,071,012500
06071012700,Census Tract 127; San Bernardino County; California,4235,06,071,012700
06071025000,Census Tract 250; San Bernardino County; California,8445,06,071,025000
06071025100,Census Tract 251; San Bernardino County; California,1910,06,071,025100
06071940100,Census Tract 9401; San Bernardino County; California,1359,06,071,940100
06071980100,Census Tract 9801; San Bernardino County; California,3,06,071,980100
06071980200,Census Tract 9802; San Bernardino County; California,4161,06,071,980200
06073000100,Census Tract 1; San Diego County; California,2948,06,073,000100
06073000201,Census Tract 2.01; San Diego County; California,2270,06,073,000201
06073000202,Census Tract 2.02; San Diego County; California,3755,06,073,000202
06073000301,Census Tract 3.01; San Diego County; California,2311,06,073,000301
06073000302,Census Tract 3.02; San Diego County; California,2873,06,073,000302
06073000400,Census Tract 4; San Diego County; California,4315,06,073,000400
06073000500,Census Tract 5; San Diego County; California,2983,06,073,000500
06073000600,Census Tract 6; San Diego County; California,3221,06,073,000600
06073000700,Census Tract 7; San Diego County; California,4341,06,073,000700
06073000800,Census Tract 8; San Diego County; California,5283,06,073,000800
06073000901,Census Tract 9.01; San Diego County; California,3632,06,073,000901
06073000902,Census Tract 9.02; San Diego County; California,2441,06,073,000902
06073001000,Census Tract 10; San Diego County; California,4978,06,073,001000
06073001100,Census Tract 11; San Diego County; California,3068,06,073,001100
06073001201,Census Tract 12.01; San Diego County; California,1982,06,073,001201
06073001202,Census Tract 12.02; San Diego County; California,3054,06,073,001202
06073001301,Census Tract 13.01; San Diego County; California,2816,06,073,001301
06073001302,Census Tract 13.02; San Diego County; California,3238,06,073,001302
06073001400,Census Tract 14; San Diego County; California,3285,06,073,001400
06073001500,Census Tract 15; San Diego County; California,3961,06,073,001500
06073001600,Census Tract 16; San Diego County; California,6014,06,073,001600
06073001700,Census Tract 17; San Diego County; California,4867,06,073,001700
06073001801,Census Tract 18.01; San Diego County; California,1982,06,073,001801
06073001802,Census Tract 18.02; San Diego County; California,3501,06,073,001802
06073001900,Census Tract 19; San Diego County; California,3160,06,073,001900
06073002001,Census Tract 20.01; San Diego County; California,3570,06,073,002001
06073002002,Census Tract 20.02; San Diego County; California,2733,06,073,002002
06073002100,Census Tract 21; San Diego County; California,5333,06,073,002100
06073002201,Census Tract 22.01; San Diego County; California,3170,06,073,002201
06073002202,Census Tract 22.02; San Diego County; California,4604,06,073,002202
06073002301,Census Tract 23.01; San Diego County; California,3247,06,073,002301
06073002302,Census Tract 23.02; San Diego County; California,6030,06,073,002302
06073002401,Census Tract 24.01; San Diego County; California,4295,06,073,002401
06073002402,Census Tract 24.02; San Diego County; California,4665,06,073,002402
06073002501,Census Tract 25.01; San Diego County; California,5046,06,073,002501
06073002502,Census Tract 25.02; San Diego County; California,7231,06,073,002502
06073002601,Census Tract 26.01; San Diego County; California,6025,06,073,002601
06073002602,Census Tract 26.02; San Diego County; California,4624,06,073,002602
06073002702,Census Tract 27.02; San Diego County; California,5592,06,073,002702
06073002703,Census Tract 27.03; San Diego County; California,7111,06,073,002703
06073002705,Census Tract 27.05; San Diego County; California,4868,06,073,002705
06073002707,Census Tract 27.07; San Diego County; California,5333,06,073,002707
06073002708,Census Tract 27.08; San Diego County; California,4839,06,073,002708
06073002709,Census Tract 27.09; San Diego County; California,3987,06,073,002709
06073002710,Census Tract 27.10; San Diego County; California,4426,06,073,002710
06073002711,Census Tract 27.11; San Diego County; California,3645,06,073,002711
06073002712,Census Tract 27.12; San Diego County; California,5309,06,073,002712
06073002801,Census Tract 28.01; San Diego County; California,5239,06,073,002801
06073002803,Census Tract 28.03; San Diego County; California,5457,06,073,002803
06073002804,Census Tract 28.04; San Diego County; California,6071,06,073,002804
06073002902,Census Tract 29.02; San Diego County; California,6007,06,073,002902
06073002903,Census Tract 29.03; San Diego County; California,4517,06,073,002903
06073002904,Census Tract 29.04; San Diego County; California,9700,06,073,002904
06073002905,Census Tract 29.05; San Diego County; California,4818,06,073,002905
06073003001,Census Tract 30.01; San Diego County; California,4537,06,073,003001
06073003003,Census Tract 30.03; San Diego County; California,4845,06,073,003003
06073003004,Census Tract 30.04; San Diego County; California,5395,06,073,003004
06073003101,Census Tract 31.01; San Diego County; California,4120,06,073,003101
06073003103,Census Tract 31.03; San Diego County; California,6442,06,073,003103
06073003105,Census Tract 31.05; San Diego County; California,4870,06,073,003105
06073003107,Census Tract 31.07; San Diego County; California,5527,06,073,003107
06073003108,Census Tract 31.08; San Diego County; California,3447,06,073,003108
06073003109,Census Tract 31.09; San Diego County; California,3256,06,073,003109
06073003111,Census Tract 31.11; San Diego County; California,6194,06,073,003111
06073003112,Census Tract 31.12; San Diego County; California,4261,06,073,003112
06073003113,Census Tract 31.13; San Diego County; California,4701,06,073,003113
06073003114,Census Tract 31.14; San Diego County; California,3195,06,073,003114
06073003115,Census Tract 31.15; San Diego County; California,5897,06,073,003115
06073003201,Census Tract 32.01; San Diego County; California,5335,06,073,003201
06073003202,Census Tract 32.02; San Diego County; California,5005,06,073,003202
06073003204,Census Tract 32.04; San Diego County; California,3692,06,073,003204
06073003207,Census Tract 32.07; San Diego County; California,6052,06,073,003207
06073003208,Census Tract 32.08; San Diego County; California,6664,06,073,003208
06073003209,Census Tract 32.09; San Diego County; California,5436,06,073,003209
06073003211,Census Tract 32.11; San Diego County; California,3094,06,073,003211
06073003212,Census Tract 32.12; San Diego County; California,3748,06,073,003212
06073003213,Census Tract 32.13; San Diego County; California,3984,06,073,003213
06073003214,Census Tract 32.14; San Diego County; California,4398,06,073,003214
06073003301,Census Tract 33.01; San Diego County; California,3548,06,073,003301
06073003303,Census Tract 33.03; San Diego County; California,4406,06,073,003303
06073003304,Census Tract 33.04; San Diego County; California,3319,06,073,003304
06073003305,Census Tract 33.05; San Diego County; California,6200,06,073,003305
06073003401,Census Tract 34.01; San Diego County; California,6109,06,073,003401
06073003403,Census Tract 34.03; San Diego County; California,3416,06,073,003403
06073003404,Census Tract 34.04; San Diego County; California,4586,06,073,003404
06073003501,Census Tract 35.01; San Diego County; California,3447,06,073,003501
06073003502,Census Tract 35.02; San Diego County; California,4637,06,073,003502
06073003601,Census Tract 36.01; San Diego County; California,3151,06,073,003601
06073003602,Census Tract 36.02; San Diego County; California,3383,06,073,003602
06073003603,Census Tract 36.03; San Diego County; California,3281,06,073,003603
06073003800,Census Tract 38; San Diego County; California,4573,06,073,003800
06073003901,Census Tract 39.01; San Diego County; California,4213,06,073,003901
06073003902,Census Tract 39.02; San Diego County; California,3786,06,073,003902
06073004000,Census Tract 40; San Diego County; California,4253,06,073,004000
06073004101,Census Tract 41.01; San Diego County; California,4155,06,073,004101
06073004102,Census Tract 41.02; San Diego County; California,2103,06,073,004102
06073004200,Census Tract 42; San Diego County; California,5678,06,073,004200
06073004300,Census Tract 43; San Diego County; California,4181,06,073,004300
06073004400,Census Tract 44; San Diego County; California,4033,06,073,004400
06073004501,Census Tract 45.01; San Diego County; California,2631,06,073,004501
06073004600,Census Tract 46; San Diego County; California,2046,06,073,004600
06073004700,Census Tract 47; San Diego County; California,1538,06,073,004700
06073004800,Census Tract 48; San Diego County; California,3272,06,073,004800
06073004900,Census Tract 49; San Diego County; California,5366,06,073,004900
06073005000,Census Tract 50; San Diego County; California,1919,06,073,005000
06073005101,Census Tract 51.01; San Diego County; California,3953,06,073,005101
06073005102,Census Tract 51.02; San Diego County; California,5116,06,073,005102
06073005103,Census Tract 51.03; San Diego County; California,2980,06,073,005103
06073005201,Census Tract 52.01; San Diego County; California,3503,06,073,005201
06073005202,Census Tract 52.02; San Diego County; California,5665,06,073,005202
06073005301,Census Tract 53.01; San Diego County; California,3849,06,073,005301
06073005302,Census Tract 53.02; San Diego County; California,4426,06,073,005302
06073005401,Census Tract 54.01; San Diego County; California,1859,06,073,005401
06073005402,Census Tract 54.02; San Diego County; California,4577,06,073,005402
06073005403,Census Tract 54.03; San Diego County; California,2415,06,073,005403
06073005500,Census Tract 55; San Diego County; California,290,06,073,005500
06073005601,Census Tract 56.01; San Diego County; California,2883,06,073,005601
06073005602,Census Tract 56.02; San Diego County; California,2096,06,073,005602
06073005700,Census Tract 57; San Diego County; California,2451,06,073,005700
06073005801,Census Tract 58.01; San Diego County; California,1913,06,073,005801
06073005802,Census Tract 58.02; San Diego County; California,2948,06,073,005802
06073005900,Census Tract 59; San Diego County; California,3194,06,073,005900
06073006000,Census Tract 60; San Diego County; California,4964,06,073,006000
06073006100,Census Tract 61; San Diego County; California,2115,06,073,006100
06073006200,Census Tract 62; San Diego County; California,28,06,073,006200
06073006300,Census Tract 63; San Diego County; California,2038,06,073,006300
06073006500,Census Tract 65; San Diego County; California,3645,06,073,006500
06073006600,Census Tract 66; San Diego County; California,2032,06,073,006600
06073006801,Census Tract 68.01; San Diego County; California,3205,06,073,006801
06073006802,Census Tract 68.02; San Diego County; California,5531,06,073,006802
06073006900,Census Tract 69; San Diego County; California,6093,06,073,006900
06073007002,Census Tract 70.02; San Diego County; California,3025,06,073,007002
06073007100,Census Tract 71; San Diego County; California,4163,06,073,007100
06073007200,Census Tract 72; San Diego County; California,5779,06,073,007200
06073007302,Census Tract 73.02; San Diego County; California,2610,06,073,007302
06073007303,Census Tract 73.03; San Diego County; California,1592,06,073,007303
06073007304,Census Tract 73.04; San Diego County; California,3774,06,073,007304
06073007401,Census Tract 74.01; San Diego County; California,2808,06,073,007401
06073007402,Census Tract 74.02; San Diego County; California,3835,06,073,007402
06073007501,Census Tract 75.01; San Diego County; California,3944,06,073,007501
06073007502,Census Tract 75.02; San Diego County; California,2952,06,073,007502
06073007601,Census Tract 76.01; San Diego County; California,1756,06,073,007601
06073007602,Census Tract 76.02; San Diego County; California,1774,06,073,007602
06073007701,Census Tract 77.01; San Diego County; California,3948,06,073,007701
06073007702,Census Tract 77.02; San Diego County; California,3368,06,073,007702
06073007800,Census Tract 78; San Diego County; California,5853,06,073,007800
06073007905,Census Tract 79.05; San Diego County; California,2674,06,073,007905
06073007907,Census Tract 79.07; San Diego County; California,3085,06,073,007907
06073007908,Census Tract 79.08; San Diego County; California,3215,06,073,007908
06073007910,Census Tract 79.10; San Diego County; California,3021,06,073,007910
06073007911,Census Tract 79.11; San Diego County; California,2480,06,073,007911
06073007912,Census Tract 79.12; San Diego County; California,1738,06,073,007912
06073008002,Census Tract 80.02; San Diego County; California,2689,06,073,008002
06073008003,Census Tract 80.03; San Diego County; California,3540,06,073,008003
06073008006,Census Tract 80.06; San Diego County; California,3870,06,073,008006
06073008101,Census Tract 81.01; San Diego County; California,3511,06,073,008101
06073008102,Census Tract 81.02; San Diego County; California,3591,06,073,008102
06073008201,Census Tract 82.01; San Diego County; California,1986,06,073,008201
06073008202,Census Tract 82.02; San Diego County; California,1203,06,073,008202
06073008301,Census Tract 83.01; San Diego County; California,3190,06,073,008301
06073008303,Census Tract 83.03; San Diego County; California,3055,06,073,008303
06073008305,Census Tract 83.05; San Diego County; California,11134,06,073,008305
06073008306,Census Tract 83.06; San Diego County; California,2711,06,073,008306
06073008307,Census Tract 83.07; San Diego County; California,4355,06,073,008307
06073008310,Census Tract 83.10; San Diego County; California,6538,06,073,008310
06073008311,Census Tract 83.11; San Diego County; California,2739,06,073,008311
06073008312,Census Tract 83.12; San Diego County; California,4147,06,073,008312
06073008313,Census Tract 83.13; San Diego County; California,2195,06,073,008313
06073008324,Census Tract 83.24; San Diego County; California,7023,06,073,008324
06073008327,Census Tract 83.27; San Diego County; California,6039,06,073,008327
06073008328,Census Tract 83.28; San Diego County; California,7814,06,073,008328
06073008330,Census Tract 83.30; San Diego County; California,5321,06,073,008330
06073008331,Census Tract 83.31; San Diego County; California,2648,06,073,008331
06073008336,Census Tract 83.36; San Diego County; California,2047,06,073,008336
06073008337,Census Tract 83.37; San Diego County; California,4939,06,073,008337
06073008339,Census Tract 83.39; San Diego County; California,1824,06,073,008339
06073008343,Census Tract 83.43; San Diego County; California,4086,06,073,008343
06073008344,Census Tract 83.44; San Diego County; California,3350,06,073,008344
06073008345,Census Tract 83.45; San Diego County; California,4138,06,073,008345
06073008346,Census Tract 83.46; San Diego County; California,4307,06,073,008346
06073008347,Census Tract 83.47; San Diego County; California,6604,06,073,008347
06073008348,Census Tract 83.48; San Diego County; California,5110,06,073,008348
06073008349,Census Tract 83.49; San Diego County; California,3539,06,073,008349
06073008350,Census Tract 83.50; San Diego County; California,6722,06,073,008350
06073008351,Census Tract 83.51; San Diego County; California,5122,06,073,008351
06073008352,Census Tract 83.52; San Diego County; California,3738,06,073,008352
06073008353,Census Tract 83.53; San Diego County; California,4372,06,073,008353
06073008355,Census Tract 83.55; San Diego County; California,3065,06,073,008355
06073008356,Census Tract 83.56; San Diego County; California,3976,06,073,008356
06073008357,Census Tract 83.57; San Diego County; California,4619,06,073,008357
06073008358,Census Tract 83.58; San Diego County; California,5836,06,073,008358
06073008359,Census Tract 83.59; San Diego County; California,4324,06,073,008359
06073008360,Census Tract 83.60; San Diego County; California,6592,06,073,008360
06073008361,Census Tract 83.61; San Diego County; California,2798,06,073,008361
06073008362,Census Tract 83.62; San Diego County; California,3320,06,073,008362
06073008363,Census Tract 83.63; San Diego County; California,5631,06,073,008363
06073008364,Census Tract 83.64; San Diego County; California,4440,06,073,008364
06073008365,Census Tract 83.65; San Diego County; California,2573,06,073,008365
06073008366,Census Tract 83.66; San Diego County; California,7106,06,073,008366
06073008367,Census Tract 83.67; San Diego County; California,3394,06,073,008367
06073008368,Census Tract 83.68; San Diego County; California,6134,06,073,008368
06073008369,Census Tract 83.69; San Diego County; California,4624,06,073,008369
06073008370,Census Tract 83.70; San Diego County; California,3757,06,073,008370
06073008371,Census Tract 83.71; San Diego County; California,4288,06,073,008371
06073008372,Census Tract 83.72; San Diego County; California,3819,06,073,008372
06073008373,Census Tract 83.73; San Diego County; California,3323,06,073,008373
06073008374,Census Tract 83.74; San Diego County; California,3952,06,073,008374
06073008375,Census Tract 83.75; San Diego County; California,4317,06,073,008375
06073008376,Census Tract 83.76; San Diego County; California,6332,06,073,008376
06073008377,Census Tract 83.77; San Diego County; California,2008,06,073,008377
06073008378,Census Tract 83.78; San Diego County; California,843,06,073,008378
06073008379,Census Tract 83.79; San Diego County; California,4043,06,073,008379
06073008380,Census Tract 83.80; San Diego County; California,6664,06,073,008380
06073008381,Census Tract 83.81; San Diego County; California,3255,06,073,008381
06073008501,Census Tract 85.01; San Diego County; California,5923,06,073,008501
06073008502,Census Tract 85.02; San Diego County; California,6507,06,073,008502
06073008503,Census Tract 85.03; San Diego County; California,7840,06,073,008503
06073008504,Census Tract 85.04; San Diego County; California,5774,06,073,008504
06073008505,Census Tract 85.05; San Diego County; California,5419,06,073,008505
06073008506,Census Tract 85.06; San Diego County; California,4027,06,073,008506
06073008507,Census Tract 85.07; San Diego County; California,6606,06,073,008507
06073008509,Census Tract 85.09; San Diego County; California,6558,06,073,008509
06073008510,Census Tract 85.10; San Diego County; California,5814,06,073,008510
06073008511,Census Tract 85.11; San Diego County; California,5607,06,073,008511
06073008512,Census Tract 85.12; San Diego County; California,4137,06,073,008512
06073008513,Census Tract 85.13; San Diego County; California,2946,06,073,008513
06073008600,Census Tract 86; San Diego County; California,6204,06,073,008600
06073008701,Census Tract 87.01; San Diego County; California,3169,06,073,008701
06073008702,Census Tract 87.02; San Diego County; California,4980,06,073,008702
06073008800,Census Tract 88; San Diego County; California,6061,06,073,008800
06073008901,Census Tract 89.01; San Diego County; California,5576,06,073,008901
06073008902,Census Tract 89.02; San Diego County; California,3973,06,073,008902
06073009000,Census Tract 90; San Diego County; California,3778,06,073,009000
06073009101,Census Tract 91.01; San Diego County; California,5425,06,073,009101
06073009102,Census Tract 91.02; San Diego County; California,4204,06,073,009102
06073009103,Census Tract 91.03; San Diego County; California,4011,06,073,009103
06073009104,Census Tract 91.04; San Diego County; California,3064,06,073,009104
06073009107,Census Tract 91.07; San Diego County; California,5266,06,073,009107
06073009108,Census Tract 91.08; San Diego County; California,2133,06,073,009108
06073009109,Census Tract 91.09; San Diego County; California,3281,06,073,009109
06073009201,Census Tract 92.01; San Diego County; California,6288,06,073,009201
06073009203,Census Tract 92.03; San Diego County; California,4554,06,073,009203
06073009204,Census Tract 92.04; San Diego County; California,4129,06,073,009204
06073009301,Census Tract 93.01; San Diego County; California,5084,06,073,009301
06073009305,Census Tract 93.05; San Diego County; California,6104,06,073,009305
06073009306,Census Tract 93.06; San Diego County; California,5589,06,073,009306
06073009307,Census Tract 93.07; San Diego County; California,4846,06,073,009307
06073009308,Census Tract 93.08; San Diego County; California,4200,06,073,009308
06073009400,Census Tract 94; San Diego County; California,4394,06,073,009400
06073009502,Census Tract 95.02; San Diego County; California,3918,06,073,009502
06073009504,Census Tract 95.04; San Diego County; California,6428,06,073,009504
06073009505,Census Tract 95.05; San Diego County; California,6286,06,073,009505
06073009506,Census Tract 95.06; San Diego County; California,4366,06,073,009506
06073009507,Census Tract 95.07; San Diego County; California,4056,06,073,009507
06073009509,Census Tract 95.09; San Diego County; California,5731,06,073,009509
06073009510,Census Tract 95.10; San Diego County; California,4109,06,073,009510
06073009511,Census Tract 95.11; San Diego County; California,4222,06,073,009511
06073009602,Census Tract 96.02; San Diego County; California,4016,06,073,009602
06073009603,Census Tract 96.03; San Diego County; California,6548,06,073,009603
06073009604,Census Tract 96.04; San Diego County; California,3532,06,073,009604
06073009703,Census Tract 97.03; San Diego County; California,3565,06,073,009703
06073009704,Census Tract 97.04; San Diego County; California,6731,06,073,009704
06073009705,Census Tract 97.05; San Diego County; California,3868,06,073,009705
06073009706,Census Tract 97.06; San Diego County; California,7127,06,073,009706
06073009801,Census Tract 98.01; San Diego County; California,5311,06,073,009801
06073009802,Census Tract 98.02; San Diego County; California,6914,06,073,009802
06073009804,Census Tract 98.04; San Diego County; California,5636,06,073,009804
06073009805,Census Tract 98.05; San Diego County; California,4356,06,073,009805
06073009901,Census Tract 99.01; San Diego County; California,1310,06,073,009901
06073009902,Census Tract 99.02; San Diego County; California,0,06,073,009902
06073010001,Census Tract 100.01; San Diego County; California,3869,06,073,010001
06073010003,Census Tract 100.03; San Diego County; California,4876,06,073,010003
06073010004,Census Tract 100.04; San Diego County; California,4665,06,073,010004
06073010005,Census Tract 100.05; San Diego County; California,6487,06,073,010005
06073010009,Census Tract 100.09; San Diego County; California,5298,06,073,010009
06073010010,Census Tract 100.10; San Diego County; California,4710,06,073,010010
06073010011,Census Tract 100.11; San Diego County; California,4006,06,073,010011
06073010012,Census Tract 100.12; San Diego County; California,5032,06,073,010012
06073010013,Census Tract 100.13; San Diego County; California,5259,06,073,010013
06073010015,Census Tract 100.15; San Diego County; California,5159,06,073,010015
06073010016,Census Tract 100.16; San Diego County; California,3170,06,073,010016
06073010017,Census Tract 100.17; San Diego County; California,6562,06,073,010017
06073010018,Census Tract 100.18; San Diego County; California,6819,06,073,010018
06073010019,Census Tract 100.19; San Diego County; California,3683,06,073,010019
06073010103,Census Tract 101.03; San Diego County; California,6497,06,073,010103
06073010104,Census Tract 101.04; San Diego County; California,3107,06,073,010104
06073010106,Census Tract 101.06; San Diego County; California,4605,06,073,010106
06073010107,Census Tract 101.07; San Diego County; California,5645,06,073,010107
06073010109,Census Tract 101.09; San Diego County; California,4234,06,073,010109
06073010110,Census Tract 101.10; San Diego County; California,7030,06,073,010110
06073010111,Census Tract 101.11; San Diego County; California,3786,06,073,010111
06073010112,Census Tract 101.12; San Diego County; California,5123,06,073,010112
06073010201,Census Tract 102.01; San Diego County; California,3327,06,073,010201
06073010202,Census Tract 102.02; San Diego County; California,3671,06,073,010202
06073010300,Census Tract 103; San Diego County; California,3884,06,073,010300
06073010401,Census Tract 104.01; San Diego County; California,2197,06,073,010401
06073010402,Census Tract 104.02; San Diego County; California,5528,06,073,010402
06073010501,Census Tract 105.01; San Diego County; California,1265,06,073,010501
06073010502,Census Tract 105.02; San Diego County; California,5892,06,073,010502
06073010601,Census Tract 106.01; San Diego County; California,2043,06,073,010601
06073010800,Census Tract 108; San Diego County; California,2389,06,073,010800
06073010900,Census Tract 109; San Diego County; California,1658,06,073,010900
06073011000,Census Tract 110; San Diego County; California,2922,06,073,011000
06073011100,Census Tract 111; San Diego County; California,3641,06,073,011100
06073011300,Census Tract 113; San Diego County; California,2304,06,073,011300
06073011601,Census Tract 116.01; San Diego County; California,5526,06,073,011601
06073011602,Census Tract 116.02; San Diego County; California,3811,06,073,011602
06073011700,Census Tract 117; San Diego County; California,7364,06,073,011700
06073011801,Census Tract 118.01; San Diego County; California,3205,06,073,011801
06073011802,Census Tract 118.02; San Diego County; California,7019,06,073,011802
06073011902,Census Tract 119.02; San Diego County; California,6050,06,073,011902
06073012002,Census Tract 120.02; San Diego County; California,3658,06,073,012002
06073012003,Census Tract 120.03; San Diego County; California,2931,06,073,012003
06073012101,Census Tract 121.01; San Diego County; California,2139,06,073,012101
06073012102,Census Tract 121.02; San Diego County; California,2708,06,073,012102
06073012200,Census Tract 122; San Diego County; California,3306,06,073,012200
06073012302,Census Tract 123.02; San Diego County; California,1462,06,073,012302
06073012303,Census Tract 123.03; San Diego County; California,3418,06,073,012303
06073012304,Census Tract 123.04; San Diego County; California,4665,06,073,012304
06073012401,Census Tract 124.01; San Diego County; California,3461,06,073,012401
06073012402,Census Tract 124.02; San Diego County; California,5604,06,073,012402
06073012501,Census Tract 125.01; San Diego County; California,3905,06,073,012501
06073012502,Census Tract 125.02; San Diego County; California,4789,06,073,012502
06073012600,Census Tract 126; San Diego County; California,4654,06,073,012600
06073012700,Census Tract 127; San Diego County; California,4956,06,073,012700
06073012800,Census Tract 128; San Diego County; California,3737,06,073,012800
06073012900,Census Tract 129; San Diego County; California,3643,06,073,012900
06073013000,Census Tract 130; San Diego County; California,5469,06,073,013000
06073013102,Census Tract 131.02; San Diego County; California,7058,06,073,013102
06073013103,Census Tract 131.03; San Diego County; California,2435,06,073,013103
06073013104,Census Tract 131.04; San Diego County; California,5735,06,073,013104
06073013203,Census Tract 132.03; San Diego County; California,6018,06,073,013203
06073013204,Census Tract 132.04; San Diego County; California,4334,06,073,013204
06073013205,Census Tract 132.05; San Diego County; California,2195,06,073,013205
06073013206,Census Tract 132.06; San Diego County; California,6087,06,073,013206
06073013301,Census Tract 133.01; San Diego County; California,4863,06,073,013301
06073013302,Census Tract 133.02; San Diego County; California,6832,06,073,013302
06073013303,Census Tract 133.03; San Diego County; California,4703,06,073,013303
06073013306,Census Tract 133.06; San Diego County; California,4156,06,073,013306
06073013307,Census Tract 133.07; San Diego County; California,4642,06,073,013307
06073013308,Census Tract 133.08; San Diego County; California,3901,06,073,013308
06073013309,Census Tract 133.09; San Diego County; California,7069,06,073,013309
06073013312,Census Tract 133.12; San Diego County; California,2943,06,073,013312
06073013315,Census Tract 133.15; San Diego County; California,3862,06,073,013315
06073013316,Census Tract 133.16; San Diego County; California,7768,06,073,013316
06073013317,Census Tract 133.17; San Diego County; California,18047,06,073,013317
06073013318,Census Tract 133.18; San Diego County; California,7761,06,073,013318
06073013319,Census Tract 133.19; San Diego County; California,9371,06,073,013319
06073013320,Census Tract 133.20; San Diego County; California,6317,06,073,013320
06073013321,Census Tract 133.21; San Diego County; California,8004,06,073,013321
06073013322,Census Tract 133.22; San Diego County; California,4442,06,073,013322
06073013323,Census Tract 133.23; San Diego County; California,7011,06,073,013323
06073013324,Census Tract 133.24; San Diego County; California,2899,06,073,013324
06073013325,Census Tract 133.25; San Diego County; California,5457,06,073,013325
06073013326,Census Tract 133.26; San Diego County; California,4583,06,073,013326
06073013327,Census Tract 133.27; San Diego County; California,5615,06,073,013327
06073013401,Census Tract 134.01; San Diego County; California,4692,06,073,013401
06073013409,Census Tract 134.09; San Diego County; California,5895,06,073,013409
06073013411,Census Tract 134.11; San Diego County; California,4958,06,073,013411
06073013412,Census Tract 134.12; San Diego County; California,5358,06,073,013412
06073013414,Census Tract 134.14; San Diego County; California,7406,06,073,013414
06073013415,Census Tract 134.15; San Diego County; California,1561,06,073,013415
06073013416,Census Tract 134.16; San Diego County; California,4115,06,073,013416
06073013417,Census Tract 134.17; San Diego County; California,2127,06,073,013417
06073013418,Census Tract 134.18; San Diego County; California,5435,06,073,013418
06073013420,Census Tract 134.20; San Diego County; California,3174,06,073,013420
06073013421,Census Tract 134.21; San Diego County; California,4150,06,073,013421
06073013422,Census Tract 134.22; San Diego County; California,4017,06,073,013422
06073013423,Census Tract 134.23; San Diego County; California,3542,06,073,013423
06073013424,Census Tract 134.24; San Diego County; California,6464,06,073,013424
06073013425,Census Tract 134.25; San Diego County; California,1906,06,073,013425
06073013503,Census Tract 135.03; San Diego County; California,6247,06,073,013503
06073013504,Census Tract 135.04; San Diego County; California,4077,06,073,013504
06073013505,Census Tract 135.05; San Diego County; California,5450,06,073,013505
06073013506,Census Tract 135.06; San Diego County; California,4331,06,073,013506
06073013601,Census Tract 136.01; San Diego County; California,5214,06,073,013601
06073013604,Census Tract 136.04; San Diego County; California,5525,06,073,013604
06073013605,Census Tract 136.05; San Diego County; California,6383,06,073,013605
06073013607,Census Tract 136.07; San Diego County; California,2151,06,073,013607
06073013608,Census Tract 136.08; San Diego County; California,3801,06,073,013608
06073013701,Census Tract 137.01; San Diego County; California,2541,06,073,013701
06073013702,Census Tract 137.02; San Diego County; California,5743,06,073,013702
06073013801,Census Tract 138.01; San Diego County; California,5381,06,073,013801
06073013802,Census Tract 138.02; San Diego County; California,3125,06,073,013802
06073013903,Census Tract 139.03; San Diego County; California,3471,06,073,013903
06073013905,Census Tract 139.05; San Diego County; California,4486,06,073,013905
06073013906,Census Tract 139.06; San Diego County; California,4830,06,073,013906
06073013907,Census Tract 139.07; San Diego County; California,3616,06,073,013907
06073013908,Census Tract 139.08; San Diego County; California,3853,06,073,013908
06073013909,Census Tract 139.09; San Diego County; California,4742,06,073,013909
06073014001,Census Tract 140.01; San Diego County; California,5020,06,073,014001
06073014002,Census Tract 140.02; San Diego County; California,4093,06,073,014002
06073014101,Census Tract 141.01; San Diego County; California,4139,06,073,014101
06073014102,Census Tract 141.02; San Diego County; California,3608,06,073,014102
06073014200,Census Tract 142; San Diego County; California,7017,06,073,014200
06073014300,Census Tract 143; San Diego County; California,4282,06,073,014300
06073014400,Census Tract 144; San Diego County; California,4426,06,073,014400
06073014500,Census Tract 145; San Diego County; California,4031,06,073,014500
06073014601,Census Tract 146.01; San Diego County; California,4791,06,073,014601
06073014602,Census Tract 146.02; San Diego County; California,5155,06,073,014602
06073014701,Census Tract 147.01; San Diego County; California,3688,06,073,014701
06073014702,Census Tract 147.02; San Diego County; California,3996,06,073,014702
06073014803,Census Tract 148.03; San Diego County; California,4692,06,073,014803
06073014804,Census Tract 148.04; San Diego County; California,4527,06,073,014804
06073014805,Census Tract 148.05; San Diego County; California,5131,06,073,014805
06073014806,Census Tract 148.06; San Diego County; California,3277,06,073,014806
06073014901,Census Tract 149.01; San Diego County; California,4994,06,073,014901
06073014902,Census Tract 149.02; San Diego County; California,3018,06,073,014902
06073015001,Census Tract 150.01; San Diego County; California,4418,06,073,015001
06073015002,Census Tract 150.02; San Diego County; California,2984,06,073,015002
06073015100,Census Tract 151; San Diego County; California,4811,06,073,015100
06073015200,Census Tract 152; San Diego County; California,3730,06,073,015200
06073015301,Census Tract 153.01; San Diego County; California,3347,06,073,015301
06073015302,Census Tract 153.02; San Diego County; California,4518,06,073,015302
06073015403,Census Tract 154.03; San Diego County; California,2580,06,073,015403
06073015405,Census Tract 154.05; San Diego County; California,5434,06,073,015405
06073015406,Census Tract 154.06; San Diego County; California,2704,06,073,015406
06073015407,Census Tract 154.07; San Diego County; California,3640,06,073,015407
06073015408,Census Tract 154.08; San Diego County; California,4482,06,073,015408
06073015501,Census Tract 155.01; San Diego County; California,5665,06,073,015501
06073015502,Census Tract 155.02; San Diego County; California,3013,06,073,015502
06073015601,Census Tract 156.01; San Diego County; California,6110,06,073,015601
06073015602,Census Tract 156.02; San Diego County; California,2732,06,073,015602
06073015701,Census Tract 157.01; San Diego County; California,6513,06,073,015701
06073015704,Census Tract 157.04; San Diego County; California,4928,06,073,015704
06073015705,Census Tract 157.05; San Diego County; California,3771,06,073,015705
06073015706,Census Tract 157.06; San Diego County; California,2458,06,073,015706
06073015801,Census Tract 158.01; San Diego County; California,3947,06,073,015801
06073015802,Census Tract 158.02; San Diego County; California,4479,06,073,015802
06073015901,Census Tract 159.01; San Diego County; California,3442,06,073,015901
06073015902,Census Tract 159.02; San Diego County; California,5586,06,073,015902
06073016000,Census Tract 160; San Diego County; California,2424,06,073,016000
06073016100,Census Tract 161; San Diego County; California,6199,06,073,016100
06073016201,Census Tract 162.01; San Diego County; California,5537,06,073,016201
06073016202,Census Tract 162.02; San Diego County; California,3470,06,073,016202
06073016301,Census Tract 163.01; San Diego County; California,5120,06,073,016301
06073016302,Census Tract 163.02; San Diego County; California,5669,06,073,016302
06073016401,Census Tract 164.01; San Diego County; California,5194,06,073,016401
06073016403,Census Tract 164.03; San Diego County; California,5362,06,073,016403
06073016404,Census Tract 164.04; San Diego County; California,4110,06,073,016404
06073016502,Census Tract 165.02; San Diego County; California,7767,06,073,016502
06073016503,Census Tract 165.03; San Diego County; California,2912,06,073,016503
06073016504,Census Tract 165.04; San Diego County; California,6521,06,073,016504
06073016606,Census Tract 166.06; San Diego County; California,3704,06,073,016606
06073016607,Census Tract 166.07; San Diego County; California,7167,06,073,016607
06073016608,Census Tract 166.08; San Diego County; California,2471,06,073,016608
06073016609,Census Tract 166.09; San Diego County; California,5673,06,073,016609
06073016610,Census Tract 166.10; San Diego County; California,4853,06,073,016610
06073016613,Census Tract 166.13; San Diego County; California,1945,06,073,016613
06073016614,Census Tract 166.14; San Diego County; California,4075,06,073,016614
06073016615,Census Tract 166.15; San Diego County; California,4230,06,073,016615
06073016616,Census Tract 166.16; San Diego County; California,3568,06,073,016616
06073016617,Census Tract 166.17; San Diego County; California,3607,06,073,016617
06073016618,Census Tract 166.18; San Diego County; California,3649,06,073,016618
06073016619,Census Tract 166.19; San Diego County; California,4319,06,073,016619
06073016620,Census Tract 166.20; San Diego County; California,2411,06,073,016620
06073016621,Census Tract 166.21; San Diego County; California,4265,06,073,016621
06073016703,Census Tract 167.03; San Diego County; California,3003,06,073,016703
06073016704,Census Tract 167.04; San Diego County; California,7583,06,073,016704
06073016705,Census Tract 167.05; San Diego County; California,4792,06,073,016705
06073016706,Census Tract 167.06; San Diego County; California,2694,06,073,016706
06073016804,Census Tract 168.04; San Diego County; California,9452,06,073,016804
06073016806,Census Tract 168.06; San Diego County; California,4131,06,073,016806
06073016807,Census Tract 168.07; San Diego County; California,7822,06,073,016807
06073016809,Census Tract 168.09; San Diego County; California,5899,06,073,016809
06073016810,Census Tract 168.10; San Diego County; California,2948,06,073,016810
06073016811,Census Tract 168.11; San Diego County; California,5026,06,073,016811
06073016812,Census Tract 168.12; San Diego County; California,2978,06,073,016812
06073016813,Census Tract 168.13; San Diego County; California,3322,06,073,016813
06073016901,Census Tract 169.01; San Diego County; California,7427,06,073,016901
06073016902,Census Tract 169.02; San Diego County; California,2425,06,073,016902
06073017006,Census Tract 170.06; San Diego County; California,3028,06,073,017006
06073017009,Census Tract 170.09; San Diego County; California,4079,06,073,017009
06073017010,Census Tract 170.10; San Diego County; California,3113,06,073,017010
06073017014,Census Tract 170.14; San Diego County; California,2674,06,073,017014
06073017018,Census Tract 170.18; San Diego County; California,4715,06,073,017018
06073017020,Census Tract 170.20; San Diego County; California,4382,06,073,017020
06073017021,Census Tract 170.21; San Diego County; California,3087,06,073,017021
06073017022,Census Tract 170.22; San Diego County; California,5695,06,073,017022
06073017031,Census Tract 170.31; San Diego County; California,3522,06,073,017031
06073017033,Census Tract 170.33; San Diego County; California,5525,06,073,017033
06073017034,Census Tract 170.34; San Diego County; California,5792,06,073,017034
06073017035,Census Tract 170.35; San Diego County; California,3396,06,073,017035
06073017036,Census Tract 170.36; San Diego County; California,3329,06,073,017036
06073017037,Census Tract 170.37; San Diego County; California,5194,06,073,017037
06073017039,Census Tract 170.39; San Diego County; California,6711,06,073,017039
06073017040,Census Tract 170.40; San Diego County; California,4386,06,073,017040
06073017041,Census Tract 170.41; San Diego County; California,5565,06,073,017041
06073017043,Census Tract 170.43; San Diego County; California,5590,06,073,017043
06073017044,Census Tract 170.44; San Diego County; California,5674,06,073,017044
06073017045,Census Tract 170.45; San Diego County; California,2293,06,073,017045
06073017046,Census Tract 170.46; San Diego County; California,3777,06,073,017046
06073017047,Census Tract 170.47; San Diego County; California,4260,06,073,017047
06073017048,Census Tract 170.48; San Diego County; California,6422,06,073,017048
06073017049,Census Tract 170.49; San Diego County; California,2945,06,073,017049
06073017050,Census Tract 170.50; San Diego County; California,2971,06,073,017050
06073017051,Census Tract 170.51; San Diego County; California,4904,06,073,017051
06073017052,Census Tract 170.52; San Diego County; California,5388,06,073,017052
06073017053,Census Tract 170.53; San Diego County; California,3462,06,073,017053
06073017054,Census Tract 170.54; San Diego County; California,5849,06,073,017054
06073017055,Census Tract 170.55; San Diego County; California,4958,06,073,017055
06073017056,Census Tract 170.56; San Diego County; California,4348,06,073,017056
06073017057,Census Tract 170.57; San Diego County; California,3856,06,073,017057
06073017058,Census Tract 170.58; San Diego County; California,4285,06,073,017058
06073017059,Census Tract 170.59; San Diego County; California,3302,06,073,017059
06073017060,Census Tract 170.60; San Diego County; California,3323,06,073,017060
06073017061,Census Tract 170.61; San Diego County; California,3663,06,073,017061
06073017062,Census Tract 170.62; San Diego County; California,4767,06,073,017062
06073017063,Census Tract 170.63; San Diego County; California,4257,06,073,017063
06073017064,Census Tract 170.64; San Diego County; California,8172,06,073,017064
06073017065,Census Tract 170.65; San Diego County; California,10415,06,073,017065
06073017066,Census Tract 170.66; San Diego County; California,5413,06,073,017066
06073017067,Census Tract 170.67; San Diego County; California,2979,06,073,017067
06073017068,Census Tract 170.68; San Diego County; California,4608,06,073,017068
06073017069,Census Tract 170.69; San Diego County; California,2162,06,073,017069
06073017070,Census Tract 170.70; San Diego County; California,5572,06,073,017070
06073017071,Census Tract 170.71; San Diego County; California,5229,06,073,017071
06073017104,Census Tract 171.04; San Diego County; California,4057,06,073,017104
06073017106,Census Tract 171.06; San Diego County; California,4174,06,073,017106
06073017107,Census Tract 171.07; San Diego County; California,3202,06,073,017107
06073017108,Census Tract 171.08; San Diego County; California,4328,06,073,017108
06073017109,Census Tract 171.09; San Diego County; California,6290,06,073,017109
06073017111,Census Tract 171.11; San Diego County; California,4346,06,073,017111
06073017112,Census Tract 171.12; San Diego County; California,2319,06,073,017112
06073017113,Census Tract 171.13; San Diego County; California,5175,06,073,017113
06073017201,Census Tract 172.01; San Diego County; California,2169,06,073,017201
06073017202,Census Tract 172.02; San Diego County; California,1734,06,073,017202
06073017303,Census Tract 173.03; San Diego County; California,3542,06,073,017303
06073017305,Census Tract 173.05; San Diego County; California,3032,06,073,017305
06073017306,Census Tract 173.06; San Diego County; California,2670,06,073,017306
06073017307,Census Tract 173.07; San Diego County; California,2282,06,073,017307
06073017308,Census Tract 173.08; San Diego County; California,2388,06,073,017308
06073017403,Census Tract 174.03; San Diego County; California,4730,06,073,017403
06073017405,Census Tract 174.05; San Diego County; California,4024,06,073,017405
06073017406,Census Tract 174.06; San Diego County; California,2790,06,073,017406
06073017407,Census Tract 174.07; San Diego County; California,3078,06,073,017407
06073017408,Census Tract 174.08; San Diego County; California,2522,06,073,017408
06073017501,Census Tract 175.01; San Diego County; California,2855,06,073,017501
06073017502,Census Tract 175.02; San Diego County; California,3545,06,073,017502
06073017601,Census Tract 176.01; San Diego County; California,5143,06,073,017601
06073017603,Census Tract 176.03; San Diego County; California,3005,06,073,017603
06073017605,Census Tract 176.05; San Diego County; California,3931,06,073,017605
06073017606,Census Tract 176.06; San Diego County; California,3687,06,073,017606
06073017701,Census Tract 177.01; San Diego County; California,5137,06,073,017701
06073017702,Census Tract 177.02; San Diego County; California,3199,06,073,017702
06073017801,Census Tract 178.01; San Diego County; California,6941,06,073,017801
06073017808,Census Tract 178.08; San Diego County; California,5433,06,073,017808
06073017809,Census Tract 178.09; San Diego County; California,2625,06,073,017809
06073017810,Census Tract 178.10; San Diego County; California,5126,06,073,017810
06073017811,Census Tract 178.11; San Diego County; California,6485,06,073,017811
06073017813,Census Tract 178.13; San Diego County; California,4583,06,073,017813
06073017901,Census Tract 179.01; San Diego County; California,3874,06,073,017901
06073017902,Census Tract 179.02; San Diego County; California,2972,06,073,017902
06073018000,Census Tract 180; San Diego County; California,3452,06,073,018000
06073018101,Census Tract 181.01; San Diego County; California,3465,06,073,018101
06073018102,Census Tract 181.02; San Diego County; California,2424,06,073,018102
06073018201,Census Tract 182.01; San Diego County; California,3025,06,073,018201
06073018202,Census Tract 182.02; San Diego County; California,3550,06,073,018202
06073018301,Census Tract 183.01; San Diego County; California,889,06,073,018301
06073018302,Census Tract 183.02; San Diego County; California,1222,06,073,018302
06073018400,Census Tract 184; San Diego County; California,3587,06,073,018400
06073018504,Census Tract 185.04; San Diego County; California,6885,06,073,018504
06073018509,Census Tract 185.09; San Diego County; California,5559,06,073,018509
06073018510,Census Tract 185.10; San Diego County; California,3042,06,073,018510
06073018511,Census Tract 185.11; San Diego County; California,4357,06,073,018511
06073018512,Census Tract 185.12; San Diego County; California,3719,06,073,018512
06073018515,Census Tract 185.15; San Diego County; California,5116,06,073,018515
06073018516,Census Tract 185.16; San Diego County; California,3860,06,073,018516
06073018517,Census Tract 185.17; San Diego County; California,3804,06,073,018517
06073018518,Census Tract 185.18; San Diego County; California,3308,06,073,018518
06073018519,Census Tract 185.19; San Diego County; California,6007,06,073,018519
06073018520,Census Tract 185.20; San Diego County; California,5213,06,073,018520
06073018521,Census Tract 185.21; San Diego County; California,4856,06,073,018521
06073018522,Census Tract 185.22; San Diego County; California,5332,06,073,018522
06073018523,Census Tract 185.23; San Diego County; California,5210,06,073,018523
06073018524,Census Tract 185.24; San Diego County; California,3448,06,073,018524
06073018525,Census Tract 185.25; San Diego County; California,3963,06,073,018525
06073018601,Census Tract 186.01; San Diego County; California,4749,06,073,018601
06073018608,Census Tract 186.08; San Diego County; California,3223,06,073,018608
06073018609,Census Tract 186.09; San Diego County; California,6249,06,073,018609
06073018612,Census Tract 186.12; San Diego County; California,5033,06,073,018612
06073018613,Census Tract 186.13; San Diego County; California,3572,06,073,018613
06073018615,Census Tract 186.15; San Diego County; California,3150,06,073,018615
06073018616,Census Tract 186.16; San Diego County; California,3358,06,073,018616
06073018617,Census Tract 186.17; San Diego County; California,3519,06,073,018617
06073018618,Census Tract 186.18; San Diego County; California,3946,06,073,018618
06073018619,Census Tract 186.19; San Diego County; California,5048,06,073,018619
06073018620,Census Tract 186.20; San Diego County; California,2328,06,073,018620
06073018621,Census Tract 186.21; San Diego County; California,1812,06,073,018621
06073018622,Census Tract 186.22; San Diego County; California,5080,06,073,018622
06073018700,Census Tract 187; San Diego County; California,40415,06,073,018700
06073018801,Census Tract 188.01; San Diego County; California,3488,06,073,018801
06073018803,Census Tract 188.03; San Diego County; California,4724,06,073,018803
06073018804,Census Tract 188.04; San Diego County; California,5023,06,073,018804
06073018805,Census Tract 188.05; San Diego County; California,4109,06,073,018805
06073018903,Census Tract 189.03; San Diego County; California,5530,06,073,018903
06073018904,Census Tract 189.04; San Diego County; California,6860,06,073,018904
06073018905,Census Tract 189.05; San Diego County; California,6182,06,073,018905
06073018906,Census Tract 189.06; San Diego County; California,6175,06,073,018906
06073019001,Census Tract 190.01; San Diego County; California,6507,06,073,019001
06073019002,Census Tract 190.02; San Diego County; California,4928,06,073,019002
06073019103,Census Tract 191.03; San Diego County; California,6413,06,073,019103
06073019105,Census Tract 191.05; San Diego County; California,7971,06,073,019105
06073019107,Census Tract 191.07; San Diego County; California,2461,06,073,019107
06073019108,Census Tract 191.08; San Diego County; California,2334,06,073,019108
06073019109,Census Tract 191.09; San Diego County; California,4608,06,073,019109
06073019110,Census Tract 191.10; San Diego County; California,4999,06,073,019110
06073019111,Census Tract 191.11; San Diego County; California,3678,06,073,019111
06073019203,Census Tract 192.03; San Diego County; California,2751,06,073,019203
06073019205,Census Tract 192.05; San Diego County; California,6387,06,073,019205
06073019206,Census Tract 192.06; San Diego County; California,5745,06,073,019206
06073019208,Census Tract 192.08; San Diego County; California,3627,06,073,019208
06073019209,Census Tract 192.09; San Diego County; California,2792,06,073,019209
06073019210,Census Tract 192.10; San Diego County; California,6167,06,073,019210
06073019301,Census Tract 193.01; San Diego County; California,6412,06,073,019301
06073019303,Census Tract 193.03; San Diego County; California,7993,06,073,019303
06073019304,Census Tract 193.04; San Diego County; California,3186,06,073,019304
06073019305,Census Tract 193.05; San Diego County; California,4203,06,073,019305
06073019403,Census Tract 194.03; San Diego County; California,5717,06,073,019403
06073019404,Census Tract 194.04; San Diego County; California,3420,06,073,019404
06073019405,Census Tract 194.05; San Diego County; California,4050,06,073,019405
06073019406,Census Tract 194.06; San Diego County; California,4648,06,073,019406
06073019501,Census Tract 195.01; San Diego County; California,3250,06,073,019501
06073019502,Census Tract 195.02; San Diego County; California,5706,06,073,019502
06073019503,Census Tract 195.03; San Diego County; California,5372,06,073,019503
06073019601,Census Tract 196.01; San Diego County; California,6425,06,073,019601
06073019602,Census Tract 196.02; San Diego County; California,6064,06,073,019602
06073019701,Census Tract 197.01; San Diego County; California,7452,06,073,019701
06073019702,Census Tract 197.02; San Diego County; California,4791,06,073,019702
06073019803,Census Tract 198.03; San Diego County; California,5783,06,073,019803
06073019804,Census Tract 198.04; San Diego County; California,4417,06,073,019804
06073019805,Census Tract 198.05; San Diego County; California,4245,06,073,019805
06073019808,Census Tract 198.08; San Diego County; California,4584,06,073,019808
06073019809,Census Tract 198.09; San Diego County; California,4372,06,073,019809
06073019810,Census Tract 198.10; San Diego County; California,6617,06,073,019810
06073019811,Census Tract 198.11; San Diego County; California,6394,06,073,019811
06073019902,Census Tract 199.02; San Diego County; California,4446,06,073,019902
06073019903,Census Tract 199.03; San Diego County; California,4961,06,073,019903
06073019904,Census Tract 199.04; San Diego County; California,6071,06,073,019904
06073019905,Census Tract 199.05; San Diego County; California,5562,06,073,019905
06073020015,Census Tract 200.15; San Diego County; California,5500,06,073,020015
06073020017,Census Tract 200.17; San Diego County; California,3013,06,073,020017
06073020019,Census Tract 200.19; San Diego County; California,7253,06,073,020019
06073020021,Census Tract 200.21; San Diego County; California,5534,06,073,020021
06073020023,Census Tract 200.23; San Diego County; California,3942,06,073,020023
06073020024,Census Tract 200.24; San Diego County; California,4220,06,073,020024
06073020025,Census Tract 200.25; San Diego County; California,5250,06,073,020025
06073020026,Census Tract 200.26; San Diego County; California,4447,06,073,020026
06073020028,Census Tract 200.28; San Diego County; California,3571,06,073,020028
06073020029,Census Tract 200.29; San Diego County; California,7007,06,073,020029
06073020030,Census Tract 200.30; San Diego County; California,8033,06,073,020030
06073020031,Census Tract 200.31; San Diego County; California,6519,06,073,020031
06073020032,Census Tract 200.32; San Diego County; California,3230,06,073,020032
06073020033,Census Tract 200.33; San Diego County; California,4031,06,073,020033
06073020034,Census Tract 200.34; San Diego County; California,2549,06,073,020034
06073020035,Census Tract 200.35; San Diego County; California,6480,06,073,020035
06073020036,Census Tract 200.36; San Diego County; California,3567,06,073,020036
06073020037,Census Tract 200.37; San Diego County; California,4415,06,073,020037
06073020038,Census Tract 200.38; San Diego County; California,5685,06,073,020038
06073020039,Census Tract 200.39; San Diego County; California,1959,06,073,020039
06073020040,Census Tract 200.40; San Diego County; California,4333,06,073,020040
06073020041,Census Tract 200.41; San Diego County; California,3150,06,073,020041
06073020042,Census Tract 200.42; San Diego County; California,4759,06,073,020042
06073020043,Census Tract 200.43; San Diego County; California,5378,06,073,020043
06073020044,Census Tract 200.44; San Diego County; California,9056,06,073,020044
06073020105,Census Tract 201.05; San Diego County; California,3990,06,073,020105
06073020106,Census Tract 201.06; San Diego County; California,3768,06,073,020106
06073020107,Census Tract 201.07; San Diego County; California,4681,06,073,020107
06073020108,Census Tract 201.08; San Diego County; California,4731,06,073,020108
06073020109,Census Tract 201.09; San Diego County; California,4683,06,073,020109
06073020110,Census Tract 201.10; San Diego County; California,9085,06,073,020110
06073020111,Census Tract 201.11; San Diego County; California,3888,06,073,020111
06073020202,Census Tract 202.02; San Diego County; California,6550,06,073,020202
06073020206,Census Tract 202.06; San Diego County; California,4894,06,073,020206
06073020207,Census Tract 202.07; San Diego County; California,4939,06,073,020207
06073020208,Census Tract 202.08; San Diego County; California,3527,06,073,020208
06073020209,Census Tract 202.09; San Diego County; California,4507,06,073,020209
06073020210,Census Tract 202.10; San Diego County; California,4445,06,073,020210
06073020211,Census Tract 202.11; San Diego County; California,5809,06,073,020211
06073020213,Census Tract 202.13; San Diego County; California,4060,06,073,020213
06073020214,Census Tract 202.14; San Diego County; California,4643,06,073,020214
06073020304,Census Tract 203.04; San Diego County; California,6153,06,073,020304
06073020305,Census Tract 203.05; San Diego County; California,6432,06,073,020305
06073020308,Census Tract 203.08; San Diego County; California,6685,06,073,020308
06073020309,Census Tract 203.09; San Diego County; California,4528,06,073,020309
06073020310,Census Tract 203.10; San Diego County; California,9019,06,073,020310
06073020311,Census Tract 203.11; San Diego County; California,4151,06,073,020311
06073020312,Census Tract 203.12; San Diego County; California,3997,06,073,020312
06073020313,Census Tract 203.13; San Diego County; California,2675,06,073,020313
06073020401,Census Tract 204.01; San Diego County; California,2269,06,073,020401
06073020403,Census Tract 204.03; San Diego County; California,4089,06,073,020403
06073020404,Census Tract 204.04; San Diego County; California,5447,06,073,020404
06073020405,Census Tract 204.05; San Diego County; California,3469,06,073,020405
06073020500,Census Tract 205; San Diego County; California,4261,06,073,020500
06073020601,Census Tract 206.01; San Diego County; California,6208,06,073,020601
06073020602,Census Tract 206.02; San Diego County; California,6320,06,073,020602
06073020705,Census Tract 207.05; San Diego County; California,4879,06,073,020705
06073020706,Census Tract 207.06; San Diego County; California,5974,06,073,020706
06073020707,Census Tract 207.07; San Diego County; California,5273,06,073,020707
06073020708,Census Tract 207.08; San Diego County; California,3817,06,073,020708
06073020710,Census Tract 207.10; San Diego County; California,1677,06,073,020710
06073020711,Census Tract 207.11; San Diego County; California,3604,06,073,020711
06073020712,Census Tract 207.12; San Diego County; California,3987,06,073,020712
06073020801,Census Tract 208.01; San Diego County; California,5146,06,073,020801
06073020805,Census Tract 208.05; San Diego County; California,3823,06,073,020805
06073020806,Census Tract 208.06; San Diego County; California,5230,06,073,020806
06073020807,Census Tract 208.07; San Diego County; California,2950,06,073,020807
06073020810,Census Tract 208.10; San Diego County; California,5005,06,073,020810
06073020811,Census Tract 208.11; San Diego County; California,5960,06,073,020811
06073020812,Census Tract 208.12; San Diego County; California,2163,06,073,020812
06073020813,Census Tract 208.13; San Diego County; California,5898,06,073,020813
06073020902,Census Tract 209.02; San Diego County; California,2402,06,073,020902
06073020903,Census Tract 209.03; San Diego County; California,2895,06,073,020903
06073020904,Census Tract 209.04; San Diego County; California,2750,06,073,020904
06073021001,Census Tract 210.01; San Diego County; California,1894,06,073,021001
06073021002,Census Tract 210.02; San Diego County; California,1551,06,073,021002
06073021101,Census Tract 211.01; San Diego County; California,4714,06,073,021101
06073021102,Census Tract 211.02; San Diego County; California,3095,06,073,021102
06073021202,Census Tract 212.02; San Diego County; California,3238,06,073,021202
06073021204,Census Tract 212.04; San Diego County; California,6158,06,073,021204
06073021205,Census Tract 212.05; San Diego County; California,7108,06,073,021205
06073021206,Census Tract 212.06; San Diego County; California,3034,06,073,021206
06073021302,Census Tract 213.02; San Diego County; California,6675,06,073,021302
06073021304,Census Tract 213.04; San Diego County; California,3181,06,073,021304
06073021305,Census Tract 213.05; San Diego County; California,3876,06,073,021305
06073021306,Census Tract 213.06; San Diego County; California,4665,06,073,021306
06073021401,Census Tract 214.01; San Diego County; California,4176,06,073,021401
06073021402,Census Tract 214.02; San Diego County; California,3431,06,073,021402
06073021501,Census Tract 215.01; San Diego County; California,3844,06,073,021501
06073021502,Census Tract 215.02; San Diego County; California,9517,06,073,021502
06073021600,Census Tract 216; San Diego County; California,2985,06,073,021600
06073021800,Census Tract 218; San Diego County; California,1937,06,073,021800
06073021900,Census Tract 219; San Diego County; California,5794,06,073,021900
06073022000,Census Tract 220; San Diego County; California,4529,06,073,022000
06073022101,Census Tract 221.01; San Diego County; California,2514,06,073,022101
06073022102,Census Tract 221.02; San Diego County; California,7247,06,073,022102
06073990100,Census Tract 9901; San Diego County; California,0,06,073,990100
06075010101,Census Tract 101.01; San Francisco County; California,1911,06,075,010101
06075010102,Census Tract 101.02; San Francisco County; California,1917,06,075,010102
06075010201,Census Tract 102.01; San Francisco County; California,2650,06,075,010201
06075010202,Census Tract 102.02; San Francisco County; California,1839,06,075,010202
06075010300,Census Tract 103; San Francisco County; California,3824,06,075,010300
06075010401,Census Tract 104.01; San Francisco County; California,2427,06,075,010401
06075010402,Census Tract 104.02; San Francisco County; California,1924,06,075,010402
06075010500,Census Tract 105; San Francisco County; California,3473,06,075,010500
06075010600,Census Tract 106; San Francisco County; California,2957,06,075,010600
06075010701,Census Tract 107.01; San Francisco County; California,3021,06,075,010701
06075010702,Census Tract 107.02; San Francisco County; California,1398,06,075,010702
06075010800,Census Tract 108; San Francisco County; California,4047,06,075,010800
06075010901,Census Tract 109.01; San Francisco County; California,2067,06,075,010901
06075010902,Census Tract 109.02; San Francisco County; California,2589,06,075,010902
06075011001,Census Tract 110.01; San Francisco County; California,2402,06,075,011001
06075011002,Census Tract 110.02; San Francisco County; California,1992,06,075,011002
06075011101,Census Tract 111.01; San Francisco County; California,2477,06,075,011101
06075011102,Census Tract 111.02; San Francisco County; California,2207,06,075,011102
06075011200,Census Tract 112; San Francisco County; California,2676,06,075,011200
06075011300,Census Tract 113; San Francisco County; California,2589,06,075,011300
06075011700,Census Tract 117; San Francisco County; California,1914,06,075,011700
06075011800,Census Tract 118; San Francisco County; California,1376,06,075,011800
06075011901,Census Tract 119.01; San Francisco County; California,2022,06,075,011901
06075011902,Census Tract 119.02; San Francisco County; California,3032,06,075,011902
06075012001,Census Tract 120.01; San Francisco County; California,1746,06,075,012001
06075012002,Census Tract 120.02; San Francisco County; California,2126,06,075,012002
06075012100,Census Tract 121; San Francisco County; California,3203,06,075,012100
06075012202,Census Tract 122.02; San Francisco County; California,2915,06,075,012202
06075012203,Census Tract 122.03; San Francisco County; California,1524,06,075,012203
06075012204,Census Tract 122.04; San Francisco County; California,2571,06,075,012204
06075012301,Census Tract 123.01; San Francisco County; California,1924,06,075,012301
06075012302,Census Tract 123.02; San Francisco County; California,2700,06,075,012302
06075012403,Census Tract 124.03; San Francisco County; California,2481,06,075,012403
06075012404,Census Tract 124.04; San Francisco County; California,2714,06,075,012404
06075012405,Census Tract 124.05; San Francisco County; California,3764,06,075,012405
06075012406,Census Tract 124.06; San Francisco County; California,1529,06,075,012406
06075012502,Census Tract 125.02; San Francisco County; California,4517,06,075,012502
06075012503,Census Tract 125.03; San Francisco County; California,4772,06,075,012503
06075012504,Census Tract 125.04; San Francisco County; California,693,06,075,012504
06075012601,Census Tract 126.01; San Francisco County; California,2105,06,075,012601
06075012602,Census Tract 126.02; San Francisco County; California,3071,06,075,012602
06075012700,Census Tract 127; San Francisco County; California,4027,06,075,012700
06075012801,Census Tract 128.01; San Francisco County; California,2568,06,075,012801
06075012802,Census Tract 128.02; San Francisco County; California,1855,06,075,012802
06075012901,Census Tract 129.01; San Francisco County; California,2830,06,075,012901
06075012902,Census Tract 129.02; San Francisco County; California,2589,06,075,012902
06075013001,Census Tract 130.01; San Francisco County; California,1427,06,075,013001
06075013002,Census Tract 130.02; San Francisco County; California,2843,06,075,013002
06075013101,Census Tract 131.01; San Francisco County; California,3768,06,075,013101
06075013102,Census Tract 131.02; San Francisco County; California,2550,06,075,013102
06075013200,Census Tract 132; San Francisco County; California,3481,06,075,013200
06075013300,Census Tract 133; San Francisco County; California,3952,06,075,013300
06075013401,Census Tract 134.01; San Francisco County; California,1390,06,075,013401
06075013402,Census Tract 134.02; San Francisco County; California,2420,06,075,013402
06075013500,Census Tract 135; San Francisco County; California,2807,06,075,013500
06075015100,Census Tract 151; San Francisco County; California,2641,06,075,015100
06075015201,Census Tract 152.01; San Francisco County; California,1615,06,075,015201
06075015202,Census Tract 152.02; San Francisco County; California,2413,06,075,015202
06075015300,Census Tract 153; San Francisco County; California,2377,06,075,015300
06075015401,Census Tract 154.01; San Francisco County; California,3205,06,075,015401
06075015402,Census Tract 154.02; San Francisco County; California,2688,06,075,015402
06075015500,Census Tract 155; San Francisco County; California,4011,06,075,015500
06075015600,Census Tract 156; San Francisco County; California,2964,06,075,015600
06075015701,Census Tract 157.01; San Francisco County; California,4777,06,075,015701
06075015702,Census Tract 157.02; San Francisco County; California,3080,06,075,015702
06075015801,Census Tract 158.01; San Francisco County; California,3384,06,075,015801
06075015802,Census Tract 158.02; San Francisco County; California,3095,06,075,015802
06075015900,Census Tract 159; San Francisco County; California,4861,06,075,015900
06075016000,Census Tract 160; San Francisco County; California,2892,06,075,016000
06075016101,Census Tract 161.01; San Francisco County; California,2426,06,075,016101
06075016102,Census Tract 161.02; San Francisco County; California,2989,06,075,016102
06075016200,Census Tract 162; San Francisco County; California,3209,06,075,016200
06075016300,Census Tract 163; San Francisco County; California,3925,06,075,016300
06075016400,Census Tract 164; San Francisco County; California,3571,06,075,016400
06075016500,Census Tract 165; San Francisco County; California,5206,06,075,016500
06075016601,Census Tract 166.01; San Francisco County; California,2836,06,075,016601
06075016602,Census Tract 166.02; San Francisco County; California,1912,06,075,016602
06075016700,Census Tract 167; San Francisco County; California,4852,06,075,016700
06075016801,Census Tract 168.01; San Francisco County; California,4223,06,075,016801
06075016802,Census Tract 168.02; San Francisco County; California,3943,06,075,016802
06075016900,Census Tract 169; San Francisco County; California,2889,06,075,016900
06075017000,Census Tract 170; San Francisco County; California,4061,06,075,017000
06075017101,Census Tract 171.01; San Francisco County; California,4003,06,075,017101
06075017102,Census Tract 171.02; San Francisco County; California,3165,06,075,017102
06075017602,Census Tract 176.02; San Francisco County; California,3560,06,075,017602
06075017603,Census Tract 176.03; San Francisco County; California,4964,06,075,017603
06075017604,Census Tract 176.04; San Francisco County; California,3965,06,075,017604
06075017700,Census Tract 177; San Francisco County; California,2946,06,075,017700
06075017801,Census Tract 178.01; San Francisco County; California,3019,06,075,017801
06075017803,Census Tract 178.03; San Francisco County; California,2415,06,075,017803
06075017804,Census Tract 178.04; San Francisco County; California,4380,06,075,017804
06075017903,Census Tract 179.03; San Francisco County; California,2429,06,075,017903
06075018000,Census Tract 180; San Francisco County; California,3492,06,075,018000
06075020101,Census Tract 201.01; San Francisco County; California,3943,06,075,020101
06075020102,Census Tract 201.02; San Francisco County; California,3463,06,075,020102
06075020201,Census Tract 202.01; San Francisco County; California,1905,06,075,020201
06075020202,Census Tract 202.02; San Francisco County; California,3979,06,075,020202
06075020300,Census Tract 203; San Francisco County; California,3419,06,075,020300
06075020401,Census Tract 204.01; San Francisco County; California,3400,06,075,020401
06075020402,Census Tract 204.02; San Francisco County; California,4061,06,075,020402
06075020500,Census Tract 205; San Francisco County; California,2789,06,075,020500
06075020601,Census Tract 206.01; San Francisco County; California,3007,06,075,020601
06075020602,Census Tract 206.02; San Francisco County; California,2379,06,075,020602
06075020701,Census Tract 207.01; San Francisco County; California,3357,06,075,020701
06075020702,Census Tract 207.02; San Francisco County; California,1995,06,075,020702
06075020801,Census Tract 208.01; San Francisco County; California,3767,06,075,020801
06075020802,Census Tract 208.02; San Francisco County; California,2188,06,075,020802
06075020900,Census Tract 209; San Francisco County; California,3746,06,075,020900
06075021000,Census Tract 210; San Francisco County; California,3609,06,075,021000
06075021100,Census Tract 211; San Francisco County; California,4086,06,075,021100
06075021200,Census Tract 212; San Francisco County; California,2917,06,075,021200
06075021300,Census Tract 213; San Francisco County; California,2427,06,075,021300
06075021400,Census Tract 214; San Francisco County; California,3460,06,075,021400
06075021500,Census Tract 215; San Francisco County; California,5181,06,075,021500
06075021600,Census Tract 216; San Francisco County; California,4531,06,075,021600
06075021700,Census Tract 217; San Francisco County; California,4432,06,075,021700
06075021800,Census Tract 218; San Francisco County; California,4208,06,075,021800
06075022600,Census Tract 226; San Francisco County; California,4452,06,075,022600
06075022702,Census Tract 227.02; San Francisco County; California,1960,06,075,022702
06075022704,Census Tract 227.04; San Francisco County; California,4026,06,075,022704
06075022801,Census Tract 228.01; San Francisco County; California,4765,06,075,022801
06075022802,Census Tract 228.02; San Francisco County; California,2103,06,075,022802
06075022803,Census Tract 228.03; San Francisco County; California,4117,06,075,022803
06075022901,Census Tract 229.01; San Francisco County; California,4542,06,075,022901
06075022902,Census Tract 229.02; San Francisco County; California,1891,06,075,022902
06075022903,Census Tract 229.03; San Francisco County; California,2798,06,075,022903
06075023001,Census Tract 230.01; San Francisco County; California,5108,06,075,023001
06075023003,Census Tract 230.03; San Francisco County; California,3812,06,075,023003
06075023102,Census Tract 231.02; San Francisco County; California,3231,06,075,023102
06075023103,Census Tract 231.03; San Francisco County; California,4545,06,075,023103
06075023200,Census Tract 232; San Francisco County; California,3570,06,075,023200
06075023300,Census Tract 233; San Francisco County; California,3818,06,075,023300
06075023400,Census Tract 234; San Francisco County; California,3536,06,075,023400
06075025100,Census Tract 251; San Francisco County; California,3504,06,075,025100
06075025200,Census Tract 252; San Francisco County; California,5415,06,075,025200
06075025300,Census Tract 253; San Francisco County; California,4302,06,075,025300
06075025401,Census Tract 254.01; San Francisco County; California,3567,06,075,025401
06075025402,Census Tract 254.02; San Francisco County; California,2901,06,075,025402
06075025403,Census Tract 254.03; San Francisco County; California,4410,06,075,025403
06075025501,Census Tract 255.01; San Francisco County; California,4235,06,075,025501
06075025502,Census Tract 255.02; San Francisco County; California,3739,06,075,025502
06075025600,Census Tract 256; San Francisco County; California,5419,06,075,025600
06075025701,Census Tract 257.01; San Francisco County; California,4604,06,075,025701
06075025702,Census Tract 257.02; San Francisco County; California,4545,06,075,025702
06075025800,Census Tract 258; San Francisco County; California,1603,06,075,025800
06075025900,Census Tract 259; San Francisco County; California,4034,06,075,025900
06075026001,Census Tract 260.01; San Francisco County; California,5625,06,075,026001
06075026002,Census Tract 260.02; San Francisco County; California,3641,06,075,026002
06075026003,Census Tract 260.03; San Francisco County; California,4639,06,075,026003
06075026004,Census Tract 260.04; San Francisco County; California,3840,06,075,026004
06075026100,Census Tract 261; San Francisco County; California,6811,06,075,026100
06075026201,Census Tract 262.01; San Francisco County; California,3856,06,075,026201
06075026202,Census Tract 262.02; San Francisco County; California,3706,06,075,026202
06075026301,Census Tract 263.01; San Francisco County; California,5019,06,075,026301
06075026302,Census Tract 263.02; San Francisco County; California,4302,06,075,026302
06075026303,Census Tract 263.03; San Francisco County; California,4600,06,075,026303
06075026401,Census Tract 264.01; San Francisco County; California,3194,06,075,026401
06075026402,Census Tract 264.02; San Francisco County; California,4660,06,075,026402
06075026403,Census Tract 264.03; San Francisco County; California,3685,06,075,026403
06075026404,Census Tract 264.04; San Francisco County; California,2422,06,075,026404
06075030101,Census Tract 301.01; San Francisco County; California,4389,06,075,030101
06075030102,Census Tract 301.02; San Francisco County; California,5120,06,075,030102
06075030201,Census Tract 302.01; San Francisco County; California,3841,06,075,030201
06075030202,Census Tract 302.02; San Francisco County; California,4082,06,075,030202
06075030301,Census Tract 303.01; San Francisco County; California,6160,06,075,030301
06075030302,Census Tract 303.02; San Francisco County; California,3552,06,075,030302
06075030400,Census Tract 304; San Francisco County; California,5116,06,075,030400
06075030500,Census Tract 305; San Francisco County; California,3641,06,075,030500
06075030600,Census Tract 306; San Francisco County; California,2258,06,075,030600
06075030700,Census Tract 307; San Francisco County; California,6624,06,075,030700
06075030800,Census Tract 308; San Francisco County; California,5694,06,075,030800
06075030900,Census Tract 309; San Francisco County; California,6548,06,075,030900
06075031000,Census Tract 310; San Francisco County; California,4374,06,075,031000
06075031100,Census Tract 311; San Francisco County; California,6073,06,075,031100
06075031201,Census Tract 312.01; San Francisco County; California,6176,06,075,031201
06075031202,Census Tract 312.02; San Francisco County; California,2869,06,075,031202
06075031301,Census Tract 313.01; San Francisco County; California,3697,06,075,031301
06075031302,Census Tract 313.02; San Francisco County; California,4890,06,075,031302
06075031401,Census Tract 314.01; San Francisco County; California,2533,06,075,031401
06075031402,Census Tract 314.02; San Francisco County; California,4199,06,075,031402
06075032601,Census Tract 326.01; San Francisco County; California,4338,06,075,032601
06075032602,Census Tract 326.02; San Francisco County; California,4118,06,075,032602
06075032700,Census Tract 327; San Francisco County; California,6573,06,075,032700
06075032801,Census Tract 328.01; San Francisco County; California,4021,06,075,032801
06075032802,Census Tract 328.02; San Francisco County; California,4268,06,075,032802
06075032901,Census Tract 329.01; San Francisco County; California,6013,06,075,032901
06075032902,Census Tract 329.02; San Francisco County; California,3720,06,075,032902
06075033001,Census Tract 330.01; San Francisco County; California,3911,06,075,033001
06075033002,Census Tract 330.02; San Francisco County; California,4015,06,075,033002
06075033100,Census Tract 331; San Francisco County; California,3755,06,075,033100
06075033201,Census Tract 332.01; San Francisco County; California,3316,06,075,033201
06075033203,Census Tract 332.03; San Francisco County; California,2895,06,075,033203
06075033204,Census Tract 332.04; San Francisco County; California,3816,06,075,033204
06075035101,Census Tract 351.01; San Francisco County; California,3748,06,075,035101
06075035102,Census Tract 351.02; San Francisco County; California,3755,06,075,035102
06075035201,Census Tract 352.01; San Francisco County; California,5020,06,075,035201
06075035202,Census Tract 352.02; San Francisco County; California,4188,06,075,035202
06075035300,Census Tract 353; San Francisco County; California,6525,06,075,035300
06075035400,Census Tract 354; San Francisco County; California,7140,06,075,035400
06075040100,Census Tract 401; San Francisco County; California,4315,06,075,040100
06075040200,Census Tract 402; San Francisco County; California,4719,06,075,040200
06075042601,Census Tract 426.01; San Francisco County; California,4342,06,075,042601
06075042602,Census Tract 426.02; San Francisco County; California,3202,06,075,042602
06075042700,Census Tract 427; San Francisco County; California,5134,06,075,042700
06075042800,Census Tract 428; San Francisco County; California,2471,06,075,042800
06075045100,Census Tract 451; San Francisco County; California,4713,06,075,045100
06075045201,Census Tract 452.01; San Francisco County; California,3045,06,075,045201
06075045202,Census Tract 452.02; San Francisco County; California,3332,06,075,045202
06075047600,Census Tract 476; San Francisco County; California,5098,06,075,047600
06075047701,Census Tract 477.01; San Francisco County; California,4724,06,075,047701
06075047702,Census Tract 477.02; San Francisco County; California,3135,06,075,047702
06075047801,Census Tract 478.01; San Francisco County; California,4132,06,075,047801
06075047802,Census Tract 478.02; San Francisco County; California,3581,06,075,047802
06075047902,Census Tract 479.02; San Francisco County; California,3236,06,075,047902
06075047903,Census Tract 479.03; San Francisco County; California,3348,06,075,047903
06075047904,Census Tract 479.04; San Francisco County; California,3077,06,075,047904
06075060100,Census Tract 601; San Francisco County; California,3901,06,075,060100
06075060400,Census Tract 604; San Francisco County; California,1935,06,075,060400
06075060502,Census Tract 605.02; San Francisco County; California,2595,06,075,060502
06075060701,Census Tract 607.01; San Francisco County; California,8602,06,075,060701
06075060702,Census Tract 607.02; San Francisco County; California,2608,06,075,060702
06075060703,Census Tract 607.03; San Francisco County; California,6388,06,075,060703
06075061000,Census Tract 610; San Francisco County; California,4295,06,075,061000
06075061101,Census Tract 611.01; San Francisco County; California,1723,06,075,061101
06075061102,Census Tract 611.02; San Francisco County; California,1982,06,075,061102
06075061200,Census Tract 612; San Francisco County; California,4086,06,075,061200
06075061401,Census Tract 614.01; San Francisco County; California,2815,06,075,061401
06075061402,Census Tract 614.02; San Francisco County; California,2760,06,075,061402
06075061501,Census Tract 615.01; San Francisco County; California,1862,06,075,061501
06075061502,Census Tract 615.02; San Francisco County; California,2500,06,075,061502
06075061503,Census Tract 615.03; San Francisco County; California,3552,06,075,061503
06075061504,Census Tract 615.04; San Francisco County; California,2133,06,075,061504
06075061505,Census Tract 615.05; San Francisco County; California,925,06,075,061505
06075061506,Census Tract 615.06; San Francisco County; California,4429,06,075,061506
06075061507,Census Tract 615.07; San Francisco County; California,1387,06,075,061507
06075061508,Census Tract 615.08; San Francisco County; California,2307,06,075,061508
06075980200,Census Tract 9802; San Francisco County; California,160,06,075,980200
06075980300,Census Tract 9803; San Francisco County; California,58,06,075,980300
06075980401,Census Tract 9804.01; San Francisco County; California,0,06,075,980401
06075980501,Census Tract 9805.01; San Francisco County; California,146,06,075,980501
06075980600,Census Tract 9806; San Francisco County; California,1295,06,075,980600
06075980900,Census Tract 9809; San Francisco County; California,439,06,075,980900
06075990100,Census Tract 9901; San Francisco County; California,0,06,075,990100
06075990200,Census Tract 9902; San Francisco County; California,0,06,075,990200
06077000101,Census Tract 1.01; San Joaquin County; California,1968,06,077,000101
06077000102,Census Tract 1.02; San Joaquin County; California,2202,06,077,000102
06077000300,Census Tract 3; San Joaquin County; California,2392,06,077,000300
06077000401,Census Tract 4.01; San Joaquin County; California,2778,06,077,000401
06077000402,Census Tract 4.02; San Joaquin County; California,5195,06,077,000402
06077000500,Census Tract 5; San Joaquin County; California,2819,06,077,000500
06077000600,Census Tract 6; San Joaquin County; California,2209,06,077,000600
06077000700,Census Tract 7; San Joaquin County; California,4892,06,077,000700
06077000802,Census Tract 8.02; San Joaquin County; California,1517,06,077,000802
06077000803,Census Tract 8.03; San Joaquin County; California,5730,06,077,000803
06077000900,Census Tract 9; San Joaquin County; California,5944,06,077,000900
06077001000,Census Tract 10; San Joaquin County; California,5546,06,077,001000
06077001101,Census Tract 11.01; San Joaquin County; California,5311,06,077,001101
06077001102,Census Tract 11.02; San Joaquin County; California,5320,06,077,001102
06077001200,Census Tract 12; San Joaquin County; California,4904,06,077,001200
06077001300,Census Tract 13; San Joaquin County; California,5886,06,077,001300
06077001400,Census Tract 14; San Joaquin County; California,4818,06,077,001400
06077001501,Census Tract 15.01; San Joaquin County; California,5599,06,077,001501
06077001502,Census Tract 15.02; San Joaquin County; California,3837,06,077,001502
06077001600,Census Tract 16; San Joaquin County; California,2505,06,077,001600
06077001700,Census Tract 17; San Joaquin County; California,3893,06,077,001700
06077001800,Census Tract 18; San Joaquin County; California,3606,06,077,001800
06077001900,Census Tract 19; San Joaquin County; California,6107,06,077,001900
06077002000,Census Tract 20; San Joaquin County; California,3818,06,077,002000
06077002100,Census Tract 21; San Joaquin County; California,5796,06,077,002100
06077002201,Census Tract 22.01; San Joaquin County; California,3930,06,077,002201
06077002202,Census Tract 22.02; San Joaquin County; California,5168,06,077,002202
06077002300,Census Tract 23; San Joaquin County; California,4985,06,077,002300
06077002401,Census Tract 24.01; San Joaquin County; California,5215,06,077,002401
06077002402,Census Tract 24.02; San Joaquin County; California,2037,06,077,002402
06077002503,Census Tract 25.03; San Joaquin County; California,2190,06,077,002503
06077002504,Census Tract 25.04; San Joaquin County; California,4492,06,077,002504
06077002701,Census Tract 27.01; San Joaquin County; California,6891,06,077,002701
06077002702,Census Tract 27.02; San Joaquin County; California,3776,06,077,002702
06077002800,Census Tract 28; San Joaquin County; California,6924,06,077,002800
06077003106,Census Tract 31.06; San Joaquin County; California,4526,06,077,003106
06077003108,Census Tract 31.08; San Joaquin County; California,4973,06,077,003108
06077003109,Census Tract 31.09; San Joaquin County; California,5078,06,077,003109
06077003110,Census Tract 31.10; San Joaquin County; California,4532,06,077,003110
06077003111,Census Tract 31.11; San Joaquin County; California,4747,06,077,003111
06077003112,Census Tract 31.12; San Joaquin County; California,2878,06,077,003112
06077003115,Census Tract 31.15; San Joaquin County; California,4029,06,077,003115
06077003116,Census Tract 31.16; San Joaquin County; California,2731,06,077,003116
06077003117,Census Tract 31.17; San Joaquin County; California,3441,06,077,003117
06077003118,Census Tract 31.18; San Joaquin County; California,3305,06,077,003118
06077003119,Census Tract 31.19; San Joaquin County; California,3490,06,077,003119
06077003203,Census Tract 32.03; San Joaquin County; California,4100,06,077,003203
06077003205,Census Tract 32.05; San Joaquin County; California,4823,06,077,003205
06077003209,Census Tract 32.09; San Joaquin County; California,5234,06,077,003209
06077003210,Census Tract 32.10; San Joaquin County; California,2741,06,077,003210
06077003213,Census Tract 32.13; San Joaquin County; California,5243,06,077,003213
06077003214,Census Tract 32.14; San Joaquin County; California,2984,06,077,003214
06077003215,Census Tract 32.15; San Joaquin County; California,4275,06,077,003215
06077003216,Census Tract 32.16; San Joaquin County; California,3652,06,077,003216
06077003217,Census Tract 32.17; San Joaquin County; California,3333,06,077,003217
06077003218,Census Tract 32.18; San Joaquin County; California,3194,06,077,003218
06077003219,Census Tract 32.19; San Joaquin County; California,11405,06,077,003219
06077003305,Census Tract 33.05; San Joaquin County; California,4884,06,077,003305
06077003306,Census Tract 33.06; San Joaquin County; California,4852,06,077,003306
06077003307,Census Tract 33.07; San Joaquin County; California,4672,06,077,003307
06077003308,Census Tract 33.08; San Joaquin County; California,1465,06,077,003308
06077003310,Census Tract 33.10; San Joaquin County; California,4356,06,077,003310
06077003311,Census Tract 33.11; San Joaquin County; California,4202,06,077,003311
06077003312,Census Tract 33.12; San Joaquin County; California,3225,06,077,003312
06077003313,Census Tract 33.13; San Joaquin County; California,3313,06,077,003313
06077003403,Census Tract 34.03; San Joaquin County; California,5381,06,077,003403
06077003404,Census Tract 34.04; San Joaquin County; California,6802,06,077,003404
06077003405,Census Tract 34.05; San Joaquin County; California,3914,06,077,003405
06077003406,Census Tract 34.06; San Joaquin County; California,3392,06,077,003406
06077003407,Census Tract 34.07; San Joaquin County; California,2517,06,077,003407
06077003409,Census Tract 34.09; San Joaquin County; California,4351,06,077,003409
06077003410,Census Tract 34.10; San Joaquin County; California,6634,06,077,003410
06077003501,Census Tract 35.01; San Joaquin County; California,2256,06,077,003501
06077003502,Census Tract 35.02; San Joaquin County; California,2695,06,077,003502
06077003503,Census Tract 35.03; San Joaquin County; California,8989,06,077,003503
06077003504,Census Tract 35.04; San Joaquin County; California,8195,06,077,003504
06077003601,Census Tract 36.01; San Joaquin County; California,2748,06,077,003601
06077003602,Census Tract 36.02; San Joaquin County; California,4293,06,077,003602
06077003700,Census Tract 37; San Joaquin County; California,3375,06,077,003700
06077003803,Census Tract 38.03; San Joaquin County; California,6109,06,077,003803
06077003804,Census Tract 38.04; San Joaquin County; California,5960,06,077,003804
06077003805,Census Tract 38.05; San Joaquin County; California,3099,06,077,003805
06077003806,Census Tract 38.06; San Joaquin County; California,3774,06,077,003806
06077003807,Census Tract 38.07; San Joaquin County; California,3061,06,077,003807
06077003808,Census Tract 38.08; San Joaquin County; California,4360,06,077,003808
06077003900,Census Tract 39; San Joaquin County; California,1305,06,077,003900
06077004001,Census Tract 40.01; San Joaquin County; California,2223,06,077,004001
06077004003,Census Tract 40.03; San Joaquin County; California,4954,06,077,004003
06077004004,Census Tract 40.04; San Joaquin County; California,7684,06,077,004004
06077004104,Census Tract 41.04; San Joaquin County; California,4459,06,077,004104
06077004105,Census Tract 41.05; San Joaquin County; California,5319,06,077,004105
06077004106,Census Tract 41.06; San Joaquin County; California,2823,06,077,004106
06077004107,Census Tract 41.07; San Joaquin County; California,3550,06,077,004107
06077004108,Census Tract 41.08; San Joaquin County; California,8063,06,077,004108
06077004202,Census Tract 42.02; San Joaquin County; California,1765,06,077,004202
06077004203,Census Tract 42.03; San Joaquin County; California,4452,06,077,004203
06077004204,Census Tract 42.04; San Joaquin County; California,2694,06,077,004204
06077004205,Census Tract 42.05; San Joaquin County; California,3236,06,077,004205
06077004206,Census Tract 42.06; San Joaquin County; California,2958,06,077,004206
06077004302,Census Tract 43.02; San Joaquin County; California,6563,06,077,004302
06077004305,Census Tract 43.05; San Joaquin County; California,5518,06,077,004305
06077004307,Census Tract 43.07; San Joaquin County; California,4002,06,077,004307
06077004308,Census Tract 43.08; San Joaquin County; California,3952,06,077,004308
06077004309,Census Tract 43.09; San Joaquin County; California,2475,06,077,004309
06077004310,Census Tract 43.10; San Joaquin County; California,3058,06,077,004310
06077004402,Census Tract 44.02; San Joaquin County; California,6069,06,077,004402
06077004403,Census Tract 44.03; San Joaquin County; California,3628,06,077,004403
06077004404,Census Tract 44.04; San Joaquin County; California,4233,06,077,004404
06077004501,Census Tract 45.01; San Joaquin County; California,2382,06,077,004501
06077004502,Census Tract 45.02; San Joaquin County; California,4311,06,077,004502
06077004600,Census Tract 46; San Joaquin County; California,6663,06,077,004600
06077004701,Census Tract 47.01; San Joaquin County; California,3190,06,077,004701
06077004703,Census Tract 47.03; San Joaquin County; California,3655,06,077,004703
06077004704,Census Tract 47.04; San Joaquin County; California,5575,06,077,004704
06077004800,Census Tract 48; San Joaquin County; California,5333,06,077,004800
06077004903,Census Tract 49.03; San Joaquin County; California,2732,06,077,004903
06077004904,Census Tract 49.04; San Joaquin County; California,4694,06,077,004904
06077004905,Census Tract 49.05; San Joaquin County; California,2819,06,077,004905
06077004906,Census Tract 49.06; San Joaquin County; California,3341,06,077,004906
06077005001,Census Tract 50.01; San Joaquin County; California,6459,06,077,005001
06077005003,Census Tract 50.03; San Joaquin County; California,6709,06,077,005003
06077005004,Census Tract 50.04; San Joaquin County; California,5800,06,077,005004
06077005106,Census Tract 51.06; San Joaquin County; California,15336,06,077,005106
06077005108,Census Tract 51.08; San Joaquin County; California,5273,06,077,005108
06077005109,Census Tract 51.09; San Joaquin County; California,3419,06,077,005109
06077005119,Census Tract 51.19; San Joaquin County; California,12380,06,077,005119
06077005122,Census Tract 51.22; San Joaquin County; California,8151,06,077,005122
06077005123,Census Tract 51.23; San Joaquin County; California,4031,06,077,005123
06077005124,Census Tract 51.24; San Joaquin County; California,3383,06,077,005124
06077005125,Census Tract 51.25; San Joaquin County; California,2213,06,077,005125
06077005126,Census Tract 51.26; San Joaquin County; California,5166,06,077,005126
06077005127,Census Tract 51.27; San Joaquin County; California,7077,06,077,005127
06077005129,Census Tract 51.29; San Joaquin County; California,4266,06,077,005129
06077005130,Census Tract 51.30; San Joaquin County; California,3172,06,077,005130
06077005131,Census Tract 51.31; San Joaquin County; California,6967,06,077,005131
06077005132,Census Tract 51.32; San Joaquin County; California,3002,06,077,005132
06077005133,Census Tract 51.33; San Joaquin County; California,4242,06,077,005133
06077005134,Census Tract 51.34; San Joaquin County; California,5158,06,077,005134
06077005135,Census Tract 51.35; San Joaquin County; California,7945,06,077,005135
06077005136,Census Tract 51.36; San Joaquin County; California,3247,06,077,005136
06077005137,Census Tract 51.37; San Joaquin County; California,9636,06,077,005137
06077005138,Census Tract 51.38; San Joaquin County; California,3128,06,077,005138
06077005139,Census Tract 51.39; San Joaquin County; California,3815,06,077,005139
06077005140,Census Tract 51.40; San Joaquin County; California,3948,06,077,005140
06077005141,Census Tract 51.41; San Joaquin County; California,3418,06,077,005141
06077005208,Census Tract 52.08; San Joaquin County; California,6594,06,077,005208
06077005211,Census Tract 52.11; San Joaquin County; California,4801,06,077,005211
06077005212,Census Tract 52.12; San Joaquin County; California,7945,06,077,005212
06077005213,Census Tract 52.13; San Joaquin County; California,3809,06,077,005213
06077005214,Census Tract 52.14; San Joaquin County; California,11911,06,077,005214
06077005215,Census Tract 52.15; San Joaquin County; California,4568,06,077,005215
06077005216,Census Tract 52.16; San Joaquin County; California,5388,06,077,005216
06077005217,Census Tract 52.17; San Joaquin County; California,3589,06,077,005217
06077005218,Census Tract 52.18; San Joaquin County; California,3470,06,077,005218
06077005219,Census Tract 52.19; San Joaquin County; California,5075,06,077,005219
06077005220,Census Tract 52.20; San Joaquin County; California,2469,06,077,005220
06077005221,Census Tract 52.21; San Joaquin County; California,9357,06,077,005221
06077005222,Census Tract 52.22; San Joaquin County; California,4839,06,077,005222
06077005223,Census Tract 52.23; San Joaquin County; California,11561,06,077,005223
06077005224,Census Tract 52.24; San Joaquin County; California,5624,06,077,005224
06077005225,Census Tract 52.25; San Joaquin County; California,3422,06,077,005225
06077005303,Census Tract 53.03; San Joaquin County; California,6338,06,077,005303
06077005307,Census Tract 53.07; San Joaquin County; California,3188,06,077,005307
06077005308,Census Tract 53.08; San Joaquin County; California,3873,06,077,005308
06077005309,Census Tract 53.09; San Joaquin County; California,2804,06,077,005309
06077005310,Census Tract 53.10; San Joaquin County; California,4171,06,077,005310
06077005311,Census Tract 53.11; San Joaquin County; California,3029,06,077,005311
06077005312,Census Tract 53.12; San Joaquin County; California,3391,06,077,005312
06077005403,Census Tract 54.03; San Joaquin County; California,6431,06,077,005403
06077005405,Census Tract 54.05; San Joaquin County; California,3653,06,077,005405
06077005406,Census Tract 54.06; San Joaquin County; California,3091,06,077,005406
06077005502,Census Tract 55.02; San Joaquin County; California,5279,06,077,005502
06077005503,Census Tract 55.03; San Joaquin County; California,2030,06,077,005503
06077980000,Census Tract 9800; San Joaquin County; California,827,06,077,980000
06079010016,Census Tract 100.16; San Luis Obispo County; California,5532,06,079,010016
06079010017,Census Tract 100.17; San Luis Obispo County; California,4174,06,079,010017
06079010101,Census Tract 101.01; San Luis Obispo County; California,1673,06,079,010101
06079010103,Census Tract 101.03; San Luis Obispo County; California,3786,06,079,010103
06079010104,Census Tract 101.04; San Luis Obispo County; California,3260,06,079,010104
06079010202,Census Tract 102.02; San Luis Obispo County; California,5825,06,079,010202
06079010204,Census Tract 102.04; San Luis Obispo County; California,5307,06,079,010204
06079010205,Census Tract 102.05; San Luis Obispo County; California,5627,06,079,010205
06079010206,Census Tract 102.06; San Luis Obispo County; California,3170,06,079,010206
06079010207,Census Tract 102.07; San Luis Obispo County; California,4088,06,079,010207
06079010301,Census Tract 103.01; San Luis Obispo County; California,3995,06,079,010301
06079010302,Census Tract 103.02; San Luis Obispo County; California,3093,06,079,010302
06079010303,Census Tract 103.03; San Luis Obispo County; California,3109,06,079,010303
06079010403,Census Tract 104.03; San Luis Obispo County; California,3972,06,079,010403
06079010404,Census Tract 104.04; San Luis Obispo County; California,2006,06,079,010404
06079010504,Census Tract 105.04; San Luis Obispo County; California,2427,06,079,010504
06079010505,Census Tract 105.05; San Luis Obispo County; California,3492,06,079,010505
06079010506,Census Tract 105.06; San Luis Obispo County; California,2335,06,079,010506
06079010602,Census Tract 106.02; San Luis Obispo County; California,3934,06,079,010602
06079010603,Census Tract 106.03; San Luis Obispo County; California,1446,06,079,010603
06079010701,Census Tract 107.01; San Luis Obispo County; California,4434,06,079,010701
06079010703,Census Tract 107.03; San Luis Obispo County; California,3684,06,079,010703
06079010707,Census Tract 107.07; San Luis Obispo County; California,5936,06,079,010707
06079010902,Census Tract 109.02; San Luis Obispo County; California,4846,06,079,010902
06079010903,Census Tract 109.03; San Luis Obispo County; California,7350,06,079,010903
06079010904,Census Tract 109.04; San Luis Obispo County; California,2812,06,079,010904
06079011001,Census Tract 110.01; San Luis Obispo County; California,4925,06,079,011001
06079011002,Census Tract 110.02; San Luis Obispo County; California,3206,06,079,011002
06079011101,Census Tract 111.01; San Luis Obispo County; California,3618,06,079,011101
06079011103,Census Tract 111.03; San Luis Obispo County; California,3214,06,079,011103
06079011104,Census Tract 111.04; San Luis Obispo County; California,1952,06,079,011104
06079011105,Census Tract 111.05; San Luis Obispo County; California,3844,06,079,011105
06079011201,Census Tract 112.01; San Luis Obispo County; California,4675,06,079,011201
06079011202,Census Tract 112.02; San Luis Obispo County; California,4399,06,079,011202
06079011300,Census Tract 113; San Luis Obispo County; California,6890,06,079,011300
06079011400,Census Tract 114; San Luis Obispo County; California,2952,06,079,011400
06079011501,Census Tract 115.01; San Luis Obispo County; California,1742,06,079,011501
06079011505,Census Tract 115.05; San Luis Obispo County; California,5040,06,079,011505
06079011600,Census Tract 116; San Luis Obispo County; California,4077,06,079,011600
06079011704,Census Tract 117.04; San Luis Obispo County; California,3161,06,079,011704
06079011705,Census Tract 117.05; San Luis Obispo County; California,1660,06,079,011705
06079011706,Census Tract 117.06; San Luis Obispo County; California,3193,06,079,011706
06079011800,Census Tract 118; San Luis Obispo County; California,7737,06,079,011800
06079011901,Census Tract 119.01; San Luis Obispo County; California,3201,06,079,011901
06079011903,Census Tract 119.03; San Luis Obispo County; California,1980,06,079,011903
06079011904,Census Tract 119.04; San Luis Obispo County; California,6851,06,079,011904
06079012001,Census Tract 120.01; San Luis Obispo County; California,2637,06,079,012001
06079012002,Census Tract 120.02; San Luis Obispo County; California,4621,06,079,012002
06079012102,Census Tract 121.02; San Luis Obispo County; California,5342,06,079,012102
06079012201,Census Tract 122.01; San Luis Obispo County; California,3274,06,079,012201
06079012202,Census Tract 122.02; San Luis Obispo County; California,3364,06,079,012202
06079012302,Census Tract 123.02; San Luis Obispo County; California,6526,06,079,012302
06079012305,Census Tract 123.05; San Luis Obispo County; California,5489,06,079,012305
06079012306,Census Tract 123.06; San Luis Obispo County; California,4634,06,079,012306
06079012403,Census Tract 124.03; San Luis Obispo County; California,3815,06,079,012403
06079012404,Census Tract 124.04; San Luis Obispo County; California,6378,06,079,012404
06079012405,Census Tract 124.05; San Luis Obispo County; California,2722,06,079,012405
06079012406,Census Tract 124.06; San Luis Obispo County; California,4174,06,079,012406
06079012502,Census Tract 125.02; San Luis Obispo County; California,5695,06,079,012502
06079012503,Census Tract 125.03; San Luis Obispo County; California,5936,06,079,012503
06079012505,Census Tract 125.05; San Luis Obispo County; California,4875,06,079,012505
06079012601,Census Tract 126.01; San Luis Obispo County; California,6165,06,079,012601
06079012602,Census Tract 126.02; San Luis Obispo County; California,1532,06,079,012602
06079012705,Census Tract 127.05; San Luis Obispo County; California,6249,06,079,012705
06079012706,Census Tract 127.06; San Luis Obispo County; California,4060,06,079,012706
06079012707,Census Tract 127.07; San Luis Obispo County; California,4440,06,079,012707
06079012708,Census Tract 127.08; San Luis Obispo County; California,1036,06,079,012708
06079013000,Census Tract 130; San Luis Obispo County; California,2486,06,079,013000
06079013100,Census Tract 131; San Luis Obispo County; California,6475,06,079,013100
06079990000,Census Tract 9900; San Luis Obispo County; California,0,06,079,990000
06081600100,Census Tract 6001; San Mateo County; California,5295,06,081,600100
06081600200,Census Tract 6002; San Mateo County; California,5004,06,081,600200
06081600300,Census Tract 6003; San Mateo County; California,4052,06,081,600300
06081600401,Census Tract 6004.01; San Mateo County; California,3131,06,081,600401
06081600402,Census Tract 6004.02; San Mateo County; California,4510,06,081,600402
06081600501,Census Tract 6005.01; San Mateo County; California,3482,06,081,600501
06081600502,Census Tract 6005.02; San Mateo County; California,4196,06,081,600502
06081600600,Census Tract 6006; San Mateo County; California,4480,06,081,600600
06081600701,Census Tract 6007.01; San Mateo County; California,3135,06,081,600701
06081600702,Census Tract 6007.02; San Mateo County; California,2630,06,081,600702
06081600800,Census Tract 6008; San Mateo County; California,7393,06,081,600800
06081600900,Census Tract 6009; San Mateo County; California,3887,06,081,600900
06081601000,Census Tract 6010; San Mateo County; California,7500,06,081,601000
06081601100,Census Tract 6011; San Mateo County; California,6162,06,081,601100
06081601200,Census Tract 6012; San Mateo County; California,6988,06,081,601200
06081601301,Census Tract 6013.01; San Mateo County; California,3662,06,081,601301
06081601302,Census Tract 6013.02; San Mateo County; California,4581,06,081,601302
06081601400,Census Tract 6014; San Mateo County; California,7613,06,081,601400
06081601501,Census Tract 6015.01; San Mateo County; California,5436,06,081,601501
06081601502,Census Tract 6015.02; San Mateo County; California,5046,06,081,601502
06081601601,Census Tract 6016.01; San Mateo County; California,2825,06,081,601601
06081601603,Census Tract 6016.03; San Mateo County; California,5905,06,081,601603
06081601604,Census Tract 6016.04; San Mateo County; California,2461,06,081,601604
06081601605,Census Tract 6016.05; San Mateo County; California,5700,06,081,601605
06081601700,Census Tract 6017; San Mateo County; California,4461,06,081,601700
06081601800,Census Tract 6018; San Mateo County; California,6025,06,081,601800
06081601901,Census Tract 6019.01; San Mateo County; California,3951,06,081,601901
06081601902,Census Tract 6019.02; San Mateo County; California,4960,06,081,601902
06081602001,Census Tract 6020.01; San Mateo County; California,4147,06,081,602001
06081602002,Census Tract 6020.02; San Mateo County; California,3783,06,081,602002
06081602100,Census Tract 6021; San Mateo County; California,3262,06,081,602100
06081602201,Census Tract 6022.01; San Mateo County; California,5250,06,081,602201
06081602202,Census Tract 6022.02; San Mateo County; California,3054,06,081,602202
06081602300,Census Tract 6023; San Mateo County; California,4245,06,081,602300
06081602400,Census Tract 6024; San Mateo County; California,7339,06,081,602400
06081602500,Census Tract 6025; San Mateo County; California,5331,06,081,602500
06081602601,Census Tract 6026.01; San Mateo County; California,3932,06,081,602601
06081602602,Census Tract 6026.02; San Mateo County; California,4289,06,081,602602
06081602700,Census Tract 6027; San Mateo County; California,5792,06,081,602700
06081602800,Census Tract 6028; San Mateo County; California,4892,06,081,602800
06081602900,Census Tract 6029; San Mateo County; California,3533,06,081,602900
06081603000,Census Tract 6030; San Mateo County; California,4361,06,081,603000
06081603100,Census Tract 6031; San Mateo County; California,3377,06,081,603100
06081603200,Census Tract 6032; San Mateo County; California,3600,06,081,603200
06081603300,Census Tract 6033; San Mateo County; California,6413,06,081,603300
06081603400,Census Tract 6034; San Mateo County; California,5306,06,081,603400
06081603700,Census Tract 6037; San Mateo County; California,5356,06,081,603700
06081603801,Census Tract 6038.01; San Mateo County; California,2021,06,081,603801
06081603802,Census Tract 6038.02; San Mateo County; California,5518,06,081,603802
06081603900,Census Tract 6039; San Mateo County; California,5716,06,081,603900
06081604000,Census Tract 6040; San Mateo County; California,3375,06,081,604000
06081604102,Census Tract 6041.02; San Mateo County; California,3030,06,081,604102
06081604103,Census Tract 6041.03; San Mateo County; California,4269,06,081,604103
06081604104,Census Tract 6041.04; San Mateo County; California,3372,06,081,604104
06081604200,Census Tract 6042; San Mateo County; California,3772,06,081,604200
06081604400,Census Tract 6044; San Mateo County; California,5131,06,081,604400
06081604500,Census Tract 6045; San Mateo County; California,3574,06,081,604500
06081604600,Census Tract 6046; San Mateo County; California,2587,06,081,604600
06081604700,Census Tract 6047; San Mateo County; California,2793,06,081,604700
06081604800,Census Tract 6048; San Mateo County; California,5464,06,081,604800
06081604900,Census Tract 6049; San Mateo County; California,3140,06,081,604900
06081605000,Census Tract 6050; San Mateo County; California,8273,06,081,605000
06081605100,Census Tract 6051; San Mateo County; California,3108,06,081,605100
06081605200,Census Tract 6052; San Mateo County; California,3764,06,081,605200
06081605300,Census Tract 6053; San Mateo County; California,4898,06,081,605300
06081605400,Census Tract 6054; San Mateo County; California,6557,06,081,605400
06081605501,Census Tract 6055.01; San Mateo County; California,2918,06,081,605501
06081605502,Census Tract 6055.02; San Mateo County; California,2374,06,081,605502
06081605600,Census Tract 6056; San Mateo County; California,6204,06,081,605600
06081605700,Census Tract 6057; San Mateo County; California,4929,06,081,605700
06081605800,Census Tract 6058; San Mateo County; California,2634,06,081,605800
06081605901,Census Tract 6059.01; San Mateo County; California,2761,06,081,605901
06081605902,Census Tract 6059.02; San Mateo County; California,2974,06,081,605902
06081606000,Census Tract 6060; San Mateo County; California,5538,06,081,606000
06081606100,Census Tract 6061; San Mateo County; California,4967,06,081,606100
06081606201,Census Tract 6062.01; San Mateo County; California,4100,06,081,606201
06081606202,Census Tract 6062.02; San Mateo County; California,3428,06,081,606202
06081606300,Census Tract 6063; San Mateo County; California,3898,06,081,606300
06081606400,Census Tract 6064; San Mateo County; California,4506,06,081,606400
06081606500,Census Tract 6065; San Mateo County; California,3544,06,081,606500
06081606600,Census Tract 6066; San Mateo County; California,3479,06,081,606600
06081606700,Census Tract 6067; San Mateo County; California,2485,06,081,606700
06081606800,Census Tract 6068; San Mateo County; California,3559,06,081,606800
06081606900,Census Tract 6069; San Mateo County; California,2496,06,081,606900
06081607000,Census Tract 6070; San Mateo County; California,3344,06,081,607000
06081607100,Census Tract 6071; San Mateo County; California,2726,06,081,607100
06081607200,Census Tract 6072; San Mateo County; California,4697,06,081,607200
06081607300,Census Tract 6073; San Mateo County; California,3511,06,081,607300
06081607400,Census Tract 6074; San Mateo County; California,4662,06,081,607400
06081607500,Census Tract 6075; San Mateo County; California,6569,06,081,607500
06081607600,Census Tract 6076; San Mateo County; California,4566,06,081,607600
06081607701,Census Tract 6077.01; San Mateo County; California,4609,06,081,607701
06081607702,Census Tract 6077.02; San Mateo County; California,2863,06,081,607702
06081607800,Census Tract 6078; San Mateo County; California,3328,06,081,607800
06081607900,Census Tract 6079; San Mateo County; California,3089,06,081,607900
06081608001,Census Tract 6080.01; San Mateo County; California,3387,06,081,608001
06081608002,Census Tract 6080.02; San Mateo County; California,3665,06,081,608002
06081608013,Census Tract 6080.13; San Mateo County; California,3744,06,081,608013
06081608023,Census Tract 6080.23; San Mateo County; California,2348,06,081,608023
06081608024,Census Tract 6080.24; San Mateo County; California,3200,06,081,608024
06081608025,Census Tract 6080.25; San Mateo County; California,6212,06,081,608025
06081608100,Census Tract 6081; San Mateo County; California,3325,06,081,608100
06081608200,Census Tract 6082; San Mateo County; California,3606,06,081,608200
06081608300,Census Tract 6083; San Mateo County; California,3305,06,081,608300
06081608400,Census Tract 6084; San Mateo County; California,5129,06,081,608400
06081608501,Census Tract 6085.01; San Mateo County; California,5050,06,081,608501
06081608502,Census Tract 6085.02; San Mateo County; California,2623,06,081,608502
06081608600,Census Tract 6086; San Mateo County; California,4484,06,081,608600
06081608700,Census Tract 6087; San Mateo County; California,7142,06,081,608700
06081608800,Census Tract 6088; San Mateo County; California,6046,06,081,608800
06081608900,Census Tract 6089; San Mateo County; California,6953,06,081,608900
06081609000,Census Tract 6090; San Mateo County; California,2983,06,081,609000
06081609100,Census Tract 6091; San Mateo County; California,1541,06,081,609100
06081609201,Census Tract 6092.01; San Mateo County; California,3456,06,081,609201
06081609202,Census Tract 6092.02; San Mateo County; California,5161,06,081,609202
06081609300,Census Tract 6093; San Mateo County; California,3428,06,081,609300
06081609400,Census Tract 6094; San Mateo County; California,3251,06,081,609400
06081609500,Census Tract 6095; San Mateo County; California,4686,06,081,609500
06081609601,Census Tract 6096.01; San Mateo County; California,3460,06,081,609601
06081609602,Census Tract 6096.02; San Mateo County; California,1719,06,081,609602
06081609603,Census Tract 6096.03; San Mateo County; California,4813,06,081,609603
06081609700,Census Tract 6097; San Mateo County; California,4608,06,081,609700
06081609800,Census Tract 6098; San Mateo County; California,4491,06,081,609800
06081609900,Census Tract 6099; San Mateo County; California,2955,06,081,609900
06081610000,Census Tract 6100; San Mateo County; California,4477,06,081,610000
06081610100,Census Tract 6101; San Mateo County; California,2524,06,081,610100
06081610201,Census Tract 6102.01; San Mateo County; California,5596,06,081,610201
06081610202,Census Tract 6102.02; San Mateo County; California,5064,06,081,610202
06081610203,Census Tract 6102.03; San Mateo County; California,2594,06,081,610203
06081610302,Census Tract 6103.02; San Mateo County; California,4823,06,081,610302
06081610303,Census Tract 6103.03; San Mateo County; California,7229,06,081,610303
06081610304,Census Tract 6103.04; San Mateo County; California,4444,06,081,610304
06081610400,Census Tract 6104; San Mateo County; California,5447,06,081,610400
06081610500,Census Tract 6105; San Mateo County; California,4404,06,081,610500
06081610601,Census Tract 6106.01; San Mateo County; California,5919,06,081,610601
06081610602,Census Tract 6106.02; San Mateo County; California,2777,06,081,610602
06081610700,Census Tract 6107; San Mateo County; California,6302,06,081,610700
06081610800,Census Tract 6108; San Mateo County; California,4426,06,081,610800
06081610901,Census Tract 6109.01; San Mateo County; California,2954,06,081,610901
06081610902,Census Tract 6109.02; San Mateo County; California,2819,06,081,610902
06081611000,Census Tract 6110; San Mateo County; California,6515,06,081,611000
06081611100,Census Tract 6111; San Mateo County; California,6347,06,081,611100
06081611200,Census Tract 6112; San Mateo County; California,2838,06,081,611200
06081611300,Census Tract 6113; San Mateo County; California,4827,06,081,611300
06081611400,Census Tract 6114; San Mateo County; California,4215,06,081,611400
06081611500,Census Tract 6115; San Mateo County; California,2778,06,081,611500
06081611600,Census Tract 6116; San Mateo County; California,2431,06,081,611600
06081611700,Census Tract 6117; San Mateo County; California,6627,06,081,611700
06081611800,Census Tract 6118; San Mateo County; California,4822,06,081,611800
06081611901,Census Tract 6119.01; San Mateo County; California,4230,06,081,611901
06081611902,Census Tract 6119.02; San Mateo County; California,7054,06,081,611902
06081612001,Census Tract 6120.01; San Mateo County; California,3864,06,081,612001
06081612002,Census Tract 6120.02; San Mateo County; California,3224,06,081,612002
06081612101,Census Tract 6121.01; San Mateo County; California,3949,06,081,612101
06081612102,Census Tract 6121.02; San Mateo County; California,3129,06,081,612102
06081612500,Census Tract 6125; San Mateo County; California,3937,06,081,612500
06081612600,Census Tract 6126; San Mateo County; California,4317,06,081,612600
06081612700,Census Tract 6127; San Mateo County; California,2078,06,081,612700
06081612800,Census Tract 6128; San Mateo County; California,3126,06,081,612800
06081612900,Census Tract 6129; San Mateo County; California,4517,06,081,612900
06081613000,Census Tract 6130; San Mateo County; California,3245,06,081,613000
06081613200,Census Tract 6132; San Mateo County; California,6481,06,081,613200
06081613300,Census Tract 6133; San Mateo County; California,2801,06,081,613300
06081613400,Census Tract 6134; San Mateo County; California,3077,06,081,613400
06081613501,Census Tract 6135.01; San Mateo County; California,4379,06,081,613501
06081613502,Census Tract 6135.02; San Mateo County; California,5806,06,081,613502
06081613600,Census Tract 6136; San Mateo County; California,5600,06,081,613600
06081613701,Census Tract 6137.01; San Mateo County; California,3796,06,081,613701
06081613702,Census Tract 6137.02; San Mateo County; California,4278,06,081,613702
06081613800,Census Tract 6138; San Mateo County; California,4356,06,081,613800
06081613900,Census Tract 6139; San Mateo County; California,5974,06,081,613900
06081614000,Census Tract 6140; San Mateo County; California,6299,06,081,614000
06081984300,Census Tract 9843; San Mateo County; California,0,06,081,984300
06081990100,Census Tract 9901; San Mateo County; California,0,06,081,990100
06083000101,Census Tract 1.01; Santa Barbara County; California,5769,06,083,000101
06083000102,Census Tract 1.02; Santa Barbara County; California,4830,06,083,000102
06083000103,Census Tract 1.03; Santa Barbara County; California,3990,06,083,000103
06083000201,Census Tract 2.01; Santa Barbara County; California,2616,06,083,000201
06083000202,Census Tract 2.02; Santa Barbara County; California,2028,06,083,000202
06083000301,Census Tract 3.01; Santa Barbara County; California,3440,06,083,000301
06083000302,Census Tract 3.02; Santa Barbara County; California,3946,06,083,000302
06083000400,Census Tract 4; Santa Barbara County; California,5221,06,083,000400
06083000501,Census Tract 5.01; Santa Barbara County; California,3168,06,083,000501
06083000502,Census Tract 5.02; Santa Barbara County; California,5352,06,083,000502
06083000600,Census Tract 6; Santa Barbara County; California,4824,06,083,000600
06083000700,Census Tract 7; Santa Barbara County; California,6546,06,083,000700
06083000801,Census Tract 8.01; Santa Barbara County; California,4120,06,083,000801
06083000805,Census Tract 8.05; Santa Barbara County; California,1263,06,083,000805
06083000806,Census Tract 8.06; Santa Barbara County; California,5628,06,083,000806
06083000900,Census Tract 9; Santa Barbara County; California,3533,06,083,000900
06083001001,Census Tract 10.01; Santa Barbara County; California,3523,06,083,001001
06083001002,Census Tract 10.02; Santa Barbara County; California,2879,06,083,001002
06083001101,Census Tract 11.01; Santa Barbara County; California,4872,06,083,001101
06083001102,Census Tract 11.02; Santa Barbara County; California,4387,06,083,001102
06083001203,Census Tract 12.03; Santa Barbara County; California,3249,06,083,001203
06083001206,Census Tract 12.06; Santa Barbara County; California,3573,06,083,001206
06083001208,Census Tract 12.08; Santa Barbara County; California,4270,06,083,001208
06083001306,Census Tract 13.06; Santa Barbara County; California,3247,06,083,001306
06083001307,Census Tract 13.07; Santa Barbara County; California,3362,06,083,001307
06083001308,Census Tract 13.08; Santa Barbara County; California,3465,06,083,001308
06083001403,Census Tract 14.03; Santa Barbara County; California,1853,06,083,001403
06083001404,Census Tract 14.04; Santa Barbara County; California,1621,06,083,001404
06083001500,Census Tract 15; Santa Barbara County; California,2683,06,083,001500
06083001601,Census Tract 16.01; Santa Barbara County; California,6095,06,083,001601
06083001604,Census Tract 16.04; Santa Barbara County; California,4264,06,083,001604
06083001704,Census Tract 17.04; Santa Barbara County; California,3081,06,083,001704
06083001706,Census Tract 17.06; Santa Barbara County; California,4522,06,083,001706
06083001800,Census Tract 18; Santa Barbara County; California,964,06,083,001800
06083001905,Census Tract 19.05; Santa Barbara County; California,3108,06,083,001905
06083001907,Census Tract 19.07; Santa Barbara County; California,808,06,083,001907
06083001908,Census Tract 19.08; Santa Barbara County; California,5087,06,083,001908
06083001909,Census Tract 19.09; Santa Barbara County; California,3870,06,083,001909
06083001910,Census Tract 19.10; Santa Barbara County; California,2762,06,083,001910
06083001911,Census Tract 19.11; Santa Barbara County; California,1802,06,083,001911
06083001912,Census Tract 19.12; Santa Barbara County; California,5074,06,083,001912
06083002005,Census Tract 20.05; Santa Barbara County; California,5231,06,083,002005
06083002006,Census Tract 20.06; Santa Barbara County; California,2895,06,083,002006
06083002008,Census Tract 20.08; Santa Barbara County; California,6869,06,083,002008
06083002009,Census Tract 20.09; Santa Barbara County; California,4128,06,083,002009
06083002010,Census Tract 20.10; Santa Barbara County; California,4333,06,083,002010
06083002011,Census Tract 20.11; Santa Barbara County; California,6017,06,083,002011
06083002012,Census Tract 20.12; Santa Barbara County; California,2858,06,083,002012
06083002013,Census Tract 20.13; Santa Barbara County; California,2548,06,083,002013
06083002014,Census Tract 20.14; Santa Barbara County; California,6509,06,083,002014
06083002015,Census Tract 20.15; Santa Barbara County; California,3801,06,083,002015
06083002101,Census Tract 21.01; Santa Barbara County; California,5102,06,083,002101
06083002102,Census Tract 21.02; Santa Barbara County; California,1920,06,083,002102
06083002103,Census Tract 21.03; Santa Barbara County; California,6048,06,083,002103
06083002205,Census Tract 22.05; Santa Barbara County; California,5420,06,083,002205
06083002206,Census Tract 22.06; Santa Barbara County; California,5712,06,083,002206
06083002209,Census Tract 22.09; Santa Barbara County; California,3989,06,083,002209
06083002210,Census Tract 22.10; Santa Barbara County; California,6626,06,083,002210
06083002211,Census Tract 22.11; Santa Barbara County; California,5894,06,083,002211
06083002303,Census Tract 23.03; Santa Barbara County; California,5953,06,083,002303
06083002304,Census Tract 23.04; Santa Barbara County; California,6869,06,083,002304
06083002307,Census Tract 23.07; Santa Barbara County; California,5330,06,083,002307
06083002308,Census Tract 23.08; Santa Barbara County; California,3023,06,083,002308
06083002309,Census Tract 23.09; Santa Barbara County; California,3627,06,083,002309
06083002310,Census Tract 23.10; Santa Barbara County; California,3849,06,083,002310
06083002405,Census Tract 24.05; Santa Barbara County; California,3647,06,083,002405
06083002406,Census Tract 24.06; Santa Barbara County; California,4028,06,083,002406
06083002407,Census Tract 24.07; Santa Barbara County; California,4729,06,083,002407
06083002408,Census Tract 24.08; Santa Barbara County; California,2355,06,083,002408
06083002409,Census Tract 24.09; Santa Barbara County; California,10076,06,083,002409
06083002410,Census Tract 24.10; Santa Barbara County; California,5676,06,083,002410
06083002503,Census Tract 25.03; Santa Barbara County; California,2409,06,083,002503
06083002504,Census Tract 25.04; Santa Barbara County; California,6519,06,083,002504
06083002703,Census Tract 27.03; Santa Barbara County; California,3320,06,083,002703
06083002705,Census Tract 27.05; Santa Barbara County; California,4322,06,083,002705
06083002706,Census Tract 27.06; Santa Barbara County; California,6025,06,083,002706
06083002707,Census Tract 27.07; Santa Barbara County; California,2603,06,083,002707
06083002708,Census Tract 27.08; Santa Barbara County; California,2769,06,083,002708
06083002709,Census Tract 27.09; Santa Barbara County; California,4157,06,083,002709
06083002710,Census Tract 27.10; Santa Barbara County; California,4764,06,083,002710
06083002802,Census Tract 28.02; Santa Barbara County; California,7405,06,083,002802
06083002806,Census Tract 28.06; Santa Barbara County; California,2866,06,083,002806
06083002808,Census Tract 28.08; Santa Barbara County; California,6776,06,083,002808
06083002809,Census Tract 28.09; Santa Barbara County; California,5239,06,083,002809
06083002906,Census Tract 29.06; Santa Barbara County; California,4206,06,083,002906
06083002907,Census Tract 29.07; Santa Barbara County; California,4096,06,083,002907
06083002909,Census Tract 29.09; Santa Barbara County; California,5309,06,083,002909
06083002913,Census Tract 29.13; Santa Barbara County; California,4167,06,083,002913
06083002914,Census Tract 29.14; Santa Barbara County; California,3088,06,083,002914
06083002924,Census Tract 29.24; Santa Barbara County; California,6072,06,083,002924
06083002926,Census Tract 29.26; Santa Barbara County; California,4694,06,083,002926
06083002932,Census Tract 29.32; Santa Barbara County; California,2342,06,083,002932
06083002933,Census Tract 29.33; Santa Barbara County; California,7693,06,083,002933
06083002934,Census Tract 29.34; Santa Barbara County; California,3290,06,083,002934
06083002935,Census Tract 29.35; Santa Barbara County; California,3644,06,083,002935
06083002936,Census Tract 29.36; Santa Barbara County; California,3154,06,083,002936
06083002937,Census Tract 29.37; Santa Barbara County; California,2937,06,083,002937
06083003001,Census Tract 30.01; Santa Barbara County; California,6254,06,083,003001
06083003004,Census Tract 30.04; Santa Barbara County; California,4734,06,083,003004
06083003005,Census Tract 30.05; Santa Barbara County; California,4121,06,083,003005
06083003007,Census Tract 30.07; Santa Barbara County; California,3166,06,083,003007
06083003102,Census Tract 31.02; Santa Barbara County; California,3019,06,083,003102
06083980000,Census Tract 9800; Santa Barbara County; California,0,06,083,980000
06083980100,Census Tract 9801; Santa Barbara County; California,5,06,083,980100
06083980200,Census Tract 9802; Santa Barbara County; California,3452,06,083,980200
06083980300,Census Tract 9803; Santa Barbara County; California,6507,06,083,980300
06083980400,Census Tract 9804; Santa Barbara County; California,2790,06,083,980400
06083980500,Census Tract 9805; Santa Barbara County; California,30,06,083,980500
06083990000,Census Tract 9900; Santa Barbara County; California,0,06,083,990000
06085500100,Census Tract 5001; Santa Clara County; California,8285,06,085,500100
06085500200,Census Tract 5002; Santa Clara County; California,5439,06,085,500200
06085500300,Census Tract 5003; Santa Clara County; California,4195,06,085,500300
06085500400,Census Tract 5004; Santa Clara County; California,2678,06,085,500400
06085500500,Census Tract 5005; Santa Clara County; California,5185,06,085,500500
06085500600,Census Tract 5006; Santa Clara County; California,5748,06,085,500600
06085500800,Census Tract 5008; Santa Clara County; California,4834,06,085,500800
06085500901,Census Tract 5009.01; Santa Clara County; California,4298,06,085,500901
06085500902,Census Tract 5009.02; Santa Clara County; California,5377,06,085,500902
06085501000,Census Tract 5010; Santa Clara County; California,4928,06,085,501000
06085501101,Census Tract 5011.01; Santa Clara County; California,3929,06,085,501101
06085501102,Census Tract 5011.02; Santa Clara County; California,4273,06,085,501102
06085501200,Census Tract 5012; Santa Clara County; California,4163,06,085,501200
06085501300,Census Tract 5013; Santa Clara County; California,3932,06,085,501300
06085501401,Census Tract 5014.01; Santa Clara County; California,2902,06,085,501401
06085501402,Census Tract 5014.02; Santa Clara County; California,2703,06,085,501402
06085501501,Census Tract 5015.01; Santa Clara County; California,4403,06,085,501501
06085501502,Census Tract 5015.02; Santa Clara County; California,4350,06,085,501502
06085501601,Census Tract 5016.01; Santa Clara County; California,3558,06,085,501601
06085501602,Census Tract 5016.02; Santa Clara County; California,2911,06,085,501602
06085501700,Census Tract 5017; Santa Clara County; California,4871,06,085,501700
06085501800,Census Tract 5018; Santa Clara County; California,4786,06,085,501800
06085501901,Census Tract 5019.01; Santa Clara County; California,3126,06,085,501901
06085501902,Census Tract 5019.02; Santa Clara County; California,3619,06,085,501902
06085502001,Census Tract 5020.01; Santa Clara County; California,4956,06,085,502001
06085502002,Census Tract 5020.02; Santa Clara County; California,4985,06,085,502002
06085502101,Census Tract 5021.01; Santa Clara County; California,5361,06,085,502101
06085502103,Census Tract 5021.03; Santa Clara County; California,4225,06,085,502103
06085502104,Census Tract 5021.04; Santa Clara County; California,2459,06,085,502104
06085502202,Census Tract 5022.02; Santa Clara County; California,3150,06,085,502202
06085502203,Census Tract 5022.03; Santa Clara County; California,3875,06,085,502203
06085502204,Census Tract 5022.04; Santa Clara County; California,3394,06,085,502204
06085502301,Census Tract 5023.01; Santa Clara County; California,3021,06,085,502301
06085502302,Census Tract 5023.02; Santa Clara County; California,3261,06,085,502302
06085502400,Census Tract 5024; Santa Clara County; California,7107,06,085,502400
06085502500,Census Tract 5025; Santa Clara County; California,6748,06,085,502500
06085502601,Census Tract 5026.01; Santa Clara County; California,3329,06,085,502601
06085502603,Census Tract 5026.03; Santa Clara County; California,2816,06,085,502603
06085502604,Census Tract 5026.04; Santa Clara County; California,4112,06,085,502604
06085502701,Census Tract 5027.01; Santa Clara County; California,5691,06,085,502701
06085502703,Census Tract 5027.03; Santa Clara County; California,4296,06,085,502703
06085502704,Census Tract 5027.04; Santa Clara County; California,4265,06,085,502704
06085502800,Census Tract 5028; Santa Clara County; California,4236,06,085,502800
06085502901,Census Tract 5029.01; Santa Clara County; California,6044,06,085,502901
06085502902,Census Tract 5029.02; Santa Clara County; California,9050,06,085,502902
06085502903,Census Tract 5029.03; Santa Clara County; California,5318,06,085,502903
06085502906,Census Tract 5029.06; Santa Clara County; California,5021,06,085,502906
06085502907,Census Tract 5029.07; Santa Clara County; California,3822,06,085,502907
06085502908,Census Tract 5029.08; Santa Clara County; California,6561,06,085,502908
06085502909,Census Tract 5029.09; Santa Clara County; California,4812,06,085,502909
06085502910,Census Tract 5029.10; Santa Clara County; California,3785,06,085,502910
06085503001,Census Tract 5030.01; Santa Clara County; California,4430,06,085,503001
06085503002,Census Tract 5030.02; Santa Clara County; California,3635,06,085,503002
06085503003,Census Tract 5030.03; Santa Clara County; California,5027,06,085,503003
06085503105,Census Tract 5031.05; Santa Clara County; California,2012,06,085,503105
06085503110,Census Tract 5031.10; Santa Clara County; California,3617,06,085,503110
06085503111,Census Tract 5031.11; Santa Clara County; California,5418,06,085,503111
06085503112,Census Tract 5031.12; Santa Clara County; California,3978,06,085,503112
06085503113,Census Tract 5031.13; Santa Clara County; California,4028,06,085,503113
06085503116,Census Tract 5031.16; Santa Clara County; California,6396,06,085,503116
06085503117,Census Tract 5031.17; Santa Clara County; California,2602,06,085,503117
06085503118,Census Tract 5031.18; Santa Clara County; California,4955,06,085,503118
06085503121,Census Tract 5031.21; Santa Clara County; California,5073,06,085,503121
06085503122,Census Tract 5031.22; Santa Clara County; California,3345,06,085,503122
06085503123,Census Tract 5031.23; Santa Clara County; California,3872,06,085,503123
06085503124,Census Tract 5031.24; Santa Clara County; California,6075,06,085,503124
06085503125,Census Tract 5031.25; Santa Clara County; California,4082,06,085,503125
06085503126,Census Tract 5031.26; Santa Clara County; California,3964,06,085,503126
06085503127,Census Tract 5031.27; Santa Clara County; California,5300,06,085,503127
06085503207,Census Tract 5032.07; Santa Clara County; California,3446,06,085,503207
06085503208,Census Tract 5032.08; Santa Clara County; California,3182,06,085,503208
06085503210,Census Tract 5032.10; Santa Clara County; California,4067,06,085,503210
06085503211,Census Tract 5032.11; Santa Clara County; California,4651,06,085,503211
06085503212,Census Tract 5032.12; Santa Clara County; California,4226,06,085,503212
06085503213,Census Tract 5032.13; Santa Clara County; California,4920,06,085,503213
06085503217,Census Tract 5032.17; Santa Clara County; California,3669,06,085,503217
06085503218,Census Tract 5032.18; Santa Clara County; California,4227,06,085,503218
06085503219,Census Tract 5032.19; Santa Clara County; California,2738,06,085,503219
06085503220,Census Tract 5032.20; Santa Clara County; California,4691,06,085,503220
06085503221,Census Tract 5032.21; Santa Clara County; California,2433,06,085,503221
06085503222,Census Tract 5032.22; Santa Clara County; California,5434,06,085,503222
06085503304,Census Tract 5033.04; Santa Clara County; California,6566,06,085,503304
06085503305,Census Tract 5033.05; Santa Clara County; California,5874,06,085,503305
06085503306,Census Tract 5033.06; Santa Clara County; California,3852,06,085,503306
06085503312,Census Tract 5033.12; Santa Clara County; California,3550,06,085,503312
06085503313,Census Tract 5033.13; Santa Clara County; California,4449,06,085,503313
06085503315,Census Tract 5033.15; Santa Clara County; California,7822,06,085,503315
06085503321,Census Tract 5033.21; Santa Clara County; California,4351,06,085,503321
06085503322,Census Tract 5033.22; Santa Clara County; California,4506,06,085,503322
06085503323,Census Tract 5033.23; Santa Clara County; California,3809,06,085,503323
06085503324,Census Tract 5033.24; Santa Clara County; California,3333,06,085,503324
06085503325,Census Tract 5033.25; Santa Clara County; California,4478,06,085,503325
06085503326,Census Tract 5033.26; Santa Clara County; California,6829,06,085,503326
06085503327,Census Tract 5033.27; Santa Clara County; California,4434,06,085,503327
06085503329,Census Tract 5033.29; Santa Clara County; California,3294,06,085,503329
06085503330,Census Tract 5033.30; Santa Clara County; California,6550,06,085,503330
06085503331,Census Tract 5033.31; Santa Clara County; California,3481,06,085,503331
06085503332,Census Tract 5033.32; Santa Clara County; California,5897,06,085,503332
06085503333,Census Tract 5033.33; Santa Clara County; California,4590,06,085,503333
06085503336,Census Tract 5033.36; Santa Clara County; California,2861,06,085,503336
06085503337,Census Tract 5033.37; Santa Clara County; California,4409,06,085,503337
06085503338,Census Tract 5033.38; Santa Clara County; California,3972,06,085,503338
06085503339,Census Tract 5033.39; Santa Clara County; California,3827,06,085,503339
06085503401,Census Tract 5034.01; Santa Clara County; California,4073,06,085,503401
06085503402,Census Tract 5034.02; Santa Clara County; California,4279,06,085,503402
06085503504,Census Tract 5035.04; Santa Clara County; California,5526,06,085,503504
06085503506,Census Tract 5035.06; Santa Clara County; California,6220,06,085,503506
06085503507,Census Tract 5035.07; Santa Clara County; California,2290,06,085,503507
06085503508,Census Tract 5035.08; Santa Clara County; California,5979,06,085,503508
06085503509,Census Tract 5035.09; Santa Clara County; California,3990,06,085,503509
06085503510,Census Tract 5035.10; Santa Clara County; California,4270,06,085,503510
06085503511,Census Tract 5035.11; Santa Clara County; California,3560,06,085,503511
06085503601,Census Tract 5036.01; Santa Clara County; California,3524,06,085,503601
06085503602,Census Tract 5036.02; Santa Clara County; California,4876,06,085,503602
06085503703,Census Tract 5037.03; Santa Clara County; California,3858,06,085,503703
06085503707,Census Tract 5037.07; Santa Clara County; California,4665,06,085,503707
06085503708,Census Tract 5037.08; Santa Clara County; California,2530,06,085,503708
06085503709,Census Tract 5037.09; Santa Clara County; California,5862,06,085,503709
06085503710,Census Tract 5037.10; Santa Clara County; California,3046,06,085,503710
06085503711,Census Tract 5037.11; Santa Clara County; California,4023,06,085,503711
06085503712,Census Tract 5037.12; Santa Clara County; California,3770,06,085,503712
06085503713,Census Tract 5037.13; Santa Clara County; California,3082,06,085,503713
06085503802,Census Tract 5038.02; Santa Clara County; California,7647,06,085,503802
06085503803,Census Tract 5038.03; Santa Clara County; California,5388,06,085,503803
06085503804,Census Tract 5038.04; Santa Clara County; California,6231,06,085,503804
06085503902,Census Tract 5039.02; Santa Clara County; California,6187,06,085,503902
06085503903,Census Tract 5039.03; Santa Clara County; California,2911,06,085,503903
06085504001,Census Tract 5040.01; Santa Clara County; California,4873,06,085,504001
06085504002,Census Tract 5040.02; Santa Clara County; California,6376,06,085,504002
06085504101,Census Tract 5041.01; Santa Clara County; California,3628,06,085,504101
06085504102,Census Tract 5041.02; Santa Clara County; California,5273,06,085,504102
06085504201,Census Tract 5042.01; Santa Clara County; California,6020,06,085,504201
06085504202,Census Tract 5042.02; Santa Clara County; California,4151,06,085,504202
06085504307,Census Tract 5043.07; Santa Clara County; California,5716,06,085,504307
06085504308,Census Tract 5043.08; Santa Clara County; California,4898,06,085,504308
06085504311,Census Tract 5043.11; Santa Clara County; California,8850,06,085,504311
06085504314,Census Tract 5043.14; Santa Clara County; California,4425,06,085,504314
06085504315,Census Tract 5043.15; Santa Clara County; California,6475,06,085,504315
06085504316,Census Tract 5043.16; Santa Clara County; California,5403,06,085,504316
06085504317,Census Tract 5043.17; Santa Clara County; California,3639,06,085,504317
06085504318,Census Tract 5043.18; Santa Clara County; California,7989,06,085,504318
06085504319,Census Tract 5043.19; Santa Clara County; California,5980,06,085,504319
06085504320,Census Tract 5043.20; Santa Clara County; California,2990,06,085,504320
06085504321,Census Tract 5043.21; Santa Clara County; California,5556,06,085,504321
06085504322,Census Tract 5043.22; Santa Clara County; California,5285,06,085,504322
06085504323,Census Tract 5043.23; Santa Clara County; California,5814,06,085,504323
06085504410,Census Tract 5044.10; Santa Clara County; California,3960,06,085,504410
06085504411,Census Tract 5044.11; Santa Clara County; California,5553,06,085,504411
06085504412,Census Tract 5044.12; Santa Clara County; California,4928,06,085,504412
06085504413,Census Tract 5044.13; Santa Clara County; California,1963,06,085,504413
06085504414,Census Tract 5044.14; Santa Clara County; California,5141,06,085,504414
06085504415,Census Tract 5044.15; Santa Clara County; California,4885,06,085,504415
06085504416,Census Tract 5044.16; Santa Clara County; California,3791,06,085,504416
06085504418,Census Tract 5044.18; Santa Clara County; California,3951,06,085,504418
06085504421,Census Tract 5044.21; Santa Clara County; California,5422,06,085,504421
06085504422,Census Tract 5044.22; Santa Clara County; California,3440,06,085,504422
06085504423,Census Tract 5044.23; Santa Clara County; California,2101,06,085,504423
06085504424,Census Tract 5044.24; Santa Clara County; California,4974,06,085,504424
06085504505,Census Tract 5045.05; Santa Clara County; California,11610,06,085,504505
06085504506,Census Tract 5045.06; Santa Clara County; California,7188,06,085,504506
06085504507,Census Tract 5045.07; Santa Clara County; California,6052,06,085,504507
06085504508,Census Tract 5045.08; Santa Clara County; California,3862,06,085,504508
06085504509,Census Tract 5045.09; Santa Clara County; California,4921,06,085,504509
06085504510,Census Tract 5045.10; Santa Clara County; California,3900,06,085,504510
06085504601,Census Tract 5046.01; Santa Clara County; California,1212,06,085,504601
06085504602,Census Tract 5046.02; Santa Clara County; California,1542,06,085,504602
06085504700,Census Tract 5047; Santa Clara County; California,845,06,085,504700
06085504802,Census Tract 5048.02; Santa Clara County; California,4506,06,085,504802
06085504805,Census Tract 5048.05; Santa Clara County; California,7409,06,085,504805
06085504806,Census Tract 5048.06; Santa Clara County; California,2753,06,085,504806
06085504807,Census Tract 5048.07; Santa Clara County; California,5920,06,085,504807
06085504808,Census Tract 5048.08; Santa Clara County; California,2111,06,085,504808
06085504902,Census Tract 5049.02; Santa Clara County; California,4410,06,085,504902
06085504903,Census Tract 5049.03; Santa Clara County; California,5228,06,085,504903
06085505006,Census Tract 5050.06; Santa Clara County; California,11179,06,085,505006
06085505007,Census Tract 5050.07; Santa Clara County; California,4223,06,085,505007
06085505010,Census Tract 5050.10; Santa Clara County; California,4756,06,085,505010
06085505011,Census Tract 5050.11; Santa Clara County; California,4828,06,085,505011
06085505012,Census Tract 5050.12; Santa Clara County; California,2659,06,085,505012
06085505013,Census Tract 5050.13; Santa Clara County; California,5637,06,085,505013
06085505014,Census Tract 5050.14; Santa Clara County; California,6478,06,085,505014
06085505015,Census Tract 5050.15; Santa Clara County; California,5169,06,085,505015
06085505100,Census Tract 5051; Santa Clara County; California,3993,06,085,505100
06085505202,Census Tract 5052.02; Santa Clara County; California,8273,06,085,505202
06085505203,Census Tract 5052.03; Santa Clara County; California,5725,06,085,505203
06085505301,Census Tract 5053.01; Santa Clara County; California,5414,06,085,505301
06085505302,Census Tract 5053.02; Santa Clara County; California,4958,06,085,505302
06085505303,Census Tract 5053.03; Santa Clara County; California,5877,06,085,505303
06085505304,Census Tract 5053.04; Santa Clara County; California,3499,06,085,505304
06085505305,Census Tract 5053.05; Santa Clara County; California,5672,06,085,505305
06085505401,Census Tract 5054.01; Santa Clara County; California,6607,06,085,505401
06085505402,Census Tract 5054.02; Santa Clara County; California,3051,06,085,505402
06085505403,Census Tract 5054.03; Santa Clara County; California,8136,06,085,505403
06085505500,Census Tract 5055; Santa Clara County; California,4771,06,085,505500
06085505600,Census Tract 5056; Santa Clara County; California,4808,06,085,505600
06085505700,Census Tract 5057; Santa Clara County; California,5636,06,085,505700
06085505800,Census Tract 5058; Santa Clara County; California,3683,06,085,505800
06085505901,Census Tract 5059.01; Santa Clara County; California,4101,06,085,505901
06085505902,Census Tract 5059.02; Santa Clara County; California,3893,06,085,505902
06085506000,Census Tract 5060; Santa Clara County; California,4988,06,085,506000
06085506101,Census Tract 5061.01; Santa Clara County; California,4643,06,085,506101
06085506102,Census Tract 5061.02; Santa Clara County; California,4434,06,085,506102
06085506103,Census Tract 5061.03; Santa Clara County; California,5187,06,085,506103
06085506202,Census Tract 5062.02; Santa Clara County; California,8313,06,085,506202
06085506203,Census Tract 5062.03; Santa Clara County; California,6717,06,085,506203
06085506204,Census Tract 5062.04; Santa Clara County; California,5860,06,085,506204
06085506301,Census Tract 5063.01; Santa Clara County; California,4994,06,085,506301
06085506302,Census Tract 5063.02; Santa Clara County; California,6357,06,085,506302
06085506304,Census Tract 5063.04; Santa Clara County; California,5956,06,085,506304
06085506305,Census Tract 5063.05; Santa Clara County; California,5235,06,085,506305
06085506401,Census Tract 5064.01; Santa Clara County; California,4758,06,085,506401
06085506402,Census Tract 5064.02; Santa Clara County; California,5257,06,085,506402
06085506502,Census Tract 5065.02; Santa Clara County; California,5040,06,085,506502
06085506503,Census Tract 5065.03; Santa Clara County; California,6623,06,085,506503
06085506504,Census Tract 5065.04; Santa Clara County; California,2136,06,085,506504
06085506505,Census Tract 5065.05; Santa Clara County; California,4187,06,085,506505
06085506601,Census Tract 5066.01; Santa Clara County; California,3825,06,085,506601
06085506603,Census Tract 5066.03; Santa Clara County; California,4295,06,085,506603
06085506604,Census Tract 5066.04; Santa Clara County; California,6855,06,085,506604
06085506605,Census Tract 5066.05; Santa Clara County; California,4275,06,085,506605
06085506606,Census Tract 5066.06; Santa Clara County; California,4976,06,085,506606
06085506701,Census Tract 5067.01; Santa Clara County; California,4620,06,085,506701
06085506702,Census Tract 5067.02; Santa Clara County; California,5755,06,085,506702
06085506703,Census Tract 5067.03; Santa Clara County; California,3870,06,085,506703
06085506801,Census Tract 5068.01; Santa Clara County; California,6216,06,085,506801
06085506802,Census Tract 5068.02; Santa Clara County; California,5761,06,085,506802
06085506803,Census Tract 5068.03; Santa Clara County; California,7056,06,085,506803
06085506804,Census Tract 5068.04; Santa Clara County; California,4377,06,085,506804
06085506900,Census Tract 5069; Santa Clara County; California,8160,06,085,506900
06085507002,Census Tract 5070.02; Santa Clara County; California,3325,06,085,507002
06085507003,Census Tract 5070.03; Santa Clara County; California,2895,06,085,507003
06085507004,Census Tract 5070.04; Santa Clara County; California,3844,06,085,507004
06085507100,Census Tract 5071; Santa Clara County; California,2820,06,085,507100
06085507203,Census Tract 5072.03; Santa Clara County; California,3097,06,085,507203
06085507205,Census Tract 5072.05; Santa Clara County; California,4459,06,085,507205
06085507206,Census Tract 5072.06; Santa Clara County; California,2826,06,085,507206
06085507301,Census Tract 5073.01; Santa Clara County; California,6387,06,085,507301
06085507302,Census Tract 5073.02; Santa Clara County; California,2654,06,085,507302
06085507401,Census Tract 5074.01; Santa Clara County; California,5800,06,085,507401
06085507402,Census Tract 5074.02; Santa Clara County; California,3922,06,085,507402
06085507500,Census Tract 5075; Santa Clara County; California,5955,06,085,507500
06085507600,Census Tract 5076; Santa Clara County; California,6144,06,085,507600
06085507701,Census Tract 5077.01; Santa Clara County; California,3788,06,085,507701
06085507702,Census Tract 5077.02; Santa Clara County; California,6464,06,085,507702
06085507704,Census Tract 5077.04; Santa Clara County; California,3367,06,085,507704
06085507705,Census Tract 5077.05; Santa Clara County; California,3953,06,085,507705
06085507805,Census Tract 5078.05; Santa Clara County; California,4888,06,085,507805
06085507806,Census Tract 5078.06; Santa Clara County; California,5657,06,085,507806
06085507807,Census Tract 5078.07; Santa Clara County; California,3115,06,085,507807
06085507808,Census Tract 5078.08; Santa Clara County; California,5720,06,085,507808
06085507903,Census Tract 5079.03; Santa Clara County; California,5037,06,085,507903
06085507904,Census Tract 5079.04; Santa Clara County; California,2963,06,085,507904
06085507905,Census Tract 5079.05; Santa Clara County; California,6596,06,085,507905
06085507906,Census Tract 5079.06; Santa Clara County; California,4499,06,085,507906
06085508003,Census Tract 5080.03; Santa Clara County; California,2236,06,085,508003
06085508004,Census Tract 5080.04; Santa Clara County; California,6131,06,085,508004
06085508005,Census Tract 5080.05; Santa Clara County; California,3835,06,085,508005
06085508006,Census Tract 5080.06; Santa Clara County; California,3817,06,085,508006
06085508101,Census Tract 5081.01; Santa Clara County; California,6679,06,085,508101
06085508102,Census Tract 5081.02; Santa Clara County; California,3693,06,085,508102
06085508203,Census Tract 5082.03; Santa Clara County; California,5511,06,085,508203
06085508204,Census Tract 5082.04; Santa Clara County; California,4725,06,085,508204
06085508205,Census Tract 5082.05; Santa Clara County; California,4334,06,085,508205
06085508206,Census Tract 5082.06; Santa Clara County; California,4048,06,085,508206
06085508301,Census Tract 5083.01; Santa Clara County; California,4461,06,085,508301
06085508303,Census Tract 5083.03; Santa Clara County; California,2647,06,085,508303
06085508305,Census Tract 5083.05; Santa Clara County; California,5284,06,085,508305
06085508306,Census Tract 5083.06; Santa Clara County; California,2980,06,085,508306
06085508401,Census Tract 5084.01; Santa Clara County; California,8061,06,085,508401
06085508403,Census Tract 5084.03; Santa Clara County; California,3176,06,085,508403
06085508404,Census Tract 5084.04; Santa Clara County; California,6312,06,085,508404
06085508503,Census Tract 5085.03; Santa Clara County; California,6020,06,085,508503
06085508505,Census Tract 5085.05; Santa Clara County; California,4833,06,085,508505
06085508507,Census Tract 5085.07; Santa Clara County; California,3388,06,085,508507
06085508508,Census Tract 5085.08; Santa Clara County; California,5873,06,085,508508
06085508509,Census Tract 5085.09; Santa Clara County; California,4240,06,085,508509
06085508510,Census Tract 5085.10; Santa Clara County; California,3606,06,085,508510
06085508601,Census Tract 5086.01; Santa Clara County; California,3914,06,085,508601
06085508602,Census Tract 5086.02; Santa Clara County; California,6074,06,085,508602
06085508705,Census Tract 5087.05; Santa Clara County; California,4452,06,085,508705
06085508706,Census Tract 5087.06; Santa Clara County; California,4295,06,085,508706
06085508707,Census Tract 5087.07; Santa Clara County; California,3907,06,085,508707
06085508708,Census Tract 5087.08; Santa Clara County; California,6682,06,085,508708
06085508800,Census Tract 5088; Santa Clara County; California,3619,06,085,508800
06085508900,Census Tract 5089; Santa Clara County; California,4428,06,085,508900
06085509001,Census Tract 5090.01; Santa Clara County; California,3031,06,085,509001
06085509002,Census Tract 5090.02; Santa Clara County; California,4097,06,085,509002
06085509102,Census Tract 5091.02; Santa Clara County; California,4704,06,085,509102
06085509106,Census Tract 5091.06; Santa Clara County; California,4123,06,085,509106
06085509107,Census Tract 5091.07; Santa Clara County; California,5107,06,085,509107
06085509108,Census Tract 5091.08; Santa Clara County; California,4617,06,085,509108
06085509109,Census Tract 5091.09; Santa Clara County; California,7153,06,085,509109
06085509110,Census Tract 5091.10; Santa Clara County; California,3317,06,085,509110
06085509111,Census Tract 5091.11; Santa Clara County; California,4643,06,085,509111
06085509201,Census Tract 5092.01; Santa Clara County; California,5287,06,085,509201
06085509202,Census Tract 5092.02; Santa Clara County; California,4222,06,085,509202
06085509302,Census Tract 5093.02; Santa Clara County; California,3508,06,085,509302
06085509303,Census Tract 5093.03; Santa Clara County; California,3565,06,085,509303
06085509304,Census Tract 5093.04; Santa Clara County; California,3175,06,085,509304
06085509401,Census Tract 5094.01; Santa Clara County; California,4746,06,085,509401
06085509403,Census Tract 5094.03; Santa Clara County; California,4115,06,085,509403
06085509404,Census Tract 5094.04; Santa Clara County; California,6256,06,085,509404
06085509500,Census Tract 5095; Santa Clara County; California,5617,06,085,509500
06085509600,Census Tract 5096; Santa Clara County; California,3724,06,085,509600
06085509700,Census Tract 5097; Santa Clara County; California,3064,06,085,509700
06085509801,Census Tract 5098.01; Santa Clara County; California,5969,06,085,509801
06085509802,Census Tract 5098.02; Santa Clara County; California,3090,06,085,509802
06085509901,Census Tract 5099.01; Santa Clara County; California,2602,06,085,509901
06085509902,Census Tract 5099.02; Santa Clara County; California,5161,06,085,509902
06085510001,Census Tract 5100.01; Santa Clara County; California,5852,06,085,510001
06085510002,Census Tract 5100.02; Santa Clara County; California,4131,06,085,510002
06085510100,Census Tract 5101; Santa Clara County; California,2792,06,085,510100
06085510200,Census Tract 5102; Santa Clara County; California,4565,06,085,510200
06085510300,Census Tract 5103; Santa Clara County; California,4649,06,085,510300
06085510400,Census Tract 5104; Santa Clara County; California,3495,06,085,510400
06085510500,Census Tract 5105; Santa Clara County; California,4911,06,085,510500
06085510600,Census Tract 5106; Santa Clara County; California,6602,06,085,510600
06085510700,Census Tract 5107; Santa Clara County; California,4740,06,085,510700
06085510801,Census Tract 5108.01; Santa Clara County; California,5244,06,085,510801
06085510802,Census Tract 5108.02; Santa Clara County; California,2014,06,085,510802
06085510803,Census Tract 5108.03; Santa Clara County; California,3406,06,085,510803
06085510900,Census Tract 5109; Santa Clara County; California,4431,06,085,510900
06085511000,Census Tract 5110; Santa Clara County; California,7180,06,085,511000
06085511100,Census Tract 5111; Santa Clara County; California,5379,06,085,511100
06085511200,Census Tract 5112; Santa Clara County; California,4765,06,085,511200
06085511301,Census Tract 5113.01; Santa Clara County; California,4163,06,085,511301
06085511302,Census Tract 5113.02; Santa Clara County; California,3880,06,085,511302
06085511400,Census Tract 5114; Santa Clara County; California,3608,06,085,511400
06085511501,Census Tract 5115.01; Santa Clara County; California,4680,06,085,511501
06085511502,Census Tract 5115.02; Santa Clara County; California,3022,06,085,511502
06085511608,Census Tract 5116.08; Santa Clara County; California,3316,06,085,511608
06085511609,Census Tract 5116.09; Santa Clara County; California,3441,06,085,511609
06085511701,Census Tract 5117.01; Santa Clara County; California,4368,06,085,511701
06085511702,Census Tract 5117.02; Santa Clara County; California,2859,06,085,511702
06085511704,Census Tract 5117.04; Santa Clara County; California,4480,06,085,511704
06085511705,Census Tract 5117.05; Santa Clara County; California,2145,06,085,511705
06085511707,Census Tract 5117.07; Santa Clara County; California,3047,06,085,511707
06085511800,Census Tract 5118; Santa Clara County; California,4289,06,085,511800
06085511905,Census Tract 5119.05; Santa Clara County; California,3084,06,085,511905
06085511907,Census Tract 5119.07; Santa Clara County; California,4096,06,085,511907
06085511910,Census Tract 5119.10; Santa Clara County; California,2992,06,085,511910
06085511911,Census Tract 5119.11; Santa Clara County; California,4601,06,085,511911
06085511912,Census Tract 5119.12; Santa Clara County; California,5286,06,085,511912
06085511913,Census Tract 5119.13; Santa Clara County; California,4282,06,085,511913
06085511914,Census Tract 5119.14; Santa Clara County; California,6287,06,085,511914
06085511915,Census Tract 5119.15; Santa Clara County; California,3754,06,085,511915
06085511916,Census Tract 5119.16; Santa Clara County; California,4483,06,085,511916
06085511917,Census Tract 5119.17; Santa Clara County; California,4379,06,085,511917
06085511918,Census Tract 5119.18; Santa Clara County; California,3243,06,085,511918
06085512001,Census Tract 5120.01; Santa Clara County; California,6102,06,085,512001
06085512005,Census Tract 5120.05; Santa Clara County; California,6650,06,085,512005
06085512019,Census Tract 5120.19; Santa Clara County; California,4380,06,085,512019
06085512021,Census Tract 5120.21; Santa Clara County; California,5782,06,085,512021
06085512022,Census Tract 5120.22; Santa Clara County; California,6275,06,085,512022
06085512023,Census Tract 5120.23; Santa Clara County; California,5346,06,085,512023
06085512024,Census Tract 5120.24; Santa Clara County; California,5288,06,085,512024
06085512025,Census Tract 5120.25; Santa Clara County; California,3062,06,085,512025
06085512026,Census Tract 5120.26; Santa Clara County; California,3734,06,085,512026
06085512027,Census Tract 5120.27; Santa Clara County; California,3908,06,085,512027
06085512029,Census Tract 5120.29; Santa Clara County; California,8115,06,085,512029
06085512030,Census Tract 5120.30; Santa Clara County; California,2898,06,085,512030
06085512031,Census Tract 5120.31; Santa Clara County; California,4099,06,085,512031
06085512032,Census Tract 5120.32; Santa Clara County; California,3754,06,085,512032
06085512034,Census Tract 5120.34; Santa Clara County; California,2997,06,085,512034
06085512035,Census Tract 5120.35; Santa Clara County; California,4519,06,085,512035
06085512036,Census Tract 5120.36; Santa Clara County; California,4768,06,085,512036
06085512037,Census Tract 5120.37; Santa Clara County; California,2989,06,085,512037
06085512038,Census Tract 5120.38; Santa Clara County; California,3217,06,085,512038
06085512039,Census Tract 5120.39; Santa Clara County; California,5717,06,085,512039
06085512042,Census Tract 5120.42; Santa Clara County; California,2830,06,085,512042
06085512043,Census Tract 5120.43; Santa Clara County; California,5266,06,085,512043
06085512045,Census Tract 5120.45; Santa Clara County; California,5086,06,085,512045
06085512047,Census Tract 5120.47; Santa Clara County; California,5315,06,085,512047
06085512052,Census Tract 5120.52; Santa Clara County; California,4491,06,085,512052
06085512053,Census Tract 5120.53; Santa Clara County; California,4815,06,085,512053
06085512054,Census Tract 5120.54; Santa Clara County; California,4457,06,085,512054
06085512055,Census Tract 5120.55; Santa Clara County; California,3595,06,085,512055
06085512056,Census Tract 5120.56; Santa Clara County; California,3807,06,085,512056
06085512057,Census Tract 5120.57; Santa Clara County; California,4385,06,085,512057
06085512058,Census Tract 5120.58; Santa Clara County; California,5561,06,085,512058
06085512059,Census Tract 5120.59; Santa Clara County; California,7000,06,085,512059
06085512100,Census Tract 5121; Santa Clara County; California,1710,06,085,512100
06085512200,Census Tract 5122; Santa Clara County; California,5146,06,085,512200
06085512305,Census Tract 5123.05; Santa Clara County; California,4029,06,085,512305
06085512307,Census Tract 5123.07; Santa Clara County; California,6529,06,085,512307
06085512308,Census Tract 5123.08; Santa Clara County; California,8550,06,085,512308
06085512309,Census Tract 5123.09; Santa Clara County; California,5110,06,085,512309
06085512310,Census Tract 5123.10; Santa Clara County; California,5234,06,085,512310
06085512311,Census Tract 5123.11; Santa Clara County; California,4119,06,085,512311
06085512312,Census Tract 5123.12; Santa Clara County; California,4066,06,085,512312
06085512313,Census Tract 5123.13; Santa Clara County; California,4008,06,085,512313
06085512314,Census Tract 5123.14; Santa Clara County; California,7110,06,085,512314
06085512401,Census Tract 5124.01; Santa Clara County; California,3961,06,085,512401
06085512402,Census Tract 5124.02; Santa Clara County; California,5696,06,085,512402
06085512505,Census Tract 5125.05; Santa Clara County; California,7683,06,085,512505
06085512509,Census Tract 5125.09; Santa Clara County; California,7855,06,085,512509
06085512510,Census Tract 5125.10; Santa Clara County; California,7673,06,085,512510
06085512511,Census Tract 5125.11; Santa Clara County; California,4774,06,085,512511
06085512512,Census Tract 5125.12; Santa Clara County; California,3406,06,085,512512
06085512513,Census Tract 5125.13; Santa Clara County; California,4003,06,085,512513
06085512514,Census Tract 5125.14; Santa Clara County; California,2899,06,085,512514
06085512515,Census Tract 5125.15; Santa Clara County; California,4837,06,085,512515
06085512516,Census Tract 5125.16; Santa Clara County; California,4322,06,085,512516
06085512602,Census Tract 5126.02; Santa Clara County; California,3124,06,085,512602
06085512603,Census Tract 5126.03; Santa Clara County; California,4877,06,085,512603
06085512604,Census Tract 5126.04; Santa Clara County; California,4637,06,085,512604
06085513000,Census Tract 5130; Santa Clara County; California,12324,06,085,513000
06085513500,Census Tract 5135; Santa Clara County; California,1009,06,085,513500
06087100100,Census Tract 1001; Santa Cruz County; California,2389,06,087,100100
06087100200,Census Tract 1002; Santa Cruz County; California,7262,06,087,100200
06087100300,Census Tract 1003; Santa Cruz County; California,4035,06,087,100300
06087100400,Census Tract 1004; Santa Cruz County; California,9802,06,087,100400
06087100500,Census Tract 1005; Santa Cruz County; California,5396,06,087,100500
06087100600,Census Tract 1006; Santa Cruz County; California,2991,06,087,100600
06087100700,Census Tract 1007; Santa Cruz County; California,1883,06,087,100700
06087100801,Census Tract 1008.01; Santa Cruz County; California,3988,06,087,100801
06087100802,Census Tract 1008.02; Santa Cruz County; California,2965,06,087,100802
06087100900,Census Tract 1009; Santa Cruz County; California,3736,06,087,100900
06087101001,Census Tract 1010.01; Santa Cruz County; California,3777,06,087,101001
06087101002,Census Tract 1010.02; Santa Cruz County; California,4366,06,087,101002
06087101100,Census Tract 1011; Santa Cruz County; California,5274,06,087,101100
06087101200,Census Tract 1012; Santa Cruz County; California,3078,06,087,101200
06087110101,Census Tract 1101.01; Santa Cruz County; California,2602,06,087,110101
06087110102,Census Tract 1101.02; Santa Cruz County; California,4333,06,087,110102
06087110201,Census Tract 1102.01; Santa Cruz County; California,3176,06,087,110201
06087110202,Census Tract 1102.02; Santa Cruz County; California,3969,06,087,110202
06087110301,Census Tract 1103.01; Santa Cruz County; California,4096,06,087,110301
06087110302,Census Tract 1103.02; Santa Cruz County; California,3209,06,087,110302
06087110401,Census Tract 1104.01; Santa Cruz County; California,3385,06,087,110401
06087110402,Census Tract 1104.02; Santa Cruz County; California,5066,06,087,110402
06087110503,Census Tract 1105.03; Santa Cruz County; California,3189,06,087,110503
06087110504,Census Tract 1105.04; Santa Cruz County; California,2927,06,087,110504
06087110505,Census Tract 1105.05; Santa Cruz County; California,5016,06,087,110505
06087110506,Census Tract 1105.06; Santa Cruz County; California,3265,06,087,110506
06087110601,Census Tract 1106.01; Santa Cruz County; California,4692,06,087,110601
06087110602,Census Tract 1106.02; Santa Cruz County; California,3237,06,087,110602
06087110700,Census Tract 1107; Santa Cruz County; California,2895,06,087,110700
06087120200,Census Tract 1202; Santa Cruz County; California,4237,06,087,120200
06087120301,Census Tract 1203.01; Santa Cruz County; California,4619,06,087,120301
06087120302,Census Tract 1203.02; Santa Cruz County; California,3616,06,087,120302
06087120400,Census Tract 1204; Santa Cruz County; California,4213,06,087,120400
06087120500,Census Tract 1205; Santa Cruz County; California,5746,06,087,120500
06087120600,Census Tract 1206; Santa Cruz County; California,4659,06,087,120600
06087120700,Census Tract 1207; Santa Cruz County; California,4040,06,087,120700
06087120800,Census Tract 1208; Santa Cruz County; California,6013,06,087,120800
06087120901,Census Tract 1209.01; Santa Cruz County; California,3575,06,087,120901
06087120902,Census Tract 1209.02; Santa Cruz County; California,4718,06,087,120902
06087121000,Census Tract 1210; Santa Cruz County; California,2985,06,087,121000
06087121100,Census Tract 1211; Santa Cruz County; California,2938,06,087,121100
06087121200,Census Tract 1212; Santa Cruz County; California,6913,06,087,121200
06087121300,Census Tract 1213; Santa Cruz County; California,4008,06,087,121300
06087121401,Census Tract 1214.01; Santa Cruz County; California,2963,06,087,121401
06087121402,Census Tract 1214.02; Santa Cruz County; California,4119,06,087,121402
06087121403,Census Tract 1214.03; Santa Cruz County; California,3382,06,087,121403
06087121501,Census Tract 1215.01; Santa Cruz County; California,2705,06,087,121501
06087121502,Census Tract 1215.02; Santa Cruz County; California,2368,06,087,121502
06087121601,Census Tract 1216.01; Santa Cruz County; California,3464,06,087,121601
06087121602,Census Tract 1216.02; Santa Cruz County; California,2529,06,087,121602
06087121701,Census Tract 1217.01; Santa Cruz County; California,4409,06,087,121701
06087121702,Census Tract 1217.02; Santa Cruz County; California,3406,06,087,121702
06087121801,Census Tract 1218.01; Santa Cruz County; California,1536,06,087,121801
06087121802,Census Tract 1218.02; Santa Cruz County; California,2273,06,087,121802
06087122001,Census Tract 1220.01; Santa Cruz County; California,5419,06,087,122001
06087122002,Census Tract 1220.02; Santa Cruz County; California,3398,06,087,122002
06087122004,Census Tract 1220.04; Santa Cruz County; California,2747,06,087,122004
06087122005,Census Tract 1220.05; Santa Cruz County; California,4373,06,087,122005
06087122100,Census Tract 1221; Santa Cruz County; California,3299,06,087,122100
06087122202,Census Tract 1222.02; Santa Cruz County; California,2186,06,087,122202
06087122203,Census Tract 1222.03; Santa Cruz County; California,3912,06,087,122203
06087122204,Census Tract 1222.04; Santa Cruz County; California,3043,06,087,122204
06087122205,Census Tract 1222.05; Santa Cruz County; California,3103,06,087,122205
06087122300,Census Tract 1223; Santa Cruz County; California,3804,06,087,122300
06087122401,Census Tract 1224.01; Santa Cruz County; California,2430,06,087,122401
06087122402,Census Tract 1224.02; Santa Cruz County; California,4275,06,087,122402
06087122500,Census Tract 1225; Santa Cruz County; California,7088,06,087,122500
06087123100,Census Tract 1231; Santa Cruz County; California,2818,06,087,123100
06087123300,Census Tract 1233; Santa Cruz County; California,1598,06,087,123300
06087990100,Census Tract 9901; Santa Cruz County; California,0,06,087,990100
06089010100,Census Tract 101; Shasta County; California,1842,06,089,010100
06089010200,Census Tract 102; Shasta County; California,2285,06,089,010200
06089010300,Census Tract 103; Shasta County; California,4015,06,089,010300
06089010400,Census Tract 104; Shasta County; California,4765,06,089,010400
06089010500,Census Tract 105; Shasta County; California,5025,06,089,010500
06089010601,Census Tract 106.01; Shasta County; California,2576,06,089,010601
06089010602,Census Tract 106.02; Shasta County; California,5537,06,089,010602
06089010603,Census Tract 106.03; Shasta County; California,1054,06,089,010603
06089010702,Census Tract 107.02; Shasta County; California,3415,06,089,010702
06089010703,Census Tract 107.03; Shasta County; California,4277,06,089,010703
06089010704,Census Tract 107.04; Shasta County; California,4227,06,089,010704
06089010803,Census Tract 108.03; Shasta County; California,5456,06,089,010803
06089010804,Census Tract 108.04; Shasta County; California,2261,06,089,010804
06089010805,Census Tract 108.05; Shasta County; California,5443,06,089,010805
06089010806,Census Tract 108.06; Shasta County; California,3103,06,089,010806
06089010807,Census Tract 108.07; Shasta County; California,4385,06,089,010807
06089010900,Census Tract 109; Shasta County; California,4273,06,089,010900
06089011001,Census Tract 110.01; Shasta County; California,1495,06,089,011001
06089011002,Census Tract 110.02; Shasta County; California,4829,06,089,011002
06089011100,Census Tract 111; Shasta County; California,3575,06,089,011100
06089011209,Census Tract 112.09; Shasta County; California,5221,06,089,011209
06089011300,Census Tract 113; Shasta County; California,5133,06,089,011300
06089011401,Census Tract 114.01; Shasta County; California,4265,06,089,011401
06089011402,Census Tract 114.02; Shasta County; California,2892,06,089,011402
06089011403,Census Tract 114.03; Shasta County; California,3426,06,089,011403
06089011501,Census Tract 115.01; Shasta County; California,3457,06,089,011501
06089011502,Census Tract 115.02; Shasta County; California,2641,06,089,011502
06089011600,Census Tract 116; Shasta County; California,3525,06,089,011600
06089011701,Census Tract 117.01; Shasta County; California,2889,06,089,011701
06089011702,Census Tract 117.02; Shasta County; California,3510,06,089,011702
06089011703,Census Tract 117.03; Shasta County; California,2899,06,089,011703
06089011801,Census Tract 118.01; Shasta County; California,3331,06,089,011801
06089011802,Census Tract 118.02; Shasta County; California,2706,06,089,011802
06089011803,Census Tract 118.03; Shasta County; California,2366,06,089,011803
06089011900,Census Tract 119; Shasta County; California,5213,06,089,011900
06089012000,Census Tract 120; Shasta County; California,5287,06,089,012000
06089012101,Census Tract 121.01; Shasta County; California,5359,06,089,012101
06089012102,Census Tract 121.02; Shasta County; California,2255,06,089,012102
06089012200,Census Tract 122; Shasta County; California,6459,06,089,012200
06089012301,Census Tract 123.01; Shasta County; California,2456,06,089,012301
06089012302,Census Tract 123.02; Shasta County; California,5724,06,089,012302
06089012303,Census Tract 123.03; Shasta County; California,3923,06,089,012303
06089012400,Census Tract 124; Shasta County; California,3211,06,089,012400
06089012500,Census Tract 125; Shasta County; California,1302,06,089,012500
06089012603,Census Tract 126.03; Shasta County; California,3838,06,089,012603
06089012604,Census Tract 126.04; Shasta County; California,2302,06,089,012604
06089012605,Census Tract 126.05; Shasta County; California,2077,06,089,012605
06089012606,Census Tract 126.06; Shasta County; California,3323,06,089,012606
06089012701,Census Tract 127.01; Shasta County; California,3858,06,089,012701
06089012702,Census Tract 127.02; Shasta County; California,2750,06,089,012702
06091010000,Census Tract 100; Sierra County; California,2746,06,091,010000
06093000100,Census Tract 1; Siskiyou County; California,1201,06,093,000100
06093000200,Census Tract 2; Siskiyou County; California,1770,06,093,000200
06093000300,Census Tract 3; Siskiyou County; California,4274,06,093,000300
06093000600,Census Tract 6; Siskiyou County; California,1617,06,093,000600
06093000701,Census Tract 7.01; Siskiyou County; California,3889,06,093,000701
06093000702,Census Tract 7.02; Siskiyou County; California,3862,06,093,000702
06093000703,Census Tract 7.03; Siskiyou County; California,3590,06,093,000703
06093000800,Census Tract 8; Siskiyou County; California,3189,06,093,000800
06093000901,Census Tract 9.01; Siskiyou County; California,3756,06,093,000901
06093000902,Census Tract 9.02; Siskiyou County; California,3651,06,093,000902
06093001001,Census Tract 10.01; Siskiyou County; California,1311,06,093,001001
06093001002,Census Tract 10.02; Siskiyou County; California,1548,06,093,001002
06093001003,Census Tract 10.03; Siskiyou County; California,4549,06,093,001003
06093001100,Census Tract 11; Siskiyou County; California,1887,06,093,001100
06093001200,Census Tract 12; Siskiyou County; California,1096,06,093,001200
06093001300,Census Tract 13; Siskiyou County; California,2276,06,093,001300
06095250103,Census Tract 2501.03; Solano County; California,4507,06,095,250103
06095250104,Census Tract 2501.04; Solano County; California,2203,06,095,250104
06095250105,Census Tract 2501.05; Solano County; California,7825,06,095,250105
06095250106,Census Tract 2501.06; Solano County; California,3608,06,095,250106
06095250200,Census Tract 2502; Solano County; California,4385,06,095,250200
06095250300,Census Tract 2503; Solano County; California,3481,06,095,250300
06095250400,Census Tract 2504; Solano County; California,3783,06,095,250400
06095250501,Census Tract 2505.01; Solano County; California,2515,06,095,250501
06095250502,Census Tract 2505.02; Solano County; California,3176,06,095,250502
06095250601,Census Tract 2506.01; Solano County; California,4537,06,095,250601
06095250604,Census Tract 2506.04; Solano County; California,4122,06,095,250604
06095250605,Census Tract 2506.05; Solano County; California,4124,06,095,250605
06095250701,Census Tract 2507.01; Solano County; California,3363,06,095,250701
06095250801,Census Tract 2508.01; Solano County; California,4762,06,095,250801
06095250900,Census Tract 2509; Solano County; California,2906,06,095,250900
06095251000,Census Tract 2510; Solano County; California,2289,06,095,251000
06095251100,Census Tract 2511; Solano County; California,2505,06,095,251100
06095251200,Census Tract 2512; Solano County; California,3228,06,095,251200
06095251300,Census Tract 2513; Solano County; California,3241,06,095,251300
06095251400,Census Tract 2514; Solano County; California,6004,06,095,251400
06095251500,Census Tract 2515; Solano County; California,3436,06,095,251500
06095251600,Census Tract 2516; Solano County; California,2625,06,095,251600
06095251701,Census Tract 2517.01; Solano County; California,3458,06,095,251701
06095251702,Census Tract 2517.02; Solano County; California,2757,06,095,251702
06095251802,Census Tract 2518.02; Solano County; California,3036,06,095,251802
06095251803,Census Tract 2518.03; Solano County; California,4663,06,095,251803
06095251804,Census Tract 2518.04; Solano County; California,3470,06,095,251804
06095251901,Census Tract 2519.01; Solano County; California,5633,06,095,251901
06095251902,Census Tract 2519.02; Solano County; California,5127,06,095,251902
06095251903,Census Tract 2519.03; Solano County; California,5664,06,095,251903
06095252000,Census Tract 2520; Solano County; California,4270,06,095,252000
06095252102,Census Tract 2521.02; Solano County; California,4224,06,095,252102
06095252103,Census Tract 2521.03; Solano County; California,5692,06,095,252103
06095252104,Census Tract 2521.04; Solano County; California,5762,06,095,252104
06095252105,Census Tract 2521.05; Solano County; California,3176,06,095,252105
06095252106,Census Tract 2521.06; Solano County; California,4384,06,095,252106
06095252107,Census Tract 2521.07; Solano County; California,3256,06,095,252107
06095252108,Census Tract 2521.08; Solano County; California,2854,06,095,252108
06095252203,Census Tract 2522.03; Solano County; California,4299,06,095,252203
06095252204,Census Tract 2522.04; Solano County; California,5874,06,095,252204
06095252205,Census Tract 2522.05; Solano County; California,8310,06,095,252205
06095252206,Census Tract 2522.06; Solano County; California,5955,06,095,252206
06095252305,Census Tract 2523.05; Solano County; California,5919,06,095,252305
06095252306,Census Tract 2523.06; Solano County; California,2967,06,095,252306
06095252310,Census Tract 2523.10; Solano County; California,3123,06,095,252310
06095252311,Census Tract 2523.11; Solano County; California,4239,06,095,252311
06095252312,Census Tract 2523.12; Solano County; California,3664,06,095,252312
06095252313,Census Tract 2523.13; Solano County; California,4622,06,095,252313
06095252314,Census Tract 2523.14; Solano County; California,4569,06,095,252314
06095252315,Census Tract 2523.15; Solano County; California,4015,06,095,252315
06095252316,Census Tract 2523.16; Solano County; California,4246,06,095,252316
06095252317,Census Tract 2523.17; Solano County; California,14017,06,095,252317
06095252401,Census Tract 2524.01; Solano County; California,4538,06,095,252401
06095252402,Census Tract 2524.02; Solano County; California,5332,06,095,252402
06095252501,Census Tract 2525.01; Solano County; California,2792,06,095,252501
06095252502,Census Tract 2525.02; Solano County; California,1578,06,095,252502
06095252604,Census Tract 2526.04; Solano County; California,4010,06,095,252604
06095252605,Census Tract 2526.05; Solano County; California,5272,06,095,252605
06095252606,Census Tract 2526.06; Solano County; California,5740,06,095,252606
06095252607,Census Tract 2526.07; Solano County; California,4002,06,095,252607
06095252608,Census Tract 2526.08; Solano County; California,4820,06,095,252608
06095252610,Census Tract 2526.10; Solano County; California,3039,06,095,252610
06095252611,Census Tract 2526.11; Solano County; California,3874,06,095,252611
06095252702,Census Tract 2527.02; Solano County; California,7119,06,095,252702
06095252703,Census Tract 2527.03; Solano County; California,4290,06,095,252703
06095252704,Census Tract 2527.04; Solano County; California,4903,06,095,252704
06095252705,Census Tract 2527.05; Solano County; California,6402,06,095,252705
06095252706,Census Tract 2527.06; Solano County; California,4431,06,095,252706
06095252707,Census Tract 2527.07; Solano County; California,4490,06,095,252707
06095252801,Census Tract 2528.01; Solano County; California,2814,06,095,252801
06095252802,Census Tract 2528.02; Solano County; California,1103,06,095,252802
06095252903,Census Tract 2529.03; Solano County; California,4848,06,095,252903
06095252904,Census Tract 2529.04; Solano County; California,8754,06,095,252904
06095252908,Census Tract 2529.08; Solano County; California,3693,06,095,252908
06095252909,Census Tract 2529.09; Solano County; California,6275,06,095,252909
06095252910,Census Tract 2529.10; Solano County; California,4847,06,095,252910
06095252911,Census Tract 2529.11; Solano County; California,5363,06,095,252911
06095252912,Census Tract 2529.12; Solano County; California,5386,06,095,252912
06095252913,Census Tract 2529.13; Solano County; California,4415,06,095,252913
06095252914,Census Tract 2529.14; Solano County; California,5811,06,095,252914
06095252915,Census Tract 2529.15; Solano County; California,6802,06,095,252915
06095253000,Census Tract 2530; Solano County; California,5777,06,095,253000
06095253101,Census Tract 2531.01; Solano County; California,5303,06,095,253101
06095253105,Census Tract 2531.05; Solano County; California,6407,06,095,253105
06095253106,Census Tract 2531.06; Solano County; California,3569,06,095,253106
06095253107,Census Tract 2531.07; Solano County; California,5776,06,095,253107
06095253108,Census Tract 2531.08; Solano County; California,3854,06,095,253108
06095253201,Census Tract 2532.01; Solano County; California,5122,06,095,253201
06095253203,Census Tract 2532.03; Solano County; California,3992,06,095,253203
06095253205,Census Tract 2532.05; Solano County; California,3286,06,095,253205
06095253206,Census Tract 2532.06; Solano County; California,3957,06,095,253206
06095253207,Census Tract 2532.07; Solano County; California,2606,06,095,253207
06095253208,Census Tract 2532.08; Solano County; California,4574,06,095,253208
06095253300,Census Tract 2533; Solano County; California,3680,06,095,253300
06095253402,Census Tract 2534.02; Solano County; California,8302,06,095,253402
06095253403,Census Tract 2534.03; Solano County; California,5723,06,095,253403
06095253404,Census Tract 2534.04; Solano County; California,5901,06,095,253404
06095253501,Census Tract 2535.01; Solano County; California,6523,06,095,253501
06095253502,Census Tract 2535.02; Solano County; California,4953,06,095,253502
06095980000,Census Tract 9800; Solano County; California,0,06,095,980000
06097150100,Census Tract 1501; Sonoma County; California,1955,06,097,150100
06097150203,Census Tract 1502.03; Sonoma County; California,4891,06,097,150203
06097150204,Census Tract 1502.04; Sonoma County; California,3679,06,097,150204
06097150205,Census Tract 1502.05; Sonoma County; California,4461,06,097,150205
06097150206,Census Tract 1502.06; Sonoma County; California,1293,06,097,150206
06097150303,Census Tract 1503.03; Sonoma County; California,3880,06,097,150303
06097150304,Census Tract 1503.04; Sonoma County; California,6066,06,097,150304
06097150305,Census Tract 1503.05; Sonoma County; California,4916,06,097,150305
06097150306,Census Tract 1503.06; Sonoma County; California,3783,06,097,150306
06097150501,Census Tract 1505.01; Sonoma County; California,3070,06,097,150501
06097150502,Census Tract 1505.02; Sonoma County; California,1756,06,097,150502
06097150601,Census Tract 1506.01; Sonoma County; California,4085,06,097,150601
06097150602,Census Tract 1506.02; Sonoma County; California,4783,06,097,150602
06097150603,Census Tract 1506.03; Sonoma County; California,6645,06,097,150603
06097150607,Census Tract 1506.07; Sonoma County; California,4334,06,097,150607
06097150609,Census Tract 1506.09; Sonoma County; California,5186,06,097,150609
06097150610,Census Tract 1506.10; Sonoma County; California,3647,06,097,150610
06097150611,Census Tract 1506.11; Sonoma County; California,4609,06,097,150611
06097150612,Census Tract 1506.12; Sonoma County; California,4729,06,097,150612
06097150701,Census Tract 1507.01; Sonoma County; California,5332,06,097,150701
06097150702,Census Tract 1507.02; Sonoma County; California,4879,06,097,150702
06097150800,Census Tract 1508; Sonoma County; California,4543,06,097,150800
06097150901,Census Tract 1509.01; Sonoma County; California,4990,06,097,150901
06097150902,Census Tract 1509.02; Sonoma County; California,3629,06,097,150902
06097151000,Census Tract 1510; Sonoma County; California,3479,06,097,151000
06097151100,Census Tract 1511; Sonoma County; California,4897,06,097,151100
06097151203,Census Tract 1512.03; Sonoma County; California,5156,06,097,151203
06097151204,Census Tract 1512.04; Sonoma County; California,3394,06,097,151204
06097151205,Census Tract 1512.05; Sonoma County; California,2310,06,097,151205
06097151206,Census Tract 1512.06; Sonoma County; California,5310,06,097,151206
06097151301,Census Tract 1513.01; Sonoma County; California,3730,06,097,151301
06097151305,Census Tract 1513.05; Sonoma County; California,6713,06,097,151305
06097151306,Census Tract 1513.06; Sonoma County; California,3902,06,097,151306
06097151307,Census Tract 1513.07; Sonoma County; California,4964,06,097,151307
06097151308,Census Tract 1513.08; Sonoma County; California,4915,06,097,151308
06097151309,Census Tract 1513.09; Sonoma County; California,6300,06,097,151309
06097151310,Census Tract 1513.10; Sonoma County; California,5945,06,097,151310
06097151311,Census Tract 1513.11; Sonoma County; California,7596,06,097,151311
06097151403,Census Tract 1514.03; Sonoma County; California,4707,06,097,151403
06097151404,Census Tract 1514.04; Sonoma County; California,3393,06,097,151404
06097151405,Census Tract 1514.05; Sonoma County; California,7667,06,097,151405
06097151406,Census Tract 1514.06; Sonoma County; California,3509,06,097,151406
06097151503,Census Tract 1515.03; Sonoma County; California,3224,06,097,151503
06097151504,Census Tract 1515.04; Sonoma County; California,4126,06,097,151504
06097151505,Census Tract 1515.05; Sonoma County; California,1205,06,097,151505
06097151506,Census Tract 1515.06; Sonoma County; California,5767,06,097,151506
06097151601,Census Tract 1516.01; Sonoma County; California,2532,06,097,151601
06097151602,Census Tract 1516.02; Sonoma County; California,3229,06,097,151602
06097151701,Census Tract 1517.01; Sonoma County; California,3269,06,097,151701
06097151702,Census Tract 1517.02; Sonoma County; California,3916,06,097,151702
06097151800,Census Tract 1518; Sonoma County; California,4781,06,097,151800
06097151900,Census Tract 1519; Sonoma County; California,2585,06,097,151900
06097152000,Census Tract 1520; Sonoma County; California,2441,06,097,152000
06097152100,Census Tract 1521; Sonoma County; California,2901,06,097,152100
06097152201,Census Tract 1522.01; Sonoma County; California,3977,06,097,152201
06097152203,Census Tract 1522.03; Sonoma County; California,3146,06,097,152203
06097152204,Census Tract 1522.04; Sonoma County; California,4339,06,097,152204
06097152205,Census Tract 1522.05; Sonoma County; California,2183,06,097,152205
06097152300,Census Tract 1523; Sonoma County; California,4032,06,097,152300
06097152401,Census Tract 1524.01; Sonoma County; California,4517,06,097,152401
06097152402,Census Tract 1524.02; Sonoma County; California,3334,06,097,152402
06097152501,Census Tract 1525.01; Sonoma County; California,3949,06,097,152501
06097152502,Census Tract 1525.02; Sonoma County; California,3908,06,097,152502
06097152601,Census Tract 1526.01; Sonoma County; California,6492,06,097,152601
06097152602,Census Tract 1526.02; Sonoma County; California,987,06,097,152602
06097152701,Census Tract 1527.01; Sonoma County; California,5043,06,097,152701
06097152702,Census Tract 1527.02; Sonoma County; California,4842,06,097,152702
06097152801,Census Tract 1528.01; Sonoma County; California,4523,06,097,152801
06097152803,Census Tract 1528.03; Sonoma County; California,4704,06,097,152803
06097152804,Census Tract 1528.04; Sonoma County; California,2874,06,097,152804
06097152903,Census Tract 1529.03; Sonoma County; California,5084,06,097,152903
06097152904,Census Tract 1529.04; Sonoma County; California,5393,06,097,152904
06097152905,Census Tract 1529.05; Sonoma County; California,3860,06,097,152905
06097152906,Census Tract 1529.06; Sonoma County; California,6898,06,097,152906
06097153001,Census Tract 1530.01; Sonoma County; California,7253,06,097,153001
06097153002,Census Tract 1530.02; Sonoma County; California,6847,06,097,153002
06097153003,Census Tract 1530.03; Sonoma County; California,5551,06,097,153003
06097153005,Census Tract 1530.05; Sonoma County; California,5962,06,097,153005
06097153006,Census Tract 1530.06; Sonoma County; California,7133,06,097,153006
06097153102,Census Tract 1531.02; Sonoma County; California,5273,06,097,153102
06097153103,Census Tract 1531.03; Sonoma County; California,5112,06,097,153103
06097153104,Census Tract 1531.04; Sonoma County; California,4211,06,097,153104
06097153201,Census Tract 1532.01; Sonoma County; California,4457,06,097,153201
06097153202,Census Tract 1532.02; Sonoma County; California,3246,06,097,153202
06097153301,Census Tract 1533.01; Sonoma County; California,6265,06,097,153301
06097153302,Census Tract 1533.02; Sonoma County; California,5593,06,097,153302
06097153403,Census Tract 1534.03; Sonoma County; California,3715,06,097,153403
06097153404,Census Tract 1534.04; Sonoma County; California,3664,06,097,153404
06097153405,Census Tract 1534.05; Sonoma County; California,3407,06,097,153405
06097153406,Census Tract 1534.06; Sonoma County; California,2466,06,097,153406
06097153501,Census Tract 1535.01; Sonoma County; California,4719,06,097,153501
06097153502,Census Tract 1535.02; Sonoma County; California,3600,06,097,153502
06097153601,Census Tract 1536.01; Sonoma County; California,1726,06,097,153601
06097153602,Census Tract 1536.02; Sonoma County; California,3782,06,097,153602
06097153705,Census Tract 1537.05; Sonoma County; California,3760,06,097,153705
06097153707,Census Tract 1537.07; Sonoma County; California,1523,06,097,153707
06097153708,Census Tract 1537.08; Sonoma County; California,1506,06,097,153708
06097153709,Census Tract 1537.09; Sonoma County; California,1507,06,097,153709
06097153710,Census Tract 1537.10; Sonoma County; California,1966,06,097,153710
06097153711,Census Tract 1537.11; Sonoma County; California,2601,06,097,153711
06097153712,Census Tract 1537.12; Sonoma County; California,2015,06,097,153712
06097153804,Census Tract 1538.04; Sonoma County; California,3471,06,097,153804
06097153806,Census Tract 1538.06; Sonoma County; California,2829,06,097,153806
06097153807,Census Tract 1538.07; Sonoma County; California,3887,06,097,153807
06097153808,Census Tract 1538.08; Sonoma County; California,3509,06,097,153808
06097153809,Census Tract 1538.09; Sonoma County; California,5074,06,097,153809
06097153810,Census Tract 1538.10; Sonoma County; California,3919,06,097,153810
06097153811,Census Tract 1538.11; Sonoma County; California,5011,06,097,153811
06097153902,Census Tract 1539.02; Sonoma County; California,4132,06,097,153902
06097153903,Census Tract 1539.03; Sonoma County; California,3229,06,097,153903
06097153904,Census Tract 1539.04; Sonoma County; California,1708,06,097,153904
06097153905,Census Tract 1539.05; Sonoma County; California,4156,06,097,153905
06097154000,Census Tract 1540; Sonoma County; California,2074,06,097,154000
06097154100,Census Tract 1541; Sonoma County; California,3214,06,097,154100
06097154201,Census Tract 1542.01; Sonoma County; California,3545,06,097,154201
06097154202,Census Tract 1542.02; Sonoma County; California,6604,06,097,154202
06097154304,Census Tract 1543.04; Sonoma County; California,1633,06,097,154304
06097154305,Census Tract 1543.05; Sonoma County; California,1634,06,097,154305
06097154306,Census Tract 1543.06; Sonoma County; California,1757,06,097,154306
06097154307,Census Tract 1543.07; Sonoma County; California,768,06,097,154307
06097154308,Census Tract 1543.08; Sonoma County; California,937,06,097,154308
06097990100,Census Tract 9901; Sonoma County; California,0,06,097,990100
06099000101,Census Tract 1.01; Stanislaus County; California,5561,06,099,000101
06099000102,Census Tract 1.02; Stanislaus County; California,3252,06,099,000102
06099000201,Census Tract 2.01; Stanislaus County; California,6467,06,099,000201
06099000202,Census Tract 2.02; Stanislaus County; California,7848,06,099,000202
06099000204,Census Tract 2.04; Stanislaus County; California,5007,06,099,000204
06099000205,Census Tract 2.05; Stanislaus County; California,4378,06,099,000205
06099000301,Census Tract 3.01; Stanislaus County; California,2082,06,099,000301
06099000302,Census Tract 3.02; Stanislaus County; California,2589,06,099,000302
06099000303,Census Tract 3.03; Stanislaus County; California,6230,06,099,000303
06099000304,Census Tract 3.04; Stanislaus County; California,5244,06,099,000304
06099000403,Census Tract 4.03; Stanislaus County; California,4905,06,099,000403
06099000404,Census Tract 4.04; Stanislaus County; California,5969,06,099,000404
06099000405,Census Tract 4.05; Stanislaus County; California,2682,06,099,000405
06099000406,Census Tract 4.06; Stanislaus County; California,5874,06,099,000406
06099000407,Census Tract 4.07; Stanislaus County; California,3539,06,099,000407
06099000501,Census Tract 5.01; Stanislaus County; California,6995,06,099,000501
06099000503,Census Tract 5.03; Stanislaus County; California,4894,06,099,000503
06099000505,Census Tract 5.05; Stanislaus County; California,5488,06,099,000505
06099000506,Census Tract 5.06; Stanislaus County; California,5083,06,099,000506
06099000511,Census Tract 5.11; Stanislaus County; California,6264,06,099,000511
06099000512,Census Tract 5.12; Stanislaus County; California,3020,06,099,000512
06099000513,Census Tract 5.13; Stanislaus County; California,3925,06,099,000513
06099000514,Census Tract 5.14; Stanislaus County; California,4575,06,099,000514
06099000601,Census Tract 6.01; Stanislaus County; California,4345,06,099,000601
06099000602,Census Tract 6.02; Stanislaus County; California,3075,06,099,000602
06099000801,Census Tract 8.01; Stanislaus County; California,6879,06,099,000801
06099000803,Census Tract 8.03; Stanislaus County; California,5173,06,099,000803
06099000805,Census Tract 8.05; Stanislaus County; California,6015,06,099,000805
06099000806,Census Tract 8.06; Stanislaus County; California,4466,06,099,000806
06099000807,Census Tract 8.07; Stanislaus County; California,3573,06,099,000807
06099000905,Census Tract 9.05; Stanislaus County; California,6602,06,099,000905
06099000906,Census Tract 9.06; Stanislaus County; California,7034,06,099,000906
06099000907,Census Tract 9.07; Stanislaus County; California,3765,06,099,000907
06099000908,Census Tract 9.08; Stanislaus County; California,5004,06,099,000908
06099000909,Census Tract 9.09; Stanislaus County; California,4585,06,099,000909
06099000910,Census Tract 9.10; Stanislaus County; California,6877,06,099,000910
06099000911,Census Tract 9.11; Stanislaus County; California,5084,06,099,000911
06099000913,Census Tract 9.13; Stanislaus County; California,6990,06,099,000913
06099000914,Census Tract 9.14; Stanislaus County; California,5491,06,099,000914
06099000915,Census Tract 9.15; Stanislaus County; California,4004,06,099,000915
06099001001,Census Tract 10.01; Stanislaus County; California,6922,06,099,001001
06099001002,Census Tract 10.02; Stanislaus County; California,3304,06,099,001002
06099001100,Census Tract 11; Stanislaus County; California,5444,06,099,001100
06099001200,Census Tract 12; Stanislaus County; California,3978,06,099,001200
06099001300,Census Tract 13; Stanislaus County; California,6911,06,099,001300
06099001400,Census Tract 14; Stanislaus County; California,7669,06,099,001400
06099001500,Census Tract 15; Stanislaus County; California,7561,06,099,001500
06099001601,Census Tract 16.01; Stanislaus County; California,4617,06,099,001601
06099001603,Census Tract 16.03; Stanislaus County; California,6102,06,099,001603
06099001604,Census Tract 16.04; Stanislaus County; California,3735,06,099,001604
06099001700,Census Tract 17; Stanislaus County; California,2327,06,099,001700
06099001800,Census Tract 18; Stanislaus County; California,2043,06,099,001800
06099001900,Census Tract 19; Stanislaus County; California,5267,06,099,001900
06099002002,Census Tract 20.02; Stanislaus County; California,3781,06,099,002002
06099002004,Census Tract 20.04; Stanislaus County; California,7127,06,099,002004
06099002005,Census Tract 20.05; Stanislaus County; California,3794,06,099,002005
06099002006,Census Tract 20.06; Stanislaus County; California,5852,06,099,002006
06099002100,Census Tract 21; Stanislaus County; California,3245,06,099,002100
06099002200,Census Tract 22; Stanislaus County; California,5408,06,099,002200
06099002302,Census Tract 23.02; Stanislaus County; California,4143,06,099,002302
06099002303,Census Tract 23.03; Stanislaus County; California,5131,06,099,002303
06099002304,Census Tract 23.04; Stanislaus County; California,3036,06,099,002304
06099002401,Census Tract 24.01; Stanislaus County; California,4110,06,099,002401
06099002402,Census Tract 24.02; Stanislaus County; California,5302,06,099,002402
06099002503,Census Tract 25.03; Stanislaus County; California,3936,06,099,002503
06099002504,Census Tract 25.04; Stanislaus County; California,4631,06,099,002504
06099002505,Census Tract 25.05; Stanislaus County; California,5427,06,099,002505
06099002506,Census Tract 25.06; Stanislaus County; California,2022,06,099,002506
06099002602,Census Tract 26.02; Stanislaus County; California,4521,06,099,002602
06099002603,Census Tract 26.03; Stanislaus County; California,3454,06,099,002603
06099002604,Census Tract 26.04; Stanislaus County; California,4773,06,099,002604
06099002605,Census Tract 26.05; Stanislaus County; California,4644,06,099,002605
06099002701,Census Tract 27.01; Stanislaus County; California,4605,06,099,002701
06099002702,Census Tract 27.02; Stanislaus County; California,6951,06,099,002702
06099002801,Census Tract 28.01; Stanislaus County; California,6226,06,099,002801
06099002802,Census Tract 28.02; Stanislaus County; California,7109,06,099,002802
06099002803,Census Tract 28.03; Stanislaus County; California,2999,06,099,002803
06099002901,Census Tract 29.01; Stanislaus County; California,5099,06,099,002901
06099002903,Census Tract 29.03; Stanislaus County; California,6444,06,099,002903
06099002904,Census Tract 29.04; Stanislaus County; California,2739,06,099,002904
06099003002,Census Tract 30.02; Stanislaus County; California,7191,06,099,003002
06099003003,Census Tract 30.03; Stanislaus County; California,7594,06,099,003003
06099003004,Census Tract 30.04; Stanislaus County; California,3244,06,099,003004
06099003100,Census Tract 31; Stanislaus County; California,3795,06,099,003100
06099003201,Census Tract 32.01; Stanislaus County; California,5838,06,099,003201
06099003203,Census Tract 32.03; Stanislaus County; California,6307,06,099,003203
06099003204,Census Tract 32.04; Stanislaus County; California,2288,06,099,003204
06099003205,Census Tract 32.05; Stanislaus County; California,5443,06,099,003205
06099003206,Census Tract 32.06; Stanislaus County; California,5180,06,099,003206
06099003300,Census Tract 33; Stanislaus County; California,6776,06,099,003300
06099003400,Census Tract 34; Stanislaus County; California,1749,06,099,003400
06099003501,Census Tract 35.01; Stanislaus County; California,7342,06,099,003501
06099003502,Census Tract 35.02; Stanislaus County; California,5371,06,099,003502
06099003603,Census Tract 36.03; Stanislaus County; California,4469,06,099,003603
06099003607,Census Tract 36.07; Stanislaus County; California,2686,06,099,003607
06099003608,Census Tract 36.08; Stanislaus County; California,6889,06,099,003608
06099003609,Census Tract 36.09; Stanislaus County; California,3119,06,099,003609
06099003610,Census Tract 36.10; Stanislaus County; California,5538,06,099,003610
06099003611,Census Tract 36.11; Stanislaus County; California,4619,06,099,003611
06099003612,Census Tract 36.12; Stanislaus County; California,7868,06,099,003612
06099003700,Census Tract 37; Stanislaus County; California,5052,06,099,003700
06099003802,Census Tract 38.02; Stanislaus County; California,4834,06,099,003802
06099003803,Census Tract 38.03; Stanislaus County; California,3446,06,099,003803
06099003804,Census Tract 38.04; Stanislaus County; California,6466,06,099,003804
06099003805,Census Tract 38.05; Stanislaus County; California,3356,06,099,003805
06099003904,Census Tract 39.04; Stanislaus County; California,4629,06,099,003904
06099003905,Census Tract 39.05; Stanislaus County; California,4439,06,099,003905
06099003906,Census Tract 39.06; Stanislaus County; California,5221,06,099,003906
06099003907,Census Tract 39.07; Stanislaus County; California,7012,06,099,003907
06099003908,Census Tract 39.08; Stanislaus County; California,3090,06,099,003908
06099003909,Census Tract 39.09; Stanislaus County; California,5946,06,099,003909
06099004000,Census Tract 40; Stanislaus County; California,3971,06,099,004000
06101050101,Census Tract 501.01; Sutter County; California,7470,06,101,050101
06101050102,Census Tract 501.02; Sutter County; California,4233,06,101,050102
06101050201,Census Tract 502.01; Sutter County; California,3580,06,101,050201
06101050202,Census Tract 502.02; Sutter County; California,4769,06,101,050202
06101050301,Census Tract 503.01; Sutter County; California,2365,06,101,050301
06101050302,Census Tract 503.02; Sutter County; California,5807,06,101,050302
06101050401,Census Tract 504.01; Sutter County; California,4551,06,101,050401
06101050402,Census Tract 504.02; Sutter County; California,4920,06,101,050402
06101050403,Census Tract 504.03; Sutter County; California,3204,06,101,050403
06101050501,Census Tract 505.01; Sutter County; California,6568,06,101,050501
06101050503,Census Tract 505.03; Sutter County; California,6835,06,101,050503
06101050504,Census Tract 505.04; Sutter County; California,8357,06,101,050504
06101050601,Census Tract 506.01; Sutter County; California,6627,06,101,050601
06101050603,Census Tract 506.03; Sutter County; California,5189,06,101,050603
06101050604,Census Tract 506.04; Sutter County; California,4657,06,101,050604
06101050701,Census Tract 507.01; Sutter County; California,4423,06,101,050701
06101050702,Census Tract 507.02; Sutter County; California,6573,06,101,050702
06101050800,Census Tract 508; Sutter County; California,2863,06,101,050800
06101050900,Census Tract 509; Sutter County; California,1070,06,101,050900
06101051000,Census Tract 510; Sutter County; California,2457,06,101,051000
06101051100,Census Tract 511; Sutter County; California,2339,06,101,051100
06103000100,Census Tract 1; Tehama County; California,5342,06,103,000100
06103000201,Census Tract 2.01; Tehama County; California,4390,06,103,000201
06103000202,Census Tract 2.02; Tehama County; California,4048,06,103,000202
06103000300,Census Tract 3; Tehama County; California,4865,06,103,000300
06103000400,Census Tract 4; Tehama County; California,5705,06,103,000400
06103000500,Census Tract 5; Tehama County; California,5502,06,103,000500
06103000600,Census Tract 6; Tehama County; California,5669,06,103,000600
06103000701,Census Tract 7.01; Tehama County; California,4939,06,103,000701
06103000702,Census Tract 7.02; Tehama County; California,3618,06,103,000702
06103000800,Census Tract 8; Tehama County; California,4048,06,103,000800
06103000900,Census Tract 9; Tehama County; California,3406,06,103,000900
06103001000,Census Tract 10; Tehama County; California,6784,06,103,001000
06103001101,Census Tract 11.01; Tehama County; California,1736,06,103,001101
06103001102,Census Tract 11.02; Tehama County; California,5115,06,103,001102
06105000101,Census Tract 1.01; Trinity County; California,3629,06,105,000101
06105000102,Census Tract 1.02; Trinity County; California,5071,06,105,000102
06105000200,Census Tract 2; Trinity County; California,2708,06,105,000200
06105000500,Census Tract 5; Trinity County; California,4452,06,105,000500
06107000101,Census Tract 1.01; Tulare County; California,2538,06,107,000101
06107000102,Census Tract 1.02; Tulare County; California,2297,06,107,000102
06107000202,Census Tract 2.02; Tulare County; California,2521,06,107,000202
06107000203,Census Tract 2.03; Tulare County; California,5135,06,107,000203
06107000204,Census Tract 2.04; Tulare County; California,4359,06,107,000204
06107000302,Census Tract 3.02; Tulare County; California,2753,06,107,000302
06107000303,Census Tract 3.03; Tulare County; California,4825,06,107,000303
06107000304,Census Tract 3.04; Tulare County; California,3434,06,107,000304
06107000401,Census Tract 4.01; Tulare County; California,7341,06,107,000401
06107000402,Census Tract 4.02; Tulare County; California,7683,06,107,000402
06107000501,Census Tract 5.01; Tulare County; California,6374,06,107,000501
06107000502,Census Tract 5.02; Tulare County; California,4113,06,107,000502
06107000600,Census Tract 6; Tulare County; California,6027,06,107,000600
06107000701,Census Tract 7.01; Tulare County; California,3064,06,107,000701
06107000702,Census Tract 7.02; Tulare County; California,5488,06,107,000702
06107000801,Census Tract 8.01; Tulare County; California,4641,06,107,000801
06107000802,Census Tract 8.02; Tulare County; California,2762,06,107,000802
06107000901,Census Tract 9.01; Tulare County; California,6368,06,107,000901
06107000902,Census Tract 9.02; Tulare County; California,4430,06,107,000902
06107001005,Census Tract 10.05; Tulare County; California,2801,06,107,001005
06107001006,Census Tract 10.06; Tulare County; California,5307,06,107,001006
06107001007,Census Tract 10.07; Tulare County; California,5429,06,107,001007
06107001008,Census Tract 10.08; Tulare County; California,4905,06,107,001008
06107001009,Census Tract 10.09; Tulare County; California,4517,06,107,001009
06107001010,Census Tract 10.10; Tulare County; California,3651,06,107,001010
06107001011,Census Tract 10.11; Tulare County; California,7396,06,107,001011
06107001012,Census Tract 10.12; Tulare County; California,11302,06,107,001012
06107001101,Census Tract 11.01; Tulare County; California,2731,06,107,001101
06107001102,Census Tract 11.02; Tulare County; California,3866,06,107,001102
06107001200,Census Tract 12; Tulare County; California,1070,06,107,001200
06107001303,Census Tract 13.03; Tulare County; California,4723,06,107,001303
06107001304,Census Tract 13.04; Tulare County; California,5186,06,107,001304
06107001305,Census Tract 13.05; Tulare County; California,2797,06,107,001305
06107001306,Census Tract 13.06; Tulare County; California,5711,06,107,001306
06107001400,Census Tract 14; Tulare County; California,5142,06,107,001400
06107001501,Census Tract 15.01; Tulare County; California,4938,06,107,001501
06107001502,Census Tract 15.02; Tulare County; California,6124,06,107,001502
06107001601,Census Tract 16.01; Tulare County; California,5554,06,107,001601
06107001602,Census Tract 16.02; Tulare County; California,5314,06,107,001602
06107001701,Census Tract 17.01; Tulare County; California,5968,06,107,001701
06107001703,Census Tract 17.03; Tulare County; California,9290,06,107,001703
06107001705,Census Tract 17.05; Tulare County; California,3863,06,107,001705
06107001706,Census Tract 17.06; Tulare County; California,5052,06,107,001706
06107001800,Census Tract 18; Tulare County; California,5281,06,107,001800
06107001901,Census Tract 19.01; Tulare County; California,3399,06,107,001901
06107001902,Census Tract 19.02; Tulare County; California,4403,06,107,001902
06107002002,Census Tract 20.02; Tulare County; California,4822,06,107,002002
06107002003,Census Tract 20.03; Tulare County; California,5542,06,107,002003
06107002004,Census Tract 20.04; Tulare County; California,5362,06,107,002004
06107002006,Census Tract 20.06; Tulare County; California,4621,06,107,002006
06107002008,Census Tract 20.08; Tulare County; California,3076,06,107,002008
06107002009,Census Tract 20.09; Tulare County; California,4964,06,107,002009
06107002010,Census Tract 20.10; Tulare County; California,6417,06,107,002010
06107002011,Census Tract 20.11; Tulare County; California,3445,06,107,002011
06107002100,Census Tract 21; Tulare County; California,2403,06,107,002100
06107002202,Census Tract 22.02; Tulare County; California,5805,06,107,002202
06107002203,Census Tract 22.03; Tulare County; California,5635,06,107,002203
06107002204,Census Tract 22.04; Tulare County; California,7167,06,107,002204
06107002302,Census Tract 23.02; Tulare County; California,4918,06,107,002302
06107002303,Census Tract 23.03; Tulare County; California,5951,06,107,002303
06107002304,Census Tract 23.04; Tulare County; California,1570,06,107,002304
06107002401,Census Tract 24.01; Tulare County; California,6021,06,107,002401
06107002402,Census Tract 24.02; Tulare County; California,4878,06,107,002402
06107002403,Census Tract 24.03; Tulare County; California,7665,06,107,002403
06107002500,Census Tract 25; Tulare County; California,3993,06,107,002500
06107002601,Census Tract 26.01; Tulare County; California,4603,06,107,002601
06107002602,Census Tract 26.02; Tulare County; California,5102,06,107,002602
06107002701,Census Tract 27.01; Tulare County; California,1354,06,107,002701
06107002702,Census Tract 27.02; Tulare County; California,4363,06,107,002702
06107002800,Census Tract 28; Tulare County; California,3702,06,107,002800
06107002901,Census Tract 29.01; Tulare County; California,3298,06,107,002901
06107002903,Census Tract 29.03; Tulare County; California,5840,06,107,002903
06107002904,Census Tract 29.04; Tulare County; California,6437,06,107,002904
06107003001,Census Tract 30.01; Tulare County; California,4201,06,107,003001
06107003002,Census Tract 30.02; Tulare County; California,3930,06,107,003002
06107003100,Census Tract 31; Tulare County; California,3119,06,107,003100
06107003201,Census Tract 32.01; Tulare County; California,3940,06,107,003201
06107003202,Census Tract 32.02; Tulare County; California,2056,06,107,003202
06107003301,Census Tract 33.01; Tulare County; California,4390,06,107,003301
06107003302,Census Tract 33.02; Tulare County; California,2620,06,107,003302
06107003401,Census Tract 34.01; Tulare County; California,4830,06,107,003401
06107003402,Census Tract 34.02; Tulare County; California,2821,06,107,003402
06107003501,Census Tract 35.01; Tulare County; California,2681,06,107,003501
06107003503,Census Tract 35.03; Tulare County; California,5242,06,107,003503
06107003504,Census Tract 35.04; Tulare County; California,6342,06,107,003504
06107003601,Census Tract 36.01; Tulare County; California,8097,06,107,003601
06107003602,Census Tract 36.02; Tulare County; California,8454,06,107,003602
06107003700,Census Tract 37; Tulare County; California,6879,06,107,003700
06107003801,Census Tract 38.01; Tulare County; California,4350,06,107,003801
06107003802,Census Tract 38.02; Tulare County; California,4696,06,107,003802
06107003902,Census Tract 39.02; Tulare County; California,5970,06,107,003902
06107003903,Census Tract 39.03; Tulare County; California,3175,06,107,003903
06107003904,Census Tract 39.04; Tulare County; California,3275,06,107,003904
06107004000,Census Tract 40; Tulare County; California,37,06,107,004000
06107004102,Census Tract 41.02; Tulare County; California,2397,06,107,004102
06107004103,Census Tract 41.03; Tulare County; California,4030,06,107,004103
06107004104,Census Tract 41.04; Tulare County; California,5234,06,107,004104
06107004200,Census Tract 42; Tulare County; California,6690,06,107,004200
06107004301,Census Tract 43.01; Tulare County; California,2722,06,107,004301
06107004302,Census Tract 43.02; Tulare County; California,2141,06,107,004302
06107004401,Census Tract 44.01; Tulare County; California,3685,06,107,004401
06107004402,Census Tract 44.02; Tulare County; California,3654,06,107,004402
06107004500,Census Tract 45; Tulare County; California,6208,06,107,004500
06109001100,Census Tract 11; Tuolumne County; California,4339,06,109,001100
06109001200,Census Tract 12; Tuolumne County; California,3141,06,109,001200
06109002101,Census Tract 21.01; Tuolumne County; California,2690,06,109,002101
06109002102,Census Tract 21.02; Tuolumne County; California,1564,06,109,002102
06109002201,Census Tract 22.01; Tuolumne County; California,5907,06,109,002201
06109002202,Census Tract 22.02; Tuolumne County; California,3305,06,109,002202
06109003101,Census Tract 31.01; Tuolumne County; California,2406,06,109,003101
06109003102,Census Tract 31.02; Tuolumne County; California,2696,06,109,003102
06109003103,Census Tract 31.03; Tuolumne County; California,819,06,109,003103
06109003200,Census Tract 32; Tuolumne County; California,5739,06,109,003200
06109004101,Census Tract 41.01; Tuolumne County; California,2402,06,109,004101
06109004102,Census Tract 41.02; Tuolumne County; California,2651,06,109,004102
06109004201,Census Tract 42.01; Tuolumne County; California,1617,06,109,004201
06109004202,Census Tract 42.02; Tuolumne County; California,2217,06,109,004202
06109005101,Census Tract 51.01; Tuolumne County; California,5371,06,109,005101
06109005102,Census Tract 51.02; Tuolumne County; California,3121,06,109,005102
06109005201,Census Tract 52.01; Tuolumne County; California,2478,06,109,005201
06109985202,Census Tract 9852.02; Tuolumne County; California,2035,06,109,985202
06111000302,Census Tract 3.02; Ventura County; California,9118,06,111,000302
06111000303,Census Tract 3.03; Ventura County; California,5206,06,111,000303
06111000304,Census Tract 3.04; Ventura County; California,4492,06,111,000304
06111000400,Census Tract 4; Ventura County; California,7762,06,111,000400
06111000500,Census Tract 5; Ventura County; California,1515,06,111,000500
06111000600,Census Tract 6; Ventura County; California,6096,06,111,000600
06111000701,Census Tract 7.01; Ventura County; California,7432,06,111,000701
06111000702,Census Tract 7.02; Ventura County; California,2938,06,111,000702
06111000800,Census Tract 8; Ventura County; California,7999,06,111,000800
06111000901,Census Tract 9.01; Ventura County; California,2615,06,111,000901
06111000902,Census Tract 9.02; Ventura County; California,2551,06,111,000902
06111000903,Census Tract 9.03; Ventura County; California,5579,06,111,000903
06111001002,Census Tract 10.02; Ventura County; California,6669,06,111,001002
06111001101,Census Tract 11.01; Ventura County; California,4764,06,111,001101
06111001102,Census Tract 11.02; Ventura County; California,3682,06,111,001102
06111001201,Census Tract 12.01; Ventura County; California,5811,06,111,001201
06111001202,Census Tract 12.02; Ventura County; California,6900,06,111,001202
06111001204,Census Tract 12.04; Ventura County; California,2579,06,111,001204
06111001302,Census Tract 13.02; Ventura County; California,2861,06,111,001302
06111001303,Census Tract 13.03; Ventura County; California,4873,06,111,001303
06111001304,Census Tract 13.04; Ventura County; California,2824,06,111,001304
06111001401,Census Tract 14.01; Ventura County; California,4080,06,111,001401
06111001402,Census Tract 14.02; Ventura County; California,5500,06,111,001402
06111001506,Census Tract 15.06; Ventura County; California,4868,06,111,001506
06111001507,Census Tract 15.07; Ventura County; California,4949,06,111,001507
06111001508,Census Tract 15.08; Ventura County; California,4427,06,111,001508
06111001509,Census Tract 15.09; Ventura County; California,4641,06,111,001509
06111001510,Census Tract 15.10; Ventura County; California,3198,06,111,001510
06111001511,Census Tract 15.11; Ventura County; California,2457,06,111,001511
06111001602,Census Tract 16.02; Ventura County; California,2453,06,111,001602
06111001801,Census Tract 18.01; Ventura County; California,3867,06,111,001801
06111001901,Census Tract 19.01; Ventura County; California,3329,06,111,001901
06111002000,Census Tract 20; Ventura County; California,2462,06,111,002000
06111002102,Census Tract 21.02; Ventura County; California,1484,06,111,002102
06111002200,Census Tract 22; Ventura County; California,6241,06,111,002200
06111002301,Census Tract 23.01; Ventura County; California,2450,06,111,002301
06111002302,Census Tract 23.02; Ventura County; California,4938,06,111,002302
06111002400,Census Tract 24; Ventura County; California,2902,06,111,002400
06111002500,Census Tract 25; Ventura County; California,4383,06,111,002500
06111002600,Census Tract 26; Ventura County; California,3275,06,111,002600
06111002700,Census Tract 27; Ventura County; California,4721,06,111,002700
06111002800,Census Tract 28; Ventura County; California,6672,06,111,002800
06111002901,Census Tract 29.01; Ventura County; California,5680,06,111,002901
06111002905,Census Tract 29.05; Ventura County; California,5193,06,111,002905
06111003010,Census Tract 30.10; Ventura County; California,2940,06,111,003010
06111003011,Census Tract 30.11; Ventura County; California,6784,06,111,003011
06111003013,Census Tract 30.13; Ventura County; California,4995,06,111,003013
06111003101,Census Tract 31.01; Ventura County; California,4674,06,111,003101
06111003102,Census Tract 31.02; Ventura County; California,4125,06,111,003102
06111003201,Census Tract 32.01; Ventura County; California,4147,06,111,003201
06111003301,Census Tract 33.01; Ventura County; California,2698,06,111,003301
06111003302,Census Tract 33.02; Ventura County; California,6317,06,111,003302
06111003608,Census Tract 36.08; Ventura County; California,3351,06,111,003608
06111003613,Census Tract 36.13; Ventura County; California,4938,06,111,003613
06111003614,Census Tract 36.14; Ventura County; California,4193,06,111,003614
06111003615,Census Tract 36.15; Ventura County; California,2310,06,111,003615
06111003616,Census Tract 36.16; Ventura County; California,3803,06,111,003616
06111003617,Census Tract 36.17; Ventura County; California,1675,06,111,003617
06111003618,Census Tract 36.18; Ventura County; California,2065,06,111,003618
06111003700,Census Tract 37; Ventura County; California,5971,06,111,003700
06111003801,Census Tract 38.01; Ventura County; California,5001,06,111,003801
06111003802,Census Tract 38.02; Ventura County; California,2874,06,111,003802
06111003901,Census Tract 39.01; Ventura County; California,3206,06,111,003901
06111003902,Census Tract 39.02; Ventura County; California,4156,06,111,003902
06111004000,Census Tract 40; Ventura County; California,6609,06,111,004000
06111004101,Census Tract 41.01; Ventura County; California,6785,06,111,004101
06111004200,Census Tract 42; Ventura County; California,5276,06,111,004200
06111004304,Census Tract 43.04; Ventura County; California,6809,06,111,004304
06111004305,Census Tract 43.05; Ventura County; California,2193,06,111,004305
06111004400,Census Tract 44; Ventura County; California,7304,06,111,004400
06111004503,Census Tract 45.03; Ventura County; California,4321,06,111,004503
06111004504,Census Tract 45.04; Ventura County; California,4821,06,111,004504
06111004505,Census Tract 45.05; Ventura County; California,2569,06,111,004505
06111004507,Census Tract 45.07; Ventura County; California,3428,06,111,004507
06111004508,Census Tract 45.08; Ventura County; California,3814,06,111,004508
06111004600,Census Tract 46; Ventura County; California,1860,06,111,004600
06111004704,Census Tract 47.04; Ventura County; California,1705,06,111,004704
06111004710,Census Tract 47.10; Ventura County; California,5623,06,111,004710
06111004711,Census Tract 47.11; Ventura County; California,2979,06,111,004711
06111004715,Census Tract 47.15; Ventura County; California,4239,06,111,004715
06111004716,Census Tract 47.16; Ventura County; California,4188,06,111,004716
06111004717,Census Tract 47.17; Ventura County; California,4137,06,111,004717
06111004901,Census Tract 49.01; Ventura County; California,7283,06,111,004901
06111004902,Census Tract 49.02; Ventura County; California,3799,06,111,004902
06111005002,Census Tract 50.02; Ventura County; California,3161,06,111,005002
06111005004,Census Tract 50.04; Ventura County; California,9464,06,111,005004
06111005005,Census Tract 50.05; Ventura County; California,4789,06,111,005005
06111005006,Census Tract 50.06; Ventura County; California,3269,06,111,005006
06111005202,Census Tract 52.02; Ventura County; California,2474,06,111,005202
06111005203,Census Tract 52.03; Ventura County; California,5226,06,111,005203
06111005204,Census Tract 52.04; Ventura County; California,3541,06,111,005204
06111005205,Census Tract 52.05; Ventura County; California,8350,06,111,005205
06111005304,Census Tract 53.04; Ventura County; California,5600,06,111,005304
06111005305,Census Tract 53.05; Ventura County; California,5538,06,111,005305
06111005306,Census Tract 53.06; Ventura County; California,4771,06,111,005306
06111005307,Census Tract 53.07; Ventura County; California,6081,06,111,005307
06111005308,Census Tract 53.08; Ventura County; California,2966,06,111,005308
06111005401,Census Tract 54.01; Ventura County; California,4042,06,111,005401
06111005403,Census Tract 54.03; Ventura County; California,2610,06,111,005403
06111005404,Census Tract 54.04; Ventura County; California,3848,06,111,005404
06111005502,Census Tract 55.02; Ventura County; California,5532,06,111,005502
06111005503,Census Tract 55.03; Ventura County; California,4070,06,111,005503
06111005504,Census Tract 55.04; Ventura County; California,4222,06,111,005504
06111005601,Census Tract 56.01; Ventura County; California,6378,06,111,005601
06111005602,Census Tract 56.02; Ventura County; California,5024,06,111,005602
06111005700,Census Tract 57; Ventura County; California,2567,06,111,005700
06111005801,Census Tract 58.01; Ventura County; California,5196,06,111,005801
06111005803,Census Tract 58.03; Ventura County; California,3469,06,111,005803
06111005804,Census Tract 58.04; Ventura County; California,4843,06,111,005804
06111005901,Census Tract 59.01; Ventura County; California,5360,06,111,005901
06111005906,Census Tract 59.06; Ventura County; California,6531,06,111,005906
06111005907,Census Tract 59.07; Ventura County; California,3020,06,111,005907
06111005908,Census Tract 59.08; Ventura County; California,2725,06,111,005908
06111005909,Census Tract 59.09; Ventura County; California,4102,06,111,005909
06111005910,Census Tract 59.10; Ventura County; California,1824,06,111,005910
06111005911,Census Tract 59.11; Ventura County; California,3586,06,111,005911
06111006000,Census Tract 60; Ventura County; California,5017,06,111,006000
06111006101,Census Tract 61.01; Ventura County; California,4279,06,111,006101
06111006102,Census Tract 61.02; Ventura County; California,4511,06,111,006102
06111006200,Census Tract 62; Ventura County; California,2932,06,111,006200
06111006301,Census Tract 63.01; Ventura County; California,6019,06,111,006301
06111006302,Census Tract 63.02; Ventura County; California,3572,06,111,006302
06111006400,Census Tract 64; Ventura County; California,6592,06,111,006400
06111006500,Census Tract 65; Ventura County; California,3698,06,111,006500
06111006600,Census Tract 66; Ventura County; California,4307,06,111,006600
06111006700,Census Tract 67; Ventura County; California,2872,06,111,006700
06111006800,Census Tract 68; Ventura County; California,3640,06,111,006800
06111006900,Census Tract 69; Ventura County; California,4268,06,111,006900
06111007000,Census Tract 70; Ventura County; California,4531,06,111,007000
06111007100,Census Tract 71; Ventura County; California,7240,06,111,007100
06111007201,Census Tract 72.01; Ventura County; California,3779,06,111,007201
06111007202,Census Tract 72.02; Ventura County; California,4404,06,111,007202
06111007300,Census Tract 73; Ventura County; California,2117,06,111,007300
06111007402,Census Tract 74.02; Ventura County; California,5824,06,111,007402
06111007403,Census Tract 74.03; Ventura County; California,5717,06,111,007403
06111007405,Census Tract 74.05; Ventura County; California,5882,06,111,007405
06111007406,Census Tract 74.06; Ventura County; California,2158,06,111,007406
06111007505,Census Tract 75.05; Ventura County; California,3217,06,111,007505
06111007506,Census Tract 75.06; Ventura County; California,7070,06,111,007506
06111007507,Census Tract 75.07; Ventura County; California,7056,06,111,007507
06111007508,Census Tract 75.08; Ventura County; California,3890,06,111,007508
06111007509,Census Tract 75.09; Ventura County; California,4196,06,111,007509
06111007510,Census Tract 75.10; Ventura County; California,5424,06,111,007510
06111007511,Census Tract 75.11; Ventura County; California,2861,06,111,007511
06111007512,Census Tract 75.12; Ventura County; California,5879,06,111,007512
06111007513,Census Tract 75.13; Ventura County; California,1730,06,111,007513
06111007515,Census Tract 75.15; Ventura County; California,3438,06,111,007515
06111007516,Census Tract 75.16; Ventura County; California,3703,06,111,007516
06111007607,Census Tract 76.07; Ventura County; California,6240,06,111,007607
06111007609,Census Tract 76.09; Ventura County; California,2607,06,111,007609
06111007610,Census Tract 76.10; Ventura County; California,4567,06,111,007610
06111007611,Census Tract 76.11; Ventura County; California,4715,06,111,007611
06111007612,Census Tract 76.12; Ventura County; California,4770,06,111,007612
06111007613,Census Tract 76.13; Ventura County; California,4571,06,111,007613
06111007614,Census Tract 76.14; Ventura County; California,7029,06,111,007614
06111007700,Census Tract 77; Ventura County; California,6416,06,111,007700
06111007800,Census Tract 78; Ventura County; California,4783,06,111,007800
06111007901,Census Tract 79.01; Ventura County; California,4819,06,111,007901
06111007903,Census Tract 79.03; Ventura County; California,5002,06,111,007903
06111007904,Census Tract 79.04; Ventura County; California,5313,06,111,007904
06111008001,Census Tract 80.01; Ventura County; California,3257,06,111,008001
06111008002,Census Tract 80.02; Ventura County; California,4697,06,111,008002
06111008004,Census Tract 80.04; Ventura County; California,5003,06,111,008004
06111008005,Census Tract 80.05; Ventura County; California,2817,06,111,008005
06111008101,Census Tract 81.01; Ventura County; California,3186,06,111,008101
06111008201,Census Tract 82.01; Ventura County; California,5612,06,111,008201
06111008202,Census Tract 82.02; Ventura County; California,3855,06,111,008202
06111008302,Census Tract 83.02; Ventura County; California,5092,06,111,008302
06111008303,Census Tract 83.03; Ventura County; California,4393,06,111,008303
06111008304,Census Tract 83.04; Ventura County; California,4942,06,111,008304
06111008307,Census Tract 83.07; Ventura County; California,3284,06,111,008307
06111008308,Census Tract 83.08; Ventura County; California,4347,06,111,008308
06111008401,Census Tract 84.01; Ventura County; California,5639,06,111,008401
06111008402,Census Tract 84.02; Ventura County; California,5211,06,111,008402
06111008501,Census Tract 85.01; Ventura County; California,5178,06,111,008501
06111008502,Census Tract 85.02; Ventura County; California,3578,06,111,008502
06111008601,Census Tract 86.01; Ventura County; California,4767,06,111,008601
06111008602,Census Tract 86.02; Ventura County; California,2652,06,111,008602
06111008700,Census Tract 87; Ventura County; California,6102,06,111,008700
06111008800,Census Tract 88; Ventura County; California,5282,06,111,008800
06111008900,Census Tract 89; Ventura County; California,3561,06,111,008900
06111009100,Census Tract 91; Ventura County; California,5784,06,111,009100
06111009200,Census Tract 92; Ventura County; California,6588,06,111,009200
06111009300,Census Tract 93; Ventura County; California,6235,06,111,009300
06111009400,Census Tract 94; Ventura County; California,1745,06,111,009400
06111009500,Census Tract 95; Ventura County; California,3011,06,111,009500
06111009600,Census Tract 96; Ventura County; California,3421,06,111,009600
06111009700,Census Tract 97; Ventura County; California,2896,06,111,009700
06111980000,Census Tract 9800; Ventura County; California,99,06,111,980000
06111990100,Census Tract 9901; Ventura County; California,0,06,111,990100
06113010102,Census Tract 101.02; Yolo County; California,1669,06,113,010102
06113010103,Census Tract 101.03; Yolo County; California,5388,06,113,010103
06113010104,Census Tract 101.04; Yolo County; California,6192,06,113,010104
06113010105,Census Tract 101.05; Yolo County; California,1759,06,113,010105
06113010201,Census Tract 102.01; Yolo County; California,3573,06,113,010201
06113010203,Census Tract 102.03; Yolo County; California,5188,06,113,010203
06113010204,Census Tract 102.04; Yolo County; California,5691,06,113,010204
06113010310,Census Tract 103.10; Yolo County; California,6625,06,113,010310
06113010312,Census Tract 103.12; Yolo County; California,5491,06,113,010312
06113010313,Census Tract 103.13; Yolo County; California,4961,06,113,010313
06113010314,Census Tract 103.14; Yolo County; California,2436,06,113,010314
06113010315,Census Tract 103.15; Yolo County; California,1281,06,113,010315
06113010401,Census Tract 104.01; Yolo County; California,4994,06,113,010401
06113010402,Census Tract 104.02; Yolo County; California,4785,06,113,010402
06113010501,Census Tract 105.01; Yolo County; California,8854,06,113,010501
06113010505,Census Tract 105.05; Yolo County; California,5693,06,113,010505
06113010508,Census Tract 105.08; Yolo County; California,2344,06,113,010508
06113010509,Census Tract 105.09; Yolo County; California,3126,06,113,010509
06113010510,Census Tract 105.10; Yolo County; California,5851,06,113,010510
06113010511,Census Tract 105.11; Yolo County; California,3476,06,113,010511
06113010512,Census Tract 105.12; Yolo County; California,3146,06,113,010512
06113010513,Census Tract 105.13; Yolo County; California,2844,06,113,010513
06113010602,Census Tract 106.02; Yolo County; California,5761,06,113,010602
06113010605,Census Tract 106.05; Yolo County; California,3581,06,113,010605
06113010607,Census Tract 106.07; Yolo County; California,4153,06,113,010607
06113010608,Census Tract 106.08; Yolo County; California,5858,06,113,010608
06113010609,Census Tract 106.09; Yolo County; California,2380,06,113,010609
06113010610,Census Tract 106.10; Yolo County; California,3735,06,113,010610
06113010611,Census Tract 106.11; Yolo County; California,1620,06,113,010611
06113010701,Census Tract 107.01; Yolo County; California,4970,06,113,010701
06113010703,Census Tract 107.03; Yolo County; California,6090,06,113,010703
06113010704,Census Tract 107.04; Yolo County; California,2740,06,113,010704
06113010800,Census Tract 108; Yolo County; California,3158,06,113,010800
06113010901,Census Tract 109.01; Yolo County; California,5438,06,113,010901
06113010902,Census Tract 109.02; Yolo County; California,6067,06,113,010902
06113011001,Census Tract 110.01; Yolo County; California,6130,06,113,011001
06113011002,Census Tract 110.02; Yolo County; California,2808,06,113,011002
06113011101,Census Tract 111.01; Yolo County; California,2864,06,113,011101
06113011102,Census Tract 111.02; Yolo County; California,5159,06,113,011102
06113011103,Census Tract 111.03; Yolo County; California,3759,06,113,011103
06113011203,Census Tract 112.03; Yolo County; California,3280,06,113,011203
06113011204,Census Tract 112.04; Yolo County; California,6688,06,113,011204
06113011207,Census Tract 112.07; Yolo County; California,2586,06,113,011207
06113011208,Census Tract 112.08; Yolo County; California,8583,06,113,011208
06113011209,Census Tract 112.09; Yolo County; California,3592,06,113,011209
06113011210,Census Tract 112.10; Yolo County; California,2476,06,113,011210
06113011211,Census Tract 112.11; Yolo County; California,1927,06,113,011211
06113011301,Census Tract 113.01; Yolo County; California,2236,06,113,011301
06113011302,Census Tract 113.02; Yolo County; California,3769,06,113,011302
06113011303,Census Tract 113.03; Yolo County; California,1615,06,113,011303
06113011304,Census Tract 113.04; Yolo County; California,1614,06,113,011304
06113011400,Census Tract 114; Yolo County; California,4428,06,113,011400
06113011500,Census Tract 115; Yolo County; California,6132,06,113,011500
06115040100,Census Tract 401; Yuba County; California,5226,06,115,040100
06115040201,Census Tract 402.01; Yuba County; California,4428,06,115,040201
06115040202,Census Tract 402.02; Yuba County; California,3648,06,115,040202
06115040301,Census Tract 403.01; Yuba County; California,4486,06,115,040301
06115040302,Census Tract 403.02; Yuba County; California,1994,06,115,040302
06115040304,Census Tract 403.04; Yuba County; California,7051,06,115,040304
06115040305,Census Tract 403.05; Yuba County; California,3119,06,115,040305
06115040400,Census Tract 404; Yuba County; California,6802,06,115,040400
06115040500,Census Tract 405; Yuba County; California,3998,06,115,040500
06115040600,Census Tract 406; Yuba County; California,6586,06,115,040600
06115040701,Census Tract 407.01; Yuba County; California,9472,06,115,040701
06115040702,Census Tract 407.02; Yuba County; California,7180,06,115,040702
06115040800,Census Tract 408; Yuba County; California,4495,06,115,040800
06115040901,Census Tract 409.01; Yuba County; California,3638,06,115,040901
06115040902,Census Tract 409.02; Yuba County; California,2242,06,115,040902
06115041001,Census Tract 410.01; Yuba County; California,3520,06,115,041001
06115041002,Census Tract 410.02; Yuba County; California,3208,06,115,041002
06115041101,Census Tract 411.01; Yuba County; California,2343,06,115,041101
06115041102,Census Tract 411.02; Yuba County; California,1071,06,115,041102
