zip_code,ev_vehicles,zev_vehicles,light_duty_vehicles,ev_share_light_duty,zcta_area_sq_mi,zcta_population
96816,5,5,76,0.06578947368421052,10.111516851044366,50883.0
99338,0,0,13,0.0,35.45224635382343,20633.0
92253,1741,1741,28909,0.060223459822200696,40.87127847785201,38666.0
92226,4,4,729,0.0054869684499314125,,
96817,3,3,38,0.07894736842105263,9.653061813402667,55492.0
91612,1,1,1,1.0,,
97449,0,0,1,0.0,48.538180685702194,2208.0
91945,678,682,21554,0.031455878259255825,3.952894533518907,27745.0
92870,3069,3124,39953,0.07681525792806548,6.743307630806386,52826.0
95031,37,37,802,0.046134663341645885,,
94054,0,0,1,0.0,,
95967,4,4,931,0.004296455424274973,,
94700,0,0,1,0.0,,
96630,0,0,1,0.0,,
93350,0,0,4,0.0,,
91060,0,0,0,,,
95762,4314,4317,42299,0.10198822667202534,43.99231837563965,47657.0
94964,16,16,248,0.06451612903225806,0.815740704980241,2344.0
96008,17,17,1442,0.011789181692094313,63.85410270840227,1054.0
90680,1006,1029,21539,0.046705975207762665,2.552004407752591,31991.0
95841,474,477,13807,0.034330412109799376,3.8977310948071193,20500.0
98933,0,0,1,0.0,27.82222767093169,1230.0
92411,167,169,17990,0.009282934963868816,4.873235562155901,27249.0
97035,6,6,62,0.0967741935483871,5.845600091888287,25911.0
90755,763,773,9940,0.07676056338028169,2.1744938914138556,11521.0
95347,1,1,91,0.01098901098901099,,
97391,0,0,2,0.0,117.70732143785338,5536.0
94544,3631,3657,57737,0.0628886156191004,10.951813983154969,76947.0
92761,0,0,1,0.0,,
93667,21,21,1822,0.011525795828759604,118.62371823275602,2218.0
93771,2,2,62,0.03225806451612903,,
90232,1436,1438,11584,0.12396408839779005,2.1768799966038794,16554.0
96710,0,0,5,0.0,41.22973759215673,162.0
98145,0,0,2,0.0,,
96913,0,0,9,0.0,24.45541777836917,
90043,1631,1656,27487,0.05933714119401899,4.102973803931173,42377.0
93590,9,9,549,0.01639344262295082,,
95246,23,23,1912,0.01202928870292887,69.12941347046217,1672.0
93282,0,0,1,0.0,,
91730,2846,2865,51389,0.05538150187783378,13.730579058609985,71613.0
97882,0,0,3,0.0,22.012522955390033,7976.0
93717,0,0,36,0.0,,
96784,0,0,1,0.0,,
91746,753,770,23351,0.03224701297588968,6.000870354654371,28387.0
94025,5409,5417,30690,0.17624633431085043,8.366526351626513,40721.0
93220,3,3,194,0.015463917525773196,27.441635591615245,0.0
93906,839,840,45575,0.0184092155787164,13.278189852818132,64199.0
95801,0,0,1,0.0,,
95556,3,3,365,0.00821917808219178,168.69337795933112,949.0
95204,450,450,19452,0.02313386798272671,5.565667632338838,31035.0
94445,0,0,1,0.0,,
92744,0,0,1,0.0,,
93327,0,0,1,0.0,,
96023,1,1,802,0.0012468827930174563,228.7169977086047,1178.0
94521,1913,1925,31877,0.06001192082065439,9.682753010908883,41909.0
93608,2,2,734,0.0027247956403269754,118.72717976745204,683.0
95465,141,141,2209,0.06382978723404255,48.36955683132365,1203.0
98683,2,2,27,0.07407407407407407,7.845560675672693,32107.0
91771,0,0,1,0.0,,
95436,272,272,6061,0.044877082989605674,21.53287942236488,5821.0
98204,1,1,42,0.023809523809523808,7.183266385375409,45130.0
90906,0,0,2,0.0,,
95990,0,0,1,0.0,,
95258,95,95,3718,0.02555137170521786,3.3646566679842804,4144.0
96105,2,2,451,0.004434589800443459,254.2140269861887,799.0
93603,2,2,125,0.016,107.75119127614893,146.0
97703,7,7,79,0.08860759493670886,272.5093161636029,34108.0
98294,0,0,5,0.0,54.443058187236765,7963.0
91145,0,0,1,0.0,,
96126,3,3,354,0.00847457627118644,28.74807527517647,351.0
94350,0,0,1,0.0,,
90247,1248,1271,32479,0.03842482835062656,3.7605435584496645,47053.0
99027,1,1,3,0.3333333333333333,15.612477629927895,5992.0
95692,81,81,4094,0.01978505129457743,57.993751282346004,5032.0
90260,865,879,22697,0.03811076353703133,2.4855402890112366,32075.0
97692,0,0,1,0.0,,
96821,6,6,60,0.1,12.228018549773248,20053.0
94208,0,0,1,0.0,,
95722,243,243,4784,0.050794314381270904,10.686960525140684,4092.0
92006,0,0,0,,,
98237,0,0,1,0.0,431.2931030784467,4956.0
94598,2487,2493,21203,0.11729472244493704,20.625891509275018,27206.0
98383,2,2,47,0.0425531914893617,18.973234192962394,21604.0
90961,0,0,0,,,
92345,1129,1133,63886,0.017672103434242244,100.27726495400957,88706.0
92861,719,725,5378,0.13369282261063592,2.0907543835912454,5748.0
90794,0,0,0,,,
90241,1512,1525,31724,0.04766107678729038,4.93352945486503,45319.0
90779,0,0,0,,,
94454,0,0,1,0.0,,
96833,0,0,1,0.0,,
91361,2436,2446,17647,0.13804046013486712,29.544804016120878,18802.0
98027,4,4,35,0.11428571428571428,57.972236850180856,28955.0
92110,1271,1274,20922,0.0607494503393557,5.0903972974127925,30902.0
98125,3,3,49,0.061224489795918366,6.213116047054159,44520.0
93616,27,27,1782,0.015151515151515152,13.777323385663465,2402.0
97038,0,0,5,0.0,131.13704659958324,16440.0
94702,1111,1115,9851,0.11278042838290529,1.2819641214858084,17635.0
93656,29,31,4865,0.005960945529290853,113.22727729503549,7172.0
92017,0,0,1,0.0,,
92410,395,399,32156,0.012283866152506531,8.258408045482412,47869.0
93204,55,58,6511,0.00844724312701582,70.84168613515993,13657.0
92928,0,0,1,0.0,,
95673,298,300,12519,0.023803818196341562,16.32026833174009,16512.0
99509,0,0,2,0.0,,
90082,1,1,60,0.016666666666666666,,
91202,1624,1638,15874,0.10230565704926295,4.929719820116538,22504.0
93411,0,0,1,0.0,,
93536,2175,2182,50846,0.04277622625181922,255.2209983658949,73412.0
93605,14,14,161,0.08695652173913043,14.858046032926309,69.0
92642,0,0,6,0.0,,
98303,0,0,6,0.0,20.994957038597853,1448.0
90242,1009,1023,28830,0.034998265695456124,4.5354449645286845,40767.0
95766,0,0,1,0.0,,
93726,328,330,23592,0.013903017972193964,6.5022752004428614,44527.0
94904,1544,1549,9753,0.158310263508664,5.047754124084399,12815.0
95253,6,6,405,0.014814814814814815,1.6833142972033752,609.0
94003,0,0,9,0.0,,
95701,19,19,865,0.021965317919075144,31.805881060427364,984.0
95938,77,77,3757,0.020495075858397657,68.18526648556164,3943.0
93017,0,0,0,,,
98232,0,0,5,0.0,57.75418573633569,4054.0
96156,0,0,2,0.0,,
98250,5,5,24,0.20833333333333334,104.33036410588352,9254.0
95025,0,0,2,0.0,,
95006,413,415,7409,0.05574301525172088,55.17393830177323,7561.0
95077,8,8,2142,0.003734827264239029,,
91517,0,0,1,0.0,,
96013,15,15,3042,0.004930966469428008,156.11650477138514,3779.0
98588,0,0,1,0.0,55.64727568073831,2114.0
95014,7981,8061,42292,0.1887118131088622,24.991548998376928,60932.0
96122,29,29,3842,0.0075481520041644976,64.04281195956008,4447.0
98585,0,0,1,0.0,24.851519807737066,465.0
95759,7,7,592,0.011824324324324325,,
93320,0,0,1,0.0,,
94677,0,0,3,0.0,,
98856,0,0,1,0.0,444.6867889787389,2920.0
94939,798,798,5419,0.14725964200036906,2.5458571308765165,7315.0
93253,0,0,1,0.0,,
93272,20,20,2784,0.007183908045977011,83.98059699630535,3818.0
90050,2,2,132,0.015151515151515152,,
98401,0,0,8,0.0,,
91348,0,0,1,0.0,,
91791,2139,2164,26487,0.08075659757616944,6.6621809701016295,33028.0
93388,2,2,228,0.008771929824561403,,
96595,0,0,1,0.0,,
91991,0,0,1,0.0,,
94156,0,0,0,,,
91903,8,8,662,0.012084592145015106,,
92678,25,25,349,0.07163323782234957,38.1509348515977,664.0
93774,0,0,78,0.0,,
92200,0,0,3,0.0,,
93042,0,0,52,0.0,32.24334175887272,99.0
97457,0,0,7,0.0,164.04878486539167,10360.0
96720,3,4,49,0.061224489795918366,294.7092957076702,52979.0
96748,0,0,9,0.0,144.28051160677217,5609.0
93348,0,0,1,0.0,,
94517,721,723,10688,0.06745883233532934,47.72676992567769,12316.0
92557,1347,1355,37910,0.0355315220258507,17.817437410394966,54061.0
91340,627,636,25052,0.025027941880887753,3.430982914057774,33424.0
95833,1104,1117,26359,0.041883227740050835,8.560561674792522,42265.0
95060,2604,2606,30985,0.08404066483782476,54.60998143511434,46268.0
95907,0,0,1,0.0,,
98327,1,1,34,0.029411764705882353,9.042094103795993,9931.0
97115,0,0,1,0.0,11.01417567963721,3951.0
90833,0,0,0,,,
98228,0,0,1,0.0,,
91651,0,0,0,,,
93631,280,280,13552,0.02066115702479339,82.87282457332836,17583.0
94599,129,129,2111,0.0611084793936523,7.94534274549627,3348.0
94451,0,0,1,0.0,,
96737,0,0,5,0.0,45.894360392985796,4380.0
91766,1853,1882,49942,0.037103039525849986,10.103489435431026,69327.0
99708,0,0,2,0.0,,
97532,0,0,8,0.0,84.65414290762611,2578.0
95085,0,1,3,0.0,,
91377,1629,1641,11004,0.1480370774263904,5.394577167624688,13757.0
98101,6,6,68,0.08823529411764706,0.6355357712858865,17153.0
94053,0,0,1,0.0,,
94102,674,680,7578,0.08894167326471364,0.661497095712397,35976.0
96713,0,0,5,0.0,169.9751465091998,1023.0
93940,1406,1406,22381,0.06282114293373844,46.119796401525356,30605.0
96017,3,3,109,0.027522935779816515,93.59671555440113,122.0
90026,2504,2523,34484,0.07261338591810695,4.058650718793773,62692.0
91355,2303,2311,26833,0.08582715313233705,13.428431112184143,29123.0
98651,0,0,1,0.0,15.945132652976756,910.0
95387,9,9,863,0.010428736964078795,21.521834187658836,1032.0
94945,1239,1241,15970,0.0775829680651221,23.81969603583247,17635.0
94557,1,2,101,0.009900990099009901,,
99514,0,0,1,0.0,,
98055,1,1,21,0.047619047619047616,4.519510802756082,24660.0
91341,1,1,153,0.006535947712418301,,
95431,2,2,51,0.0392156862745098,0.12042471009504446,43.0
97031,0,0,17,0.0,154.29064825056622,19138.0
95086,0,0,1,0.0,,
93436,890,891,39750,0.02238993710691824,228.8414847364125,55820.0
95428,12,12,2115,0.005673758865248227,275.51177835406514,2347.0
93915,5,5,1233,0.0040551500405515,,
95173,15,15,318,0.04716981132075472,,
90463,0,0,1,0.0,,
97076,0,0,1,0.0,,
95758,2720,2732,47579,0.057168078353895625,13.914150148131199,65725.0
94213,0,0,1,0.0,,
90774,0,0,0,,,
98020,2,2,29,0.06896551724137931,6.112818279144707,19551.0
95501,375,375,16119,0.023264470500651405,11.737889618971924,22890.0
98225,3,3,29,0.10344827586206896,13.914060697292776,50216.0
97062,3,3,53,0.05660377358490566,14.212546767144874,28930.0
91672,0,0,2,0.0,,
91799,0,0,2,0.0,,
92604,2365,2414,19858,0.11909557860811763,3.3997044382267707,26491.0
95375,3,3,41,0.07317073170731707,14.015072430442823,56.0
93306,914,916,47023,0.019437296642068776,97.94187737528871,74116.0
90952,0,0,0,,,
93555,449,450,23528,0.019083645018701124,78.8410156357463,33845.0
94593,0,0,1,0.0,,
98812,0,0,2,0.0,205.272865122986,4834.0
98230,3,3,35,0.08571428571428572,47.20064820707502,18744.0
96706,5,5,88,0.056818181818181816,18.954941329419064,83692.0
98356,0,0,3,0.0,132.85549737120866,2172.0
92255,13,13,805,0.016149068322981366,,
92406,2,2,330,0.006060606060606061,,
94822,0,0,1,0.0,,
91244,0,0,1,0.0,,
95706,0,0,2,0.0,,
90808,2246,2275,30332,0.07404721086641171,6.967827887267185,39317.0
91552,0,0,1,0.0,,
95319,8,8,1396,0.0057306590257879654,2.5877809621309176,1327.0
92663,1799,1807,15871,0.11335139562724467,4.636654233942399,21368.0
93485,0,0,1,0.0,,
93534,613,626,23853,0.025699073491803965,19.31551072018749,41430.0
90798,0,0,0,,,
95662,856,861,25700,0.03330739299610895,10.959884396340387,32600.0
94604,14,14,562,0.02491103202846975,,
90502,737,746,13916,0.052960620868065536,2.251899761822091,18467.0
96088,41,41,3980,0.010301507537688442,173.30850087929602,4239.0
92046,16,17,735,0.021768707482993196,,
98564,0,0,2,0.0,152.3071541720575,3382.0
97625,0,0,0,,50.53692437280505,134.0
92167,8,8,286,0.027972027972027972,,
92549,93,93,3276,0.028388278388278388,106.07799815346111,4016.0
95497,73,73,573,0.1273996509598604,15.343435500051577,1275.0
94528,148,148,965,0.1533678756476684,1.153947762064452,1049.0
96068,0,0,65,0.0,28.785234025273002,94.0
95526,2,2,400,0.005,126.33737286087982,745.0
95364,5,5,317,0.015772870662460567,200.2216071414477,0.0
93285,25,26,1926,0.012980269989615784,54.55377275691934,2920.0
92176,14,14,384,0.036458333333333336,,
95658,325,325,6565,0.04950495049504951,23.765440226866207,5894.0
95154,12,12,368,0.03260869565217391,,
92522,0,0,107,0.0,,
94473,0,0,1,0.0,,
97452,1,1,2,0.5,32.86922121591026,1703.0
98729,0,0,1,0.0,,
95461,71,71,3906,0.01817716333845366,122.72267619324599,3422.0
91406,2345,2370,38363,0.061126606365508436,8.10625064313085,51953.0
93308,557,558,34626,0.01608617801651938,345.2378974530842,55078.0
95563,5,5,497,0.01006036217303823,66.13863704774762,577.0
95034,0,0,4,0.0,,
97720,0,0,1,0.0,1225.9923039412386,4397.0
90403,2156,2181,15862,0.13592233009708737,1.5070670114630709,23867.0
90902,0,0,0,,,
99003,0,0,2,0.0,76.29669650459827,4810.0
94288,0,0,0,,,
98367,0,0,31,0.0,75.27573954784133,31756.0
95914,8,8,685,0.01167883211678832,21.889017736894125,409.0
96019,94,94,7156,0.013135830072666294,20.60565416865127,10350.0
94966,14,14,437,0.032036613272311214,,
91176,0,0,1,0.0,,
95311,18,18,2411,0.007465781833264205,246.00717719568044,2245.0
94809,0,0,3,0.0,,
99508,0,0,11,0.0,7.226534233945707,36458.0
94555,3857,3874,24844,0.1552487522138142,13.858473007047467,37501.0
98848,0,0,2,0.0,465.9578024605357,12854.0
96132,0,0,20,0.0,123.14421167044752,21.0
93392,0,0,0,,,
98682,0,0,39,0.0,28.514459431017436,68305.0
90233,1,1,2,0.5,,
91970,0,0,4,0.0,,
94426,0,0,0,,,
92664,0,0,1,0.0,,
92018,28,28,1169,0.023952095808383235,,
91610,3,3,149,0.020134228187919462,,
91804,1,1,2,0.5,,
93945,0,0,0,,,
97850,0,0,4,0.0,320.6490839206965,16903.0
94999,1,1,4,0.25,,
98375,1,1,32,0.03125,9.678021965308584,31187.0
92480,0,0,0,,,
98321,0,0,9,0.0,36.056036518583504,18150.0
94572,324,324,7223,0.04485670773916655,9.17667241673046,8976.0
91732,1699,1744,39524,0.04298653982390446,4.5396416916253255,57431.0
93602,39,39,2768,0.014089595375722543,112.06159303862117,3330.0
94081,0,0,3,0.0,,
92042,0,0,1,0.0,,
95605,415,422,14740,0.028154681139755767,4.066883029421514,14896.0
99688,0,0,1,0.0,1687.780486991287,2739.0
94624,1,1,44,0.022727272727272728,,
95384,0,0,2,0.0,,
91648,0,0,1,0.0,,
95140,38,39,335,0.11343283582089553,76.90025263094306,42.0
94032,0,0,4,0.0,,
92555,1579,1588,32716,0.04826384643599462,65.97695794453928,45978.0
96346,0,0,3,0.0,,
93642,0,0,3,0.0,,
90737,0,0,1,0.0,,
96338,0,0,4,0.0,,
98568,0,0,1,0.0,172.00649724783065,3050.0
92440,0,0,3,0.0,,
95368,260,260,11363,0.022881281351755697,3.0895518988079402,13900.0
96031,1,1,102,0.00980392156862745,315.61234464291783,66.0
96756,1,1,39,0.02564102564102564,27.982788365035475,6448.0
91035,0,0,1,0.0,,
95861,0,0,1,0.0,,
90796,0,0,1,0.0,,
98520,1,1,8,0.125,243.23443967077162,24888.0
92384,1,1,40,0.025,231.86627916853544,18.0
90037,533,550,33070,0.01611732688237073,2.8875939339726853,65482.0
91985,0,0,1,0.0,,
95105,0,0,1,0.0,,
95583,0,0,1,0.0,,
94564,943,945,15258,0.061803643990038015,6.833773557525902,18761.0
92856,7,7,175,0.04,,
96557,0,0,1,0.0,,
91913,3868,3874,43360,0.08920664206642066,9.124236318757642,57721.0
93041,443,447,14926,0.029679753450355086,6.421783386660282,23273.0
91019,0,0,0,,,
90303,438,445,15653,0.027981856513128473,1.9461987038966508,22727.0
92379,0,0,1,0.0,,
93513,19,19,1695,0.011209439528023599,398.2892607369096,1632.0
98611,0,0,4,0.0,137.59638751664872,9302.0
90723,707,720,35483,0.01992503452357467,4.8568159959898365,52050.0
96362,0,0,2,0.0,,
92888,0,0,0,,,
98387,0,0,28,0.0,27.014273101358906,50774.0
91367,4153,4184,31967,0.12991522507585948,7.499353487427864,45889.0
98240,0,0,1,0.0,22.28032730469982,3593.0
92417,0,0,1,0.0,,
90976,0,0,1,0.0,,
98082,0,0,1,0.0,,
95553,5,5,741,0.006747638326585695,70.31786690837221,789.0
97702,5,5,243,0.0205761316872428,103.69334042899344,54657.0
97015,0,0,26,0.0,8.87829471609944,24433.0
91354,3295,3304,24624,0.13381254061078623,7.327946969209678,33957.0
93453,89,89,2546,0.034956794972505895,692.9271974064266,2344.0
92585,1204,1210,21888,0.05500730994152047,17.106346043938743,29534.0
91879,0,0,1,0.0,,
92104,2499,2503,30158,0.08286358511837655,3.6945330951282727,47410.0
90804,836,851,20406,0.040968342644320296,2.1599168789749896,38076.0
93432,49,49,1407,0.03482587064676617,84.82132568066366,1142.0
93247,128,128,12464,0.010269576379974325,65.79581794888142,18115.0
95617,22,22,824,0.02669902912621359,,
95345,9,9,684,0.013157894736842105,38.09146390680613,279.0
90929,0,0,1,0.0,,
93527,22,22,1857,0.011847065158858373,350.47956750738416,1831.0
93374,0,0,2,0.0,,
91435,0,0,0,,,
91111,0,0,14,0.0,,
90965,0,0,0,,,
90943,0,0,1,0.0,,
92924,0,0,1,0.0,,
91380,29,29,685,0.042335766423357665,,
92305,5,5,457,0.010940919037199124,115.94460019714107,533.0
96643,0,0,4,0.0,,
92810,0,0,1,0.0,,
92227,201,201,23761,0.008459239930979336,593.7941284936751,28315.0
92203,1369,1369,24832,0.05513047680412371,18.457740531922145,34735.0
94630,0,0,1,0.0,,
99520,0,0,1,0.0,,
92370,0,0,7,0.0,,
98395,0,0,1,0.0,,
90277,3075,3085,27081,0.11354824415641963,4.9354715022574736,34844.0
94582,7203,7240,33036,0.2180348710497639,13.427384579153061,47424.0
92735,4,4,140,0.02857142857142857,,
94141,4,4,199,0.020100502512562814,,
94965,1044,1049,8344,0.12511984659635667,15.99170597282951,11724.0
91337,8,8,258,0.031007751937984496,,
97709,0,0,2,0.0,91.21284985188385,0.0
95372,41,41,2329,0.017604121940747102,2.425277320833221,1811.0
95136,3343,3374,35044,0.09539436137427235,5.2227029585244935,48056.0
98507,0,0,4,0.0,,
98031,1,1,29,0.034482758620689655,7.852264009448599,40094.0
90306,0,0,46,0.0,,
92207,0,0,1,0.0,,
92008,2003,2008,23902,0.08380051878503891,11.83950636484493,27955.0
97068,1,1,34,0.029411764705882353,23.714295757397174,30161.0
94148,0,0,1,0.0,,
96076,0,0,147,0.0,221.39423094779943,148.0
97526,0,0,38,0.0,141.42315174605366,36036.0
93412,13,13,359,0.036211699164345405,,
95377,3267,3273,31114,0.10500096419618178,109.98926743817755,37739.0
98922,0,0,3,0.0,416.30432727002983,7688.0
95671,1,1,49,0.02040816326530612,1.5410175185938515,4432.0
96929,0,0,14,0.0,66.09417209869315,
91704,0,0,1,0.0,,
98117,2,2,45,0.044444444444444446,4.644405830487046,35711.0
90837,0,0,0,,,
93290,19,19,851,0.022326674500587545,,
94119,8,8,196,0.04081632653061224,,
98570,0,0,6,0.0,126.0412702152614,5319.0
94080,7874,7905,86782,0.09073310133437809,11.449188801848749,64761.0
95498,0,0,2,0.0,,
97739,0,0,11,0.0,324.0792382971923,13183.0
96755,0,0,7,0.0,64.04485760369332,3677.0
93332,0,0,1,0.0,,
90667,0,0,0,,,
99588,0,0,3,0.0,3608.034957710764,1037.0
98247,0,0,3,0.0,67.95604905439339,9115.0
90227,0,0,1,0.0,,
92593,13,13,761,0.017082785808147174,,
93200,0,0,3,0.0,,
98828,0,0,1,0.0,63.005271496975304,1898.0
97434,0,0,1,0.0,104.9974218762064,890.0
93741,0,0,1,0.0,0.11461358792887201,73.0
97217,2,2,74,0.02702702702702703,15.243109144033777,35169.0
95918,44,44,2187,0.020118884316415182,57.01459599706013,1566.0
95373,2,2,227,0.00881057268722467,,
98166,0,0,20,0.0,7.4019351014071235,22082.0
95481,5,5,710,0.007042253521126761,,
92901,0,0,3,0.0,,
97451,0,0,2,0.0,74.57917603292155,531.0
90036,2844,2865,22289,0.1275965723002378,2.4570002515644433,39278.0
91309,2,2,204,0.00980392156862745,,
90638,2202,2226,35399,0.062205147038051925,7.767343159017978,45933.0
95654,0,0,4,0.0,,
91545,0,0,1,0.0,,
98524,0,0,6,0.0,10.947755954039206,4300.0
94622,0,0,3,0.0,,
92051,7,7,499,0.014028056112224449,,
92143,11,11,1396,0.007879656160458453,,
96921,0,0,5,0.0,,
96053,0,0,0,,,
95812,29,29,730,0.03972602739726028,,
94237,0,0,0,,,
95254,21,21,807,0.026022304832713755,7.568615699938934,313.0
90625,0,0,2,0.0,,
90936,0,0,0,,,
96635,0,0,1,0.0,,
90033,415,425,23135,0.017938188891290254,3.3127417233000505,45647.0
96050,3,3,320,0.009375,259.4583274712068,413.0
91550,0,0,1,0.0,,
92685,12,12,404,0.0297029702970297,,
97211,1,1,54,0.018518518518518517,9.192811302389394,33769.0
91768,675,686,22418,0.03010973325006691,8.200330752305204,34200.0
98403,1,1,14,0.07142857142857142,1.0002591196262332,9097.0
90807,1682,1707,23454,0.07171484608169182,4.435282545354651,33101.0
91405,2514,2537,37843,0.06643236529873424,3.4052002678681563,56033.0
95480,5,5,105,0.047619047619047616,5.3908170285291375,8.0
92613,0,0,0,,,
92326,1,1,11,0.09090909090909091,,
98948,0,0,4,0.0,335.4538017929625,12638.0
93938,0,0,1,0.0,,
90073,1,1,65,0.015384615384615385,0.5364303979406099,1079.0
95484,0,0,1,0.0,,
94511,91,91,1836,0.049564270152505446,5.834316737205436,1864.0
95439,14,14,795,0.01761006289308176,2.6668158760760323,486.0
97818,0,0,2,0.0,221.95123350379143,5610.0
96202,1,1,2,0.5,,
95078,0,0,1,0.0,,
95521,500,500,12717,0.03931744908390344,71.51449031500178,21980.0
93907,594,594,20211,0.029389936173370938,54.816713199774505,25146.0
96021,106,106,13139,0.008067585052134866,251.9256309159249,14812.0
96675,0,0,4,0.0,,
97373,0,0,1,0.0,0.0462034045130457,139.0
92024,4795,4800,42578,0.11261684437972662,19.045598328964587,50617.0
97321,0,0,28,0.0,70.94050639046972,30672.0
95800,0,0,66,0.0,,
92809,9,9,233,0.03862660944206009,,
94988,0,0,1,0.0,,
91978,456,458,8272,0.0551257253384913,11.973806343290265,10014.0
91386,5,6,314,0.01592356687898089,,
92862,0,0,3,0.0,,
93293,0,0,1,0.0,,
96125,7,7,410,0.01707317073170732,92.99586275998607,263.0
93628,0,0,141,0.0,62.85467990786331,351.0
92908,0,0,0,,,
92519,4,4,352,0.011363636363636364,,
94033,0,0,1,0.0,,
93900,0,0,4,0.0,,
93926,82,82,7539,0.01087677410797188,67.27523684708805,8724.0
91426,23,23,226,0.10176991150442478,,
97067,0,0,2,0.0,22.727161980385702,2125.0
94001,0,0,3,0.0,,
90705,0,0,1,0.0,,
93026,0,0,0,,,
94524,8,8,575,0.01391304347826087,,
91716,0,0,64,0.0,,
94548,13,13,570,0.02280701754385965,2.3958734864158235,832.0
93912,17,17,2544,0.0066823899371069185,,
90276,0,0,1,0.0,,
92634,0,0,2,0.0,,
90071,38,38,573,0.06631762652705062,0.13479356291435696,556.0
90743,50,50,335,0.14925373134328357,0.6006003644866736,468.0
98043,1,1,23,0.043478260869565216,4.148509016545757,23101.0
92875,0,0,1,0.0,,
92863,15,16,732,0.020491803278688523,,
94651,0,0,1,0.0,,
96679,0,0,2,0.0,,
95992,23,23,1296,0.017746913580246913,,
98623,0,0,1,0.0,0.3849768764862039,55.0
95098,0,0,2,0.0,,
92212,0,0,3,0.0,,
93003,2014,2019,40898,0.04924446183187442,20.878648100336694,52906.0
92824,0,0,2,0.0,,
92079,11,11,760,0.014473684210526316,,
98009,1,1,4,0.25,,
95931,0,0,4,0.0,,
90718,0,0,2,0.0,,
93541,13,13,504,0.025793650793650792,378.3467897377763,970.0
93291,1292,1293,44878,0.028789161727349702,84.33928193239414,63568.0
91303,997,1012,19163,0.05202734436153003,2.131599777596688,29805.0
93725,227,227,19291,0.011767145300917527,67.11904866326284,24575.0
95391,3717,3731,17277,0.2151415176245876,27.353583636181604,25574.0
90975,0,0,1,0.0,,
93563,3,3,93,0.03225806451612903,37.82006350002389,195.0
93712,1,1,36,0.027777777777777776,,
94706,1374,1380,11235,0.12229639519359145,1.4643271249804013,19969.0
92673,3066,3076,24706,0.1240994090504331,10.315266414131978,29406.0
95635,18,18,1073,0.016775396085740912,29.58990983205963,1298.0
90707,7,8,542,0.012915129151291513,,
96795,0,0,8,0.0,13.283905613217515,10675.0
92329,36,36,3810,0.009448818897637795,,
92956,0,0,3,0.0,,
92562,2873,2881,49002,0.058630259989388187,110.3667123398605,64781.0
91006,3371,3403,25055,0.13454400319297546,6.618168125697999,31582.0
92470,0,0,2,0.0,,
91921,18,18,510,0.03529411764705882,,
95442,216,216,2642,0.0817562452687358,24.99704660184094,3449.0
92880,4958,4991,43349,0.1143740340030912,26.73226582315222,75043.0
98124,1,1,2,0.5,,
90914,0,0,1,0.0,,
96084,8,8,415,0.01927710843373494,54.311251772157284,671.0
90677,0,0,0,,,
92218,0,0,1,0.0,,
96760,0,0,1,0.0,19.98906136379902,4261.0
97503,0,0,20,0.0,82.10963058453703,13938.0
97003,0,0,22,0.0,4.708273736206285,27811.0
93721,156,157,3680,0.042391304347826085,2.04090712511979,7225.0
98028,3,3,24,0.125,7.217088465120554,23741.0
98620,0,0,5,0.0,475.67757068478323,7936.0
98662,0,0,29,0.0,12.968785442783732,37723.0
95264,0,0,1,0.0,,
90895,1,1,14,0.07142857142857142,,
94177,0,0,3,0.0,,
93703,156,156,19722,0.007909948281107393,4.7609413255099655,33420.0
95827,637,643,17976,0.03543613707165109,9.09445838275237,21742.0
92865,1146,1178,18143,0.06316485696963016,3.8289861681274924,20589.0
91170,0,0,1,0.0,,
99163,0,0,20,0.0,211.11986027215147,34022.0
92142,7,7,374,0.01871657754010695,,
97051,0,0,5,0.0,58.60887222431278,17347.0
96051,19,19,1017,0.018682399213372666,378.8512128660494,1070.0
93434,102,102,6391,0.015959943670787045,23.371461172490932,8603.0
93190,4,4,200,0.02,,
92139,784,786,26345,0.029758967546023914,3.5777401917129374,34703.0
96785,0,0,5,0.0,73.20794281655313,4433.0
95243,0,0,1,0.0,,
94124,1764,1788,27013,0.06530189168178284,6.076250197986878,34475.0
91118,19,19,168,0.1130952380952381,,
90201,1009,1024,57508,0.017545384989914446,6.200706577758102,92763.0
93601,28,28,1594,0.01756587202007528,39.638943665647275,1360.0
92715,0,0,8,0.0,,
98226,2,2,29,0.06896551724137931,114.07179388116302,46782.0
92802,1209,1241,27895,0.043341100555655133,4.552814870345917,43132.0
95064,63,63,825,0.07636363636363637,1.7018515171548076,10168.0
97601,0,0,43,0.0,674.6360052577879,22964.0
99005,0,0,13,0.0,39.588109918141264,10815.0
95224,7,7,599,0.011686143572621035,11.559990176941039,316.0
90666,0,0,0,,,
92038,43,43,606,0.07095709570957096,,
92571,1160,1165,42105,0.02755017218857618,42.22033088598035,60096.0
93407,13,13,223,0.05829596412556054,0.8599291765056833,347.0
97298,0,0,1,0.0,,
98112,3,3,59,0.05084745762711865,5.283413123563272,23921.0
96150,425,426,17181,0.024736627670100694,168.73775529652866,29646.0
95782,0,0,3,0.0,,
92882,3028,3066,51271,0.059058727155702054,11.756331413872806,68715.0
95817,412,415,8130,0.05067650676506765,2.264887688935305,14219.0
95991,503,504,29116,0.01727572468745707,42.26832343585643,42579.0
91346,3,3,160,0.01875,,
95410,44,44,970,0.04536082474226804,30.44404602449746,842.0
93274,772,772,54277,0.01422333585128139,219.80306420475358,80026.0
90646,0,0,1,0.0,,
90658,0,0,0,,,
98136,1,1,17,0.058823529411764705,3.129987814121166,17252.0
92609,12,14,391,0.030690537084398978,,
94048,0,0,1,0.0,,
96087,8,8,676,0.011834319526627219,47.610250207390955,899.0
92395,727,729,29030,0.02504305890458147,17.247877479407023,47375.0
94609,980,990,11279,0.08688713538434259,1.6653150503223546,23928.0
90857,0,0,0,,,
92016,0,0,2,0.0,,
91544,0,0,2,0.0,,
90640,1599,1625,43469,0.036784835169891186,8.340513294839488,61382.0
94953,17,17,570,0.02982456140350877,,
90966,0,0,0,,,
94502,1441,1447,10420,0.13829174664107485,2.522787859976607,13430.0
99502,0,0,8,0.0,18.161629396861702,25006.0
97530,0,0,19,0.0,465.76127848489216,8860.0
92706,1105,1127,24215,0.045632872186661164,3.540188466867514,37175.0
94109,1654,1666,17481,0.09461701275670728,1.1927187515333848,54553.0
92709,0,0,1,0.0,,
90732,1149,1163,15964,0.07197444249561513,4.39595601948397,23067.0
97478,1,1,33,0.030303030303030304,169.84111156088713,39373.0
94085,2403,2428,18894,0.12718323277230867,3.5126633842858204,24024.0
90017,1083,1089,11818,0.09163987138263666,0.7069913284481252,30172.0
94540,19,20,494,0.038461538461538464,,
91246,0,0,1,0.0,,
91358,1,1,128,0.0078125,,
90660,1127,1139,44304,0.0254378837125316,8.188570092127033,60272.0
95613,16,16,338,0.047337278106508875,1.130271751445259,29.0
95819,1163,1165,13095,0.08881252386407025,3.691687968937147,19737.0
96074,0,0,104,0.0,90.90579982390851,290.0
90209,37,37,373,0.09919571045576407,,
93778,0,0,67,0.0,,
95619,62,62,4457,0.013910702266098272,5.97543810545311,4974.0
92800,0,0,1,0.0,,
93387,6,6,584,0.010273972602739725,,
94927,11,11,515,0.021359223300970873,,
91331,1711,1751,70786,0.024171446331195435,9.383583986578365,97608.0
92708,4946,5018,48468,0.10204671123215317,9.115420413972236,56258.0
90925,0,0,0,,,
92245,1,1,2,0.5,,
95024,12,12,1236,0.009708737864077669,,
94100,0,0,52,0.0,,
91000,0,0,1,0.0,,
98015,0,0,1,0.0,,
93660,25,25,2949,0.0084774499830451,48.7572919143825,4086.0
95158,10,10,366,0.0273224043715847,,
92301,411,412,22558,0.018219700328043265,224.78211041578848,38577.0
99827,0,0,6,0.0,3273.9355462338217,2168.0
95655,194,197,3559,0.054509693734195,9.553623106642407,4901.0
96160,37,37,2157,0.017153453871117292,,
92317,75,75,2348,0.031942078364565585,1.6062385138968718,916.0
94139,0,0,1,0.0,,
95268,0,0,1,0.0,,
95056,7,7,243,0.02880658436213992,,
95316,136,136,5704,0.023842917251051893,81.86475337112265,8022.0
94801,705,709,22556,0.03125554176272389,19.036591767957376,33591.0
94800,0,0,2,0.0,,
92754,0,0,2,0.0,,
98601,0,0,1,0.0,32.20990913479964,2585.0
96108,2,2,138,0.014492753623188406,190.8309115021331,110.0
95717,2,2,200,0.01,19.50465893323723,55.0
93457,8,8,599,0.01335559265442404,,
92558,0,0,1,0.0,,
92661,257,258,2523,0.10186286167261197,1.8578897633157951,3079.0
91033,0,0,0,,,
93410,2,2,45,0.044444444444444446,0.436125413390479,7396.0
98416,0,0,1,0.0,0.08828373164388821,934.0
96722,1,1,27,0.037037037037037035,17.31112072696142,2377.0
99111,0,0,1,0.0,307.0876428456494,4038.0
96170,0,0,1,0.0,,
94508,127,127,2111,0.060161061108479394,16.16993157205787,3495.0
93621,8,8,370,0.021621621621621623,76.98787506520327,441.0
90681,0,0,0,,,
98642,2,2,30,0.06666666666666667,59.81737967861685,26816.0
94217,0,0,1,0.0,,
95127,2480,2505,47970,0.05169897852824682,19.069369999191316,58825.0
96836,0,0,2,0.0,,
90221,489,509,33756,0.014486313544258798,5.454922600914897,50659.0
91615,4,4,172,0.023255813953488372,,
90762,0,0,2,0.0,,
93557,0,0,1,0.0,,
95460,147,147,2846,0.05165144061841181,35.70761234374287,2199.0
92221,0,0,1,0.0,,
90928,0,0,1,0.0,,
90719,0,0,0,,,
95166,0,0,1,0.0,,
90053,5,5,280,0.017857142857142856,,
91943,3,3,162,0.018518518518518517,,
92575,1,1,1,1.0,,
95855,0,0,1,0.0,,
92358,26,26,697,0.03730272596843615,72.36050682507995,672.0
94583,3907,3937,31325,0.12472466081404629,21.256002699479126,39583.0
93187,0,0,2,0.0,,
98138,0,0,1,0.0,,
91762,2387,2402,49523,0.048199826343315225,14.300850622675274,64235.0
99180,0,0,3,0.0,166.19871207421534,465.0
96687,0,0,1,0.0,,
95815,339,344,16036,0.021139935145921676,7.82117468948328,26658.0
96151,17,17,4224,0.004024621212121212,,
98675,0,0,1,0.0,158.24748386758304,7305.0
93935,0,0,1,0.0,,
94529,0,0,4,0.0,,
92389,0,0,82,0.0,44.757949209609464,201.0
96086,0,0,266,0.0,203.9115627696433,348.0
96000,0,0,3,0.0,,
95339,0,0,3,0.0,,
92407,1499,1511,46133,0.03249300934255305,81.84209033159459,71711.0
95212,975,978,22982,0.042424506135236274,21.319109224080393,28437.0
95353,4,4,861,0.004645760743321719,,
94931,410,410,8004,0.05122438780609695,7.746361399160904,9487.0
90746,1043,1054,21753,0.04794740955270537,5.83766786772778,27091.0
96444,0,0,1,0.0,,
90853,1,1,169,0.005917159763313609,,
90851,0,0,0,,,
98467,1,1,9,0.1111111111111111,8.370109710096779,15387.0
95324,96,96,6014,0.015962753574991686,40.58940479388056,7636.0
93262,2,2,32,0.0625,263.1896175376517,12.0
93271,50,50,1770,0.02824858757062147,154.14008774175386,2199.0
91923,0,0,1,0.0,,
95228,152,152,5905,0.025740897544453852,92.68913538289164,4611.0
94588,3453,3470,26415,0.13072118114707554,33.13614824310732,34328.0
98433,2,2,79,0.02531645569620253,34.733439300610115,22493.0
94975,15,15,508,0.02952755905511811,,
92533,1,1,3,0.3333333333333333,,
96764,1,1,3,0.3333333333333333,5.5117032882649335,516.0
95095,0,0,1,0.0,,
99201,1,1,8,0.125,3.164156389616748,15829.0
95840,0,0,2,0.0,,
96009,0,0,562,0.0,205.07473269672238,307.0
95344,8,8,671,0.011922503725782414,,
97820,0,0,1,0.0,362.85930813374733,1568.0
96107,4,4,754,0.005305039787798408,95.75834767906997,793.0
95743,0,0,1,0.0,,
96097,48,48,8930,0.005375139977603583,182.2005106476563,9964.0
94336,0,0,1,0.0,,
97459,1,1,20,0.05,132.55278717144344,14835.0
92095,0,0,1,0.0,,
93300,0,0,3,0.0,,
90815,2103,2126,29326,0.07171110959558072,7.251917199802906,43023.0
94043,6669,6694,26577,0.2509312563494751,8.458044664909053,33176.0
94123,1615,1619,13114,0.12315083117279244,1.3769884541152573,24054.0
95807,0,0,1,0.0,,
91347,0,0,1,0.0,,
96768,0,0,27,0.0,43.37318759757582,18569.0
91336,0,0,3,0.0,,
98245,0,0,15,0.0,48.320212767592594,4265.0
91433,0,0,1,0.0,,
93223,55,55,7560,0.007275132275132275,3.102855946331463,10405.0
92136,16,16,900,0.017777777777777778,1.2436987599276936,4573.0
93208,0,0,4,0.0,7.7054108519307825,157.0
91979,4,4,445,0.008988764044943821,,
92665,0,0,6,0.0,,
90234,0,0,1,0.0,,
90714,5,6,429,0.011655011655011656,,
94450,1,1,1,1.0,,
96627,0,0,1,0.0,,
97008,1,1,43,0.023255813953488372,5.298340203287784,28611.0
98569,0,0,8,0.0,32.568459240883435,7489.0
95438,0,0,1,0.0,,
96423,0,0,0,,,
97034,3,3,43,0.06976744186046512,8.576691143336488,21331.0
97439,0,0,29,0.0,182.16783945095858,16025.0
92186,0,0,27,0.0,,
92241,138,138,6554,0.02105584375953616,132.59461462348554,8884.0
93517,11,11,895,0.012290502793296089,343.2542624966942,459.0
93233,0,0,2,0.0,,
94938,38,38,563,0.0674955595026643,9.482433744819549,437.0
93430,152,153,2625,0.0579047619047619,76.38170418855886,3125.0
96533,0,0,2,0.0,,
95020,3636,3647,53262,0.0682663061845218,152.6832766075319,67181.0
95926,574,574,22469,0.025546308246917976,7.781459079444314,40567.0
94595,1314,1317,13483,0.09745605577393755,5.2183740260138025,16988.0
98264,1,1,18,0.05555555555555555,58.19203587153934,23123.0
92003,364,364,5134,0.07089988313206078,15.489757300830462,5061.0
94611,4620,4633,26764,0.17261993722911373,7.301842028658944,40116.0
99202,0,0,22,0.0,6.043440174914159,19921.0
95857,0,0,1,0.0,,
98368,1,1,21,0.047619047619047616,62.486829867990494,17304.0
98252,1,1,2,0.5,240.55938913843192,10361.0
98464,0,0,1,0.0,,
97873,0,0,1,0.0,106.59405847264298,109.0
91436,2867,2874,12882,0.22255860891165968,5.2750589609525615,15969.0
90606,623,640,22993,0.02709520288783543,3.9537072160738664,32057.0
92022,11,11,547,0.02010968921389397,,
91755,1541,1564,20253,0.07608749321088233,3.200744734983257,26810.0
92007,914,915,8927,0.10238601993950935,2.6341314312426705,11100.0
92349,0,0,1,0.0,,
95245,29,29,2198,0.013193812556869881,69.89492120557999,2727.0
93553,48,48,1376,0.03488372093023256,57.307375226091565,1319.0
98936,0,0,3,0.0,138.98195425179173,8744.0
90892,0,0,1,0.0,,
92296,0,0,1,0.0,,
92332,1,1,42,0.023809523809523808,940.9960198152752,105.0
95733,0,0,0,,,
95680,3,3,111,0.02702702702702703,2.328733212977757,11.0
90711,0,0,93,0.0,,
97352,0,0,2,0.0,49.85364949860267,6497.0
95300,0,0,3,0.0,,
92355,0,0,5,0.0,,
94589,615,619,22352,0.027514316392269148,5.792092385651501,29990.0
94614,4,4,125,0.032,,
91330,8,8,120,0.06666666666666667,0.4992178814202594,2512.0
92674,10,10,556,0.017985611510791366,,
97539,0,0,2,0.0,21.976178987480022,3369.0
95322,111,111,7887,0.01407379231647014,172.96243244039414,9506.0
97231,0,0,3,0.0,76.98262589718631,4308.0
91255,0,0,1,0.0,,
90670,712,718,16978,0.04193662386617976,8.357470876352815,17851.0
90029,799,813,17743,0.04503184354393282,1.3761153967238513,33303.0
91359,22,23,633,0.03475513428120063,,
90302,705,717,17717,0.03979228989106508,1.9143626419766493,29003.0
97401,0,0,102,0.0,9.29967250729522,49437.0
97089,0,0,3,0.0,21.818834960501047,15101.0
93032,1,1,461,0.0021691973969631237,,
93649,3,3,93,0.03225806451612903,,
94274,0,0,1,0.0,,
93202,27,27,3057,0.008832188420019628,1.5365224313801824,3890.0
98111,0,0,3,0.0,,
90985,0,0,0,,,
95747,6085,6096,69091,0.08807225253650983,42.11551469936289,83902.0
94652,0,0,1,0.0,,
93222,79,79,1636,0.04828850855745721,108.51627595726447,2721.0
90778,0,0,0,,,
93437,92,92,1012,0.09090909090909091,49.714862423542,3477.0
95829,1916,1920,26720,0.0717065868263473,20.31264057469865,31865.0
93280,160,160,16017,0.009989386277080603,316.0155899248092,27407.0
95106,1,1,115,0.008695652173913044,,
90078,9,10,252,0.03571428571428571,,
92592,4634,4637,59278,0.07817402746381456,111.80687796674799,80035.0
95626,150,151,5041,0.029756000793493356,37.69724851090813,5595.0
92823,774,775,4405,0.1757094211123723,7.470296072100385,5846.0
92055,13,13,1327,0.009796533534287867,129.93586634219366,10831.0
95624,3072,3079,52786,0.05819724927063994,45.59573349538343,67630.0
92675,2575,2596,30770,0.08368540786480339,13.3861889397182,35095.0
95118,2557,2571,23922,0.10688905609898838,4.126971523391829,32015.0
95714,4,4,289,0.01384083044982699,3.6398368593192028,394.0
95016,0,0,2,0.0,,
95403,1885,1885,35836,0.05260073668936265,21.58108069668163,45806.0
95660,472,479,23818,0.01981694516752036,6.3546597262221045,35451.0
95039,29,29,1475,0.01966101694915254,19.175995522252403,948.0
99710,0,0,0,,,
96797,0,0,49,0.0,21.09736201635378,72435.0
94164,2,2,97,0.020618556701030927,,
94301,2536,2542,11431,0.22185285626804305,2.3702205293693,17508.0
94623,8,8,436,0.01834862385321101,,
96301,0,0,1,0.0,,
95554,2,2,359,0.005571030640668524,32.910270936538765,368.0
95172,1,2,60,0.016666666666666666,,
92966,0,0,1,0.0,,
95312,0,0,236,0.0,0.9801566641057998,232.0
94068,0,0,1,0.0,,
90951,0,0,0,,,
95925,2,2,213,0.009389671361502348,37.346379444408925,69.0
95108,1,1,61,0.01639344262295082,,
91920,0,0,4,0.0,,
95511,0,0,156,0.0,41.48125655818269,71.0
98122,7,7,73,0.0958904109589041,3.116106570449579,43234.0
99353,0,0,2,0.0,26.49362235695222,19251.0
91751,0,0,1,0.0,,
90931,0,0,0,,,
90908,0,0,1,0.0,,
92554,1,1,126,0.007936507936507936,,
96148,32,32,876,0.0365296803652968,2.0892325153685096,562.0
98360,0,0,4,0.0,69.29218682682686,15045.0
91108,1924,1932,10217,0.18831359498874425,3.7959980096170405,12401.0
92572,10,10,1142,0.008756567425569177,,
92266,0,0,288,0.0,1191.0865037184874,99.0
93655,0,0,0,,,
95192,0,0,25,0.0,,
91632,0,0,1,0.0,,
92691,3224,3262,38891,0.0828983569463372,8.819654247903925,45841.0
97901,0,0,1,0.0,141.24018647885717,954.0
98312,2,2,63,0.031746031746031744,71.705495152949,36307.0
94155,0,0,1,0.0,,
93242,18,18,2313,0.007782101167315175,40.711992201916615,2904.0
95357,206,207,10374,0.019857335646809332,39.47839122335931,13599.0
99623,0,0,4,0.0,267.01881777989865,23424.0
92113,478,482,34410,0.013891310665504215,5.197243831693676,48215.0
94039,10,10,280,0.03571428571428571,,
97109,0,0,1,0.0,26.99038017957967,730.0
97448,0,0,7,0.0,138.8892608020799,14323.0
95763,23,23,812,0.02832512315270936,,
95964,0,0,2,0.0,,
91333,2,2,326,0.006134969325153374,,
97538,0,0,8,0.0,191.40915962929807,1865.0
94607,1063,1072,12808,0.0829950031230481,7.815167876000489,28804.0
94527,1,1,3,0.3333333333333333,,
98648,0,0,2,0.0,153.10407139912286,3477.0
92028,2489,2493,44541,0.055881098313913025,116.92218516683423,52227.0
91369,0,0,2,0.0,,
92050,0,0,15,0.0,,
95477,0,0,1,0.0,,
97455,0,0,1,0.0,25.777796568529137,2461.0
97019,0,0,2,0.0,83.70011210663104,3233.0
95405,1105,1106,16804,0.06575815282075696,5.048377176640608,22744.0
93260,1,1,172,0.005813953488372093,37.224552083456764,153.0
97214,3,3,54,0.05555555555555555,3.035169193997942,27714.0
93140,12,13,757,0.015852047556142668,,
92251,409,409,22223,0.018404355847545337,247.38819489381808,27454.0
95335,8,8,571,0.014010507880910683,41.12455446045429,83.0
99611,0,0,3,0.0,549.6763223552308,16510.0
93235,24,24,3122,0.007687379884689302,4.148806885964817,4678.0
91601,1934,1957,25275,0.07651829871414441,2.636776094045606,36992.0
96096,8,8,669,0.01195814648729447,103.76347702467301,577.0
90706,1682,1709,52005,0.03234304393808288,6.1551106993731315,76819.0
95631,110,110,5732,0.019190509420795535,174.52393232088258,6946.0
92762,0,0,2,0.0,,
96578,0,0,2,0.0,,
94766,0,0,1,0.0,,
90899,0,0,0,,,
92622,0,0,2,0.0,,
92441,0,0,2,0.0,,
99731,0,0,1,0.0,,
91409,11,11,493,0.02231237322515213,,
91931,10,10,533,0.01876172607879925,8.204806780402736,494.0
90486,0,0,1,0.0,,
90620,2158,2192,35895,0.06011979384315364,6.377106807797152,46608.0
92782,3804,3852,22556,0.1686469232133357,5.169852304257867,30073.0
96562,0,0,1,0.0,,
96337,0,0,0,,,
97622,0,0,2,0.0,179.2900729635571,369.0
91110,0,0,1,0.0,,
97325,0,0,1,0.0,30.370939244600994,7252.0
96035,20,20,2613,0.007654037504783774,43.03002246124756,3326.0
93311,2094,2098,39259,0.053338088081713746,213.78390566276178,55555.0
90097,0,0,1,0.0,,
94922,21,21,529,0.03969754253308128,4.358764922936416,6.0
91297,0,0,1,0.0,,
97443,0,0,1,0.0,86.26569317382797,3116.0
90871,0,0,0,,,
94358,0,0,1,0.0,,
93646,39,39,7167,0.0054416073670992045,34.292859357081404,10328.0
95406,13,13,554,0.023465703971119134,,
92710,0,0,1,0.0,,
91320,3373,3389,37184,0.09071105851979346,20.175950777807955,43472.0
93694,0,0,1,0.0,,
93942,24,24,953,0.025183630640083946,,
98508,0,0,1,0.0,,
92627,2826,2855,44550,0.06343434343434344,6.401580790035058,60393.0
90919,0,0,0,,,
95607,9,9,278,0.03237410071942446,132.67171023500686,330.0
95248,4,4,460,0.008695652173913044,31.73761178513471,60.0
91705,0,0,2,0.0,,
98504,0,0,1,0.0,,
92885,9,9,304,0.029605263157894735,,
97504,6,6,109,0.05504587155963303,43.32803847353532,51089.0
93905,457,459,46701,0.009785657694696045,9.275853369658979,63898.0
96757,1,1,3,0.3333333333333333,15.449669284116071,881.0
99302,0,0,1,0.0,,
91504,1897,1919,19083,0.09940784991877587,9.335930075164177,27010.0
92584,3272,3276,47019,0.06958888959782215,29.255993727041712,61366.0
96310,0,0,13,0.0,,
92635,0,0,3,0.0,,
90226,0,0,1,0.0,,
98595,0,0,1,0.0,12.629771694138432,2698.0
98577,0,0,3,0.0,372.6397904852322,7503.0
94577,2116,2129,36112,0.05859548072662827,8.826794302223224,46317.0
95924,4,4,768,0.005208333333333333,,
92513,5,6,686,0.007288629737609329,,
96158,21,21,2262,0.009283819628647215,,
90775,0,0,1,0.0,,
98144,2,2,57,0.03508771929824561,5.191859831364889,33787.0
93447,33,33,2467,0.013376570733684636,,
90749,6,6,421,0.014251781472684086,,
95035,7826,7873,59330,0.13190628687004888,22.47848826101433,78810.0
93648,84,84,10584,0.007936507936507936,22.116926719772614,15184.0
93383,1,1,169,0.005917159763313609,,
93110,1072,1078,13045,0.08217707934074359,8.206411995097467,15436.0
91046,6,6,166,0.03614457831325301,0.00507361156159059,115.0
95241,20,20,1406,0.01422475106685633,,
93021,2334,2342,31030,0.07521753142120528,48.03380618303908,37746.0
94041,1707,1718,11200,0.1524107142857143,1.5910151467688436,16050.0
93765,0,0,3,0.0,,
96673,0,0,1,0.0,,
92510,0,0,2,0.0,,
95672,180,181,4485,0.04013377926421405,21.809054309030437,5764.0
96803,0,0,1,0.0,,
90626,0,0,2,0.0,,
95917,29,29,2739,0.01058780576852866,81.04375124386223,3752.0
95809,0,0,2,0.0,,
94269,0,0,1,0.0,,
97186,0,0,1,0.0,,
95912,49,49,4720,0.01038135593220339,152.54702423521525,4855.0
92697,19,19,248,0.07661290322580645,0.18668053614754956,0.0
95467,196,196,5659,0.03463509453967132,7.500435909227536,5778.0
93450,5,5,523,0.009560229445506692,181.91216965997756,668.0
95271,0,0,1,0.0,,
92784,0,0,1,0.0,,
96093,44,44,4151,0.010599855456516502,99.63098664447196,4320.0
90409,10,10,128,0.078125,,
99212,0,0,7,0.0,12.40387164254063,21707.0
93615,17,17,3714,0.0045772751750134625,16.090670027767416,5764.0
90207,0,0,1,0.0,,
91513,0,0,0,,,
92506,2092,2104,35698,0.05860272284161578,16.208258717686,45086.0
98418,0,0,7,0.0,1.6866114146382434,10264.0
90856,0,0,0,,,
95448,1130,1130,18505,0.06106457714131316,185.7601259718648,16077.0
92108,1727,1733,18408,0.09381790525858323,4.425609796047111,26790.0
94120,0,0,11,0.0,,
92011,2395,2396,19893,0.12039410848036998,6.758183024527697,23190.0
92521,8,8,171,0.04678362573099415,0.7186053615734089,0.0
95953,136,136,8728,0.015582034830430797,116.42741047852354,11028.0
90839,0,0,0,,,
97267,1,1,21,0.047619047619047616,7.439823018606349,31311.0
91222,1,1,84,0.011904761904761904,,
91345,644,660,15088,0.042682926829268296,3.2569239190239494,18714.0
95642,112,112,8180,0.013691931540342298,68.34986105859367,7135.0
98213,0,0,2,0.0,,
94117,1899,1906,16114,0.11784783418145711,1.274540201228272,36198.0
92257,12,12,1315,0.009125475285171103,270.6910404798913,2158.0
95126,2407,2436,25443,0.09460362378650317,3.326096522898192,38327.0
94082,0,0,1,0.0,,
95974,2,2,360,0.005555555555555556,0.4168089726767205,98.0
95216,0,0,0,,,
98007,2,2,33,0.06060606060606061,4.329889106874774,27692.0
93236,0,0,2,0.0,,
90060,1,1,110,0.00909090909090909,,
95600,0,0,0,,,
99019,0,0,13,0.0,23.468099024232888,12447.0
90916,0,0,0,,,
96085,1,1,47,0.02127659574468085,55.3813244317796,71.0
92114,1429,1440,52572,0.027181769763372138,8.28822143502119,65745.0
95927,20,20,2059,0.009713453132588635,,
92002,0,0,1,0.0,,
92362,0,0,1,0.0,,
92884,0,0,1,0.0,,
94410,0,0,3,0.0,,
92256,72,72,2775,0.025945945945945945,63.349953152859655,4209.0
91015,0,0,0,,,
92827,0,0,2,0.0,,
90828,0,0,0,,,
99574,0,0,4,0.0,4718.277344847682,2551.0
93755,7,7,405,0.01728395061728395,,
97127,0,0,2,0.0,0.8642197626464846,4396.0
92822,32,32,658,0.0486322188449848,,
94056,1,1,1,1.0,,
91236,0,0,2,0.0,,
95466,35,35,1344,0.026041666666666668,102.84101867907357,722.0
95560,27,27,1909,0.014143530644316397,16.747364904833354,1213.0
96799,0,0,2,0.0,78.84369346540467,
97403,1,1,13,0.07692307692307693,4.22530809146857,15355.0
91024,917,923,8579,0.1068889147919338,3.498567254532612,10940.0
93643,46,46,2636,0.017450682852807285,152.55090326061924,3041.0
91306,1975,1995,33831,0.058378410333717594,4.181645741194577,47176.0
90608,11,12,264,0.041666666666666664,,
90847,0,0,0,,,
93772,1,1,55,0.01818181818181818,,
94601,920,928,28529,0.032247888113849064,3.293829466793381,53259.0
98002,1,1,18,0.05555555555555555,7.244254803864975,37509.0
92834,12,13,419,0.028639618138424822,,
93402,674,675,12167,0.055395742582395005,30.66092287337174,14197.0
92204,0,0,8,0.0,,
94094,0,0,1,0.0,,
96140,51,51,1285,0.03968871595330739,10.552138049006555,1171.0
90363,0,0,1,0.0,,
98279,0,0,2,0.0,18.841596230401905,680.0
90051,6,6,136,0.04411764705882353,,
98629,0,0,5,0.0,37.97074505080357,9076.0
94619,1481,1487,15839,0.0935033777384936,8.345670534432065,26831.0
96155,6,6,648,0.009259259259259259,37.76860752894896,0.0
99176,0,0,1,0.0,50.11370448000701,163.0
99211,0,0,1,0.0,,
90005,1452,1464,18131,0.08008383431691578,1.1798287876227205,39142.0
90687,0,0,0,,,
99026,0,0,7,0.0,67.7066808888378,9320.0
96534,0,0,6,0.0,,
94024,4414,4427,19054,0.23165739477275113,8.272878400523696,23051.0
96039,2,2,851,0.0023501762632197414,265.5168368076643,583.0
97453,0,0,3,0.0,113.6990888370823,965.0
91362,3766,3783,32313,0.11654751957416519,18.989040217451187,35996.0
95365,31,31,3249,0.009541397353031703,3.6653911151649115,3963.0
90887,0,0,0,,,
99559,0,0,1,0.0,65.42763840006216,7241.0
90691,0,0,0,,,
97621,0,0,2,0.0,164.59677436414668,257.0
96665,0,0,3,0.0,,
93464,6,6,509,0.011787819253438114,,
94212,0,0,1,0.0,,
99119,0,0,2,0.0,380.4323273277828,1549.0
93256,31,31,3931,0.007886034088018317,74.6529725254313,5578.0
92154,2304,2313,73806,0.031216974229737418,51.935585776938964,80445.0
92029,1768,1770,21117,0.08372401382772174,23.01719227321884,20726.0
95611,7,7,513,0.01364522417153996,,
93131,0,0,1,0.0,,
94538,10704,10754,54928,0.1948732886688028,16.639875335652693,67781.0
95327,68,68,5973,0.011384563870751716,172.12130027134182,8752.0
93111,1084,1088,15488,0.0699896694214876,8.259547597881788,18274.0
98123,0,0,1,0.0,,
93040,49,50,1859,0.026358257127487898,374.1050100589909,1799.0
90025,3524,3546,27996,0.1258751250178597,2.5523684017371506,46508.0
98943,0,0,1,0.0,0.8402555063770134,579.0
92730,0,0,1,0.0,,
98536,0,0,1,0.0,54.83472964097761,49.0
94283,0,0,120,0.0,,
98862,0,0,1,0.0,478.98359051952514,2995.0
90410,0,0,1,0.0,,
93263,362,362,17902,0.020221204334711206,92.24637956676736,24024.0
95052,11,11,266,0.041353383458646614,,
95645,16,16,1248,0.01282051282051282,126.16617237455065,1314.0
90500,0,0,1,0.0,,
93275,2,2,1115,0.0017937219730941704,,
95100,0,0,19,0.0,,
92591,2348,2349,32768,0.0716552734375,17.224098674464862,41955.0
98038,0,0,31,0.0,66.16576546045293,37324.0
98107,1,1,43,0.023255813953488372,2.4442941651971357,28776.0
92242,3,3,605,0.0049586776859504135,46.22041094550431,1359.0
90633,2,2,236,0.00847457627118644,,
99203,0,0,15,0.0,4.654538815955005,21468.0
92906,0,0,1,0.0,,
92672,2450,2462,29186,0.08394435688343727,36.35455473609307,36939.0
90263,12,12,249,0.04819277108433735,0.23385631866113252,1856.0
91416,12,12,278,0.04316546762589928,,
92162,0,0,1,0.0,,
93146,0,0,1,0.0,,
99999,0,0,3,0.0,,
90911,0,0,1,0.0,,
96701,1,1,31,0.03225806451612903,26.047291031916107,39200.0
94074,11,11,209,0.05263157894736842,23.148973396924475,126.0
96749,1,1,28,0.03571428571428571,63.60403709269133,19132.0
93284,0,0,1,0.0,,
92111,2051,2056,38150,0.05376146788990826,8.478566088295985,45249.0
98391,4,4,64,0.0625,39.378410081260554,59240.0
97388,0,0,3,0.0,8.22924832914971,911.0
98249,1,1,8,0.125,24.640224501017226,4198.0
94452,1,1,1,1.0,,
98010,1,1,11,0.09090909090909091,15.91442587527466,6857.0
90686,0,0,0,,,
95054,2777,2801,19314,0.14378171274722998,6.423148434213478,25704.0
95036,17,17,462,0.0367965367965368,,
91233,0,0,2,0.0,,
93551,2431,2441,43044,0.056477093206951025,84.94420980683725,54360.0
93007,4,4,247,0.016194331983805668,,
92333,18,18,437,0.041189931350114416,10.084064862188775,302.0
95454,28,28,2249,0.012449977767896843,306.66100573931254,1670.0
93943,2,2,63,0.031746031746031744,0.22046418772515844,10.0
91777,0,0,2,0.0,,
91743,3,3,109,0.027522935779816515,,
98668,0,0,1,0.0,,
90212,1468,1475,9230,0.1590465872156013,0.9466538019385103,10728.0
93715,0,0,41,0.0,,
93969,0,1,1,0.0,,
92692,4153,4190,38128,0.10892257658413765,8.945357115370816,47022.0
93666,4,4,505,0.007920792079207921,0.2116680614272724,633.0
98282,1,1,16,0.0625,57.533012666738216,17303.0
91810,0,0,1,0.0,,
96319,0,0,5,0.0,,
97110,0,0,1,0.0,6.123766367537555,1135.0
95301,583,583,29392,0.019835329341317365,76.06777916410391,43009.0
92039,10,10,176,0.056818181818181816,,
92921,0,0,2,0.0,,
92469,0,0,1,0.0,,
93371,0,0,1,0.0,,
92404,695,701,38683,0.017966548613085852,31.58490247380207,63243.0
95114,0,0,1,0.0,,
97205,1,1,20,0.05,0.9448391187445379,9121.0
91503,7,7,176,0.03977272727272727,,
93740,3,3,132,0.022727272727272728,0.8740510767739381,1179.0
90297,0,0,2,0.0,,
91344,4056,4107,42285,0.09592053919829727,14.797917837706256,52890.0
92381,0,0,2,0.0,,
94194,0,0,1,0.0,,
95177,0,0,1,0.0,,
94819,0,0,2,0.0,,
95922,5,5,465,0.010752688172043012,56.15327714672088,425.0
92375,27,27,903,0.029900332225913623,,
92005,0,0,0,,,
95273,0,0,1,0.0,,
97759,1,1,18,0.05555555555555555,548.8997455344446,7737.0
91126,1,1,14,0.07142857142857142,,
98610,0,0,2,0.0,141.95636254550965,2832.0
90941,0,0,0,,,
90301,5800,5812,55531,0.10444616520502062,2.48125998218168,36060.0
97009,0,0,7,0.0,30.796323582087858,8336.0
99133,0,0,1,0.0,206.8528871034793,1115.0
97133,0,0,1,0.0,76.82418068347917,5416.0
98935,0,0,2,0.0,250.1532391132957,4289.0
92400,0,0,3,0.0,,
91408,1,1,111,0.009009009009009009,,
96782,0,0,40,0.0,30.60608885136525,37475.0
98926,0,0,10,0.0,944.4707663340995,34353.0
90034,3192,3215,33592,0.09502262443438914,3.110233339100703,57075.0
90014,442,443,3277,0.13487946292340555,0.29937995887660307,10224.0
96015,5,5,292,0.017123287671232876,243.06939840382483,437.0
96001,678,678,25342,0.026754005208744377,73.94987014107599,33817.0
92871,7,7,345,0.020289855072463767,,
94556,1770,1778,12193,0.14516525875502337,19.374219150456383,15998.0
95471,6,6,243,0.024691358024691357,3.548842710353907,394.0
91797,0,0,0,,,
94978,9,9,253,0.03557312252964427,,
98392,0,0,1,0.0,2.2187061442593965,2984.0
97695,0,0,1,0.0,,
96754,0,0,21,0.0,33.37017025540505,4272.0
99664,1,1,5,0.2,2809.09554315974,4698.0
95928,727,727,24084,0.03018601561202458,147.6832916594388,37409.0
94617,0,0,1,0.0,,
91916,48,48,2455,0.019551934826883912,61.90101717664137,1710.0
91080,0,0,1,0.0,,
98231,0,0,4,0.0,,
99661,0,0,1,0.0,224.92529525149342,1071.0
92174,2,2,444,0.0045045045045045045,,
94932,0,0,1,0.0,,
98266,1,1,3,0.3333333333333333,50.90961436915956,4245.0
90622,5,5,271,0.01845018450184502,,
95915,0,0,19,0.0,36.45967144937762,0.0
96091,3,3,819,0.003663003663003663,426.51252994615805,932.0
93992,0,0,1,0.0,,
92878,649,653,14584,0.04450082281952825,,
96104,2,2,668,0.0029940119760479044,238.84328850419683,713.0
91401,2586,2614,27705,0.09334055224688684,3.55449269158401,39231.0
93116,7,7,415,0.016867469879518072,,
94576,10,10,142,0.07042253521126761,0.2840696451568377,103.0
94944,0,0,1,0.0,,
90863,0,0,0,,,
96033,1,1,296,0.0033783783783783786,144.83300077167132,172.0
95318,12,12,403,0.02977667493796526,57.336763600810414,582.0
94066,2304,2311,32810,0.07022249314233465,6.060235376916843,42728.0
90917,0,0,0,,,
98295,0,0,4,0.0,31.431565471510005,3279.0
93719,0,0,1,0.0,,
95352,15,15,663,0.02262443438914027,,
93428,333,333,5858,0.05684533970638443,79.23830358642402,6399.0
96069,17,17,698,0.024355300859598854,92.99004989657449,1426.0
94076,0,0,3,0.0,,
91901,604,606,14250,0.0423859649122807,78.56738441098092,18197.0
92811,3,3,121,0.024793388429752067,,
92049,6,6,228,0.02631578947368421,,
97218,0,0,10,0.0,6.736902328427978,15428.0
91055,0,0,0,,,
90171,0,0,1,0.0,,
98139,0,0,3,0.0,,
95559,2,2,113,0.017699115044247787,18.434102200846173,41.0
98315,2,2,27,0.07407407407407407,12.230529887524806,6112.0
92383,0,0,13,0.0,,
92770,0,0,0,,,
94134,1682,1693,23819,0.07061589487384021,2.5887877175220133,38633.0
95361,589,589,27433,0.021470491743520576,221.09664185562565,34810.0
92442,0,0,1,0.0,,
95843,1655,1668,34544,0.04790991199629458,6.516853703729273,47695.0
95354,335,335,17779,0.018842454581247538,7.739911714630146,25684.0
92276,135,137,7345,0.018379850238257316,37.00744684189068,7720.0
99115,0,0,2,0.0,448.77512082687673,1369.0
92236,339,339,30512,0.011110382800209753,61.85048868729313,43642.0
97426,0,0,4,0.0,75.12008133719743,10186.0
91722,1126,1147,27062,0.041608159042199395,4.12670913654214,35099.0
91946,4,4,352,0.011363636363636364,,
96311,0,0,2,0.0,,
94132,1349,1352,14049,0.09602106911523951,3.6329872682569255,26859.0
95203,159,159,9881,0.016091488715717032,6.746463969890635,15930.0
92671,0,0,2,0.0,,
98133,3,3,66,0.045454545454545456,7.205510159790702,53249.0
97027,0,0,7,0.0,2.596791212182764,12347.0
98113,0,0,1,0.0,,
94389,0,0,1,0.0,,
98813,0,0,1,0.0,104.56658017622459,2826.0
94704,405,409,5440,0.0744485294117647,0.8505988783895514,23788.0
94587,4739,4769,51383,0.09222894731720609,20.751601391997287,67464.0
90002,396,410,29509,0.01341963468772239,2.992535721344388,52122.0
93652,1,1,414,0.0024154589371980675,2.064478557989291,216.0
95818,1480,1485,15522,0.09534853755959284,4.022835953130106,22581.0
94153,0,0,1,0.0,,
93132,0,0,1,0.0,,
94383,0,0,1,0.0,,
92129,4967,4988,41663,0.119218491227228,13.08394823361793,52965.0
92595,1123,1123,27908,0.04023935789021069,21.56353214404104,34438.0
91034,0,0,1,0.0,,
90739,0,0,0,,,
97146,0,0,8,0.0,30.70608236627086,8099.0
93429,0,0,121,0.0,6.924617388445608,99.0
93662,249,249,22936,0.010856295779560517,78.0719905747885,29419.0
95703,43,43,1758,0.024459613196814563,8.9040569748364,2589.0
91391,0,0,1,0.0,,
94951,257,257,3936,0.06529471544715447,12.854648659123548,3294.0
94104,127,128,1325,0.09584905660377359,0.07755095535449447,498.0
95686,13,13,912,0.01425438596491228,33.75902898102492,1171.0
96789,0,0,46,0.0,26.519718448570856,54278.0
95616,2306,2315,26963,0.08552460779586842,29.887506934360943,53630.0
93136,0,0,1,0.0,,
96572,0,0,1,0.0,,
92344,590,591,18043,0.03269966191874965,37.602788950495345,21349.0
94091,0,0,1,0.0,,
97121,0,0,1,0.0,8.248053149906015,1444.0
95519,561,561,14609,0.03840098569375043,54.123397049545694,18728.0
95741,18,18,668,0.02694610778443114,,
94413,0,0,1,0.0,,
90632,6,6,288,0.020833333333333332,,
92843,1656,1695,33201,0.049878015722418,3.960073226076785,46414.0
97420,0,0,31,0.0,285.6512195338795,27621.0
90030,2,2,76,0.02631578947368421,,
92080,0,0,2,0.0,,
93472,0,0,1,0.0,,
90470,0,0,1,0.0,,
95205,327,329,27382,0.011942151778540647,9.002894326067933,39608.0
95010,404,406,7640,0.05287958115183246,1.465293444981605,8707.0
96649,0,0,9,0.0,,
91784,2191,2197,24157,0.09069834830483918,9.334867101901827,26886.0
94023,42,42,392,0.10714285714285714,,
90735,0,0,1,0.0,,
93013,671,672,13597,0.04934912112966095,41.62781178680995,16317.0
96379,2,2,13,0.15384615384615385,,
94516,21,21,196,0.10714285714285714,3.6125536849549156,214.0
93455,1206,1206,37512,0.032149712092130515,118.66026336374192,44611.0
92299,0,0,1,0.0,,
91831,0,0,1,0.0,,
94584,0,0,1,0.0,,
99181,0,0,1,0.0,92.33706113027256,1995.0
94972,14,14,286,0.04895104895104895,4.56115826404099,0.0
90657,0,0,0,,,
98516,1,1,36,0.027777777777777776,33.18979962482833,29177.0
94087,6304,6363,39507,0.15956665907307566,6.59095735469033,57767.0
93142,0,0,2,0.0,,
91782,0,0,12,0.0,,
97016,0,0,5,0.0,239.79318833593,6573.0
93535,1060,1064,50007,0.021197032415461836,239.06736636271037,79409.0
94804,1584,1601,30634,0.051707253378598945,9.297448267992225,44891.0
95986,0,0,114,0.0,10.88289012374468,115.0
91026,0,0,0,,,
90728,1,1,2,0.5,,
92508,1906,1919,27161,0.07017414675453776,10.968149152227419,36909.0
93108,1368,1371,9217,0.14842139524791148,27.955582532705662,11526.0
93710,396,396,17516,0.022607901347339577,6.188037969900188,31669.0
97389,0,0,2,0.0,35.6108498522591,1755.0
98275,1,1,30,0.03333333333333333,8.488970416784548,21323.0
92514,3,3,214,0.014018691588785047,,
95232,1,1,290,0.0034482758620689655,4.950648659501961,135.0
94535,65,65,1455,0.044673539518900345,9.674514290348512,3952.0
97222,3,3,19,0.15789473684210525,8.928367474345876,36398.0
99114,0,0,5,0.0,720.8920532108405,13383.0
90998,0,0,0,,,
93762,0,0,1,0.0,,
99624,0,0,1,0.0,93.19294675585805,145.0
91713,1,1,1,1.0,,
94401,1512,1517,25305,0.05975103734439834,3.112034854003936,35295.0
97330,2,2,52,0.038461538461538464,78.25746166553687,43878.0
95573,30,30,1473,0.020366598778004074,120.6837741677006,1089.0
92814,4,4,223,0.017937219730941704,,
91054,0,0,0,,,
93520,0,0,3,0.0,,
90821,0,0,0,,,
95426,47,47,1883,0.02496016994158258,28.678010763406196,1257.0
95939,0,0,256,0.0,260.0001177281332,325.0
97324,0,0,1,0.0,195.27263798816648,1470.0
93954,2,2,213,0.009389671361502348,59.71097941771698,191.0
97417,0,0,6,0.0,28.61127461750833,2330.0
95202,137,138,4221,0.03245676380004738,1.0667069078398723,7066.0
98840,0,0,3,0.0,539.9416776601776,4892.0
90441,0,0,1,0.0,,
92001,1,1,4,0.25,,
95966,233,234,22148,0.0105201372584432,180.10691329009134,28503.0
92758,0,0,1,0.0,,
92804,2667,2724,57500,0.046382608695652174,7.124900857127162,83537.0
94040,4106,4136,25371,0.16183831934097986,3.659976952856906,35632.0
94004,2,2,2,1.0,,
93617,0,0,1,0.0,,
90772,0,0,0,,,
99516,0,0,11,0.0,43.91652371336632,21500.0
97365,0,0,13,0.0,44.10716823131019,11066.0
92683,4530,4623,69124,0.06553440194433192,9.721305567142126,89833.0
91101,1297,1307,14164,0.09157017791584299,1.2702554737573606,21165.0
95504,0,0,1,0.0,,
90254,2101,2113,14424,0.14566001109262341,2.02856419555733,19063.0
95683,354,356,5897,0.06003052399525182,86.69651607616723,6515.0
96823,1,1,2,0.5,,
93711,1189,1190,29275,0.040614859094790776,11.602764197077924,39245.0
93855,0,0,1,0.0,,
90846,0,0,0,,,
91930,0,0,2,0.0,,
95404,2266,2267,30674,0.07387363891243398,75.40729656781383,37011.0
95473,26,26,865,0.03005780346820809,,
92879,1672,1686,35999,0.04644573460373899,9.837135083760478,49317.0
95058,0,0,1,0.0,,
92107,1257,1259,19452,0.06462060456508328,3.48449782186178,28827.0
94605,2000,2008,26935,0.07425283088917765,8.885741006547779,44103.0
95910,1,1,95,0.010526315789473684,32.925931189154674,19.0
90791,0,0,0,,,
92617,840,907,5116,0.1641907740422205,2.2336768775066362,24017.0
99901,0,0,6,0.0,2265.7704294924683,13768.0
96728,0,0,2,0.0,4.205582614127401,376.0
95685,136,136,4813,0.02825680448784542,39.9797557990243,4690.0
95459,26,26,519,0.05009633911368015,59.39566288991385,761.0
92262,1657,1659,19195,0.08632456368846053,35.24898113084964,26887.0
91423,3025,3042,22339,0.1354134025694973,4.08584232239192,32328.0
96622,0,0,1,0.0,,
94086,4305,4375,34196,0.1258919171832963,4.366675455312271,49746.0
90671,0,0,1,0.0,,
93305,165,166,18234,0.009049029285949325,5.785560263940481,37714.0
92815,9,9,439,0.02050113895216401,,
92848,0,0,4,0.0,,
90740,1536,1557,19883,0.07725192375396067,12.084348909245158,24254.0
94121,2256,2264,20931,0.10778271463379677,2.548446782196328,41995.0
91221,5,5,187,0.026737967914438502,,
95987,37,38,5545,0.006672678088367899,317.02636528951916,6786.0
96144,0,0,1,0.0,,
92636,1,1,3,0.3333333333333333,,
96689,0,0,1,0.0,,
93604,13,13,517,0.025145067698259187,45.358039171677895,710.0
95307,646,647,34153,0.018914883026381283,32.824145666007,46310.0
94518,1232,1243,20374,0.06046922548345931,5.5407192209611305,27345.0
93295,0,0,2,0.0,,
94947,1389,1394,20405,0.06807155109041901,22.13349584737981,24100.0
95825,803,811,19903,0.040345676531176204,4.719695196832703,36156.0
94539,8551,8603,41768,0.20472610610994063,25.074743747426954,52396.0
93701,58,59,5462,0.010618820944708897,1.520899400121873,9808.0
93016,4,4,550,0.007272727272727273,,
98857,0,0,3,0.0,169.5213947374012,4062.0
95156,4,4,460,0.008695652173913044,,
93001,1328,1333,26297,0.05050005704072708,103.95952137958712,32026.0
92821,3287,3310,33491,0.09814577050550895,14.159682605186719,41623.0
96814,6,6,43,0.13953488372093023,1.590897950907442,24689.0
92769,0,0,2,0.0,,
92377,624,629,18441,0.033837644379372055,7.195220963366487,20814.0
90981,0,0,0,,,
94952,2196,2197,28035,0.078330658105939,201.0309249610904,33785.0
90699,0,0,0,,,
92060,13,13,470,0.027659574468085105,68.866066221965,619.0
90443,0,0,1,0.0,,
90064,3192,3210,20044,0.15924965076830971,3.7256160441738446,26642.0
97322,0,0,27,0.0,63.71254018065143,36408.0
92211,1456,1456,22287,0.06532956432000718,14.879012373756998,28092.0
92086,33,34,1575,0.02095238095238095,221.79757601141773,1406.0
94338,0,0,1,0.0,,
93102,9,9,466,0.019313304721030045,,
97630,0,0,11,0.0,1164.7692243821632,5509.0
91776,1992,2018,27141,0.07339449541284404,3.3412679077387266,36952.0
99505,0,0,3,0.0,42.26451061377943,5015.0
99803,0,0,2,0.0,,
90842,0,0,1,0.0,,
93458,408,408,42900,0.00951048951048951,28.739561119715468,59148.0
93941,0,0,8,0.0,,
90685,0,0,0,,,
94551,2248,2257,35454,0.06340610368364641,83.07569362272035,37885.0
94059,0,0,1,0.0,,
93955,763,764,24946,0.030586065902349073,26.933488643259917,32266.0
90773,0,0,0,,,
92092,59,59,825,0.07151515151515152,0.13332763213830462,528.0
90312,0,0,1,0.0,,
94682,0,0,1,0.0,,
91935,524,525,8609,0.060866535021489136,105.5230631081237,9114.0
95659,7,7,634,0.011041009463722398,46.644991798340115,617.0
90832,4,4,68,0.058823529411764705,,
90744,549,574,34951,0.015707705072816228,9.950208956691952,52800.0
90068,2484,2501,15303,0.16232111350715547,8.177057698594433,21572.0
95303,15,15,773,0.019404915912031046,28.913411128551754,784.0
91841,0,0,1,0.0,,
91706,1867,1913,55363,0.03372288351426043,14.504270471265666,71082.0
90831,2,2,79,0.02531645569620253,0.0225540389649522,0.0
95331,0,0,2,0.0,,
93424,118,118,1182,0.09983079526226735,21.951105348583912,962.0
95670,1915,1925,43188,0.04434102065388534,13.26010323953578,58819.0
95851,4,4,247,0.016194331983805668,,
96143,42,42,2839,0.014793941528707291,9.484290485626426,3222.0
90213,23,23,264,0.08712121212121213,,
95956,3,3,408,0.007352941176470588,61.92869508786917,373.0
91719,0,0,9,0.0,,
90019,2527,2549,36168,0.06986839194868392,3.873624447293348,59548.0
96644,0,0,1,0.0,,
93063,3027,3047,46533,0.0650506092450519,36.31759123890068,55066.0
95732,0,0,4,0.0,,
92078,3929,3939,38184,0.1028965011523151,16.823155194572703,53605.0
95397,0,0,1,0.0,,
94901,2901,2912,33709,0.08606010264321101,16.47914203216441,41307.0
94560,4491,4515,38230,0.11747318859534397,20.121761920468106,46903.0
98103,7,7,94,0.07446808510638298,5.2276966927210635,52671.0
96260,0,0,5,0.0,,
96791,0,0,9,0.0,39.76118512013328,6377.0
92119,1107,1107,18661,0.05932157976528589,6.81472498314589,24456.0
99006,1,1,9,0.1111111111111111,164.70977497390626,16177.0
95002,115,117,1645,0.06990881458966565,9.691286842066297,1542.0
97385,0,0,3,0.0,35.529890748746666,3823.0
93650,99,99,2783,0.03557312252964427,0.6249177459483591,3333.0
95858,0,0,2,0.0,,
93514,232,232,13487,0.017201749833172686,1011.8125351266714,14853.0
96073,101,101,4449,0.022701730726005846,45.59790941139039,5750.0
95122,1575,1608,40611,0.03878259584841545,4.781981620090394,50775.0
91837,0,0,1,0.0,,
98385,0,0,1,0.0,0.7511353758305412,457.0
92886,5068,5119,41497,0.12212931055257006,12.984319196456767,49704.0
92282,26,26,864,0.03009259259259259,75.41612910874055,1419.0
98201,0,0,29,0.0,23.63139177704729,31895.0
92330,0,0,19,0.0,,
95937,11,11,1299,0.008468052347959968,53.20460221730808,701.0
95981,0,0,58,0.0,53.23158973904751,99.0
93052,0,0,1,0.0,,
98333,0,0,11,0.0,14.844653862980019,3414.0
91796,0,0,1,0.0,,
92891,0,0,1,0.0,,
95543,14,14,617,0.022690437601296597,141.4945915534106,523.0
93793,0,0,41,0.0,,
95850,1,1,1,1.0,,
99654,0,0,7,0.0,120.90590817638062,44647.0
98336,0,0,1,0.0,66.96436401372131,981.0
94404,3735,3757,26685,0.1399662731871838,4.925335466155609,35881.0
95170,6,6,82,0.07317073170731707,,
90088,0,0,2,0.0,,
91690,0,0,1,0.0,,
93100,0,0,8,0.0,,
92583,400,400,22269,0.017962189590911132,29.60887315122028,33778.0
97437,0,0,2,0.0,24.82002977293537,2632.0
91744,1866,1905,60070,0.031063758947894125,8.693176323846725,76942.0
96730,0,0,2,0.0,2.5526548281560775,1478.0
92387,0,0,3,0.0,,
90896,0,0,0,,,
95117,1637,1665,20931,0.07820935454588887,2.3202698214963644,26953.0
93028,0,0,1,0.0,,
93444,945,945,20228,0.04671742139608463,66.39476899742014,21611.0
92752,0,0,2,0.0,,
95872,0,0,1,0.0,,
90305,637,642,9865,0.06457171819564116,2.63674765808854,14708.0
90267,17,17,271,0.06273062730627306,,
92076,0,0,3,0.0,,
98944,0,0,9,0.0,555.2599090839046,22817.0
93851,0,0,1,0.0,,
91718,0,0,4,0.0,,
95980,0,0,15,0.0,,
92224,0,0,4,0.0,,
95532,0,0,5,0.0,,
96931,1,1,4,0.25,,
98001,0,0,19,0.0,18.925768301098522,37460.0
96111,0,0,67,0.0,4.773503184973753,26.0
93718,1,1,19,0.05263157894736842,,
92250,38,38,7845,0.004843849585723391,352.378682988216,7830.0
96793,0,0,35,0.0,82.15185742966337,32739.0
93651,27,27,1559,0.01731879409878127,16.291744896690204,1489.0
95308,0,0,1,0.0,,
92847,0,0,2,0.0,,
99352,1,1,19,0.05263157894736842,25.845184432321478,37430.0
95700,0,0,0,,,
93265,80,80,3500,0.022857142857142857,389.85802365914424,3397.0
98528,0,0,4,0.0,84.83124978982374,11940.0
90180,0,0,1,0.0,,
90756,0,0,1,0.0,,
91209,11,11,282,0.03900709219858156,,
93449,588,588,7110,0.08270042194092828,10.617515739051576,8014.0
96161,944,945,13754,0.06863457903155445,266.1660512908863,19634.0
90148,1,1,1,1.0,,
91350,3663,3681,33815,0.10832470796983587,15.889309549643539,43973.0
98446,0,0,9,0.0,10.898843900500033,14634.0
96032,16,16,2360,0.006779661016949152,521.0171020454902,2408.0
91105,1655,1664,10459,0.1582369251362463,4.228603486345055,12531.0
92248,15,15,839,0.017878426698450536,,
91604,3618,3636,21536,0.16799777117384845,4.8131140495703955,32469.0
95503,523,523,18783,0.027844327317254964,84.5904243429249,25054.0
98244,0,0,2,0.0,468.7185322659247,2994.0
95950,3,3,441,0.006802721088435374,52.943108144930655,287.0
90891,0,0,0,,,
91402,1487,1518,43618,0.03409143014351873,3.758411744086305,65754.0
95476,1820,1822,27655,0.06581088410775628,108.1393128015849,35196.0
90506,2,2,45,0.044444444444444446,0.16197059798225782,0.0
92645,1,1,1,1.0,,
93531,26,26,546,0.047619047619047616,19.500340400768238,515.0
93560,361,362,15723,0.022959994911912484,168.19932422736147,22119.0
90979,0,0,0,,,
91052,0,0,0,,,
92866,528,545,10322,0.0511528773493509,1.9062908232988278,15331.0
98404,1,1,20,0.05,7.0725655039365485,35961.0
98065,3,3,13,0.23076923076923078,71.2761617236438,15944.0
95690,55,55,2016,0.027281746031746032,53.5115438302239,2431.0
91057,0,0,0,,,
92559,0,0,2,0.0,,
90049,5044,5066,24854,0.20294519996781202,14.972802526124488,37122.0
95958,0,0,76,0.0,6.651677672763659,0.0
97446,0,0,1,0.0,123.83596095747424,5449.0
99301,0,0,26,0.0,500.17501886233106,87044.0
90145,0,0,1,0.0,,
90121,0,0,1,0.0,,
92676,169,169,1868,0.0904710920770878,70.17541649842147,2085.0
95310,38,38,2300,0.01652173913043478,45.759700818733585,1356.0
92543,428,430,24799,0.017258760433888465,19.131862604939364,39937.0
91056,0,0,0,,,
90870,0,0,0,,,
95437,318,318,13127,0.024224880018282928,178.02454487456106,14982.0
93445,122,122,5078,0.024025206774320598,18.270831866263013,6857.0
92872,1,1,4,0.25,,
92838,0,0,131,0.0,,
96815,4,4,77,0.05194805194805195,3.08526894932435,27530.0
90722,0,0,1,0.0,,
90090,0,0,0,,,
90850,0,0,1,0.0,,
90683,0,0,0,,,
90938,0,0,0,,,
99260,0,0,1,0.0,,
95823,1078,1088,49322,0.021856372409877946,11.478841076435502,83607.0
94976,9,9,192,0.046875,,
95949,473,474,18222,0.02595763362967841,137.1313868500598,20552.0
95916,4,4,562,0.0071174377224199285,84.87697052712704,667.0
97106,0,0,4,0.0,44.05611430348335,4855.0
98837,0,0,13,0.0,518.8300143653785,49455.0
95211,5,5,61,0.08196721311475409,0.11513300992299572,765.0
92284,412,412,16876,0.02441336809670538,127.47691328519981,25415.0
97541,0,0,8,0.0,214.69702184886486,1523.0
90802,1478,1492,21093,0.07007063954866544,13.97245424226651,40434.0
98019,0,0,6,0.0,36.1628967786791,12242.0
92087,0,0,3,0.0,,
98354,0,0,4,0.0,2.8732909583444552,8597.0
90736,0,0,1,0.0,,
93686,0,0,2,0.0,,
94335,0,0,1,0.0,,
91093,0,0,1,0.0,,
95496,0,0,1,0.0,,
93310,0,0,1,0.0,,
95342,0,0,5,0.0,,
90402,1744,1758,7799,0.2236184126170022,2.168421072367689,11337.0
93466,0,0,1,0.0,,
95738,0,0,1,0.0,,
93304,288,289,28249,0.010195051152253177,7.473734183179378,51037.0
95409,1517,1517,21276,0.07130099642789998,35.20467191121872,25616.0
92388,0,0,10,0.0,,
92991,0,0,1,0.0,,
92538,0,0,2,0.0,,
92275,6,6,2009,0.0029865604778496766,40.54431149712091,1219.0
95129,4070,4118,28347,0.1435778036476523,4.563100594888852,41321.0
93546,173,173,8562,0.020205559448726932,244.06895440679472,9000.0
92589,35,35,1199,0.029190992493744787,,
91003,5,5,151,0.033112582781456956,,
91403,2771,2794,17836,0.15535994617627272,3.6022239052464444,25793.0
95411,0,0,1,0.0,,
93519,1,1,44,0.022727272727272728,137.5564241875984,19.0
92365,12,12,1332,0.009009009009009009,484.24300929149115,2192.0
90994,0,0,0,,,
97018,0,0,1,0.0,1.2524674997823797,2006.0
98118,5,5,65,0.07692307692307693,8.966093838010783,50500.0
95546,10,10,2028,0.004930966469428008,88.86232514921446,2397.0
92509,1656,1677,62224,0.026613525327847776,31.433061958976655,81182.0
97633,0,0,9,0.0,28.84017447691393,1246.0
93267,32,32,4259,0.0075135008217891526,61.74015462906551,5531.0
91351,1493,1499,26448,0.05645039322444041,8.687452718822303,33155.0
95320,183,183,10689,0.017120404153802976,89.2707399808007,13500.0
91780,2635,2671,26858,0.09810857100305309,3.845362393013614,35588.0
97049,0,0,1,0.0,157.75623166899106,1896.0
95930,1,1,276,0.0036231884057971015,7.581341209466023,463.0
93627,0,0,148,0.0,62.42500104711773,451.0
96734,8,8,159,0.050314465408805034,24.473790091957554,50670.0
90009,21,21,821,0.025578562728380026,,
99835,0,0,10,0.0,3050.132611984612,8368.0
90885,0,0,0,,,
92696,0,0,1,0.0,,
97844,0,0,1,0.0,40.61556449348994,3701.0
92561,66,66,1407,0.046908315565031986,163.79650813066084,2157.0
99208,0,0,37,0.0,48.813900157910126,58669.0
91305,1,1,62,0.016129032258064516,,
90320,0,0,3,0.0,,
94304,410,411,2361,0.17365523083439222,4.806614575036623,5000.0
99223,0,0,20,0.0,32.070423261191635,36094.0
93053,0,0,1,0.0,,
91117,3,3,178,0.016853932584269662,,
90022,618,630,40038,0.015435336430391128,4.426582072427469,60343.0
94925,1091,1096,7764,0.14052035033487892,4.19881517577478,10077.0
94118,2131,2140,18955,0.11242416249010816,2.006073605380279,39130.0
95309,3,3,261,0.011494252873563218,0.018354919232263792,0.0
95678,1468,1470,33015,0.04446463728608208,11.424860970213166,45346.0
90225,0,0,1,0.0,,
93118,3,3,200,0.015,,
94143,6,6,119,0.05042016806722689,,
93844,0,0,0,,,
93203,114,114,13247,0.008605722050275533,172.0928828940999,20712.0
94060,36,36,1372,0.026239067055393587,73.78640107658842,1465.0
90258,0,0,1,0.0,,
94615,0,0,17,0.0,,
90893,0,0,0,,,
97147,0,0,1,0.0,0.5143663103525771,448.0
95591,0,0,1,0.0,,
90045,16532,16562,94383,0.1751586620471907,10.759359123554667,41786.0
96740,12,12,127,0.09448818897637795,270.53103334868655,39338.0
91412,3,3,178,0.016853932584269662,,
92126,4398,4417,57482,0.07651090776242998,11.586375408539945,76059.0
93960,217,217,15614,0.013897784039964134,178.9659039957937,27471.0
95944,0,0,79,0.0,9.415709560548583,122.0
91754,2060,2091,25033,0.08229137538449247,4.529188208813884,32248.0
91134,0,0,1,0.0,,
90605,941,953,29957,0.03141169008912775,6.395919396263991,39387.0
90059,443,454,24701,0.017934496579085867,3.1780720089190453,37511.0
92590,302,304,5185,0.05824493731918997,54.39820348133764,5089.0
94606,1000,1019,19673,0.05083108829360036,2.5589741026946835,39966.0
92537,0,0,0,,,
98042,0,0,34,0.0,28.362289282582697,50216.0
93349,0,0,1,0.0,,
90024,2780,2800,17073,0.16283019973056873,2.973864346200057,51675.0
95453,178,178,11471,0.01551739168337547,87.63566569263571,11741.0
97206,2,2,45,0.044444444444444446,6.452553841393029,49890.0
94214,2,2,2,1.0,,
95699,3,3,129,0.023255813953488372,3.4941643624873344,147.0
90054,3,3,348,0.008620689655172414,,
95606,10,10,354,0.02824858757062147,37.38592820219357,232.0
92728,20,20,403,0.04962779156327544,,
94513,4119,4128,53833,0.07651440566195457,80.35234921050925,69755.0
99929,0,0,1,0.0,2744.8724527779245,2087.0
96860,0,0,2,0.0,1.8872354370633082,4710.0
90855,0,0,0,,,
92168,11,11,292,0.03767123287671233,,
92149,2,2,185,0.010810810810810811,,
92338,0,0,13,0.0,93.65165203449102,0.0
93435,1,1,38,0.02631578947368421,,
98501,3,3,30,0.1,36.512653165831864,48067.0
91335,2759,2791,52935,0.05212052517238122,6.597527326056579,74526.0
93307,476,476,54131,0.008793482477693003,141.4922967318017,85945.0
98248,1,1,10,0.1,74.01096346823941,28498.0
92045,0,0,3,0.0,,
94581,14,14,494,0.02834008097165992,,
97224,3,3,36,0.08333333333333333,9.048289456502136,36569.0
92357,0,0,4,0.0,,
92932,0,0,1,0.0,,
92505,1145,1157,35388,0.03235560076862213,10.176439060655927,53419.0
92930,0,0,2,0.0,,
98290,0,0,208,0.0,120.10189741409421,39826.0
94016,0,0,39,0.0,,
97131,0,0,2,0.0,142.88918951700987,2359.0
93668,6,6,843,0.0071174377224199285,48.012412303492546,741.0
96694,0,0,2,0.0,,
97212,0,0,29,0.0,2.7291555046077045,28042.0
92161,0,0,2,0.0,0.08774850644006453,29.0
94188,17,17,428,0.0397196261682243,0.08711472250253725,0.0
92030,13,13,536,0.024253731343283583,,
90504,1669,1699,24697,0.06757905818520468,4.427488763261428,33084.0
94805,698,703,10401,0.06710893183347755,1.8652460960858228,14670.0
94592,97,97,821,0.11814859926918392,8.277875760414785,1049.0
90028,1604,1625,16535,0.09700635016631388,1.5105753935664834,32883.0
95113,280,285,1699,0.164802825191289,0.34827884223231287,2640.0
90072,0,0,25,0.0,,
93060,636,636,26643,0.023871185677288593,93.15386934967088,34501.0
97221,1,1,15,0.06666666666666667,4.409397975605964,12915.0
92116,1561,1565,22212,0.07027732757068252,3.379805327124995,31843.0
95677,1418,1420,24314,0.05832030928683063,9.763876423810308,29206.0
92497,0,0,2,0.0,,
91933,5,5,422,0.011848341232227487,,
98847,0,0,2,0.0,184.7355479105778,1641.0
92539,50,50,3291,0.015192950470981464,130.3483390624331,3774.0
91642,0,0,1,0.0,,
98402,3,3,29,0.10344827586206896,1.3845653341114705,8080.0
95641,29,29,1561,0.018577834721332478,44.75549144199815,2214.0
92816,7,7,165,0.04242424242424243,,
97477,0,0,23,0.0,12.576046206195594,37534.0
92314,117,117,7031,0.01664059166548144,36.6269980457673,9334.0
91691,0,0,1,0.0,,
92056,2477,2487,43328,0.05716857459379616,12.332834214599448,53616.0
90834,0,0,0,,,
96771,0,0,5,0.0,76.85102792273398,7793.0
93367,0,0,1,0.0,,
93526,9,9,789,0.011406844106463879,53.546761721128014,825.0
90601,1286,1308,24377,0.052754645772654554,10.74354358118674,30078.0
90243,0,0,1,0.0,,
95798,3,3,227,0.013215859030837005,,
91180,0,0,1,0.0,,
99339,1,1,1,1.0,,
92339,25,25,892,0.028026905829596414,78.94365884522678,1302.0
97862,0,0,6,0.0,292.9271909329695,12313.0
95432,16,16,394,0.04060913705583756,72.26209920632857,707.0
94578,1259,1270,26148,0.04814899801132018,4.558613959477876,41769.0
91769,7,7,799,0.008760951188986232,,
93670,0,0,108,0.0,0.04663116621850949,0.0
92310,93,93,2282,0.04075372480280456,82.71064240143785,8419.0
96067,158,158,7866,0.02008644800406814,77.13136760319419,7839.0
98272,0,0,13,0.0,107.07517092580984,31436.0
93584,2,2,232,0.008620689655172414,,
94140,3,3,157,0.01910828025477707,,
97496,0,0,6,0.0,88.06434947000223,7768.0
94803,1405,1414,20155,0.06970974944182586,12.818986025648327,27659.0
92267,2,2,82,0.024390243902439025,46.73588262808924,0.0
98087,1,1,41,0.024390243902439025,5.93606825441056,41796.0
96517,1,1,4,0.25,,
94923,120,121,1570,0.07643312101910828,22.85732104556553,1483.0
90882,0,0,0,,,
94512,2,2,109,0.01834862385321101,22.242481367201346,130.0
94553,2343,2362,40780,0.057454634624816085,64.90221604144544,48643.0
96773,0,0,1,0.0,72.11923504681141,95.0
90077,1674,1683,6987,0.23958780592528983,7.3967657136385245,8386.0
93675,37,37,2830,0.013074204946996466,99.3592609666265,3374.0
98004,22,22,138,0.15942028985507245,8.851753597419826,39897.0
90829,0,0,0,,,
92641,1,1,3,0.3333333333333333,,
95562,32,32,2630,0.012167300380228136,16.878576347547526,3422.0
95972,1,1,145,0.006896551724137931,1.0839684671497445,0.0
91031,23,25,423,0.054373522458628844,,
92360,0,0,2,0.0,,
90889,0,0,0,,,
93309,649,649,36364,0.017847321526784733,10.605471850422273,63217.0
92666,0,0,19,0.0,,
98053,3,3,26,0.11538461538461539,27.829560615425514,22765.0
92380,0,0,0,,,
94440,0,0,1,0.0,,
94373,0,0,2,0.0,,
92065,1239,1240,32223,0.038450796015268594,170.81061189901433,36752.0
91300,0,0,4,0.0,,
91789,4620,4656,34712,0.13309518322194053,15.917751756928784,40298.0
92535,0,0,3,0.0,,
96733,0,0,4,0.0,,
96765,0,0,1,0.0,0.6537313970537862,513.0
91774,0,0,2,0.0,,
90293,1008,1018,8505,0.11851851851851852,4.284229800728234,12655.0
99362,1,1,24,0.041666666666666664,303.25706340859927,42853.0
94625,0,0,3,0.0,,
92502,26,38,456,0.05701754385964912,,
93515,5,5,725,0.006896551724137931,,
97499,0,0,1,0.0,124.66666761138622,1828.0
92504,1514,1530,44552,0.033982761716645715,22.73795663704575,57132.0
91515,0,0,1,0.0,,
95007,22,22,512,0.04296875,1.5858789325123295,396.0
99224,1,1,21,0.047619047619047616,119.19581647424506,24919.0
90785,0,0,0,,,
98253,0,0,4,0.0,17.075778450982547,2311.0
92397,151,151,4246,0.03556288271314178,47.61844189752732,5854.0
95251,5,5,716,0.006983240223463687,12.221618934083518,701.0
97458,0,0,1,0.0,362.49998378871476,5164.0
93612,397,397,22801,0.01741151703872637,6.825412643142778,37755.0
98684,2,2,26,0.07692307692307693,7.08664406685909,37298.0
96820,0,0,1,0.0,0.06071655522959404,0.0
96168,0,0,1,0.0,,
92205,0,0,1,0.0,,
97498,0,0,8,0.0,111.09684363338698,2055.0
98072,3,3,41,0.07317073170731707,18.094398769810176,24446.0
93303,8,8,388,0.020618556701030927,,
96705,0,0,2,0.0,3.8574519534079,2522.0
98444,0,0,23,0.0,6.989738105040034,35754.0
94913,17,17,350,0.04857142857142857,,
92670,0,0,13,0.0,,
97113,0,0,7,0.0,35.05025557165331,16268.0
92328,1,1,196,0.00510204081632653,1775.762941098128,725.0
93446,1194,1194,38279,0.031192037409545705,431.95051275356667,45554.0
95219,1262,1262,21429,0.05889215549022353,140.1088884764818,31713.0
92741,0,0,1,0.0,,
98831,0,0,1,0.0,54.39239717292394,3953.0
94937,126,126,964,0.13070539419087138,65.09320476110936,1009.0
94958,0,0,1,0.0,,
92813,0,0,1,0.0,,
97490,0,0,0,,96.28742974639738,460.0
96609,0,0,1,0.0,,
91675,0,0,1,0.0,,
97371,0,0,0,,31.754243951146666,694.0
97203,0,0,29,0.0,13.538096383756766,33116.0
92577,0,0,3,0.0,,
97447,0,0,1,0.0,267.69207417155906,610.0
97140,1,1,18,0.05555555555555555,44.58188595969039,27933.0
90964,0,0,0,,,
92767,0,0,1,0.0,,
91976,2,2,186,0.010752688172043012,,
92193,6,6,311,0.01929260450160772,,
99518,2,2,7,0.2857142857142857,3.7878704287261633,9764.0
92910,0,0,0,,,
90701,628,636,11150,0.05632286995515695,1.6284344244179796,15889.0
95651,26,26,828,0.03140096618357488,13.365887345403605,729.0
92278,4,4,253,0.015810276679841896,0.392489724123254,3913.0
97523,0,0,18,0.0,250.49477400605087,7172.0
90860,0,0,1,0.0,,
96266,0,0,6,0.0,,
96540,1,1,1,1.0,,
90018,1130,1145,28721,0.03934403398210369,3.000747409327056,48745.0
93168,0,0,0,,,
90824,0,0,0,,,
99615,0,0,11,0.0,4528.1017323194355,12194.0
90868,0,0,0,,,
90665,0,0,0,,,
91736,0,0,4,0.0,,
92105,1495,1504,46747,0.03198066186065416,5.776532723686926,71411.0
95757,4170,4184,42698,0.09766265398847722,65.51541095536595,56764.0
98555,0,0,1,0.0,37.67633356018025,324.0
95873,0,0,1,0.0,,
96950,0,0,1,0.0,45.97563886140783,
91058,0,0,0,,,
92669,0,0,3,0.0,,
90840,1,1,74,0.013513513513513514,0.042357000378234096,0.0
94090,0,0,1,0.0,,
91711,2454,2460,24569,0.09988196507794375,15.072725650760388,37529.0
97306,1,1,26,0.038461538461538464,32.77042901523132,34383.0
98011,3,3,36,0.08333333333333333,7.054231367346056,28963.0
90811,0,0,1,0.0,,
92849,0,0,1,0.0,,
95629,24,24,1258,0.019077901430842606,57.028404599261,813.0
95325,1,1,142,0.007042253521126761,29.79054392592057,0.0
94549,3582,3593,22979,0.15588145698246225,20.012047216373183,28420.0
95152,13,13,307,0.04234527687296417,,
92244,11,11,1492,0.007372654155495978,,
94713,0,0,1,0.0,,
96434,0,0,1,0.0,,
92208,0,0,1,0.0,,
91314,0,0,1,0.0,,
93720,1614,1615,33423,0.04829009963198995,10.535027543318002,50089.0
93903,0,0,2,0.0,,
97331,0,0,2,0.0,0.5446349029942065,3693.0
93006,12,12,644,0.018633540372670808,,
93201,1,1,708,0.0014124293785310734,71.74744100944841,1134.0
93251,0,0,221,0.0,107.16265579756623,274.0
91607,2108,2119,20076,0.10500099621438534,2.491892745990393,31890.0
92321,26,26,1049,0.02478551000953289,7.173259063643686,724.0
92170,2,3,485,0.004123711340206186,,
94239,0,0,2,0.0,,
90012,2202,2219,25483,0.08641054820860966,3.6875556532791336,37336.0
90231,13,13,312,0.041666666666666664,,
93401,2058,2058,25094,0.08201163624770862,64.19225524944159,29202.0
98178,0,0,16,0.0,5.939235414444811,26748.0
96095,0,0,10,0.0,,
92501,553,559,15555,0.03555126968820315,5.702173012383545,22934.0
98580,0,0,6,0.0,131.8371383789113,11410.0
96792,0,0,30,0.0,74.64285018039966,49618.0
97423,0,0,7,0.0,127.60020809020293,6056.0
91614,9,9,197,0.04568527918781726,,
96103,12,12,1816,0.006607929515418502,97.64938980529917,1112.0
94928,1490,1493,36748,0.04054642429519974,7.7458780608127835,46829.0
90202,0,0,178,0.0,,
93729,17,17,974,0.017453798767967144,,
90008,1248,1258,17762,0.07026235784258529,2.919820530292218,33252.0
95630,6075,6096,62390,0.09737137361756691,28.379194619060275,79484.0
90244,0,0,2,0.0,,
95775,1,1,1,1.0,,
92254,52,52,8628,0.00602688919796013,47.945685121813014,11333.0
92044,0,0,2,0.0,,
90814,961,965,12134,0.07919894511290589,1.332736870391978,19471.0
90442,0,0,1,0.0,,
93516,26,26,1275,0.0203921568627451,28.57037644970951,2889.0
93226,1,1,223,0.004484304932735426,76.02094656872804,58.0
95739,0,0,1,0.0,,
90859,0,0,0,,,
97635,0,0,79,0.0,52.213098188502855,239.0
95746,1940,1946,19966,0.09716518080737253,25.60752688276358,22985.0
95852,8,8,257,0.0311284046692607,,
94007,0,0,1,0.0,,
95752,0,0,1,0.0,,
97636,0,0,1,0.0,288.9205070093436,406.0
96632,0,0,10,0.0,,
96022,173,174,12976,0.013332305795314426,249.1503633927413,17092.0
93227,2,2,452,0.004424778761061947,0.09384144881151257,221.0
97269,0,0,26,0.0,,
93641,5,5,303,0.0165016501650165,63.406699130145896,466.0
90684,0,0,1,0.0,,
93747,8,8,425,0.018823529411764704,,
93030,998,1003,43334,0.023030414916693588,14.11275428501693,58192.0
94813,0,0,1,0.0,,
92124,1546,1551,18350,0.08425068119891008,9.783790953594142,30474.0
93107,0,0,23,0.0,,
90822,0,0,9,0.0,0.16248002717734797,93.0
90013,619,626,4383,0.1412274697695642,0.7157523102800869,14357.0
95213,12,12,546,0.02197802197802198,,
91950,843,850,42528,0.019822234762979684,7.6618624724685205,59891.0
95153,17,18,423,0.04018912529550828,,
91725,0,0,3,0.0,,
90752,0,0,1,0.0,,
90316,0,0,1,0.0,,
90781,0,0,0,,,
97639,0,0,2,0.0,57.50943088155693,15.0
92026,2276,2285,41311,0.055094284815182394,36.11936646044588,53075.0
97444,0,0,15,0.0,166.38504247232487,5416.0
94532,0,0,1,0.0,,
91007,2682,2706,22425,0.11959866220735786,5.510445631367096,33029.0
96746,1,1,40,0.025,32.77571576509586,19329.0
91321,1384,1396,25169,0.05498827923238905,26.671815307387266,31989.0
98148,0,0,6,0.0,2.710886509188553,9715.0
97213,2,2,32,0.0625,4.033270166875268,31408.0
95451,176,176,11679,0.015069783371864029,102.65116820704088,12592.0
90955,0,0,0,,,
94545,1765,1778,28168,0.06265975575120704,16.143057771890327,32843.0
95620,736,737,19749,0.03726770975745607,244.1505839934943,22223.0
95326,225,225,8550,0.02631578947368421,26.818437986474795,10593.0
95579,0,0,1,0.0,,
92413,4,4,372,0.010752688172043012,,
90806,1018,1035,25895,0.0393126086117011,4.970998430251753,41664.0
90203,0,0,5,0.0,,
91729,33,34,1280,0.02578125,,
99669,0,0,9,0.0,251.42656372109488,15395.0
90230,2074,2088,21618,0.0959385697104265,4.5798499617132045,31009.0
95592,0,0,1,0.0,,
94920,1909,1915,10184,0.18745090337784762,12.201586404298297,12609.0
96541,0,0,1,0.0,,
92546,7,7,595,0.011764705882352941,,
98596,0,1,6,0.0,88.96960932668742,6950.0
92191,5,5,76,0.06578947368421052,,
93506,0,0,3,0.0,,
94998,0,0,1,0.0,,
92101,3860,3923,39024,0.09891348913489136,11.041405918586772,51805.0
92390,0,0,1,0.0,,
95209,1111,1114,31040,0.035792525773195874,8.397262892778638,47409.0
96767,0,0,1,0.0,,
98014,0,0,4,0.0,89.36272249521579,8264.0
96683,0,0,2,0.0,,
91919,0,0,1,0.0,,
92040,1050,1051,34848,0.030130853994490357,68.709899531982,46216.0
97486,0,0,3,0.0,70.32053913148376,595.0
91911,1729,1733,69219,0.024978690821884166,12.814350484838405,85542.0
90809,5,7,390,0.01282051282051282,,
99328,0,0,4,0.0,660.7350076970332,3646.0
95419,14,14,307,0.04560260586319218,0.06478557077042922,152.0
94160,0,0,1,0.0,,
90725,0,0,6,0.0,,
95734,0,0,3,0.0,,
98077,1,1,11,0.09090909090909091,17.432916039621837,14109.0
92372,103,103,4424,0.02328209764918626,25.721869581150305,5149.0
91997,0,0,2,0.0,,
92290,0,0,1,0.0,,
99214,0,0,1,0.0,,
95968,6,6,1556,0.0038560411311053984,1.7983252570759312,1364.0
97627,0,0,0,,32.59224544427812,229.0
93015,509,509,15536,0.032762615859938206,93.25412644772548,19191.0
98003,0,0,37,0.0,11.577229374205448,51619.0
95693,291,293,6769,0.04299010193529325,58.66118803300973,7961.0
91343,2339,2366,42049,0.05562557968084853,5.93408105162958,60783.0
95842,629,642,21620,0.029093432007400555,3.9717228176421395,34034.0
90404,1361,1380,14003,0.09719345854459759,1.9709992509541725,22978.0
97075,0,0,2,0.0,,
95893,0,0,1,0.0,,
92066,3,3,484,0.006198347107438017,22.058928395280283,290.0
93539,5,5,1189,0.004205214465937763,,
97132,1,1,23,0.043478260869565216,63.10498176888636,32486.0
90721,0,0,14,0.0,,
92868,1082,1116,20743,0.05216217519163091,3.4393653319058175,26380.0
93524,1,1,116,0.008620689655172414,73.01869407487126,57.0
94554,0,0,2,0.0,,
90888,0,0,0,,,
90290,782,786,4826,0.1620389556568587,18.734537386570455,6315.0
97114,0,0,1,0.0,60.781553812046035,5013.0
96678,0,0,2,0.0,,
93105,1721,1730,19623,0.08770320542220864,140.4562145891244,24437.0
92225,87,87,10104,0.0086104513064133,584.7841585378617,20319.0
96071,0,0,114,0.0,25.862312449269027,20.0
93735,0,0,1,0.0,,
92644,0,0,3,0.0,,
92179,0,0,21,0.0,0.25011931617527156,3150.0
91980,14,14,3837,0.0036486838676048996,3.692557396244841,176.0
92036,108,108,4543,0.023772837332159368,505.70682001153705,3218.0
93624,2,3,611,0.0032733224222585926,144.28345787638148,735.0
95589,19,19,1228,0.015472312703583062,152.793746992062,1115.0
92718,0,0,1,0.0,,
95868,0,0,1,0.0,,
95413,1,1,8,0.125,,
98092,3,3,36,0.08333333333333333,43.70486149372596,50224.0
92283,2,2,815,0.00245398773006135,333.55251458871436,1732.0
95332,0,0,1,0.0,,
95306,19,19,1132,0.01678445229681979,167.84882577882271,939.0
92566,0,0,1,0.0,,
98546,0,0,3,0.0,39.595186040182334,2430.0
93639,7,7,573,0.012216404886561954,,
98073,0,0,1,0.0,,
94044,2401,2403,29224,0.08215849986312619,15.096859735091336,37274.0
97414,0,0,2,0.0,45.2362611808203,415.0
97377,0,0,1,0.0,44.84443150430612,581.0
92169,15,15,564,0.026595744680851064,,
93014,8,8,600,0.013333333333333334,,
98292,0,0,20,0.0,82.12682937061494,27389.0
98183,0,0,1,0.0,,
92393,13,13,1624,0.008004926108374385,,
91710,3844,3886,64971,0.05916485816749011,22.014193925433492,78754.0
94510,1609,1615,23663,0.06799645015424925,30.24784896886261,26749.0
93522,1,1,49,0.02040816326530612,49.12943374981876,61.0
90803,2128,2151,22082,0.09636808260121366,8.673428903297085,31526.0
97141,0,0,5,0.0,276.470837194699,13086.0
92134,2,2,88,0.022727272727272728,0.07507626227930071,290.0
97634,0,0,4,0.0,3.3551888146637014,277.0
93586,0,0,9,0.0,,
98930,0,0,4,0.0,45.07378485820244,15730.0
96436,0,0,1,0.0,,
96752,0,0,6,0.0,48.209359897006344,3809.0
92428,0,0,1,0.0,,
92023,35,35,921,0.038002171552660155,,
92599,0,0,7,0.0,,
95895,0,0,0,,,
98632,0,0,19,0.0,129.20375521097137,50635.0
96779,0,0,14,0.0,15.443721894067581,2780.0
94586,81,81,975,0.08307692307692308,56.816850441168604,971.0
93707,0,0,47,0.0,,
92750,0,0,2,0.0,,
95082,0,0,0,,,
94254,0,0,1,0.0,,
97623,1,1,4,0.25,360.25534472522855,2813.0
99185,0,0,1,0.0,289.3143419791252,1501.0
95637,13,13,322,0.040372670807453416,42.27950210330345,402.0
92012,0,0,4,0.0,,
95897,0,0,1,0.0,,
95057,0,0,2,0.0,,
98645,0,0,0,,17.726571743577463,2216.0
92837,6,6,209,0.028708133971291867,,
93009,0,0,24,0.0,,
92854,0,0,1,0.0,,
98324,0,0,3,0.0,,
91311,3034,3069,32177,0.0942909531653044,33.494284388750664,40898.0
93270,36,36,4424,0.0081374321880651,67.45519363440273,5482.0
92680,0,0,37,0.0,,
96058,3,3,606,0.0049504950495049506,366.0539485205252,661.0
92820,0,0,1,0.0,,
95528,16,16,897,0.017837235228539576,88.03931919295532,1286.0
93923,1060,1060,10013,0.10586237890742035,203.41104380650143,12565.0
95123,4585,4643,49542,0.09254773727342457,7.873305107112806,69677.0
96704,1,1,26,0.038461538461538464,350.2980671301764,7261.0
92217,0,0,1,0.0,,
97333,1,1,21,0.047619047619047616,113.45878066020545,23934.0
90709,0,0,2,0.0,,
92826,0,0,2,0.0,,
96783,0,0,0,,10.130246937037496,2251.0
94002,3272,3282,21671,0.15098518757786905,5.633467797135326,27534.0
95355,1304,1305,42461,0.030710534372718496,9.377419102344588,60710.0
91572,0,0,1,0.0,,
95333,17,17,2221,0.00765420981539847,122.32405151865791,2963.0
92260,1232,1233,23123,0.05328028370021191,31.50955172562704,30523.0
92705,3528,3583,39379,0.08959089870235405,11.857419543560223,48781.0
96124,2,2,421,0.004750593824228029,53.17231745318447,387.0
90700,0,0,2,0.0,,
95400,0,0,1,0.0,,
92569,0,0,2,0.0,,
90697,0,0,0,,,
94612,853,865,9114,0.09359227561992539,1.1908340341222223,18175.0
96003,630,630,32946,0.019122199963576763,117.71773502602638,44923.0
93427,280,280,5692,0.049191848208011243,69.49779142560878,5737.0
90656,0,0,0,,,
95015,36,37,495,0.07272727272727272,,
95941,6,6,352,0.017045454545454544,35.449130880717,106.0
92553,973,976,50267,0.019356635566077147,10.25789478112702,74640.0
90240,1184,1192,19637,0.0602943423129806,3.078698533098992,24853.0
91395,0,0,67,0.0,,
93591,81,82,5056,0.016020569620253163,74.43102007743217,7051.0
96129,3,3,253,0.011857707509881422,116.01619405110904,306.0
94203,2,2,7,0.2857142857142857,,
92948,0,0,1,0.0,,
92252,156,158,5223,0.02986789201608271,112.31964701124289,7538.0
95538,1,1,12,0.08333333333333333,1.8917491484814355,1158.0
91116,9,9,73,0.1232876712328767,,
90062,546,556,19620,0.02782874617737003,1.9082427614658046,32715.0
98030,0,0,13,0.0,7.278030931252868,38523.0
93217,0,0,3,0.0,,
93737,305,305,5991,0.050909697880153565,9.76234046055879,7279.0
94573,38,38,544,0.06985294117647059,1.5403851953680607,84.0
92121,682,683,7070,0.09646393210749646,12.5625453184059,3974.0
95001,58,58,1073,0.05405405405405406,,
90405,2612,2634,18444,0.14161787031012796,3.1258388529918495,27298.0
93213,0,0,1,0.0,,
90879,0,0,0,,,
97136,0,0,5,0.0,21.802908757970645,2302.0
95338,166,166,11697,0.014191673078567155,345.2535287275741,10006.0
93550,1111,1118,52044,0.02134732149719468,260.095374535147,80645.0
95664,52,52,1328,0.0391566265060241,41.374651991675016,1341.0
95534,0,0,244,0.0,,
90537,0,0,1,0.0,,
96490,0,0,1,0.0,,
91066,21,21,381,0.05511811023622047,,
90702,3,3,179,0.01675977653631285,,
91242,0,0,3,0.0,,
95567,19,19,1725,0.011014492753623189,63.06121281923129,2058.0
98257,0,0,8,0.0,20.934938354840902,4277.0
95633,50,51,2983,0.016761649346295676,39.49838267486724,2653.0
92467,0,0,1,0.0,,
97488,0,0,1,0.0,148.79512967741366,604.0
96116,0,0,194,0.0,178.7903794485188,57.0
93510,314,315,6845,0.04587289992695398,80.09078031719397,7786.0
92075,1282,1282,10357,0.12378101766920924,3.7799477764923455,11944.0
91175,0,0,1,0.0,,
92144,0,0,1,0.0,,
93727,1623,1624,58261,0.027857400319253017,22.087226134424938,84107.0
91637,0,0,2,0.0,,
94613,1,1,60,0.016666666666666666,0.2450627387377795,472.0
92306,0,0,3,0.0,,
94146,2,2,72,0.027777777777777776,,
96453,0,0,1,0.0,,
97502,0,0,49,0.0,83.11925842529728,29067.0
92151,0,0,1,0.0,,
96028,8,8,1191,0.006717044500419815,171.64197365206306,1526.0
95691,1662,1683,29852,0.055674661664210104,41.26762594688959,40143.0
93031,12,12,1390,0.008633093525179856,,
99036,0,0,1,0.0,38.20017661085031,1581.0
98310,1,1,33,0.030303030303030304,7.474510448942024,22643.0
96717,0,0,9,0.0,26.89456803328922,4580.0
91702,1920,1945,42508,0.04516796838242213,66.32224137695509,60903.0
98032,1,1,57,0.017543859649122806,17.283034346103857,40862.0
98439,0,0,16,0.0,5.449568175772534,5671.0
98807,0,0,1,0.0,,
93933,1081,1082,19418,0.055669996910083425,10.715476000788671,28122.0
96064,25,25,4201,0.005950964056177101,490.58807135413616,4665.0
93552,885,894,30433,0.029080274701803962,38.76489831540378,42639.0
91372,23,23,217,0.10599078341013825,,
99001,0,0,7,0.0,7.950892364855466,9440.0
96136,0,0,103,0.0,145.48676123076834,27.0
95255,10,10,2075,0.004819277108433735,44.18060893169825,1955.0
90039,2122,2134,19541,0.10859219077836343,3.8236933348768494,28884.0
90923,0,0,0,,,
96741,1,1,22,0.045454545454545456,32.13920485846522,6183.0
95043,11,11,487,0.022587268993839837,766.1978908913334,805.0
95047,0,0,1,0.0,,
95160,12,14,282,0.0425531914893617,,
98338,1,1,15,0.06666666666666667,54.28646952374424,32687.0
92100,0,0,43,0.0,,
91703,0,0,4,0.0,,
95223,93,93,4947,0.01879927228623408,428.5594951514772,3056.0
95940,0,0,23,0.0,,
91742,0,0,1,0.0,,
91226,6,6,175,0.03428571428571429,,
93567,0,0,2,0.0,,
95540,222,222,11599,0.019139580998361928,34.5385411760607,14469.0
95493,4,4,229,0.017467248908296942,7.882249470689661,228.0
90546,0,0,1,0.0,,
90021,311,316,2836,0.10966149506346967,1.9882542136728008,2897.0
90086,6,6,140,0.04285714285714286,,
90777,0,0,1,0.0,,
92565,0,0,3,0.0,,
90063,998,1003,39349,0.025362779232000813,3.2847995056472894,48397.0
92137,5,5,187,0.026737967914438502,,
96043,0,0,1,0.0,,
98056,3,3,47,0.06382978723404255,9.095997462361211,35849.0
95367,446,446,19133,0.0233105106360738,5.310675828970711,25593.0
91785,11,11,719,0.015299026425591099,,
93433,354,354,9860,0.0359026369168357,2.213314125287386,12600.0
95155,7,7,176,0.03977272727272727,,
99840,0,0,1,0.0,453.67313990833094,1244.0
96776,1,1,1,1.0,64.66535700460331,1355.0
92500,0,0,9,0.0,,
92689,0,0,5,0.0,,
95665,56,56,4986,0.011231448054552748,20.264119051745187,4465.0
90047,1100,1118,31472,0.034951703101169296,4.706865610190912,50974.0
98801,0,0,16,0.0,157.38107713787412,45426.0
96099,14,14,927,0.015102481121898598,,
95139,558,561,5203,0.10724581971939266,1.20515512449205,7035.0
98075,6,6,37,0.16216216216216217,11.436478874495801,25498.0
94537,11,11,510,0.021568627450980392,,
90065,2488,2506,29842,0.08337242812143958,5.561016733043248,44658.0
91104,2066,2082,24009,0.08605106418426424,3.7752555902496328,35937.0
98005,8,8,50,0.16,7.3452150460583585,21846.0
91834,0,0,1,0.0,,
99037,0,0,13,0.0,6.319841567268289,16522.0
91413,32,34,490,0.0653061224489796,,
95041,26,26,465,0.05591397849462366,0.1935115352152746,623.0
98119,8,8,70,0.11428571428571428,2.9343191414202847,26879.0
92574,0,0,1,0.0,,
95469,22,22,1798,0.012235817575083427,187.9040465796703,1315.0
99320,0,0,1,0.0,210.47108702538725,9879.0
98635,0,0,1,0.0,134.80679628290753,1721.0
94105,1170,1173,5630,0.20781527531083482,1.0630736785398378,13861.0
97078,0,0,7,0.0,6.294327067359814,25662.0
94658,0,0,1,0.0,,
94017,5,5,310,0.016129032258064516,,
91534,0,0,1,0.0,,
95832,184,188,7420,0.024797843665768194,8.872874702244726,12850.0
91001,2789,2808,27340,0.10201170446232626,8.295199710534156,35475.0
91208,1599,1607,12883,0.124117053481332,7.444358806234845,15969.0
94106,0,0,0,,,
91649,0,0,1,0.0,,
92398,16,16,905,0.017679558011049725,100.34962863935168,2609.0
95267,8,8,484,0.01652892561983471,,
90239,9,9,242,0.0371900826446281,,
93292,617,618,32521,0.018972356323606287,114.7446511184278,45780.0
98074,3,3,35,0.08571428571428572,12.298803305495223,30761.0
98271,1,1,19,0.05263157894736842,50.2991498422018,30838.0
94503,1160,1163,18412,0.06300238974581794,28.623261402124545,21841.0
95615,11,11,772,0.014248704663212436,21.696886070902455,918.0
93925,13,13,1343,0.00967982129560685,50.02006751541959,1241.0
95250,0,0,2,0.0,,
93944,6,6,225,0.02666666666666667,0.33697849380060557,2665.0
92374,1451,1455,30908,0.04694577455674906,17.949935573431443,45262.0
95417,0,0,143,0.0,23.99894373090089,220.0
98548,0,0,4,0.0,200.5176224980527,2177.0
95653,0,0,466,0.0,5.501067963455622,805.0
95889,0,0,1,0.0,,
93996,0,0,1,0.0,,
91424,1,1,1,1.0,,
98062,1,1,1,1.0,,
99801,1,1,28,0.03571428571428571,2442.7120548557546,29588.0
92064,4199,4204,42577,0.0986213213706931,42.42272732649475,48683.0
95847,0,0,3,0.0,,
98406,0,0,18,0.0,4.659497605448003,24202.0
95531,183,183,16141,0.01133758751006753,195.36863423566396,22291.0
95604,28,28,1903,0.014713610089332634,0.04991697130788807,27.0
91091,0,0,1,0.0,,
93600,0,0,1,0.0,,
92178,14,14,513,0.02729044834307992,,
98108,0,0,17,0.0,7.756137377608039,25529.0
95838,552,557,27254,0.02025390768327585,9.223855479169705,40677.0
91370,0,0,1,0.0,,
93483,15,15,535,0.028037383177570093,,
95269,10,10,837,0.011947431302270013,,
96044,6,6,908,0.006607929515418502,222.65016692591405,1143.0
91010,966,981,19406,0.04977841904565598,6.474877207286752,27589.0
99644,0,0,1,0.0,17.68412115202302,87.0
93314,1162,1163,27894,0.041657704165770415,89.35868840162681,35407.0
91752,1682,1695,31410,0.05354982489652977,15.291304327428826,37983.0
90004,2241,2263,31005,0.07227866473149493,3.050760704134499,58484.0
96075,3,3,194,0.015463917525773196,90.82189577337368,221.0
92311,254,255,18539,0.013700846863369113,424.4647994394385,33954.0
95358,323,324,25344,0.012744633838383838,119.01786747626903,30469.0
90408,6,6,98,0.061224489795918366,,
90007,571,579,15287,0.03735199843003859,2.4301220857993227,38715.0
97846,0,0,1,0.0,452.3421823723971,2067.0
95222,107,107,4685,0.022838847385272146,153.42887548243564,5597.0
92842,15,16,717,0.02092050209205021,,
91211,0,0,1,0.0,,
97348,0,0,2,0.0,68.15368880533323,2100.0
95657,0,0,2,0.0,,
92391,36,37,1659,0.0216998191681736,1.9786097816358377,2254.0
94823,0,0,3,0.0,,
90854,0,0,0,,,
93794,4,4,223,0.017937219730941704,,
96826,1,1,21,0.047619047619047616,1.0920753010910236,29174.0
93240,45,45,4242,0.010608203677510608,63.60315422416248,5981.0
95643,0,0,3,0.0,,
90224,3,3,277,0.010830324909747292,,
95362,0,0,3,0.0,,
90066,4638,4662,36461,0.1272044101917117,4.863816363241171,56740.0
99217,0,0,8,0.0,51.514104261531884,21441.0
94036,0,0,27,0.0,,
97030,0,0,27,0.0,7.524736947480975,37708.0
93599,11,11,170,0.06470588235294118,,
93723,510,510,10982,0.04643962848297214,41.11602834266414,14726.0
94536,6011,6052,48891,0.12294696365384222,14.081474939294731,70619.0
95688,1373,1376,32709,0.041976214497538904,92.36536089435283,40201.0
90228,0,0,1,0.0,,
90765,0,0,0,,,
95132,3075,3112,31123,0.09880152941554478,27.353887959281014,40334.0
90099,0,0,2,0.0,,
96063,1,1,94,0.010638297872340425,13.008937223666846,133.0
90872,0,0,0,,,
92681,0,0,1,0.0,,
92083,875,884,28811,0.030370344660025684,5.547855152688266,38375.0
93215,324,324,30684,0.010559249120062574,146.1590837493514,54556.0
90291,2360,2381,16191,0.14575999011796678,2.8005472653901493,26324.0
92099,0,0,2,0.0,,
94477,0,0,1,0.0,,
95676,2,2,380,0.005263157894736842,1.266007990996786,10.0
93716,0,0,23,0.0,,
92790,0,0,1,0.0,,
95681,14,14,1169,0.011976047904191617,15.61191033843589,1267.0
99153,0,0,1,0.0,235.84011333729043,467.0
98537,0,0,1,0.0,162.840311304525,2820.0
90649,0,0,0,,,
95385,2,2,256,0.0078125,27.33235188540115,602.0
93443,13,13,577,0.022530329289428077,,
90249,905,919,20550,0.04403892944038929,3.005900925491288,26290.0
95121,2456,2484,29167,0.08420475194569205,4.445206294095834,36463.0
95621,795,806,30141,0.026376032646561163,6.67534581607089,42442.0
91934,13,13,829,0.015681544028950542,51.47527206471428,1200.0
93011,32,32,1018,0.03143418467583497,,
96377,1,1,14,0.07142857142857142,,
93663,0,0,1,0.0,,
98206,0,0,2,0.0,,
95806,0,0,3,0.0,,
98046,0,0,41,0.0,,
92808,2160,2175,16256,0.1328740157480315,5.000087198122467,21539.0
93384,10,10,1003,0.009970089730807577,,
95715,2,2,86,0.023255813953488372,34.43887175676889,61.0
90032,1235,1257,27451,0.044989253579104584,4.833238084649632,43117.0
92195,8,8,343,0.023323615160349854,,
90271,0,0,2,0.0,,
92106,1293,1298,14786,0.08744758555390234,6.615957032115463,21651.0
90910,0,0,0,,,
90760,0,0,1,0.0,,
94402,2818,2822,21401,0.131676089902341,5.050418853940758,25475.0
90710,925,945,18939,0.04884101589313058,2.335173558490157,26761.0
93380,8,8,1501,0.005329780146568954,,
90913,0,0,0,,,
98663,1,1,13,0.07692307692307693,4.1449397162995,16202.0
93421,22,22,891,0.024691358024691357,,
93928,3,3,117,0.02564102564102564,38.43668148875563,1175.0
96045,0,0,1,0.0,,
92315,110,110,5443,0.020209443321697593,33.8439512672199,5215.0
95130,1205,1226,9877,0.12200060747190443,1.438996431983398,13511.0
98589,0,0,5,0.0,94.17159286153986,7010.0
95551,24,24,1318,0.018209408194233688,50.229262552620504,1880.0
98850,0,0,2,0.0,79.14883004694089,2032.0
97002,0,0,6,0.0,42.069354514306184,6358.0
97436,0,0,4,0.0,98.27133644730428,865.0
95029,0,0,1,0.0,,
93523,65,65,1285,0.05058365758754864,37.85261056667285,3502.0
95018,377,379,6564,0.057434491163924434,17.712466632161522,6594.0
90406,17,17,294,0.05782312925170068,,
94960,1616,1619,11716,0.13793103448275862,5.879223594643052,16232.0
97308,0,0,2,0.0,,
99216,1,1,12,0.08333333333333333,14.34238301933186,28578.0
91551,0,0,1,0.0,,
91756,1,1,5,0.2,,
95427,12,12,433,0.02771362586605081,56.371872524162114,666.0
95527,4,4,276,0.014492753623188406,143.69621209617867,622.0
92323,0,0,19,0.0,,
92443,0,0,3,0.0,,
98576,1,1,5,0.2,85.39380554288215,4985.0
96682,0,0,1,0.0,,
92713,0,0,12,0.0,,
98531,1,1,16,0.0625,130.64585578429742,27337.0
98320,0,0,2,0.0,138.43971657993208,1219.0
90724,0,0,2,0.0,,
91941,1705,1709,25439,0.06702307480639963,8.228068522991263,33218.0
91324,1717,1728,21574,0.07958653935292481,4.279253340323234,30699.0
90001,449,470,32620,0.013764561618638873,3.2800885059173956,56189.0
92845,799,806,12999,0.06146626663589507,2.2279745312495067,16143.0
97366,0,0,1,0.0,11.77567565136465,2356.0
95640,154,154,9494,0.01622077101327154,137.71947396782923,13926.0
91307,2611,2637,19808,0.1318154281098546,8.150291886031406,26580.0
96079,0,0,37,0.0,,
91013,0,0,1,0.0,,
91707,0,0,3,0.0,,
96206,0,0,1,0.0,,
96321,0,0,1,0.0,,
94034,0,0,5,0.0,,
92668,0,0,8,0.0,,
92764,0,0,2,0.0,,
90250,2825,2867,61727,0.04576603431237546,6.774067051899502,93826.0
97004,0,0,3,0.0,43.278089638996256,4496.0
92503,2827,2855,68113,0.041504558601148094,38.596441743462684,88395.0
94541,2359,2388,46965,0.05022889385712765,7.480094448606263,67139.0
92687,0,0,7,0.0,,
92576,0,0,4,0.0,,
91605,1986,2015,38913,0.05103692853288104,5.385063154380201,49868.0
93966,0,0,1,0.0,,
93776,0,0,121,0.0,,
93554,1,1,27,0.037037037037037035,135.12140873060034,19.0
95694,308,308,8895,0.03462619449128724,132.98801227429266,10759.0
92415,22,22,3602,0.006107717934480844,0.06628926003349854,0.0
92732,0,0,1,0.0,,
92518,327,327,2113,0.15475627070515854,7.880607418794234,1260.0
96766,0,0,27,0.0,98.84563441074047,17526.0
97361,0,0,7,0.0,133.0526610401374,14488.0
91745,3500,3548,42747,0.08187709078999696,12.973747144904893,54351.0
94297,3,3,86,0.03488372093023256,,
90862,0,0,0,,,
95434,0,0,1,0.0,,
95011,12,12,516,0.023255813953488372,,
90820,0,0,2,0.0,,
92202,8,8,1606,0.0049813200498132005,,
92525,0,0,1,0.0,,
95093,0,0,1,0.0,,
90575,0,0,1,0.0,,
95698,5,5,262,0.019083969465648856,38.68730328974303,217.0
94570,5,5,146,0.03424657534246575,,
92304,0,0,10,0.0,47.673005524500084,0.0
92534,0,0,2,0.0,,
90655,0,0,1,0.0,,
98374,1,1,43,0.023255813953488372,16.511647001494396,49007.0
99210,0,0,2,0.0,,
90933,0,0,1,0.0,,
95103,2,2,99,0.020202020202020204,,
92240,587,588,27493,0.021350889317280762,35.906617644508195,41615.0
92851,0,0,1,0.0,,
95050,2664,2695,28466,0.09358532986721001,5.455323094588557,39834.0
94300,0,0,1,0.0,,
91065,0,0,0,,,
93512,2,2,202,0.009900990099009901,100.93211717488585,206.0
99504,0,0,14,0.0,36.860321772735496,42093.0
95993,759,759,29086,0.026095028536065462,84.31868610295464,39046.0
91915,2309,2314,26748,0.08632421115597427,8.308279771163082,35322.0
95321,119,119,4463,0.0266636791395922,456.4274631285579,3464.0
98685,2,2,29,0.06896551724137931,10.362058194673782,30607.0
95305,2,2,377,0.005305039787798408,60.505507305069244,267.0
90915,0,0,0,,,
98083,2,2,11,0.18181818181818182,,
99143,0,0,1,0.0,334.82630983626666,585.0
90095,110,110,636,0.17295597484276728,0.39964603391348796,0.0
92616,15,15,184,0.08152173913043478,,
90200,0,0,3,0.0,,
92316,345,348,25426,0.013568787854951624,11.598234397899068,32765.0
97410,0,0,3,0.0,150.74394680899806,561.0
91918,0,0,1,0.0,,
98008,7,7,38,0.18421052631578946,7.965731205141686,27242.0
92610,1534,1543,10700,0.1433644859813084,4.0405041512295,12867.0
92171,1,1,306,0.0032679738562091504,,
92507,1643,1655,37596,0.04370145760187254,21.38286014762733,64015.0
93024,21,21,453,0.046357615894039736,,
92690,17,17,459,0.037037037037037035,,
91315,0,0,2,0.0,,
92220,699,702,25317,0.02760990638701268,141.33719583363927,33755.0
91239,0,0,1,0.0,,
96825,2,2,68,0.029411764705882353,12.861532185427645,30913.0
99686,0,0,2,0.0,1422.599030685785,3862.0
97292,0,0,2,0.0,,
91077,4,4,118,0.03389830508474576,,
92318,2,2,160,0.0125,,
90609,6,6,141,0.0425531914893617,,
91478,0,0,1,0.0,,
94610,2157,2166,17446,0.12363865642554167,2.091348363896522,32628.0
91387,2802,2818,33520,0.08359188544152744,53.54500069299767,46869.0
97071,1,1,15,0.06666666666666667,51.86141628528055,33123.0
90905,0,0,2,0.0,,
94057,0,0,1,0.0,,
93067,59,59,923,0.06392199349945829,0.5807101740932055,1101.0
93012,2435,2442,30812,0.07902765156432559,50.41670540129845,35791.0
99701,0,0,9,0.0,549.7520747843331,18061.0
92702,3,3,378,0.007936507936507936,,
97007,3,3,60,0.05,18.67357227474172,47895.0
94542,1343,1346,10762,0.12479093105370749,8.65113851254871,14871.0
97064,0,0,4,0.0,97.71638604185055,3855.0
95836,0,0,16,0.0,,
94125,1,1,19,0.05263157894736842,,
94400,0,0,13,0.0,,
93438,7,7,617,0.011345218800648298,,
96349,3,3,23,0.13043478260869565,,
92145,10,11,556,0.017985611510791366,10.64620976221816,2349.0
99323,0,0,3,0.0,143.2428814662422,4082.0
91798,0,0,1,0.0,,
97209,5,5,66,0.07575757575757576,1.2168525132108945,22296.0
94089,1809,1833,17225,0.10502177068214805,6.088563859874629,22699.0
97918,0,0,2,0.0,585.9098151309895,4567.0
97442,0,0,1,0.0,84.88194468079381,1742.0
98346,0,0,8,0.0,33.52156605938545,9920.0
91709,7609,7654,63118,0.12055198200196457,44.86173745947122,78006.0
95561,0,0,1,0.0,,
93654,324,324,22319,0.014516779425601506,101.03475549361534,31876.0
93216,8,8,1357,0.0058953574060427415,,
94341,0,0,1,0.0,,
96057,12,12,1449,0.008281573498964804,106.75226869484632,1025.0
92638,1,1,2,0.5,,
95337,2311,2315,38823,0.0595265693017026,46.18688303810801,48731.0
95689,26,26,1810,0.014364640883977901,25.264227981555948,1429.0
90799,0,0,0,,,
92062,0,0,5,0.0,,
93255,6,6,421,0.014251781472684086,238.00216531936712,470.0
92403,0,0,25,0.0,,
92982,0,0,1,0.0,,
99928,0,0,1,0.0,,
97544,0,0,4,0.0,76.29424530180765,1860.0
98146,1,1,20,0.05,5.2926925166987555,28573.0
93953,473,473,4204,0.11251189343482398,8.155457856283839,3613.0
95447,0,0,1,0.0,,
93022,214,214,5389,0.03971052143254778,3.1390948578054334,6078.0
91673,0,0,1,0.0,,
92889,0,0,1,0.0,,
94144,0,0,1,0.0,,
93420,1432,1432,26439,0.05416241158894058,198.58019164262402,31345.0
96224,0,0,1,0.0,,
90954,0,0,0,,,
95618,1833,1839,18935,0.09680485872722472,32.17692766781931,26267.0
92799,5,5,341,0.01466275659824047,,
96131,0,0,1,0.0,,
90703,4255,4288,41326,0.1029618158060301,8.879754202014247,48108.0
92788,0,0,3,0.0,,
98233,0,0,9,0.0,33.41525811164418,17850.0
90674,0,0,0,,,
95900,0,0,1,0.0,,
99009,0,0,1,0.0,82.20558235899885,4506.0
93537,0,0,2,0.0,,
93045,0,0,2,0.0,,
95038,16,16,1011,0.01582591493570722,,
93930,159,159,12765,0.01245593419506463,349.2616472720953,17243.0
92335,1052,1064,71441,0.014725437773827354,17.45713118576007,97511.0
92625,1729,1738,10439,0.1656288916562889,2.9090414845625054,12294.0
98134,0,0,6,0.0,3.954756629428334,645.0
91390,1276,1279,16051,0.0794966045729238,159.07804742469693,19308.0
95137,0,0,1,0.0,,
99156,0,0,7,0.0,279.81666659005646,9195.0
92626,3204,3247,39451,0.08121467136447745,9.709331072185593,50708.0
92427,6,6,571,0.010507880910683012,,
90208,0,0,0,,,
98823,0,0,2,0.0,298.22913992375186,12188.0
91107,2838,2866,25482,0.11137273369437249,8.522994281217056,32316.0
98071,0,0,6,0.0,,
92159,5,5,225,0.022222222222222223,,
95976,0,0,1,0.0,,
97351,0,0,5,0.0,53.40141052524663,11454.0
93441,75,75,1219,0.06152584085315833,38.65096034863029,1134.0
99709,1,1,16,0.0625,523.5784887459124,29551.0
93722,1325,1325,58158,0.022782764194091955,19.57899804180663,86110.0
90771,0,0,0,,,
90747,2,2,45,0.044444444444444446,0.021422800334787447,11.0
94905,0,0,0,,,
92409,0,0,3,0.0,,
93276,0,0,128,0.0,4.2650541526455825,157.0
96763,0,0,3,0.0,163.97880988443833,3443.0
93211,0,0,1,0.0,,
93592,1,1,232,0.004310344827586207,,
95585,3,3,346,0.008670520231213872,58.63609995865791,522.0
92631,0,0,4,0.0,,
94075,0,0,1,0.0,,
91618,0,0,1,0.0,,
93002,15,16,884,0.016968325791855202,,
95834,2488,2509,29798,0.08349553661319552,10.21583314595765,36245.0
96703,0,0,7,0.0,34.11188522120895,3366.0
95695,698,702,28065,0.02487083556030643,145.6713808438818,37702.0
90509,5,5,39,0.1282051282051282,,
95767,0,0,2,0.0,,
95870,0,0,1,0.0,,
90092,0,0,1,0.0,,
91106,1586,1601,16166,0.0981071384386985,2.7180799544950744,23910.0
96029,1,1,145,0.006896551724137931,24.429931340815944,121.0
98405,1,1,12,0.08333333333333333,4.11472438694798,25939.0
96761,2,2,57,0.03508771929824561,109.31076737014526,20952.0
93237,0,0,5,0.0,4.528397948378433,83.0
96154,0,0,5,0.0,,
95730,0,0,3,0.0,,
97130,0,0,1,0.0,2.450934224572351,845.0
95646,8,8,169,0.047337278106508875,55.27342308112192,218.0
92445,0,0,2,0.0,,
95430,4,4,197,0.02030456852791878,0.36612614041152874,0.0
92494,0,0,1,0.0,,
93673,5,5,656,0.007621951219512195,0.778785744326041,348.0
93902,6,6,1462,0.004103967168262654,,
92091,271,271,1574,0.1721728081321474,1.290277152595785,972.0
95004,173,173,3946,0.043841865179929045,21.975347762307834,4363.0
92173,522,525,33639,0.015517702666547757,2.8766716482315315,27585.0
97376,0,0,2,0.0,60.82884669565722,1301.0
90205,0,0,1,0.0,,
97302,0,0,37,0.0,24.185692987272247,40799.0
97741,1,1,3,0.3333333333333333,364.8228259203267,13663.0
95348,516,516,22469,0.022964973964128353,59.12246159029348,37540.0
98047,0,0,11,0.0,2.17056106540034,6817.0
90111,0,0,1,0.0,,
92926,0,0,2,0.0,,
94956,97,97,1292,0.07507739938080496,35.144820836585616,1080.0
96014,1,1,229,0.004366812227074236,155.28297323431764,307.0
90672,0,0,0,,,
92037,4188,4197,29422,0.14234246482224186,14.064305849686118,40717.0
95652,230,232,2821,0.0815313718539525,3.7368743082514984,1486.0
97032,0,0,1,0.0,17.8831441570648,5044.0
96080,252,252,22454,0.011222944686915471,651.2364978239846,31554.0
92014,1954,1957,12047,0.16219805760770317,6.767524877619897,13105.0
90058,203,203,3547,0.05723146320834508,5.957243965514493,3585.0
94415,0,0,1,0.0,,
90874,0,0,0,,,
98106,2,2,25,0.08,5.836089211643142,28690.0
95721,0,0,4,0.0,4.520960735548564,0.0
93640,52,52,9767,0.005324050373707382,159.54850906095697,14657.0
91510,18,19,540,0.03333333333333333,,
91910,2324,2329,60901,0.03816029293443458,14.260497158529358,77123.0
93562,9,9,821,0.010962241169305725,93.04314158293363,1849.0
93409,0,0,33,0.0,0.399590770371926,2952.0
90057,611,626,17788,0.0343489993253879,0.8931894844159458,46629.0
92405,317,321,19604,0.016170169353193226,5.010384908474996,31217.0
91927,0,0,0,,,
99692,0,0,6,0.0,0.3320620671647871,809.0
95520,0,0,1,0.0,,
90296,3,3,57,0.05263157894736842,,
98817,0,0,1,0.0,1.2480491837965209,233.0
91735,0,0,2,0.0,,
96714,0,0,19,0.0,83.91739779202737,1592.0
92077,0,0,3,0.0,,
92629,2207,2223,22292,0.09900412704109098,6.230243287493078,25579.0
93020,3,3,272,0.011029411764705883,,
95487,10,10,283,0.0353356890459364,,
90664,0,0,0,,,
90300,0,0,5,0.0,,
92072,7,7,629,0.011128775834658187,,
94618,1956,1960,10783,0.18139664286376703,2.436991441543904,16958.0
94232,1,1,8,0.125,,
93622,88,88,7872,0.011178861788617886,457.51407753143417,9084.0
93633,0,0,26,0.0,4.8407163193091485,31.0
97210,3,3,64,0.046875,9.63291145617392,11324.0
92582,495,497,15877,0.031177174529193174,18.43536357281462,23356.0
97201,1,1,47,0.02127659574468085,2.0546187583409123,16887.0
97528,0,0,4,0.0,,
96811,0,0,1,0.0,,
98672,1,1,4,0.25,139.63727626744603,7390.0
90816,0,0,2,0.0,,
95524,124,124,1845,0.06720867208672086,8.125763288308368,1634.0
93629,0,0,1,0.0,,
90031,987,1007,21806,0.045262771714207096,3.5648635801779904,36127.0
95975,53,53,1592,0.03329145728643216,9.4384854947903,1088.0
95013,3,3,132,0.022727272727272728,1.7737764260149778,57.0
93626,156,156,2111,0.0738986262434865,106.54519699634984,3304.0
95402,41,42,1373,0.02986161689730517,,
92109,2183,2188,29951,0.07288571333177524,11.900077771271294,44820.0
98571,0,0,2,0.0,5.102567798643052,48.0
96054,0,0,323,0.0,119.52858750784218,183.0
95955,8,8,1294,0.0061823802163833074,130.98452892850412,1405.0
98363,0,0,9,0.0,488.6859821237357,14237.0
98362,1,1,22,0.045454545454545456,123.00272921724024,24313.0
97734,0,0,1,0.0,178.11954153309708,3618.0
92353,0,0,2,0.0,,
90942,0,0,0,,,
95371,0,0,1,0.0,,
98116,3,3,56,0.05357142857142857,4.132215423519852,28711.0
95450,26,26,415,0.06265060240963856,37.9933234516666,224.0
92835,2397,2415,19678,0.12181115967069824,5.733922265200632,26005.0
95977,32,32,1453,0.02202339986235375,38.038337123084574,1780.0
92526,0,0,2,0.0,,
97124,0,0,67,0.0,45.15572277220431,54357.0
90729,0,0,0,,,
96603,0,0,1,0.0,,
91032,0,0,0,,,
98036,1,1,44,0.022727272727272728,9.603903505863972,42370.0
93277,676,677,35056,0.01928343222272935,39.54089012122577,53985.0
90061,310,314,16990,0.018246027074749854,2.71397832636253,30051.0
93283,18,18,1437,0.012526096033402923,262.08795344791315,2326.0
95821,898,906,24762,0.03626524513367256,7.1363339278334745,38064.0
93623,1,1,169,0.005917159763313609,18.746484599517025,4.0
90673,0,0,0,,,
91041,4,4,153,0.026143790849673203,,
98816,1,1,10,0.1,534.2454846705213,7752.0
91357,19,19,334,0.05688622754491018,,
90873,0,0,0,,,
90861,0,0,0,,,
93529,10,10,735,0.013605442176870748,79.2110203596739,209.0
90639,2,2,118,0.01694915254237288,0.14047597395759642,1671.0
93302,4,4,453,0.008830022075055188,,
92686,0,0,9,0.0,,
93205,8,8,1487,0.005379959650302623,23.225367010536562,1708.0
93286,67,67,7205,0.00929909784871617,73.09033542155004,10548.0
94900,0,0,16,0.0,,
97229,7,7,77,0.09090909090909091,19.655921734068187,76106.0
95005,279,280,5391,0.05175292153589316,11.810973205100176,7277.0
91044,0,0,0,,,
95470,126,126,5836,0.021590130226182315,69.74182989800333,6226.0
95957,7,7,622,0.011254019292604502,93.6884290162729,680.0
92844,1085,1108,17381,0.06242448650825614,2.099456049111283,23188.0
95971,52,52,6108,0.008513425016371971,151.17412854305059,6419.0
92392,1237,1240,44545,0.02776967111909305,37.29055101445024,65429.0
92703,1057,1093,42490,0.02487644151565074,4.241920940845174,62447.0
93791,4,4,63,0.06349206349206349,,
94977,10,10,186,0.053763440860215055,,
96778,1,1,35,0.02857142857142857,222.0885085150229,15262.0
95441,101,101,2704,0.03735207100591716,160.78761184351671,1648.0
95282,0,0,0,,,
94574,494,494,7113,0.06945030226346127,126.25745369783345,7457.0
95135,2930,2942,16122,0.18173923830790226,130.31485223707432,20129.0
95570,147,147,2314,0.06352636127917027,56.99698369387998,2640.0
95625,3,3,242,0.012396694214876033,0.9210358791741999,319.0
93389,10,10,1098,0.009107468123861567,,
90631,3002,3038,51903,0.0578386605783866,13.982691014108012,68309.0
92828,0,0,6,0.0,,
92628,10,11,388,0.02577319587628866,,
95134,3009,3052,18543,0.1622714771072642,10.808022432089746,30471.0
94600,0,0,1,0.0,,
91018,0,0,1,0.0,,
97048,1,1,2,0.5,104.86932796200495,7099.0
91763,947,961,28791,0.03289222326421451,5.300134037432882,37700.0
92133,0,0,2,0.0,,
97293,0,0,3,0.0,,
94515,310,310,5638,0.054984036892515076,116.55386658922787,6946.0
90659,0,0,0,,,
92667,2,2,41,0.04878048780487805,,
99403,0,0,12,0.0,144.8608541728127,20760.0
98902,1,1,11,0.09090909090909091,9.514389535309128,46492.0
92414,0,0,2,0.0,,
96671,0,0,1,0.0,,
91061,0,0,0,,,
92115,1737,1748,35190,0.04936061381074169,6.169425250233153,66264.0
90083,1,1,86,0.011627906976744186,,
97760,0,0,5,0.0,91.26919306475034,8702.0
93683,0,0,1,0.0,,
92234,1478,1480,40906,0.03613161883342297,14.971316376901715,52267.0
98901,0,0,24,0.0,185.70181712519673,31366.0
92552,10,10,1109,0.009017132551848512,,
91794,0,0,1,0.0,,
95091,0,0,1,0.0,,
96041,10,10,2141,0.004670714619336758,335.5632835270242,2889.0
94946,91,91,628,0.1449044585987261,38.592696078351096,715.0
98261,0,0,3,0.0,54.44201999224224,2984.0
95019,69,69,6068,0.011371127224785761,1.0968472629136516,5933.0
92015,0,0,2,0.0,,
94320,0,0,2,0.0,,
95247,128,128,4681,0.027344584490493484,47.061159166459376,3858.0
90075,2,2,78,0.02564102564102564,,
90510,8,8,394,0.02030456852791878,,
93732,0,0,1,0.0,,
97535,0,0,8,0.0,3.283349788471636,4804.0
97119,0,0,2,0.0,95.86130480373298,5233.0
95252,231,232,15930,0.014500941619585688,122.2835018569491,14252.0
92354,969,973,15518,0.062443613867766465,4.981200681398848,22051.0
90689,0,0,0,,,
90751,0,0,1,0.0,,
90754,0,0,3,0.0,,
96744,1,1,54,0.018518518518518517,40.343189765792026,57620.0
92653,2556,2582,24828,0.10294828419526342,6.951655992389949,29624.0
95055,17,19,418,0.04066985645933014,,
95151,15,15,799,0.01877346683354193,,
97524,0,0,28,0.0,360.97624658217103,15078.0
94712,8,8,44,0.18181818181818182,,
98513,1,1,43,0.023255813953488372,51.2287643595345,38017.0
95969,162,162,9083,0.017835516899702742,51.01826577571903,8339.0
95494,9,9,302,0.029801324503311258,124.6512263535715,130.0
92836,0,0,143,0.0,,
97055,0,0,6,0.0,113.22636813443731,19786.0
93609,62,62,4599,0.013481191563383343,60.97375136005819,4740.0
94949,1324,1326,14885,0.08894860597917366,14.8059095746992,17787.0
90963,0,0,0,,,
91759,13,13,355,0.036619718309859155,82.53140039108793,341.0
93442,421,421,9362,0.04496902371288186,45.58374946554341,11571.0
95697,2,2,552,0.0036231884057971015,0.2740398211165688,800.0
93033,1082,1088,60324,0.01793647636098402,32.334937624934426,78737.0
91906,76,76,4916,0.015459723352318959,105.85811376429965,3325.0
98606,0,0,9,0.0,37.98849070544675,10233.0
95828,1567,1584,49380,0.031733495342243824,12.402900998985814,61686.0
97045,1,1,25,0.04,87.99594061901499,57526.0
91025,10,10,232,0.04310344827586207,,
92883,3117,3133,29711,0.1049106391572145,56.48483308860897,39990.0
94626,1,1,1,1.0,,
98251,0,0,4,0.0,163.21061761205237,4907.0
93921,209,209,2654,0.07874905802562171,0.9519901351378639,2322.0
93548,1,1,3,0.3333333333333333,,
90878,0,0,0,,,
91502,609,616,8144,0.07477897838899804,1.353784336525307,11652.0
91252,0,0,1,0.0,,
93634,1,1,30,0.03333333333333333,1184.2986967022775,31.0
98639,0,0,1,0.0,3.304674005605853,1112.0
92587,732,734,14252,0.05136121246140893,7.83035684274804,18218.0
91168,0,0,1,0.0,,
90270,235,238,16176,0.014527695351137487,1.189195760916456,24218.0
90900,0,0,0,,,
90647,0,0,0,,,
90742,88,88,921,0.09554831704668838,0.537352769772121,405.0
95552,2,2,378,0.005291005291005291,138.60171238698177,586.0
98168,3,3,86,0.03488372093023256,8.899576188271725,35528.0
93254,7,7,588,0.011904761904761904,202.75565808073202,707.0
94021,8,8,142,0.056338028169014086,10.964607884721996,321.0
91954,0,0,1,0.0,,
95634,35,35,2908,0.012035763411279229,118.66762186570844,3536.0
92840,2078,2122,40393,0.051444557225261804,5.166670008354816,54534.0
97404,1,1,20,0.05,9.76033941764173,34244.0
94019,1101,1103,13490,0.08161601186063751,60.28033266367908,14419.0
93728,166,166,9415,0.017631439192777484,3.042160439820549,18313.0
95951,22,22,2092,0.010516252390057362,20.553911268204537,2698.0
93403,15,15,584,0.025684931506849314,,
92352,194,195,3887,0.04990995626447131,12.709377702964973,6246.0
96731,1,1,6,0.16666666666666666,15.596483127579084,2782.0
96813,7,7,52,0.1346153846153846,3.861550933185756,26766.0
91472,0,0,0,,,
90056,709,716,6341,0.11181201703201388,2.2576199794470906,8543.0
94028,1361,1363,5950,0.22873949579831931,17.40902807284447,6531.0
95334,264,264,12535,0.02106102911846829,56.61955907158499,17363.0
95201,6,6,532,0.011278195488721804,,
92177,7,7,339,0.02064896755162242,,
98229,3,3,34,0.08823529411764706,55.172795335546134,33298.0
93645,5,5,346,0.014450867052023121,59.73066532101212,905.0
91723,710,724,14354,0.04946356416329943,2.342903843626293,17733.0
92612,2944,2999,20519,0.14347677762074176,6.51843475235647,33714.0
99348,0,0,2,0.0,541.9261597511911,1633.0
97024,1,1,16,0.0625,3.7554051650793157,12007.0
96827,0,0,0,,,
95913,2,2,385,0.005194805194805195,17.357711292682417,377.0
93962,14,14,837,0.016726403823178016,0.12215373742346228,174.0
92334,8,8,860,0.009302325581395349,,
91521,4,4,58,0.06896551724137931,,
96629,0,0,14,0.0,,
98407,1,1,26,0.038461538461538464,6.9826387737752516,21718.0
90978,0,0,0,,,
91790,1929,1964,34086,0.05659214926949481,5.782437185843062,44710.0
96002,473,473,24972,0.01894121415985904,31.25661926111621,33783.0
94006,0,0,2,0.0,,
97303,1,1,22,0.045454545454545456,25.57103466026617,40659.0
93607,0,0,32,0.0,,
95350,763,763,35513,0.021485089967054317,8.835611546048863,57136.0
98343,0,0,2,0.0,,
93109,740,744,8120,0.09113300492610837,3.8121567448060634,10915.0
99645,0,0,10,0.0,610.5855953185467,32103.0
94835,0,0,1,0.0,,
95317,7,7,703,0.00995732574679943,46.28063051984739,827.0
91864,0,0,1,0.0,,
94127,1981,1985,13182,0.15028068578364437,1.8685575052308925,20288.0
95141,5,5,88,0.056818181818181816,,
98353,0,0,1,0.0,1.9612953580167232,0.0
96790,2,2,15,0.13333333333333333,204.59628995489558,9756.0
93530,0,0,61,0.0,1.3052361056996469,28.0
95802,0,0,10,0.0,,
92004,67,67,4431,0.015120740239223652,914.8944199955223,3007.0
92336,5623,5639,84556,0.06650030748852831,19.88340476759443,105517.0
95462,56,56,1182,0.047377326565143825,3.745109572646777,1058.0
97914,0,0,5,0.0,262.8363751239987,19713.0
96061,1,1,27,0.037037037037037035,34.069688979239714,59.0
95822,1173,1182,31827,0.03685550004712979,8.49479401812682,46569.0
90323,2,2,6,0.3333333333333333,,
92307,788,789,30752,0.025624349635796045,187.45544574247498,41180.0
95492,1215,1215,22265,0.0545699528407815,19.804463745520366,27429.0
94114,2662,2671,16356,0.16275372951821962,1.3846450710025235,33020.0
99577,0,0,20,0.0,288.3725800477213,28477.0
93647,52,52,7864,0.006612410986775178,93.13157015438301,11741.0
97202,4,4,86,0.046511627906976744,7.207407489125871,43533.0
92258,12,12,629,0.019077901430842606,10.551076882243555,474.0
96120,27,27,888,0.030405405405405407,227.02993968057586,1349.0
90637,9,9,265,0.033962264150943396,,
95457,50,50,3815,0.01310615989515072,151.05363428116576,3122.0
96707,3,3,59,0.05084745762711865,46.447866853366826,48807.0
95420,27,27,258,0.10465116279069768,7.403115575975421,271.0
94520,979,991,29292,0.033422094769903044,9.904233709931518,37381.0
95894,0,0,3,0.0,,
91043,5,5,92,0.05434782608695652,,
98666,0,0,1,0.0,,
94322,0,0,1,0.0,,
96667,0,0,4,0.0,,
91100,0,0,2,0.0,,
90813,523,531,25262,0.02070303222231019,3.173060722195485,51241.0
90958,0,0,0,,,
95602,590,590,15782,0.037384361931314156,50.33153930835261,19701.0
97534,0,0,4,0.0,25.637146012148545,892.0
92160,9,9,363,0.024793388429752067,,
92081,1468,1469,23312,0.06297185998627317,8.929785105436691,29002.0
91312,0,0,2,0.0,,
94396,0,0,1,0.0,,
95548,9,9,956,0.009414225941422594,57.50029253255695,1024.0
94018,254,255,2963,0.08572392845089437,0.57901702545994,3834.0
90768,0,0,0,,,
92041,0,0,9,0.0,,
91392,5,6,490,0.01020408163265306,,
93061,4,4,418,0.009569377990430622,,
93596,1,1,100,0.01,,
97543,0,0,1,0.0,47.635952060695075,598.0
90003,507,529,39491,0.012838368235800562,3.625439996485994,70065.0
94252,0,0,8,0.0,,
98012,5,5,51,0.09803921568627451,15.67328317600652,77041.0
95849,1,1,1,1.0,,
98506,1,1,12,0.08333333333333333,29.584282001320982,18497.0
92650,1,1,21,0.047619047619047616,,
92876,0,0,1,0.0,,
98376,0,0,1,0.0,125.82229062557026,1982.0
94035,2,2,99,0.020202020202020204,,
94122,3024,3036,29332,0.10309559525432974,3.289642637027881,55819.0
91816,1,1,2,0.5,,
98605,0,0,2,0.0,41.504767655047495,1117.0
92057,2386,2397,43199,0.055232760017593,15.305087372267725,56835.0
93113,0,0,2,0.0,,
90957,0,0,0,,,
94050,0,0,1,0.0,,
95946,294,294,8777,0.03349663894269112,45.58427310109738,9958.0
91876,0,0,1,0.0,,
92131,4114,4118,30188,0.1362793162846164,38.84004074954772,35503.0
93278,2,2,600,0.0033333333333333335,,
95190,1,1,1,1.0,,
98855,0,0,6,0.0,634.8684371798345,5857.0
93103,860,865,15138,0.05681067512220901,5.628116755829893,19382.0
93385,2,2,306,0.006535947712418301,,
92386,25,25,1584,0.015782828282828284,2.2968994770483717,2042.0
92931,0,0,1,0.0,,
91204,1102,1113,11788,0.09348489989820156,1.0442015037663386,17857.0
99204,0,0,9,0.0,1.020356694525919,7643.0
94112,3321,3340,43793,0.07583403740323796,3.337034812724535,79277.0
91394,12,12,227,0.05286343612334802,,
92032,0,0,4,0.0,,
90215,0,0,1,0.0,,
95778,0,0,1,0.0,,
92877,15,15,617,0.024311183144246355,,
91778,11,12,303,0.036303630363036306,,
90089,23,23,411,0.05596107055961071,0.3260308730593979,5462.0
95864,1488,1491,18552,0.08020698576972833,6.5109438703838824,25500.0
92774,0,0,2,0.0,,
95030,2206,2215,11446,0.19273108509522976,10.544104413492256,13151.0
90222,313,330,19175,0.016323337679269884,2.7175247768849284,32340.0
92356,43,43,4336,0.009916974169741697,365.57348502249545,6543.0
92231,421,422,41218,0.010213984181668204,68.55185828551983,38621.0
91505,1927,1945,23655,0.08146269287677024,5.364967317145473,31744.0
95233,2,2,404,0.0049504950495049506,1.6105745909123472,134.0
96318,0,0,1,0.0,,
98844,0,0,2,0.0,338.76606368501126,4873.0
92596,2262,2264,28293,0.07994910401866186,57.938745052399774,38981.0
98207,0,0,3,0.0,0.3984101502243333,843.0
95065,534,534,6867,0.07776321537789428,10.943201014265906,7997.0
97138,0,0,7,0.0,147.34519716049041,11035.0
99519,0,0,1,0.0,2347.352520516923,1297.0
91115,4,4,80,0.05,,
99603,0,0,6,0.0,1166.8420860007152,11693.0
96351,0,0,1,0.0,,
93465,450,450,9572,0.047012118679481824,84.641763311216,11039.0
92545,830,832,31241,0.026567651483627285,29.74740631803594,45982.0
94703,1008,1013,9880,0.1020242914979757,1.287672085836497,20934.0
91215,0,0,1,0.0,,
93313,1252,1254,43547,0.02875054538774198,100.63199423714022,61843.0
91760,0,0,31,0.0,,
91787,0,0,3,0.0,,
93704,569,570,18175,0.03130674002751031,5.410036601884677,28932.0
99706,0,0,2,0.0,75.04178045052204,24.0
92243,572,572,44136,0.01295994199746239,113.38159968307183,49069.0
93137,0,0,1,0.0,,
97370,0,0,5,0.0,178.82870015094616,9521.0
98665,1,1,23,0.043478260869565216,7.388863393191713,28910.0
95608,2171,2190,44098,0.04923125765340832,13.460705186947443,61440.0
90641,0,0,0,,,
95612,35,35,1189,0.02943650126156434,67.14049886660212,1865.0
92235,8,8,815,0.0098159509202454,,
96889,0,0,1,0.0,,
91322,1,1,258,0.003875968992248062,,
92633,0,0,12,0.0,,
98923,0,0,1,0.0,5.857902484423628,994.0
91379,0,0,1,0.0,,
96274,0,0,1,0.0,,
93244,5,5,408,0.012254901960784314,9.058321533987014,117.0
91500,0,0,9,0.0,,
97450,0,0,1,0.0,79.27717612949712,845.0
93117,1643,1656,28337,0.05798073190528284,169.99548412130508,52934.0
95164,9,9,151,0.059602649006622516,,
96727,0,0,6,0.0,202.17682037995283,4577.0
95068,0,0,1,0.0,,
93768,0,0,1,0.0,,
95045,241,245,3952,0.06098178137651822,47.4256203751704,3659.0
91245,0,0,1,0.0,,
90695,0,0,0,,,
94569,5,5,195,0.02564102564102564,1.2857668508129036,296.0
91977,1615,1620,47013,0.034352200455193244,10.438891468673914,61064.0
95374,16,17,1421,0.011259676284306826,45.24588913564389,1921.0
93845,0,0,1,0.0,,
93390,12,12,1099,0.01091901728844404,,
93561,631,632,25031,0.025208741160960408,302.1039172460996,31175.0
93736,0,0,1,0.0,,
98584,1,1,25,0.04,395.7448827361285,40606.0
95040,0,0,1,0.0,,
93790,1,1,166,0.006024096385542169,,
93709,0,0,73,0.0,,
90365,0,0,2,0.0,,
95485,16,16,2475,0.006464646464646465,87.84249667444527,3242.0
95923,0,0,118,0.0,10.15959711998585,68.0
92887,2048,2063,17539,0.11676834483151834,11.285298603963119,19725.0
91371,4,4,32,0.125,0.2092004800132372,0.0
92368,12,12,695,0.017266187050359712,50.42345153889528,906.0
95860,4,4,219,0.0182648401826484,,
99344,1,1,6,0.16666666666666666,489.55394894662504,19534.0
99523,0,0,4,0.0,,
96384,0,0,3,0.0,,
90266,4814,4824,26284,0.18315324912494294,5.151777992391019,34210.0
96712,0,0,27,0.0,47.03038034236236,8204.0
97411,1,1,25,0.04,140.90059868218552,7699.0
98826,0,0,5,0.0,1023.5753538940967,7605.0
96405,0,0,1,0.0,,
99687,0,0,3,0.0,,
95824,343,347,19299,0.017772941603191875,3.987843912326735,33083.0
98586,0,0,5,0.0,187.37731385981272,1801.0
97341,0,0,6,0.0,10.458522671742992,2972.0
92881,1985,1997,24914,0.07967407883117926,32.66990681741205,30347.0
91802,37,37,1106,0.03345388788426763,,
90274,3630,3647,22555,0.16093992462868545,12.979537998268954,25059.0
91733,1136,1168,29824,0.038090128755364806,7.090959563983299,41255.0
96062,18,18,986,0.018255578093306288,67.3733207486795,1243.0
96016,0,0,324,0.0,43.202095462844724,193.0
92658,64,65,918,0.06971677559912855,,
92573,0,0,1,0.0,,
96309,0,0,1,0.0,,
94047,0,0,1,0.0,,
95208,11,11,589,0.01867572156196944,,
93246,3,3,374,0.008021390374331552,21.257620627005817,852.0
95696,10,10,1023,0.009775171065493646,,
93273,0,0,1,0.0,,
90800,0,0,4,0.0,,
98541,0,0,6,0.0,197.24139626228455,10810.0
98361,0,0,1,0.0,347.5891927181638,457.0
92550,0,0,1,0.0,,
92637,842,860,13645,0.061707585196042504,2.968153487648466,17289.0
95287,0,0,1,0.0,,
94010,5375,5384,34824,0.15434757638410293,15.994986509474018,43025.0
94820,5,5,358,0.013966480446927373,,
95131,2726,2751,25712,0.10602053515868078,5.775428733243686,31179.0
91773,1865,1881,27064,0.06891073012119421,15.366114363821803,33598.0
94519,687,692,14204,0.04836665727963954,4.535856085965401,19058.0
91747,7,7,546,0.01282051282051282,,
92027,1691,1699,43215,0.03912993173666551,60.140773729339024,54113.0
95666,78,78,6283,0.012414451695050135,86.22554545447862,5994.0
95525,54,54,1690,0.03195266272189349,92.83825533513968,1441.0
90257,0,0,1,0.0,,
95797,0,0,1,0.0,,
95157,12,14,335,0.03582089552238806,,
91912,22,22,1742,0.012629161882893225,,
98499,1,1,25,0.04,9.345634907626158,32464.0
92130,8832,8858,45812,0.19278791582991356,18.564169099505175,60768.0
91081,0,0,2,0.0,,
92364,0,0,72,0.0,524.8353117257282,7.0
91139,0,0,1,0.0,,
94509,1383,1394,46495,0.029745133885364018,17.669305497215884,70090.0
95811,488,492,8146,0.05990670267616008,2.4365766183481026,8810.0
92412,0,0,6,0.0,,
91327,14,14,206,0.06796116504854369,,
92464,0,0,5,0.0,,
97913,0,0,2,0.0,403.2149330858484,5520.0
98937,0,0,3,0.0,872.5072632099774,4833.0
90726,0,0,0,,,
95336,962,966,37389,0.02572949263152264,38.36450967676344,50185.0
96113,1,1,642,0.001557632398753894,21.88061929370337,2039.0
91241,0,0,1,0.0,,
91749,1,1,40,0.025,,
97223,0,0,40,0.0,11.070646407757556,50527.0
92952,0,0,1,0.0,,
94915,12,12,412,0.02912621359223301,,
95104,0,0,1,0.0,,
92165,5,5,328,0.01524390243902439,,
93160,6,6,330,0.01818181818181818,,
90880,0,0,0,,,
92468,0,0,1,0.0,,
93502,1,1,166,0.006024096385542169,,
94971,24,24,311,0.07717041800643087,23.96435022756368,276.0
92660,4235,4267,33514,0.12636510115175748,10.73656218832894,34890.0
95003,1666,1667,20416,0.08160266457680251,32.42617039456059,24951.0
91630,0,0,3,0.0,,
93234,50,60,4387,0.01139731023478459,134.95242939185624,6519.0
96146,62,62,1497,0.041416165664662656,40.45423539573266,1154.0
94172,2,2,36,0.05555555555555555,,
99507,0,0,20,0.0,47.29575656194991,37301.0
97006,0,1,43,0.0,7.235146070092402,46463.0
91953,0,0,1,0.0,,
90016,1669,1686,29402,0.056764845928848374,3.6033147111003356,46457.0
93528,0,0,131,0.0,2.4534739295188777,86.0
92394,713,718,24122,0.02955807976121383,32.19676396877664,41614.0
99610,0,0,3,0.0,90.33968427290583,2222.0
97327,0,0,3,0.0,71.70192079878359,3079.0
97435,0,0,1,0.0,99.0161688178533,2412.0
95051,5800,5859,44639,0.1299312260579314,6.59106509335549,62054.0
96273,0,0,8,0.0,,
94973,142,142,1277,0.11119812059514488,3.9504990324080294,1689.0
99021,0,0,2,0.0,80.36169785978112,8942.0
91203,1105,1115,10859,0.1017589096601897,0.8894277375048998,16856.0
96037,3,3,393,0.007633587786259542,2.982088615206422,168.0
96662,0,0,5,0.0,,
91411,1140,1152,15735,0.07244995233555768,1.9516563716982034,23185.0
93920,30,30,1059,0.028328611898016998,161.3133077470039,1464.0
98604,1,1,28,0.03571428571428571,72.1030721898805,38839.0
90937,0,0,0,,,
95429,2,2,79,0.02531645569620253,25.43310098127603,128.0
94523,2210,2226,26346,0.08388370151066575,7.206828376748819,34592.0
91353,2,2,199,0.010050251256281407,,
95564,12,12,332,0.03614457831325301,4.8797061935102635,444.0
97042,0,0,0,,23.808071288270995,3361.0
98227,0,0,1,0.0,,
92937,0,0,1,0.0,,
97305,0,0,22,0.0,47.2166401600238,45083.0
98422,0,0,14,0.0,7.599669409184674,21644.0
95862,0,0,4,0.0,,
91757,0,0,1,0.0,,
96386,0,0,5,0.0,,
94531,2302,2311,35836,0.06423708003125349,14.027688565385432,46387.0
94061,2512,2522,27145,0.09254006262663474,3.86263744478952,37048.0
90780,0,0,0,,,
90150,0,0,1,0.0,,
94414,0,0,1,0.0,,
96251,2,2,3,0.6666666666666666,,
96106,7,7,592,0.011824324324324325,22.059888164816382,300.0
92150,29,29,628,0.04617834394904458,,
92068,6,6,216,0.027777777777777776,,
92214,0,0,2,0.0,,
98337,1,1,9,0.1111111111111111,2.8472045459606528,7370.0
92198,17,17,397,0.042821158690176324,,
95475,0,0,2,0.0,,
98971,0,0,1,0.0,,
93219,28,28,6276,0.004461440407903123,103.02797517228807,9057.0
94113,1,1,3,0.3333333333333333,,
97756,1,1,41,0.024390243902439025,126.39291017733632,44914.0
93706,241,242,26381,0.009135362571547704,158.5879045877999,40638.0
97386,0,0,12,0.0,126.59883062959894,15225.0
91772,1,1,4,0.25,,
93386,5,5,438,0.01141552511415525,,
91382,0,0,1,0.0,,
92704,2054,2129,58535,0.035090117024002734,7.431193253270316,82120.0
92801,1754,1796,43940,0.03991807009558489,6.316932306627984,60547.0
90730,1,1,1,1.0,,
95988,65,65,7188,0.009042849193099611,329.46104143246055,8808.0
95346,21,21,1277,0.01644479248238058,5.1113817919820335,923.0
98547,0,0,3,0.0,71.96582446425245,1080.0
96092,3,3,412,0.007281553398058253,66.56128878531483,327.0
95726,120,120,7287,0.016467682173734045,143.53583616333427,8450.0
97814,0,0,5,0.0,833.7186262530208,12590.0
98199,3,3,43,0.06976744186046512,5.847146763584317,22468.0
97845,0,0,1,0.0,113.55549651454889,2265.0
94889,0,0,1,0.0,,
98640,0,0,6,0.0,58.02552365169285,5386.0
90935,0,0,0,,,
94115,1613,1620,15028,0.10733297844024488,1.1363720124764507,32629.0
94162,0,0,1,0.0,,
96007,157,157,17986,0.008729011453352607,124.38503120501257,24768.0
95012,130,130,9615,0.013520540821632865,13.12461189775075,10814.0
91803,1505,1528,21376,0.0704060628742515,3.260536508660353,27715.0
92053,0,0,2,0.0,,
91212,0,0,2,0.0,,
95490,206,206,12036,0.017115320704553006,430.45851212412055,14677.0
94062,3665,3670,22524,0.16271532587462262,65.6653042406804,25759.0
90272,3732,3751,17212,0.21682547060190566,24.36082664820359,21390.0
95225,8,8,888,0.009009009009009009,9.727243430343892,1609.0
90945,0,0,2,0.0,,
95609,9,9,760,0.011842105263157895,,
96052,18,18,1365,0.013186813186813187,112.24921450608576,2366.0
90875,0,0,0,,,
94921,0,0,3,0.0,,
92152,0,0,3,0.0,,
92274,92,93,15623,0.005888753760481342,216.28506722248247,18167.0
96743,0,0,26,0.0,313.8359953822677,12422.0
99357,0,0,1,0.0,218.20994366492152,3843.0
95148,3715,3747,36682,0.10127583010740963,7.977846093507993,44995.0
99025,0,0,2,0.0,47.6910212919204,5668.0
98841,0,0,4,0.0,302.44058508970943,9737.0
91715,19,19,359,0.052924791086350974,,
90204,0,0,3,0.0,,
92102,870,873,28604,0.030415326527758354,4.490682058120309,38901.0
96750,0,0,3,0.0,22.21197054527413,3203.0
94078,0,0,1,0.0,,
98223,3,3,37,0.08108108108108109,317.86719210141376,46497.0
91365,14,14,351,0.039886039886039885,,
95959,649,649,16366,0.039655383111328366,314.9117700460225,17683.0
98382,0,0,49,0.0,211.89507133802138,31052.0
92619,60,64,652,0.09202453987730061,,
95356,1138,1140,26668,0.04267286635668217,22.359899762486656,33233.0
97801,0,0,5,0.0,497.9289444822956,21575.0
99350,0,0,3,0.0,601.7599990090534,14837.0
98339,1,1,1,1.0,12.960497225484673,3658.0
92021,1513,1535,50596,0.02990354968772235,28.214107640107276,70501.0
93764,0,0,1,0.0,,
94720,5,5,69,0.07246376811594203,0.7045139893998187,5763.0
98366,0,0,40,0.0,29.00645422228296,36965.0
95302,0,0,2,0.0,,
90956,0,0,0,,,
93225,138,138,3782,0.03648863035430989,112.0902501649733,4663.0
95954,57,57,6505,0.00876249039200615,128.23835370242918,8165.0
90131,0,0,1,0.0,,
90717,739,748,15458,0.04780696079699832,2.0030389009263616,21482.0
91410,0,0,4,0.0,,
92261,10,10,613,0.01631321370309951,,
98160,0,0,1,0.0,,
93034,16,16,467,0.034261241970021415,,
97824,0,0,1,0.0,235.06051401935937,2117.0
98607,2,2,51,0.0392156862745098,50.24549084546581,35867.0
98045,1,1,8,0.125,176.06713916011404,15289.0
92817,13,13,377,0.034482758620689655,,
91617,2,2,93,0.021505376344086023,,
95315,148,148,9993,0.014810367257079956,19.044994249659275,13598.0
99343,0,0,1,0.0,183.83911418499738,3215.0
97107,0,0,1,0.0,20.544600801509212,2166.0
92712,0,0,2,0.0,,
95768,0,0,3,0.0,,
92867,2656,2708,34607,0.07674747883376196,12.00292897899742,44726.0
91650,0,0,1,0.0,,
97429,0,0,2,0.0,97.20928846497222,985.0
90845,0,0,0,,,
97339,0,0,3,0.0,,
92620,8238,8332,42451,0.19405903276719041,5.910065501026573,61631.0
92532,2179,2196,22187,0.09821066390228513,15.242424453661709,28055.0
93101,1027,1037,21794,0.04712306139304396,3.2023519092826387,31554.0
95379,40,40,3810,0.010498687664041995,26.005651852585114,3598.0
90400,0,0,3,0.0,,
99330,0,0,2,0.0,87.47553138989412,1210.0
95380,654,655,29850,0.02190954773869347,77.18788107508607,43960.0
99011,0,0,11,0.0,6.6205153713719085,2931.0
90485,1,1,1,1.0,,
98221,2,2,27,0.07407407407407407,85.29474104169424,23562.0
92600,0,0,4,0.0,,
92325,185,185,7243,0.025541902526577384,8.858224362300295,9065.0
90715,606,618,13907,0.04357517796792982,1.737014175925562,20182.0
96708,0,0,28,0.0,68.20821642136079,11152.0
92789,0,0,3,0.0,,
90883,0,0,0,,,
94287,0,0,1,0.0,,
96109,0,0,728,0.0,215.95373357908935,1299.0
96350,0,0,3,0.0,,
95793,0,0,1,0.0,,
91114,3,3,117,0.02564102564102564,,
91017,13,13,462,0.02813852813852814,,
93637,512,513,29802,0.017180055029863767,280.4731949431355,43785.0
92034,0,0,2,0.0,,
93714,0,0,39,0.0,,
90694,0,0,0,,,
92859,13,16,164,0.07926829268292683,,
99925,0,0,1,0.0,62.449252708320365,841.0
91021,8,8,121,0.06611570247933884,,
98034,9,9,82,0.10975609756097561,11.95953921035,52531.0
95210,500,500,24708,0.02023636069289299,7.684492515004795,41549.0
91987,0,0,24,0.0,,
97522,0,0,0,,46.89377099148902,443.0
91940,0,0,2,0.0,,
90280,1181,1209,60713,0.019452176634328727,7.5446841251445464,91365.0
94911,0,0,1,0.0,,
92632,0,0,16,0.0,,
95542,29,29,2004,0.014471057884231538,219.75591251092337,2463.0
90792,0,0,0,,,
98357,0,0,2,0.0,42.65697092411186,1519.0
98390,1,1,27,0.037037037037037035,9.396259061400198,11546.0
96219,0,0,0,,,
93665,0,0,423,0.0,0.523297908476333,114.0
98860,0,0,1,0.0,99.11995267441645,277.0
91254,0,0,1,0.0,,
96145,133,133,4143,0.032102341298575914,18.619423204087493,3441.0
97462,0,0,2,0.0,221.5195389095896,4044.0
93505,177,177,8046,0.021998508575689784,65.06312142270694,14353.0
92000,0,0,5,0.0,,
94013,0,0,4,0.0,,
92951,0,0,1,0.0,,
96721,0,0,8,0.0,,
92839,0,0,1,0.0,,
91020,468,480,5799,0.08070356958096224,0.7184841186408906,7532.0
94259,0,0,1,0.0,,
97317,0,0,21,0.0,55.22630200786723,25966.0
95369,10,10,722,0.013850415512465374,158.2138169904685,740.0
98365,0,0,10,0.0,42.14650267911361,5168.0
92122,2815,2822,26496,0.10624245169082126,5.378151637809124,45411.0
98104,4,4,38,0.10526315789473684,1.1296532444217127,16542.0
95724,4,4,76,0.05263157894736842,,
95159,4,4,519,0.007707129094412331,,
92295,0,0,1,0.0,,
92213,1,1,5,0.2,,
92621,0,0,20,0.0,,
90501,2296,2330,34240,0.06705607476635514,5.688133583314172,41787.0
95963,110,111,13535,0.008127077946065755,333.8405572082352,16070.0
94126,3,3,57,0.05263157894736842,,
97624,0,0,15,0.0,623.4333094053859,3643.0
98084,0,0,1,0.0,,
93937,0,0,3,0.0,,
94930,665,665,6628,0.10033192516596258,14.679147579303166,8406.0
97280,0,0,1,0.0,,
92694,4921,4943,27991,0.1758065092351113,40.154766059168466,35764.0
90011,703,724,54687,0.012854974674054163,4.289156521524842,100113.0
95826,879,885,25784,0.03409090909090909,10.760282023584516,40165.0
92019,2079,2083,34517,0.06023119042790509,31.731224119594703,45351.0
92061,87,87,2475,0.03515151515151515,34.81153636909187,1543.0
94108,254,255,2997,0.08475141808475142,0.2579754804001969,11305.0
90292,2773,2789,17444,0.158965833524421,3.1991442405977413,23982.0
90761,0,0,0,,,
90663,0,0,1,0.0,,
90610,2,3,68,0.029411764705882353,,
99540,0,0,2,0.0,167.320643433016,468.0
97215,1,1,26,0.038461538461538464,2.365106344112542,17296.0
92163,18,18,468,0.038461538461538464,,
92350,9,9,258,0.03488372093023256,0.06674448955757561,344.0
95313,16,16,1136,0.014084507042253521,46.09967939057952,1119.0
90252,0,0,1,0.0,,
99576,0,0,1,0.0,11951.575476605807,2454.0
95530,0,0,1,0.0,,
94661,6,6,74,0.08108108108108109,,
93206,4,4,1634,0.0024479804161566705,164.0668839596153,1898.0
98057,1,1,15,0.06666666666666667,6.211557779786589,12705.0
94806,1659,1670,43670,0.03798946645294252,7.874452420603932,62546.0
92199,0,0,5,0.0,,
94579,1093,1102,16869,0.06479340802655759,3.1276158550254465,20017.0
90570,0,0,1,0.0,,
97383,0,0,2,0.0,48.418060542447826,10310.0
98859,0,0,2,0.0,121.64470114168174,435.0
92112,11,11,623,0.01765650080256822,,
97128,0,0,25,0.0,112.2430283864475,38664.0
97431,0,0,1,0.0,42.323992972196145,2366.0
99506,0,0,5,0.0,27.933394763698082,7028.0
94530,2018,2030,17961,0.11235454596069261,4.330309552615905,26401.0
95814,664,671,8662,0.07665666127915031,1.432754399902619,12355.0
96412,0,0,1,0.0,,
90953,0,0,0,,,
98445,0,0,18,0.0,10.450897501644272,33684.0
90852,0,0,0,,,
95488,6,6,184,0.03260869565217391,61.457856688965336,226.0
98644,0,0,2,0.0,3.464279365895208,505.0
90006,992,1010,27604,0.035936820750615855,1.9336863134836484,55527.0
91201,1500,1517,16040,0.09351620947630923,2.3935325914845507,22394.0
90983,0,0,1,0.0,,
94230,0,0,1,0.0,,
91793,14,15,421,0.0332541567695962,,
93005,5,5,258,0.01937984496124031,,
94500,0,0,3,0.0,,
90801,11,11,544,0.02022058823529412,,
96322,1,1,2,0.5,,
94546,2694,2714,34331,0.07847135242200927,17.4901460480134,44855.0
95537,4,4,287,0.013937282229965157,2.7216936049892912,532.0
95351,400,400,32500,0.012307692307692308,9.071435500854657,48498.0
94365,0,0,1,0.0,,
92192,18,18,436,0.04128440366972477,,
90540,0,0,1,0.0,,
92273,10,10,1447,0.006910850034554251,3.218267961997318,1090.0
92920,0,0,1,0.0,,
92166,5,5,277,0.018050541516245487,,
93950,766,767,10989,0.06970606970606971,2.813755169135061,14951.0
93688,0,0,1,0.0,,
92175,3,3,239,0.012552301255230125,,
90236,0,0,0,,,
92264,1391,1391,15309,0.09086158468874518,51.090207921823655,19899.0
98121,12,12,88,0.13636363636363635,0.6468915029850233,21166.0
90010,656,658,7634,0.08593135970657584,0.39047399567804486,4850.0
97227,0,0,14,0.0,1.5128714648696542,5665.0
95472,2097,2098,23964,0.08750625938908363,70.30460093969374,28747.0
92071,2139,2141,44329,0.04825283674344109,19.04033804693051,59590.0
92830,0,0,3,0.0,,
91045,0,0,1,0.0,,
96561,0,0,1,0.0,,
95111,2467,2513,43749,0.05638986033966491,5.812301703545465,57202.0
95947,7,7,1223,0.005723630417007359,85.41432960337991,1505.0
94240,0,0,0,,,
97415,1,1,68,0.014705882352941176,306.72536959723755,14586.0
94029,0,0,1,0.0,,
93700,0,0,16,0.0,,
99501,0,0,13,0.0,6.881444820399572,16175.0
97304,0,0,26,0.0,57.781682660229365,34879.0
97641,0,0,2,0.0,664.8678764079458,1319.0
95942,33,33,1338,0.02466367713004484,69.16782343179979,2089.0
90805,1512,1535,57152,0.02645576707726764,7.584135062874412,92402.0
96065,2,2,290,0.006896551724137931,138.79455045436814,221.0
91507,2,2,90,0.022222222222222223,,
91807,0,0,1,0.0,,
94807,11,11,148,0.07432432432432433,,
92963,0,0,1,0.0,,
93422,1039,1039,26706,0.038905114955440724,68.85835356621766,33002.0
96781,1,1,4,0.25,52.38138261829044,2073.0
97137,0,0,2,0.0,46.5151989172755,989.0
99737,0,0,3,0.0,5566.4894419583725,4774.0
98512,1,1,20,0.05,140.57447888098915,31864.0
90974,0,0,0,,,
92765,0,0,1,0.0,,
96094,74,74,6148,0.012036434612882238,204.7206933639372,6656.0
97701,1,1,57,0.017543859649122806,311.8483250559939,43293.0
93544,22,22,907,0.024255788313120176,115.19309697350754,1027.0
96026,0,0,1,0.0,,
92594,0,0,1,0.0,,
98329,1,1,14,0.07142857142857142,31.604698466448248,11552.0
90654,0,0,0,,,
92869,2260,2291,28941,0.07808990705227878,13.664325862942869,36271.0
95366,532,532,14740,0.03609226594301221,34.65864907729306,18954.0
92401,12,12,1058,0.011342155009451797,0.6801161590265916,1659.0
98033,6,6,99,0.06060606060606061,11.14573050373136,40982.0
90940,0,0,0,,,
90927,0,0,0,,,
91625,0,0,1,0.0,,
94963,57,57,486,0.11728395061728394,1.596642338379118,739.0
98618,0,0,1,0.0,,
93738,0,0,1,0.0,,
92210,394,394,4155,0.09482551143200962,14.589187898699706,4871.0
99629,0,0,3,0.0,,
94656,1,1,1,1.0,,
97347,0,0,1,0.0,47.309666996626426,1577.0
90731,1499,1525,38238,0.03920184110047597,14.769514369140706,61944.0
98105,4,4,67,0.05970149253731343,6.193714912778661,49767.0
91543,0,0,1,0.0,,
94088,13,14,363,0.03581267217630854,,
97402,2,2,52,0.038461538461538464,75.03889156261644,53823.0
91786,1737,1746,38974,0.044568173654231026,8.943259082817669,55829.0
91316,2644,2658,19851,0.13319228250465973,5.692305425348513,29491.0
97056,0,0,3,0.0,111.52864170833755,12795.0
94933,52,52,730,0.07123287671232877,3.2109394706101617,1033.0
98236,1,1,12,0.08333333333333333,33.053758103673275,7199.0
95389,23,23,781,0.029449423815621,302.72193146429845,2181.0
95443,3,3,240,0.0125,4.1716910108982574,81.0
99337,0,0,6,0.0,181.63192820070486,33287.0
96089,2,2,422,0.004739336492890996,,
94327,0,0,1,0.0,,
95587,2,2,153,0.013071895424836602,19.141555201662335,0.0
92528,0,0,1,0.0,,
90411,0,0,1,0.0,,
92138,16,16,885,0.01807909604519774,,
92980,0,0,2,0.0,,
95887,0,0,1,0.0,,
96114,11,11,2836,0.0038787023977433005,67.63234672228299,2959.0
96162,21,21,1406,0.014935988620199146,,
92962,0,0,1,0.0,,
94293,0,0,0,,,
93261,7,7,1622,0.004315659679408138,5.775464893620492,2005.0
94027,1376,1377,6104,0.2254259501965924,5.058556577976771,7002.0
99016,1,1,12,0.08333333333333333,24.71313376123074,21615.0
99207,0,0,16,0.0,5.245925069545135,32770.0
98332,7,7,44,0.1590909090909091,24.09835561618672,20072.0
98612,0,0,3,0.0,110.99388716049812,3366.0
92367,0,0,0,,,
91432,0,0,2,0.0,,
95891,1,1,1,1.0,,
95903,29,29,643,0.04510108864696734,20.502423918767768,2242.0
91519,0,0,1,0.0,,
93127,0,0,1,0.0,,
98394,0,0,2,0.0,9.30177656178424,892.0
95816,1997,2033,17444,0.11448062371015823,2.7990566614261567,19225.0
92544,677,680,34011,0.019905324747875687,171.6569480646127,51751.0
92063,0,0,1,0.0,,
93257,618,621,51761,0.011939491122659917,383.08686808601914,80467.0
97419,0,0,0,,32.78491757881191,1123.0
94305,638,642,4051,0.15749197728955813,4.824981557264257,18509.0
91383,0,0,8,0.0,,
90969,0,0,0,,,
95533,1,1,1,1.0,,
98647,0,0,1,0.0,74.335235049924,352.0
94501,3975,3994,40093,0.09914448906292869,10.743160106416926,63808.0
94309,12,12,117,0.10256410256410256,,
92117,2586,2589,40166,0.06438281133296818,8.70291601025929,52275.0
91609,3,3,122,0.02459016393442623,,
90950,0,0,0,,,
90810,609,628,24602,0.024754085033737095,6.761434949289266,35833.0
97754,0,0,9,0.0,1377.1984178157147,22960.0
90652,1,1,63,0.015873015873015872,,
90336,0,0,1,0.0,,
91125,5,5,108,0.046296296296296294,0.17719372984368392,1000.0
94022,3936,3942,16803,0.23424388502053206,17.68884523437891,20027.0
91364,3140,3166,21223,0.14795269283324694,7.539388672886984,27748.0
91027,0,0,0,,,
90650,2312,2357,71896,0.03215756092133081,9.94045292227409,99900.0
97408,1,1,16,0.0625,50.937642359880805,15420.0
94525,121,122,2551,0.047432379459035674,2.4523754198156227,3372.0
92524,0,0,1,0.0,,
92707,1103,1156,40885,0.026978109331050507,5.231684289467249,58695.0
90035,2235,2258,17029,0.13124669681132187,2.275851671889014,29000.0
91302,4028,4040,21037,0.19147216808480297,27.494505867812244,25569.0
94828,0,0,2,0.0,,
92648,3673,3690,37343,0.09835846075569718,10.457237432987915,45827.0
92308,718,718,30891,0.02324301576510958,103.76974089315847,42709.0
90503,2900,2947,33124,0.0875498128245381,5.268476375827162,43454.0
98502,2,2,37,0.05405405405405406,80.31195897075966,35398.0
98603,0,0,3,0.0,117.5898294970535,1267.0
97494,0,0,2,0.0,0.9167599481920329,0.0
94026,27,27,576,0.046875,,
99702,0,0,4,0.0,21.62239903544691,3260.0
92614,3123,3164,23805,0.13119092627599244,4.478720773565698,29239.0
94705,1457,1459,8665,0.16814772071552223,3.3812104775971448,13991.0
90000,0,0,97,0.0,,
93540,0,0,3,0.0,,
95479,0,0,1,0.0,,
93556,3,3,597,0.005025125628140704,,
97230,1,1,27,0.037037037037037035,19.449330503112737,43553.0
92647,2661,2699,44730,0.05949027498323273,7.554134168243805,59047.0
94129,255,259,1765,0.14447592067988668,2.3642730977525597,3836.0
93400,0,0,7,0.0,,
96587,0,0,1,0.0,,
90946,0,0,0,,,
94620,2,2,99,0.020202020202020204,,
98208,2,2,54,0.037037037037037035,15.412970186365323,60915.0
98535,0,0,1,0.0,21.467848125327524,726.0
93243,24,25,1254,0.019138755980861243,164.38759916024338,834.0
95545,3,3,141,0.02127659574468085,135.9658659362474,194.0
94522,10,10,356,0.028089887640449437,,
95009,7,8,258,0.027131782945736434,,
96049,11,11,1921,0.005726184279021343,,
94550,3357,3369,40028,0.08386629359448386,273.92655153395646,49873.0
95230,13,13,643,0.02021772939346812,138.55597838786485,403.0
91384,1282,1290,18577,0.06901006621090595,104.39151665634222,26478.0
95675,3,3,417,0.007194244604316547,0.2024790403649068,374.0
90621,2126,2159,26815,0.07928398284542233,4.20796759220745,35984.0
98597,0,0,28,0.0,114.79131233801273,26669.0
97343,0,0,1,0.0,139.1865419767718,484.0
95207,659,660,29078,0.022663181786917945,7.4275210640063785,52414.0
97204,0,0,10,0.0,0.3305647481448477,885.0
92531,10,10,558,0.017921146953405017,,
95363,891,892,23172,0.03845157949249094,478.8778482380324,30769.0
95340,633,633,24483,0.02585467467222154,52.70952430927873,38303.0
95565,8,8,703,0.011379800853485065,34.35134583173966,764.0
94455,0,0,1,0.0,,
92780,2199,2263,39802,0.05524847997588061,6.2742414642131585,54374.0
94147,10,10,136,0.07352941176470588,,
95217,0,0,1,0.0,,
93669,1,1,212,0.0047169811320754715,7.850549057575924,196.0
90635,0,0,1,0.0,,
90295,24,24,334,0.0718562874251497,,
98058,5,5,42,0.11904761904761904,20.291678190810355,42980.0
94565,2869,2896,71916,0.03989376494799488,47.19100102599789,100488.0
92646,3632,3654,45648,0.07956536978618997,8.325037751671463,54615.0
97374,0,0,4,0.0,129.7300445791862,4859.0
97405,6,6,61,0.09836065573770492,129.4136983850781,46933.0
98660,2,2,28,0.07142857142857142,23.91851227387639,13212.0
95214,0,0,1,0.0,,
98102,7,7,53,0.1320754716981132,1.6539294201020935,27333.0
95934,3,3,247,0.012145748987854251,22.166893487388045,63.0
96660,0,0,2,0.0,,
97836,0,0,1,0.0,945.91050663315,1998.0
94590,831,836,25098,0.03311020798469998,8.752796838453074,37128.0
90669,0,0,1,0.0,,
96133,2,2,94,0.02127659574468085,14.346861970732993,180.0
94707,1714,1716,9259,0.18511718328113186,1.7620652461742818,12811.0
98021,4,4,33,0.12121212121212122,10.145991659054085,35631.0
99218,0,0,16,0.0,6.7921472186071785,16897.0
92259,3,3,743,0.004037685060565276,287.89706424158834,198.0
97711,0,0,1,0.0,276.0388033369583,29.0
93568,0,0,0,,,
96788,0,0,2,0.0,,
91750,1676,1691,26572,0.06307391238898089,18.71382602414778,32692.0
93638,331,331,34026,0.009727855169576206,90.74026069450805,50571.0
95965,159,159,15037,0.010573917669747955,334.39701935011794,21181.0
93460,271,271,5566,0.04868846568451311,220.11658507781908,6039.0
92153,12,12,897,0.013377926421404682,,
91360,2558,2573,34313,0.07454900475038614,15.716234705676177,42236.0
97440,0,0,9,0.0,,
90070,0,0,26,0.0,,
91004,0,0,3,0.0,,
90909,0,0,1,0.0,,
95415,34,34,1517,0.02241265655899802,55.29152670106028,956.0
97338,0,0,13,0.0,124.99468614425895,23419.0
92059,41,41,2294,0.017872711421098517,27.548656234622893,1362.0
98822,0,0,1,0.0,439.10952298575336,2394.0
91560,0,0,1,0.0,,
91724,1198,1215,20487,0.05847610679943379,6.238401561815912,28352.0
90251,7,8,444,0.015765765765765764,,
91770,3587,3666,46530,0.07709004943047497,6.6042505729018925,58382.0
91206,2359,2381,22364,0.10548202468252549,5.778494469624671,31961.0
97060,1,1,10,0.1,21.345714053219954,21649.0
94306,3681,3699,19126,0.19246052493987242,4.085451721748137,27183.0
98280,0,0,3,0.0,11.988214103041777,442.0
92720,0,0,2,0.0,,
93705,266,266,21183,0.012557239295661616,4.880810247003365,38888.0
98558,0,0,2,0.0,0.06938330247368447,61.0
97207,0,0,1,0.0,,
93475,2,2,407,0.004914004914004914,,
94970,47,47,525,0.08952380952380952,8.8103237032955,255.0
96048,8,8,630,0.012698412698412698,155.67205761325457,1297.0
92662,228,229,2101,0.10851975249881009,0.4007119042017367,2294.0
95514,0,0,175,0.0,102.97612313404174,85.0
95632,666,667,26190,0.02542955326460481,113.89294214809654,32493.0
93452,9,9,511,0.01761252446183953,121.0454142875653,217.0
93139,0,0,1,0.0,,
92608,1,1,3,0.3333333333333333,,
95071,4,4,106,0.03773584905660377,,
93507,0,0,1,0.0,,
94224,0,0,2,0.0,,
94158,627,630,3457,0.18137113103847266,0.8980154692263251,11314.0
98953,0,0,1,0.0,60.58479441016674,7166.0
98466,0,0,24,0.0,7.083224887226098,30327.0
91012,12,13,297,0.04040404040404041,,
94833,0,0,1,0.0,,
98291,0,0,2,0.0,,
93221,220,220,11482,0.019160425013063927,132.06452492610734,14538.0
95115,0,0,4,0.0,,
96082,0,0,1,0.0,,
98579,0,0,8,0.0,94.74433407321617,14048.0
92128,3902,3913,37456,0.10417556599743699,11.713785626245993,48992.0
97838,0,0,14,0.0,213.40692848920014,28512.0
92701,799,835,31556,0.025320065914564583,3.224580804049518,47818.0
99723,0,0,5,0.0,22.10226265969976,4785.0
92486,0,0,0,,,
95452,116,116,1258,0.09220985691573927,16.393793477518127,1762.0
90081,0,0,33,0.0,,
95330,2616,2623,27352,0.09564200058496636,22.808794032813566,35395.0
96118,8,8,1479,0.005409060175794456,171.0049518679636,1328.0
90505,2460,2479,28474,0.08639460560511343,5.86317544583466,35148.0
90918,0,0,0,,,
90069,2167,2176,13952,0.15531823394495411,2.1518107584382102,20961.0
93730,1066,1066,11061,0.09637464967001175,8.161300197772986,14263.0
95329,35,35,3053,0.011464133639043564,131.75590776849657,2954.0
92979,0,0,2,0.0,,
94110,2998,3013,29782,0.1006648311060372,2.3945557660146917,66865.0
96674,0,0,1,0.0,,
93210,142,148,9678,0.014672452986154164,775.5965401057424,18491.0
94042,11,11,344,0.03197674418604651,,
90713,1051,1064,21580,0.04870250231696015,3.4678297016213473,28221.0
98591,0,0,3,0.0,115.43861032004091,3965.0
95084,0,0,1,0.0,,
92222,0,0,69,0.0,2.7592404301604785,0.0
96770,0,0,3,0.0,85.40090033380284,501.0
90444,0,0,1,0.0,,
93218,8,8,644,0.012422360248447204,65.66150790318702,780.0
98041,0,0,1,0.0,,
99109,0,0,3,0.0,311.8953267406808,4981.0
92073,0,0,5,0.0,,
93405,924,924,11741,0.07869857763393237,89.88867109057776,25002.0
93191,0,0,1,0.0,,
93224,3,3,362,0.008287292817679558,35.59346349422294,414.0
91442,0,0,1,0.0,,
92723,0,0,1,0.0,,
91103,1301,1316,17694,0.07352774951961116,4.610814474082109,25142.0
94030,2077,2082,17709,0.11728499632954995,3.3743068055797276,22689.0
95076,1646,1647,65043,0.025306335808618914,136.0866905550744,82806.0
96010,1,1,151,0.006622516556291391,383.8467282083792,212.0
91764,1144,1162,39527,0.02894224201178941,7.927048358704757,56270.0
94458,0,0,1,0.0,,
95226,1,1,96,0.010416666666666666,3.9849297919745075,0.0
98371,0,0,16,0.0,11.945798343492749,24682.0
93120,8,8,215,0.037209302325581395,,
91400,0,0,1,0.0,,
96510,0,0,1,0.0,,
95647,0,0,2,0.0,,
96271,0,0,1,0.0,,
95982,27,27,2871,0.009404388714733543,42.61525754687627,2795.0
90308,4,4,122,0.03278688524590164,,
96915,1,1,14,0.07142857142857142,90.51264916292068,
92853,0,0,2,0.0,,
92841,1625,1656,26422,0.06150177882067974,4.559487366995051,33219.0
96650,0,0,1,0.0,,
98277,3,4,98,0.030612244897959183,71.13474285628594,40917.0
93423,8,8,1270,0.006299212598425197,,
94046,0,0,2,0.0,,
97489,0,0,1,0.0,29.938394158649956,821.0
92806,1427,1459,32791,0.04351803848616999,7.9928038188600095,41003.0
96306,0,0,8,0.0,,
93939,0,0,2,0.0,,
95063,28,28,904,0.030973451327433628,,
97233,0,0,17,0.0,4.66146555167331,36236.0
96738,0,0,19,0.0,80.28957430472781,7862.0
98155,2,2,31,0.06451612903225806,8.174059377055173,36511.0
98942,0,0,7,0.0,183.54247814117937,18871.0
98631,0,0,3,0.0,30.146863262561265,3759.0
90970,0,0,0,,,
93661,0,0,34,0.0,,
92655,301,307,6255,0.04812150279776179,0.9025407146337198,8026.0
95735,4,4,95,0.042105263157894736,44.70672508002477,51.0
95547,22,22,1250,0.0176,10.393898069048296,1263.0
94294,0,0,6,0.0,,
92277,265,266,11752,0.02254935330156569,1599.108710997475,26277.0
92359,178,178,6657,0.026738771218266486,19.68428257751359,9284.0
92233,12,12,3459,0.003469210754553339,152.6320975649166,6836.0
92717,0,1,7,0.0,,
94943,0,0,1,0.0,,
93085,0,0,1,0.0,,
95444,72,72,911,0.07903402854006586,0.31350903518942774,625.0
98110,4,4,52,0.07692307692307693,38.76857652474647,24631.0
95603,945,945,23910,0.039523212045169384,36.4229699632227,28432.0
91396,3,4,223,0.013452914798206279,,
90074,0,0,5,0.0,,
92346,1518,1528,42424,0.03578163303790308,27.200644379009375,56179.0
97301,1,1,34,0.029411764705882353,11.47543513287556,57574.0
91758,0,0,3,0.0,,
91708,2035,2049,12593,0.16159771301516715,8.170838763501424,19213.0
90830,0,0,0,,,
97392,0,0,3,0.0,42.60955002286086,6770.0
99712,0,0,6,0.0,3264.443113806901,12477.0
95848,0,0,3,0.0,,
93630,195,195,15628,0.012477604299974404,163.5754657185102,21284.0
92740,0,0,4,0.0,,
90690,0,0,0,,,
93777,0,0,125,0.0,,
92182,3,3,238,0.012605042016806723,0.20887745976699096,0.0
99921,0,0,2,0.0,2645.696386090151,1596.0
96677,0,0,3,0.0,,
91072,0,0,1,0.0,,
97537,0,0,14,0.0,124.10346971797992,7018.0
94295,1,1,1,1.0,,
95422,116,116,12964,0.008947855600123419,37.01920382969025,17054.0
94064,9,9,510,0.01764705882352941,,
97469,0,0,1,0.0,57.544679160300646,2207.0
93066,191,191,3331,0.057340138096667666,42.083461727485904,2898.0
96230,0,0,3,0.0,,
95750,0,0,1,0.0,,
94912,16,16,834,0.019184652278177457,,
92483,0,0,1,0.0,,
91042,1796,1809,21098,0.08512655227983695,49.813839641648265,26928.0
92013,23,23,362,0.06353591160220995,,
96796,0,0,4,0.0,2.40494813971683,1840.0
95486,5,5,110,0.045454545454545456,0.019368337724208828,17.0
95839,0,0,3,0.0,,
94562,21,21,250,0.084,0.27825896063104355,0.0
99556,0,0,3,0.0,197.42155674975527,2866.0
93773,0,0,64,0.0,,
90819,0,0,0,,,
95760,0,0,1,0.0,,
97236,1,1,15,0.06666666666666667,7.738391186564287,37558.0
97149,0,0,3,0.0,28.22585993480056,699.0
99830,0,0,1,0.0,410.22257125981184,629.0
92860,778,785,20221,0.038474852875723255,14.45614261249847,25109.0
91944,6,7,493,0.012170385395537525,,
90333,0,0,1,0.0,,
96374,0,0,1,0.0,,
94000,0,0,20,0.0,,
90844,0,0,0,,,
95663,153,153,2823,0.05419766206163656,8.70092919929631,3090.0
94460,0,0,1,0.0,,
97467,0,0,7,0.0,333.66362020428664,5423.0
94308,0,0,0,,,
93678,0,0,1,0.0,,
96127,1,1,413,0.002421307506053269,,
95550,3,3,288,0.010416666666666666,135.9612268003717,140.0
90023,414,425,26103,0.015860245948741525,4.3724519546174045,43857.0
98372,0,0,22,0.0,13.434770889527128,26012.0
94864,0,0,1,0.0,,
95628,1780,1786,34114,0.052177991440464325,13.25096620905303,44855.0
91224,2,2,111,0.018018018018018018,,
95571,6,6,201,0.029850746268656716,6.62428740218065,104.0
96786,1,1,33,0.030303030303030304,89.59490560106529,40658.0
96137,22,22,3404,0.006462984723854289,143.455403260002,2923.0
93775,0,0,81,0.0,,
95026,0,0,4,0.0,,
97540,1,1,28,0.03571428571428571,44.96670341533396,8323.0
90261,0,0,2,0.0,,
93161,0,0,0,,,
91932,446,450,17143,0.02601644986291781,4.85555529801646,25741.0
94073,0,0,1,0.0,,
91011,3044,3066,17189,0.17708999941823259,11.281536457131287,19935.0
95412,10,10,329,0.030395136778115502,90.33708379794676,331.0
90096,0,0,1,0.0,,
94903,2443,2447,24009,0.10175350910075388,20.563589294195932,30615.0
95323,17,17,1041,0.01633045148895293,31.75836181588592,1644.0
90848,0,0,0,,,
93619,2826,2826,40441,0.06987957765633887,186.61571493166068,55610.0
94647,0,0,1,0.0,,
94137,0,0,1,0.0,,
92618,12089,12179,51771,0.23350910741534836,20.691940215102374,66126.0
90980,0,0,0,,,
90248,592,604,11554,0.051237666608966594,4.818373062831584,11235.0
93901,492,493,21835,0.022532631096862835,9.58575388968815,29724.0
90984,0,0,0,,,
95456,39,39,708,0.05508474576271186,11.550699913210286,860.0
90886,0,0,0,,,
91313,9,9,308,0.02922077922077922,,
99205,0,0,16,0.0,9.031010471821034,43169.0
91039,0,0,0,,,
92418,0,0,8,0.0,,
93614,203,203,9508,0.02135044173327724,128.73398736868367,11445.0
92363,28,28,3245,0.008628659476117103,384.72296667180217,5531.0
97101,0,0,1,0.0,50.21162838139785,3914.0
95555,5,5,232,0.021551724137931036,116.0544331244918,216.0
98281,0,0,3,0.0,5.309933170057266,1288.0
92320,387,387,9341,0.04143025372015844,13.95379586723828,10902.0
96772,0,0,7,0.0,228.56852507376632,2470.0
94351,0,0,0,,,
95229,1,1,28,0.03571428571428571,,
92074,12,12,408,0.029411764705882353,,
97394,1,1,8,0.125,54.149469258044626,5363.0
98947,0,0,2,0.0,45.80332569181119,3255.0
96134,4,4,1610,0.002484472049689441,350.51489739616693,2346.0
92286,7,7,863,0.008111239860950173,,
92781,23,24,604,0.0380794701986755,,
91404,2,2,41,0.04878048780487805,,
93037,0,0,1,0.0,,
91616,1,1,36,0.027777777777777776,,
90093,8,8,126,0.06349206349206349,,
95000,0,0,0,,,
98625,0,0,4,0.0,195.62087777633693,7655.0
93044,10,10,435,0.022988505747126436,,
97111,0,0,4,0.0,38.0711605057951,4890.0
92643,0,0,13,0.0,,
96117,2,2,290,0.006896551724137931,325.50009714102,261.0
96830,0,0,2,0.0,,
97225,4,4,41,0.0975609756097561,6.661229534743807,25869.0
99122,0,0,3,0.0,611.6302886677439,4046.0
93232,5,5,868,0.00576036866359447,,
97471,0,0,28,0.0,184.06512986511544,32334.0
91005,0,0,1,0.0,,
98284,0,0,13,0.0,287.59196354601,27835.0
93570,0,0,2,0.0,,
92833,3864,3905,38831,0.09950812495171384,7.667595432302531,51842.0
95423,50,50,4019,0.01244090569793481,124.66450106230312,3513.0
95242,857,857,22393,0.03827088822399857,92.68858592401101,28427.0
94065,1645,1652,9298,0.17691976769197676,3.087251502683295,11673.0
90698,0,0,0,,,
98217,0,0,1,0.0,,
95163,0,0,1,0.0,,
93724,1,1,9,0.1111111111111111,,
91765,4845,4919,36745,0.13185467410532045,18.57340031904883,44502.0
91739,3467,3483,33071,0.10483505185812343,28.430086723008333,41673.0
90712,1358,1376,24344,0.05578376602037463,4.235701862926325,30800.0
98380,0,0,1,0.0,54.093485234904485,5471.0
95116,1235,1253,34246,0.03606260585177831,3.563660545432715,48042.0
95401,1078,1078,28459,0.037879054077796126,20.919497917905773,36861.0
91301,2731,2742,20522,0.13307669817756554,33.234985933953695,23879.0
91304,2582,2601,35350,0.07304101838755304,9.745182566484193,52474.0
92763,1,1,1,1.0,,
95455,0,0,4,0.0,,
90644,0,0,1,0.0,,
93750,0,0,1,0.0,,
92408,257,261,11102,0.023148982165375608,10.608192551579137,14325.0
90675,0,0,0,,,
95622,0,0,3,0.0,,
92693,4,4,282,0.014184397163120567,,
92829,0,0,1,0.0,,
95627,42,42,3212,0.013075965130759652,52.62967052846704,3999.0
90763,0,0,0,,,
97013,0,0,12,0.0,59.528249600222914,24293.0
95636,7,7,501,0.013972055888223553,11.468616782950312,1410.0
95614,118,118,3734,0.03160149973219068,31.785324029728997,3954.0
91917,19,19,950,0.02,51.83483623422081,749.0
95853,0,0,125,0.0,,
92343,0,0,21,0.0,,
92309,2,2,361,0.00554016620498615,358.4927347711483,343.0
90930,0,0,0,,,
94902,0,0,1,0.0,,
91230,1,1,1,1.0,,
91328,7,7,141,0.04964539007092199,,
94621,466,471,21469,0.021705715217290047,10.311638441253377,33840.0
94979,4,4,239,0.016736401673640166,,
92156,0,0,1,0.0,,
99567,0,0,3,0.0,694.2580892241303,6452.0
92313,313,314,9659,0.032405010870690545,3.6227981986663322,13078.0
93238,14,14,1277,0.01096319498825372,116.59057447971416,887.0
93501,64,64,3443,0.01858844031367993,222.1131246115475,6435.0
98328,0,0,1,0.0,234.29292422991082,9891.0
91040,1576,1587,17159,0.09184684422169125,8.344427066241124,20821.0
92777,0,0,1,0.0,,
92607,28,28,475,0.05894736842105263,,
91393,2,2,111,0.018018018018018018,,
90322,0,0,1,0.0,,
90696,0,0,0,,,
92654,12,13,356,0.033707865168539325,,
97005,0,0,42,0.0,5.131184751766373,28311.0
95343,9,9,85,0.10588235294117647,,
97021,0,0,1,0.0,262.2325102833656,1608.0
93406,20,20,823,0.024301336573511544,,
94526,3280,3290,27641,0.11866430302811042,13.170274613675042,32584.0
94504,0,0,5,0.0,,
98127,0,0,1,0.0,,
92714,0,0,3,0.0,,
90934,0,0,1,0.0,,
92812,8,8,274,0.029197080291970802,,
90682,0,0,0,,,
93585,0,0,1,0.0,,
92371,202,202,9508,0.02124526714345814,132.08980132868675,21580.0
95805,0,0,0,,,
90786,0,0,1,0.0,,
99190,0,0,1,0.0,,
94603,457,462,22602,0.020219449606229536,2.698093466279727,35742.0
95929,0,0,82,0.0,0.007832591904938778,0.0
90602,818,829,17077,0.047900685132048954,3.753963709913394,25905.0
94543,3,3,130,0.023076923076923078,,
95568,0,0,115,0.0,98.06477643792698,223.0
98278,0,0,3,0.0,5.641708642005831,1932.0
90460,0,0,1,0.0,,
95445,141,141,2941,0.047942876572594356,89.53462917319249,2766.0
91830,0,0,1,0.0,,
90508,2,2,66,0.030303030303030304,,
90764,0,0,0,,,
94954,1702,1705,31734,0.05363332703094473,62.84334145871177,37574.0
90507,0,0,39,0.0,,
94568,9252,9295,48316,0.19148936170212766,16.494400299106697,70803.0
95150,12,12,516,0.023255813953488372,,
96716,0,0,4,0.0,4.29475026552329,2650.0
92232,9,9,4561,0.0019732514799386098,,
93241,61,61,9345,0.006527554842161584,5.05269107628697,15250.0
97216,0,0,14,0.0,2.515911304594288,16638.0
96401,0,0,1,0.0,,
94547,1876,1882,20646,0.09086505860699409,5.673024145057485,26302.0
95022,0,0,2,0.0,,
93504,8,8,267,0.0299625468164794,,
95128,2266,2286,24656,0.09190460739779364,3.93075148203839,33165.0
95709,109,109,4382,0.02487448653582839,23.869295647669098,6000.0
95231,39,39,2996,0.0130173564753004,10.834314400614101,3896.0
92515,0,0,1,0.0,,
96025,13,13,1981,0.006562342251388188,103.83808245720714,1906.0
95601,19,19,325,0.05846153846153846,2.095855412684003,294.0
95748,0,0,1,0.0,,
92832,1005,1019,17387,0.057801805946971874,2.895199839735321,27298.0
90741,0,0,1,0.0,,
96709,0,0,4,0.0,,
96932,0,0,6,0.0,,
97360,0,0,1,0.0,13.540859687935518,2040.0
92923,0,0,1,0.0,,
92794,0,0,1,0.0,,
94303,3731,3752,34487,0.10818569315974136,8.587623871624885,46879.0
99705,0,0,8,0.0,146.94942170232417,21769.0
93581,16,16,1090,0.014678899082568808,2.603199453771712,3188.0
94133,782,787,9245,0.08458626284478096,0.6575747316235494,23804.0
99354,1,1,17,0.058823529411764705,25.76310635230123,25559.0
90968,0,0,0,,,
93343,0,0,0,,,
91430,0,0,0,,,
95425,352,352,11852,0.029699628754640568,195.85654923297508,10978.0
93231,0,0,0,,,
95053,3,3,42,0.07142857142857142,0.14669646421295732,3049.0
97753,0,0,4,0.0,108.95297087938094,3067.0
93792,2,2,55,0.03636363636363636,,
94130,65,67,868,0.0748847926267281,1.8054917906264787,2429.0
91781,0,0,2,0.0,,
94533,2247,2254,57563,0.03903549154839046,22.66144027029094,78805.0
92567,161,161,8613,0.018692673865087658,33.33085979157812,10867.0
95044,7,7,167,0.041916167664670656,,
90407,0,0,2,0.0,,
95885,0,0,2,0.0,,
95386,129,129,7933,0.016261187444850625,98.35233116408165,10666.0
98465,0,0,10,0.0,2.2727347738982426,7178.0
92563,4128,4133,53375,0.07733957845433255,22.63870830776003,80379.0
93924,522,522,5931,0.08801213960546282,187.41976088812655,6316.0
98059,4,4,38,0.10526315789473684,16.224865772749542,42406.0
99707,0,0,1,0.0,241.8987417406715,0.0
92850,0,0,0,,,
95062,1607,1610,27134,0.05922458907643547,5.169794080181938,35607.0
91596,0,0,1,0.0,,
95032,3861,3887,22059,0.17503059975520197,18.802489958343315,27313.0
92120,1959,1964,24702,0.07930531940733544,7.681314667608433,31915.0
90264,21,21,212,0.09905660377358491,,
94296,5,5,93,0.053763440860215055,,
93440,68,68,1604,0.04239401496259352,44.12821338804442,1185.0
95720,2,2,91,0.02197802197802198,156.22789204750816,29.0
93230,950,951,49676,0.019123923021177228,258.1349398727349,69684.0
92624,461,465,6178,0.07461961799935254,2.40632356506364,7211.0
95541,0,0,2,0.0,,
90897,0,0,0,,,
98373,4,4,39,0.10256410256410256,9.404195876685558,28883.0
98532,1,1,15,0.06666666666666667,312.65477663454163,27135.0
90044,822,855,50341,0.016328638684173932,5.1021409922689935,94830.0
93846,0,0,1,0.0,,
94014,1889,1900,30617,0.06169774961622628,6.392245242273184,45315.0
94802,2,2,506,0.003952569169960474,,
95165,0,0,1,0.0,,
96818,4,4,78,0.05128205128205128,13.47248320849833,54822.0
95682,1062,1063,26393,0.040237941878528395,90.00337545178203,30065.0
90989,0,0,0,,,
94907,0,0,6,0.0,,
95017,27,27,617,0.04376012965964344,62.46256315078393,616.0
96112,1,1,175,0.005714285714285714,129.601249486406,193.0
98503,2,2,45,0.044444444444444446,12.03701674127486,41656.0
90668,0,0,0,,,
90894,0,0,0,,,
96837,0,0,4,0.0,,
92123,1963,1966,27206,0.0721532014996692,8.611315964088279,33041.0
92796,0,0,1,0.0,,
95684,62,62,2578,0.02404965089216447,159.8673563584883,2708.0
96537,0,0,1,0.0,,
95033,1127,1132,8069,0.13967034328913125,90.19943913085623,9600.0
94552,1728,1739,12452,0.13877288788949566,51.820842106901885,14506.0
95435,1,1,371,0.0026954177897574125,0.014292947747635551,0.0
92369,8,8,230,0.034782608695652174,0.3718932332935403,2575.0
95464,27,27,2110,0.012796208530805687,2.541421552388535,2484.0
91023,0,0,8,0.0,,
96027,8,8,2111,0.0037896731406916154,420.8027742872565,1908.0
93582,0,0,1,0.0,,
94906,1,1,2,0.5,,
92196,13,13,475,0.02736842105263158,,
93693,0,0,1,0.0,,
93518,10,10,813,0.012300123001230012,324.3931275040076,1205.0
99173,0,0,1,0.0,141.77086224089535,1623.0
91801,2503,2538,34938,0.07164119297040472,4.324015298885731,53381.0
92656,4496,4542,39054,0.11512265068878988,7.9983069531174324,52229.0
91806,0,0,1,0.0,,
97345,0,0,1,0.0,44.289302220017674,330.0
90623,1220,1227,12307,0.09913057609490533,1.8373254105731314,15545.0
94038,218,218,2510,0.08685258964143426,5.939959926667063,2683.0
93212,71,71,9733,0.007294770368848248,118.72568691728794,23142.0
92009,4573,4577,35372,0.1292830487391157,12.185006855714102,44739.0
98340,0,0,5,0.0,11.044291042293164,2721.0
92280,0,0,14,0.0,171.0086457040425,0.0
96119,1,1,74,0.013513513513513514,135.00405153933136,6.0
93167,0,0,1,0.0,,
93744,1,1,240,0.004166666666666667,,
93606,3,3,1024,0.0029296875,0.6920942598714069,988.0
97470,0,0,16,0.0,182.43536694969026,19711.0
92695,0,0,2,0.0,,
98260,0,0,7,0.0,32.77636775859438,5320.0
90986,0,0,0,,,
98388,0,0,11,0.0,21.67929139373033,7043.0
91960,0,0,1,0.0,,
92679,3954,3976,26467,0.14939358446367174,25.197959115708894,30818.0
94468,0,0,0,,,
92230,26,26,2505,0.010379241516966068,11.676513073361914,1887.0
98006,4,4,80,0.05,11.967643619365603,40009.0
92058,1000,1002,23489,0.04257311933245349,46.14157317416374,49834.0
93151,0,0,1,0.0,,
96138,0,0,1,0.0,,
95008,4115,4164,36885,0.11156296597532872,6.488659990591243,48333.0
99103,0,0,0,,234.7819831567262,556.0
91225,4,4,127,0.031496062992125984,,
91726,0,0,1,0.0,,
90294,15,15,162,0.09259259259259259,,
90273,1,1,2,0.5,,
91210,40,41,245,0.16326530612244897,0.09547237596278266,312.0
93565,0,0,1,0.0,,
94012,0,0,1,0.0,,
92088,10,10,1000,0.01,,
95978,1,1,195,0.005128205128205128,0.03716634788814578,142.0
98177,3,3,24,0.125,6.995776455975333,21090.0
92376,1099,1114,61431,0.01788999039572854,13.324194010522728,84394.0
96121,0,0,368,0.0,33.21475290605118,217.0
95502,31,31,1837,0.016875340228633642,,
95424,3,3,322,0.009316770186335404,,
91352,1553,1569,36244,0.04284847147114005,11.785309986444421,46899.0
93043,2,2,85,0.023529411764705882,0.49534064586216797,468.0
97040,0,0,1,0.0,54.44806792381581,1842.0
90881,0,0,0,,,
95742,1813,1820,17737,0.10221570727857023,50.55101596680873,17768.0
93702,229,230,27193,0.00842128488949362,5.1703737152629845,43875.0
90734,9,9,136,0.0661764705882353,,
94209,0,0,3,0.0,,
92586,483,486,18015,0.026810990840965863,6.449399361991453,20767.0
91325,2067,2086,24074,0.08586026418542826,4.820191630203142,35062.0
90651,6,6,361,0.01662049861495845,,
93908,714,714,11726,0.06089032918301211,243.94379921630158,12450.0
92639,0,0,2,0.0,,
96218,0,0,3,0.0,,
91741,1641,1654,21016,0.07808336505519604,20.507929894582187,26071.0
96726,0,0,2,0.0,20.49230590035521,107.0
93766,0,0,2,0.0,,
91205,1732,1772,21906,0.07906509632064275,1.8955625460843937,34254.0
91833,0,0,1,0.0,,
95021,13,13,1418,0.009167842031029619,,
92402,2,2,455,0.004395604395604396,,
96745,1,1,16,0.0625,,
93352,0,0,3,0.0,,
93932,8,8,520,0.015384615384615385,75.92106955037019,482.0
96006,2,2,583,0.003430531732418525,202.31415173696615,512.0
90708,0,0,3,0.0,,
91740,1015,1032,19738,0.05142364981254433,5.025740558408646,26168.0
95304,699,701,12613,0.05541901213034171,156.27843952873187,15841.0
92085,7,7,1042,0.0067178502879078695,,
91753,0,0,0,,,
92263,46,46,1293,0.03557617942768755,,
97023,0,0,9,0.0,197.41035238319537,12111.0
93583,0,0,1,0.0,,
98349,1,1,7,0.14285714285714285,40.26153673064165,4931.0
95945,478,479,20878,0.02289491330587221,62.0261703126204,27470.0
90091,1,1,111,0.009009009009009009,,
98063,0,0,2,0.0,,
95899,15,16,179,0.08379888268156424,,
90211,1091,1102,7076,0.1541831543244771,0.7001560344866612,9120.0
93094,2,3,319,0.006269592476489028,,
97220,0,0,44,0.0,7.563634634988942,27202.0
91376,21,21,319,0.06583072100313479,,
98274,1,1,10,0.1,145.71379816668875,18860.0
94989,0,0,1,0.0,,
97501,2,2,90,0.022222222222222223,45.38606664618218,44670.0
90494,0,0,0,,,
95073,626,627,9792,0.0639297385620915,22.8997408229987,11639.0
93545,34,34,1880,0.018085106382978722,392.52012846401,1470.0
92542,0,0,1,0.0,,
98626,0,0,3,0.0,135.38533674651148,26892.0
92716,0,0,3,0.0,,
95215,261,262,18505,0.01410429613617941,93.02796854068285,24847.0
92775,0,0,0,,,
91686,0,0,1,0.0,,
91522,0,0,12,0.0,,
96090,3,3,363,0.008264462809917356,3.215482473270114,366.0
93549,2,2,332,0.006024096385542169,502.9391710888877,203.0
95240,765,767,33626,0.02275025278058645,68.61688968598543,50517.0
97456,0,0,2,0.0,92.56338843543234,3422.0
92964,0,0,1,0.0,,
95023,2040,2044,49944,0.04084574723690534,395.54108811971906,59889.0
91385,7,7,100,0.07,,
92047,0,0,1,0.0,,
93036,1355,1361,35400,0.03827683615819209,18.78953413424153,49394.0
95736,21,22,989,0.021233569261880688,0.23122170811046464,331.0
92896,0,0,1,0.0,,
97103,1,1,15,0.06666666666666667,175.09692343076443,17993.0
94942,21,23,551,0.038112522686025406,,
94037,288,288,2371,0.12146773513285533,5.502131881277347,2917.0
93426,29,29,1068,0.027153558052434457,232.3686626985678,1564.0
95433,9,9,511,0.01761252446183953,,
93559,0,0,1,0.0,,
95381,19,19,1637,0.011606597434331093,,
94246,0,0,0,,,
91842,0,0,1,0.0,,
92219,0,0,1,0.0,,
94955,6,6,422,0.014218009478672985,,
93543,149,151,11074,0.013454939497923063,67.95945806576623,12275.0
91008,145,145,999,0.14514514514514515,1.9266984974516783,743.0
90826,0,0,0,,,
92096,0,0,22,0.0,0.3265460064375993,0.0
92164,0,0,2,0.0,,
92611,0,0,1,0.0,,
93657,488,490,27794,0.017557746276174714,233.1547922438028,36205.0
93812,0,0,1,0.0,,
91064,0,0,0,,,
93019,0,0,1,0.0,,
94594,0,0,3,0.0,,
90693,0,0,0,,,
95712,8,8,448,0.017857142857142856,,
90040,300,301,10106,0.02968533544429052,5.569460610934466,11430.0
95919,7,7,978,0.007157464212678937,26.787515507723047,1172.0
92031,0,0,1,0.0,,
95446,215,216,4874,0.04411161263848995,31.2156119156533,4607.0
92751,0,0,2,0.0,,
92155,6,6,95,0.06315789473684211,0.9240286683027716,101.0
99703,0,0,6,0.0,10.032454084547503,8304.0
90041,1571,1587,17583,0.089347665358585,3.6057045980302314,27920.0
95776,1069,1076,23202,0.04607361434359107,89.37662940874607,28718.0
98188,2,2,18,0.1111111111111111,8.377783064143728,27311.0
95901,392,393,24437,0.016041248925809225,201.81327723383407,37732.0
92864,0,0,6,0.0,,
94384,0,0,0,,,
92084,1619,1629,38765,0.041764478266477494,28.360690009685342,49727.0
93620,81,81,7764,0.010432766615146832,161.56818344551925,9927.0
90401,1493,1506,5877,0.25404117747149907,0.7545178487837146,8101.0
93910,0,0,1,0.0,,
93000,0,0,6,0.0,,
92640,0,0,48,0.0,,
92852,0,0,1,0.0,,
91501,1539,1559,14383,0.10700132100396301,2.735287384179862,19016.0
94262,0,0,1,0.0,,
99515,1,1,14,0.07142857142857142,10.6593198477249,21870.0
95728,28,28,449,0.062360801781737196,28.60183730666761,516.0
92319,0,0,2,0.0,,
90904,0,0,1,0.0,,
96601,0,0,0,,,
91737,1615,1618,19432,0.08311033347056401,10.090060892022569,22958.0
91214,2740,2771,24200,0.11322314049586776,7.300609102406191,30817.0
95765,2774,2789,33024,0.08399951550387597,12.533419571421778,43871.0
93827,0,0,0,,,
95674,10,10,738,0.013550135501355014,31.862047508087635,998.0
94101,0,0,2,0.0,,
92054,1316,1319,27798,0.04734153536225628,8.369918671784115,38417.0
95070,5832,5874,27265,0.21390060517146525,28.34857160548791,31417.0
94302,18,18,266,0.06766917293233082,,
92172,20,20,336,0.05952380952380952,,
98858,0,0,1,0.0,368.698191733094,1783.0
98198,2,2,42,0.047619047619047616,8.651687132418095,40463.0
95109,8,8,250,0.032,,
92698,0,0,1,0.0,,
98267,0,0,1,0.0,336.2602415043042,314.0
94683,0,0,1,0.0,,
96812,0,0,2,0.0,,
91419,0,0,1,0.0,,
91938,0,0,1,0.0,,
90704,37,37,1793,0.02063580591187953,295.3906278423466,3421.0
98556,0,0,1,0.0,0.11939372551743059,350.0
94666,0,0,3,0.0,,
95961,717,719,23552,0.03044327445652174,46.540068651970714,33999.0
90048,2037,2052,13855,0.1470227354745579,1.8934330951974547,21476.0
90769,0,0,0,,,
95407,930,931,33958,0.027386771894693445,21.610922473753416,42036.0
95383,79,80,4806,0.01643778610070745,66.46339282467251,3782.0
93653,19,19,871,0.021814006888633754,217.56756135188888,1260.0
98424,0,0,10,0.0,6.426749524087841,11816.0
92722,0,0,1,0.0,,
98951,0,0,1,0.0,149.23136919215995,12581.0
91696,0,0,1,0.0,,
93542,0,0,14,0.0,,
90310,1,1,15,0.06666666666666667,,
95067,12,12,485,0.024742268041237112,,
91660,0,0,1,0.0,,
95831,1840,1845,30136,0.06105654366870188,7.529861917658228,43545.0
95648,2824,2830,47717,0.059182262086887275,145.2524974334765,57459.0
97479,0,0,4,0.0,68.04011701480825,10447.0
92700,0,0,51,0.0,,
91002,0,0,1,0.0,,
95421,59,59,1570,0.0375796178343949,143.459411248542,1570.0
99587,0,0,3,0.0,359.504413785726,1949.0
90307,0,0,31,0.0,,
92373,1784,1786,25716,0.06937315290091772,40.07369578992137,35257.0
93613,18,18,1331,0.013523666416228399,,
95042,3,3,38,0.07894736842105263,,
92454,0,0,1,0.0,,
94103,1445,1448,11896,0.1214694014794889,1.3738706583706726,34964.0
90210,3332,3349,16255,0.20498308212857583,10.802152186504665,19004.0
93287,3,3,146,0.02054794520547945,71.80763811322703,98.0
97525,0,0,10,0.0,108.82569165524781,5129.0
94382,0,0,1,0.0,,
95376,1545,1548,40317,0.03832130366842771,7.616576629795702,54488.0
99324,0,0,16,0.0,2.7709762292682174,10137.0
94020,105,105,1342,0.07824143070044709,41.99232222897635,1694.0
97355,0,0,18,0.0,215.8497078773879,34292.0
90015,1273,1278,12806,0.09940652818991098,1.6932582779556038,24704.0
96070,0,0,0,,,
90962,0,0,0,,,
97828,0,0,1,0.0,691.3138120844526,3522.0
94376,0,0,1,0.0,,
96142,17,17,829,0.020506634499396863,41.48496159167779,725.0
91508,0,0,27,0.0,,
92025,1661,1669,39356,0.04220449232645594,22.756098358353288,49989.0
92511,0,0,1,0.0,,
94116,2773,2785,25749,0.1076935026602975,2.5636052358391286,43791.0
98370,2,2,44,0.045454545454545456,65.986984687673,33655.0
93023,1151,1151,16756,0.06869181188827883,267.1231711011012,21036.0
95948,83,83,9149,0.00907202973002514,75.82384857813798,11200.0
97733,0,0,0,,392.19746003386643,639.0
90884,0,0,0,,,
91161,0,0,1,0.0,,
90080,1,1,2,0.5,,
95495,0,0,1,0.0,,
90046,4086,4122,30310,0.13480699439129,5.6668298848123975,48296.0
91963,14,14,2393,0.0058503969912244045,41.246811645620575,689.0
97708,0,0,23,0.0,,
95669,62,62,3271,0.018954448180984407,75.78434720773609,2118.0
92228,0,0,1,0.0,,
98037,1,1,17,0.058823529411764705,5.781840414946483,29723.0
93351,1,1,4,0.25,,
92093,68,68,656,0.10365853658536585,0.8889982007894507,7167.0
90788,0,0,0,,,
95935,7,7,645,0.010852713178294573,25.904127594537655,934.0
95984,0,0,92,0.0,75.74421729678217,51.0
94701,3,3,102,0.029411764705882353,,
90864,0,0,0,,,
96047,11,11,668,0.016467065868263474,248.63829212770563,841.0
90750,0,0,3,0.0,,
95943,5,5,866,0.005773672055427252,65.71145288427188,621.0
98296,1,1,18,0.05555555555555555,35.414940017860864,27896.0
91731,849,865,19998,0.04245424542454245,3.859305503050999,27620.0
95803,0,0,1,0.0,,
95360,200,200,10436,0.019164430816404752,63.3954700962278,13779.0
95124,4950,4995,37351,0.13252657224706166,6.588424934175276,52096.0
97497,0,0,1,0.0,166.03974521576538,1174.0
96762,0,0,1,0.0,13.519181590126612,5710.0
90604,1099,1111,28443,0.038638680870512955,4.212596154032185,39276.0
96060,0,0,1,0.0,,
95291,0,0,1,0.0,,
96375,1,1,6,0.16666666666666666,,
95804,0,0,0,,,
95536,44,44,2643,0.01664774877033674,164.01233821049226,3050.0
91188,0,0,1,0.0,,
92281,5,5,1856,0.0026939655172413795,13.19532737611934,2082.0
95569,2,2,190,0.010526315789473684,55.285308975975035,99.0
93674,0,0,1,0.0,,
94559,1260,1262,22014,0.05723630417007359,42.275487840374964,27714.0
94914,6,6,140,0.04285714285714286,,
92035,0,0,5,0.0,,
98687,0,0,5,0.0,,
95458,28,28,2525,0.011089108910891089,49.075334331178446,3638.0
95491,0,0,1,0.0,,
92010,1539,1545,14985,0.10270270270270271,8.29853216626497,18489.0
95046,335,336,6454,0.05190579485590332,18.851170308965873,6324.0
95731,0,0,1,0.0,,
92118,1132,1135,12037,0.09404336628728088,13.142660693250267,18929.0
92127,6561,6581,36611,0.17920843462347383,23.19250507359743,50555.0
97827,0,0,1,0.0,207.1011522130482,2384.0
93239,6,6,898,0.0066815144766146995,58.177931871569236,1461.0
95755,1,1,1,1.0,,
97381,0,0,6,0.0,110.1606482717301,15405.0
98068,0,0,2,0.0,251.1755174047877,482.0
92995,1,1,1,1.0,,
94011,13,13,410,0.03170731707317073,,
92090,0,0,1,0.0,,
92342,163,163,4951,0.03292264189052717,98.96831526106718,7606.0
93245,406,409,23271,0.0174466073653904,118.89176358479406,37971.0
91030,2247,2269,17718,0.12682018286488317,3.4450390107131095,26068.0
98029,4,4,35,0.11428571428571428,10.501792408435312,30586.0
95280,0,0,1,0.0,,
94575,2,2,58,0.034482758620689655,0.16980771159146213,975.0
94558,2995,2998,54479,0.05497531158795132,432.4652765987633,63657.0
90630,3438,3492,38898,0.08838500694123091,6.171317273759896,49318.0
94280,0,0,1,0.0,,
93264,0,0,0,,,
95623,97,97,4199,0.02310073827101691,44.67784647932087,4844.0
90727,1,1,1,1.0,,
97885,0,0,1,0.0,316.47249760761764,1365.0
91207,932,940,7826,0.11909021211346793,1.6081894465018425,10438.0
95882,0,0,2,0.0,,
98563,0,0,5,0.0,420.5402747541751,7604.0
95960,18,18,1184,0.015202702702702704,41.73726386250584,540.0
97834,0,0,1,0.0,285.3557459869482,1395.0
90282,0,0,1,0.0,,
98903,0,0,7,0.0,192.48200954418076,19445.0
92291,0,0,5,0.0,,
97135,0,0,1,0.0,8.172158049244992,1190.0
92147,0,0,23,0.0,0.08703938659649678,148.0
96839,0,0,1,0.0,,
97232,1,1,49,0.02040816326530612,1.8981335623548643,15615.0
90523,0,0,1,0.0,,
92711,13,13,501,0.02594810379241517,,
95813,2,2,127,0.015748031496062992,,
96753,4,4,108,0.037037037037037035,44.141586565345385,28003.0
96034,3,3,298,0.010067114093959731,112.47616236174407,332.0
98851,0,0,2,0.0,150.45891785465648,4437.0
90253,0,0,1,0.0,,
95687,1941,1945,48831,0.03974933955888677,44.82838800390967,69390.0
90642,0,0,0,,,
94111,267,268,2283,0.11695137976346912,0.3311386146757522,4579.0
95656,11,11,490,0.022448979591836733,,
94506,3689,3707,20776,0.17756064690026954,18.667859487862206,27055.0
95119,1061,1066,8839,0.12003620319040616,4.255029570497312,10841.0
97520,2,2,112,0.017857142857142856,333.5209169432482,26512.0
95482,626,626,26925,0.023249767873723307,297.4105046588376,33164.0
94627,0,0,0,,,
98498,1,1,34,0.029411764705882353,11.27660911747414,29209.0
94602,2030,2039,18711,0.10849233071455294,3.637490393047543,31759.0
92560,0,0,1,0.0,,
98243,0,0,2,0.0,11.831665398970605,327.0
93927,137,137,14466,0.00947048251071478,211.46780486022192,21574.0
92548,154,154,6251,0.02463605823068309,13.069181471062585,8312.0
97058,0,0,7,0.0,333.192825943215,20360.0
90304,386,393,17077,0.02260350178602799,1.6395655115712735,25430.0
95236,81,81,4666,0.017359622803257608,128.31607247018957,4490.0
94858,0,0,0,,,
95075,20,20,590,0.03389830508474576,92.01649542911454,693.0
99503,0,0,62,0.0,20.684405977527597,12964.0
93268,80,82,10583,0.007559293206085231,68.26783409918099,16963.0
92347,4,4,484,0.008264462809917356,171.64178101266026,766.0
95392,0,0,1,0.0,,
93454,473,474,31194,0.01516317240494967,422.03992419266797,41896.0
92270,1825,1830,16349,0.11162762248455563,25.99101158448879,17563.0
96367,0,0,16,0.0,,
96819,5,5,42,0.11904761904761904,25.62536891361787,50345.0
93451,83,83,4166,0.019923187710033607,447.3972016798122,5207.0
90692,0,0,0,,,
92337,877,880,28204,0.03109488015884272,13.700170885355321,36026.0
96012,1,1,2,0.5,,
91951,3,3,768,0.00390625,,
95866,6,6,269,0.022304832713754646,,
98674,2,2,8,0.25,93.57028502704644,17525.0
92825,0,0,8,0.0,,
97493,1,1,3,0.3333333333333333,55.50606581067433,491.0
90076,0,0,38,0.0,,
91326,5289,5317,31112,0.16999871432244792,8.107978099725264,38428.0
98815,0,0,1,0.0,97.3491964552997,7830.0
95328,70,70,3308,0.021160822249093107,0.9038560018694449,4133.0
96046,3,3,220,0.013636363636363636,141.18347993529306,489.0
97465,0,0,3,0.0,114.75451861718484,1811.0
91971,0,0,3,0.0,,
95101,0,0,9,0.0,,
95983,7,7,512,0.013671875,85.3288962975593,302.0
96141,16,16,764,0.020942408376963352,29.17406460247459,609.0
95220,159,159,6213,0.02559150169000483,58.732784301744154,7931.0
92322,10,10,476,0.02100840336134454,3.288669896301297,770.0
90661,0,0,52,0.0,,
94342,0,0,0,,,
96640,0,0,1,0.0,,
90265,1928,1937,11808,0.1632791327913279,118.30654237427484,15918.0
95028,0,0,2,0.0,,
94070,4047,4055,25946,0.1559778000462499,6.121982935028126,30447.0
90849,0,0,0,,,
93039,0,0,0,,,
95835,2625,2639,29891,0.0878190759760463,8.959538236556336,42004.0
92327,1,1,266,0.0037593984962406013,24.75038757865191,576.0
95266,0,0,1,0.0,,
91767,1159,1181,34411,0.033681090349016306,5.6894849709532,49152.0
91102,7,7,178,0.03932584269662921,,
92623,39,39,556,0.07014388489208633,,
92135,1,1,132,0.007575757575757576,0.4206633063226662,849.0
91721,0,0,1,0.0,,
91602,1614,1626,13525,0.11933456561922366,2.0635160006847446,20957.0
95808,0,0,2,0.0,,
98438,0,0,6,0.0,0.9618984653582726,613.0
97070,3,3,37,0.08108108108108109,18.3744070732319,26902.0
91323,0,0,4,0.0,,
98258,4,4,51,0.0784313725490196,38.90581582435465,52752.0
91276,0,0,1,0.0,,
97054,1,1,2,0.5,41.99036100943395,1494.0
90648,0,0,2,0.0,,
99141,0,0,1,0.0,655.3364532541395,5626.0
96011,1,1,90,0.011111111111111112,116.44310263423975,75.0
95440,0,0,5,0.0,,
95478,0,0,2,0.0,,
92069,2230,2233,38228,0.0583342052945485,18.471508856284473,47335.0
93779,0,0,56,0.0,,
96719,0,0,5,0.0,5.839086125422661,1974.0
93250,89,89,9922,0.008969965732715178,89.59000796499603,15599.0
91319,7,7,230,0.030434782608695653,,
91539,0,0,1,0.0,,
93664,11,11,550,0.02,191.5495950819357,345.0
90745,1659,1688,42424,0.03910522345841976,8.319237238621428,57397.0
97531,0,0,1,0.0,3.736662458100649,187.0
92846,2,2,127,0.015748031496062992,,
93922,43,43,1050,0.040952380952380955,,
96248,0,0,1,0.0,,
92605,3,4,209,0.014354066985645933,,
94015,2910,2931,41771,0.06966555744415982,5.65611022038247,64091.0
92517,13,13,902,0.014412416851441241,,
95754,0,0,1,0.0,,
90617,0,0,1,0.0,,
95881,0,0,1,0.0,,
91792,1250,1264,20449,0.06112768350530588,3.8421322235454425,30629.0
99033,1,1,1,1.0,39.56802381135908,832.0
91009,5,5,205,0.024390243902439025,,
91506,1218,1229,14507,0.08395946784311022,2.423328912027689,18612.0
92378,11,11,499,0.022044088176352707,0.8019959814503486,315.0
94709,425,428,4702,0.09038706933219906,0.6755962839538963,12146.0
93252,4,4,899,0.004449388209121246,452.6281287304064,1295.0
94244,16,16,583,0.0274442538593482,,
90067,821,823,3771,0.2177141341819146,0.4301575989481592,3875.0
94236,0,0,113,0.0,,
95341,271,272,22505,0.012041768495889803,148.2390153127668,36385.0
92857,0,0,57,0.0,,
90653,0,0,0,,,
92601,0,0,1,0.0,,
91775,1797,1829,17082,0.10519845451352301,3.1136493202790656,23672.0
94207,0,0,1,0.0,,
96863,0,0,2,0.0,1.016191141462636,2302.0
93635,829,830,38262,0.02166640531075218,397.28842165988004,50149.0
92530,1551,1556,44029,0.03522678234799791,82.61727505278711,61768.0
91948,2,2,178,0.011235955056179775,34.94036046009448,93.0
94708,1587,1591,8090,0.196168108776267,3.3421873366941663,11947.0
95244,0,0,1,0.0,,
92688,3234,3253,34817,0.09288565930436281,13.23919815779322,43320.0
94924,81,81,1069,0.07577174929840973,27.529889675366995,1372.0
98342,0,0,2,0.0,3.5338353151240596,1338.0
91720,2,2,32,0.0625,,
90838,0,0,0,,,
92331,13,13,616,0.021103896103896104,,
95416,10,10,1023,0.009775171065493646,,
93318,0,0,1,0.0,,
95418,3,3,488,0.006147540983606557,,
96059,4,4,457,0.0087527352297593,63.60989659059049,826.0
91936,0,0,0,,,
96661,0,0,3,0.0,,
92969,0,0,1,0.0,,
96128,2,2,581,0.0034423407917383822,22.648496352717252,656.0
92249,78,78,6944,0.011232718894009217,19.86177201377063,7312.0
98052,15,15,109,0.13761467889908258,21.088245182602,80717.0
95952,0,0,4,0.0,,
94387,0,0,1,0.0,,
92684,12,13,274,0.043795620437956206,,
95388,109,109,10071,0.010823155595273557,37.859142890786174,13319.0
94505,870,874,12645,0.06880189798339265,22.465581410005157,14970.0
95227,17,17,782,0.021739130434782608,41.04054636072268,910.0
98671,3,3,35,0.08571428571428572,87.43389094054638,24871.0
91603,5,5,160,0.03125,,
98661,23,23,99,0.23232323232323232,11.611135009221165,50743.0
93341,0,0,1,0.0,,
95449,36,36,1559,0.023091725465041693,138.87211613309205,1763.0
96056,8,8,1553,0.0051513200257566,219.42107980086624,1584.0
90255,668,684,41397,0.016136435007367684,3.729231763413595,69349.0
95221,4,4,1137,0.003518029903254178,0.23155881857628252,259.0
94646,0,0,2,0.0,,
91310,2,2,117,0.017094017094017096,,
97239,4,4,43,0.09302325581395349,3.7549901495227074,17804.0
99762,0,0,5,0.0,1716.1873368205045,4156.0
95837,24,24,451,0.05321507760532151,14.77592236667912,317.0
92556,2,2,356,0.0056179775280898875,,
94561,1842,1851,35912,0.0512920472265538,17.780310879864295,46368.0
90600,0,0,0,,,
93134,0,0,1,0.0,,
95668,17,17,953,0.017838405036726127,65.13427751981959,515.0
96066,0,0,1,0.0,,
97707,2,2,18,0.1111111111111111,63.053113820259426,6661.0
92606,2471,2515,17219,0.14350426854056567,3.4660462667147733,23990.0
98384,0,0,2,0.0,,
92132,0,0,10,0.0,0.0323065344793601,0.0
92285,37,37,1509,0.024519549370444003,272.1671357437861,2764.0
93448,18,18,781,0.023047375160051217,,
96732,1,1,17,0.058823529411764705,13.474423881601794,27444.0
92237,0,0,2,0.0,,
99725,0,0,1,0.0,4.840664514871157,448.0
96555,0,0,1,0.0,,
99755,0,0,1,0.0,184.13095885540852,987.0
90959,0,0,0,,,
93121,4,5,221,0.01809954751131222,,
94757,0,0,1,0.0,,
90716,188,196,8991,0.020909798687576465,0.9212619215913528,13599.0
92201,937,937,43112,0.021734087956949342,16.221005156631904,65825.0
90797,0,0,0,,,
92570,948,956,45520,0.020826010544815466,106.3817219609225,58082.0
92140,1,1,87,0.011494252873563218,0.5475596179467197,2038.0
98802,0,0,15,0.0,183.1930315324995,33539.0
93611,1345,1345,36033,0.037326894790886134,10.343714968363324,46624.0
90662,1,1,88,0.011363636363636364,,
96634,0,0,2,0.0,,
96024,15,15,927,0.016181229773462782,104.6480182020405,1082.0
96201,0,0,1,0.0,,
97086,2,2,37,0.05405405405405406,10.476025219949484,34567.0
90967,0,0,0,,,
96910,0,0,3,0.0,16.025840802920143,
93644,117,117,6969,0.016788635385277657,117.19154609146233,7614.0
93150,32,32,417,0.07673860911270983,,
97886,0,0,1,0.0,145.38488301737712,1221.0
90733,9,9,327,0.027522935779816515,,
98202,0,0,1,0.0,,
96164,0,0,1,0.0,,
95314,0,0,2,0.0,,
94775,0,0,0,,,
93708,0,0,31,0.0,,
96101,14,14,4820,0.002904564315352697,607.5889160211651,5142.0
95200,0,0,4,0.0,,
94597,1572,1578,16924,0.09288584259040417,4.052792307527861,23129.0
90678,0,0,0,,,
91925,0,0,1,0.0,,
90903,1,1,2,0.5,,
95820,626,629,23059,0.027147751420269744,5.267308157577757,35410.0
90361,0,0,1,0.0,,
90220,629,645,32773,0.01919262807799103,6.978526240765914,48354.0
90858,0,0,0,,,
94571,409,409,9399,0.04351526758165762,122.49519909381154,10974.0
95037,4755,4765,44336,0.10724918801876579,121.95031541351698,51943.0
91050,0,0,0,,,
91531,0,0,1,0.0,,
95549,42,42,772,0.054404145077720206,138.85696535433348,1024.0
98572,0,0,1,0.0,34.99355278898777,834.0
90094,1350,1353,6041,0.2234729349445456,0.7173254424174349,11764.0
98040,9,9,66,0.13636363636363635,12.90061169704228,25307.0
91109,30,30,864,0.034722222222222224,,
90262,632,645,41973,0.015057298739665976,4.772140114072732,64235.0
95092,0,0,2,0.0,,
91788,27,27,416,0.06490384615384616,,
97116,0,0,15,0.0,82.25505602549327,29800.0
95970,3,3,531,0.005649717514124294,32.70136979163021,453.0
91200,0,0,1,0.0,,
92351,0,0,2,0.0,,
98115,7,7,74,0.0945945945945946,8.554137289774777,54349.0
93408,10,10,141,0.07092198581560284,0.021533906346922652,6.0
95904,0,0,1,0.0,,
96135,0,0,100,0.0,34.825792594133844,0.0
92292,0,0,1,0.0,,
90766,0,0,1,0.0,,
94948,13,13,743,0.017496635262449527,,
94131,2509,2525,16120,0.15564516129032258,2.0415538107517106,28504.0
92399,1394,1397,43048,0.03238245679241777,53.65140492057196,55366.0
94940,20,20,159,0.12578616352201258,30.904512990770755,148.0
99517,0,0,12,0.0,3.363220017811761,16486.0
98039,2,2,13,0.15384615384615385,5.853163981804404,2928.0
92070,18,18,1705,0.010557184750733138,134.3029921084114,607.0
99521,1,1,1,1.0,,
92523,0,0,1,0.0,,
96110,0,0,102,0.0,118.12486585610179,65.0
93301,225,225,11251,0.01999822238023287,4.4185402529795486,13620.0
98664,0,0,17,0.0,5.478612503261776,23845.0
94159,3,3,129,0.023255813953488372,,
92048,0,0,4,0.0,,
93625,190,190,7012,0.027096406160867084,23.97475679881058,8778.0
95133,2050,2065,22573,0.09081646214504054,3.2613538649310962,29710.0
96326,0,0,3,0.0,,
92659,21,24,569,0.03690685413005272,,
94941,3912,3928,23520,0.1663265306122449,39.06287795598456,32706.0
95932,47,47,6840,0.006871345029239766,144.53460160140352,7701.0
91914,1425,1426,14423,0.09880052693614366,6.6440820940420595,16877.0
92361,0,0,0,,,
91734,5,6,830,0.006024096385542169,,
90052,0,0,5,0.0,0.13964497932809739,0.0
94662,14,14,295,0.04745762711864407,,
98686,0,0,20,0.0,11.657565009659812,21243.0
92268,18,18,491,0.03665987780040733,69.68281811806666,434.0
93258,10,10,2429,0.004116920543433511,0.9752975485559005,1398.0
99228,0,0,2,0.0,,
94128,10,10,506,0.019762845849802372,3.3542423044636376,0.0
92097,0,0,1,0.0,,
90676,0,0,0,,,
90309,2,2,82,0.024390243902439025,,
99326,0,0,2,0.0,244.03096043836825,6336.0
93055,0,0,1,0.0,,
96020,11,11,2716,0.004050073637702504,56.796237979334315,2222.0
95936,4,4,554,0.007220216606498195,43.9721047517764,144.0
98070,3,3,19,0.15789473684210525,49.75086432802555,9934.0
90825,0,0,1,0.0,,
93090,0,0,1,0.0,,
97487,0,0,4,0.0,78.12645614174264,8498.0
96303,0,0,1,0.0,,
93035,1120,1121,22288,0.05025125628140704,6.328796894061039,26853.0
92602,4945,4985,23306,0.21217712177121772,15.199168845997063,28261.0
90038,1077,1088,14942,0.07207870432338374,1.549171252282783,27127.0
90869,0,0,1,0.0,,
95973,766,766,29375,0.026076595744680853,302.11537611050585,39031.0
92783,0,0,1,0.0,,
96472,0,0,1,0.0,,
95661,1596,1603,25984,0.061422413793103446,8.954169792229758,32589.0
90645,0,0,1,0.0,,
90223,3,3,119,0.025210084033613446,,
93064,1,1,35,0.02857142857142857,6.614465569643622,0.0
92657,2164,2168,9390,0.23045793397231096,8.897582756831435,9920.0
95575,0,0,1,0.0,,
95518,24,24,932,0.02575107296137339,,
92603,3160,3183,15363,0.20568899303521448,9.986718708798758,18387.0
97527,3,3,65,0.046153846153846156,220.69759126250378,37330.0
94957,391,391,1906,0.20514165792235048,1.4203940759659606,2321.0
95370,406,406,26584,0.015272344267228408,105.27954530783042,28355.0
94507,2026,2030,13934,0.14539974163915603,11.19813625189235,14586.0
95920,4,4,204,0.0196078431372549,69.31650427691662,278.0
94984,0,0,0,,,
93358,0,0,1,0.0,,
96430,0,0,1,0.0,,
94910,0,0,1,0.0,,
96421,0,0,1,0.0,,
98203,2,2,33,0.06060606060606061,12.716169793739498,35517.0
93697,0,0,1,0.0,,
91909,4,4,405,0.009876543209876543,,
93461,16,16,1255,0.012749003984063745,295.133984314505,1548.0
92103,2375,2384,24285,0.09779699402923615,3.684773444648196,34836.0
92239,3,3,182,0.016483516483516484,517.0302185538264,144.0
92082,1056,1057,20696,0.05102435253189022,125.72769632304943,21727.0
91334,1,1,76,0.013157894736842105,,
95705,0,0,4,0.0,,
93745,3,3,350,0.008571428571428572,,
96180,0,0,1,0.0,,
93279,11,11,756,0.01455026455026455,,
95713,196,197,7118,0.02753582466985108,61.155731754084506,9448.0
95979,3,3,417,0.007194244604316547,236.92665316941014,558.0
91634,0,0,1,0.0,,
95120,5646,5688,31152,0.18124036979969183,39.646934930400796,36967.0
96928,0,0,1,0.0,4.105644061723956,
98026,1,1,30,0.03333333333333333,10.443360295692218,38976.0
94596,1838,1848,17303,0.10622435415823846,6.06241419864213,23417.0
91407,0,0,20,0.0,,
90466,0,0,1,0.0,,
93532,87,87,2021,0.043047996041563584,122.45247454863345,2930.0
95206,1021,1026,48436,0.02107936245767611,136.01875084685074,68558.0
93062,8,8,448,0.017857142857142856,,
93456,20,20,2814,0.007107320540156361,,
97424,0,0,13,0.0,250.0267818425743,18357.0
95249,43,43,4060,0.010591133004926109,81.2784137613056,4295.0
94514,19,19,1237,0.015359741309620048,30.20613992594242,1953.0
96078,1,1,224,0.004464285714285714,0.12086871484380654,454.0
92630,5681,5746,55399,0.10254697738226322,10.615943777203027,67152.0
92366,0,0,53,0.0,,
97632,0,0,14,0.0,63.80390384757692,1600.0
98273,0,0,11,0.0,87.59839731440182,30001.0
98550,0,0,2,0.0,313.1442680070134,12316.0
93463,403,403,6795,0.05930831493745401,34.06491763537975,8130.0
98158,0,0,1,0.0,2.22614503662195,0.0
98941,0,0,2,0.0,1.584938510179062,1076.0
97219,3,3,55,0.05454545454545454,12.014081344969886,42430.0
96077,0,0,0,,,
95667,831,833,32690,0.025420617925971244,169.34881200972814,36830.0
95143,0,0,1,0.0,,
91342,3065,3107,71567,0.04282700127153576,45.47558643788078,93301.0
90256,1,1,1,1.0,,
92385,16,16,412,0.038834951456310676,9.208173343064463,198.0
90237,1,1,1,1.0,,
91905,26,26,2327,0.0111731843575419,83.60616306153351,1683.0
94950,10,10,85,0.11764705882352941,4.845283665908896,22.0
90688,0,0,0,,,
96055,29,29,3234,0.008967223252937539,96.57678735850135,3473.0
92089,0,0,1,0.0,,
97123,0,0,39,0.0,55.70821762936104,48410.0
96620,0,0,2,0.0,,
92223,2589,2595,48985,0.05285291415739512,44.99711660213294,63833.0
91902,972,976,16080,0.06044776119402985,12.386862939465415,17698.0
94563,3130,3131,16523,0.18943291169884405,20.55232442160785,19378.0
93636,811,811,16400,0.049451219512195124,198.80017856150835,15294.0
90876,0,0,0,,,
90318,0,0,1,0.0,,
92807,3285,3329,32081,0.10239705744833391,11.220158368170903,37296.0
94084,0,0,1,0.0,,
90679,0,0,1,0.0,,
93266,8,8,1179,0.006785411365564037,59.31175139422342,1612.0
93312,1351,1352,41196,0.03279444606272454,14.171586251430448,58384.0
98109,20,20,132,0.15151515151515152,2.2377361012122425,34328.0
90607,8,8,241,0.03319502074688797,,
93610,235,235,12910,0.01820294345468629,264.1352178480639,23520.0
95610,1034,1049,32322,0.031990594641420705,7.928221615022632,46928.0
98023,1,1,36,0.027777777777777776,11.433866631573073,50448.0
97368,0,0,1,0.0,61.930857183582766,2803.0
93065,4408,4426,62430,0.07060707992952106,30.39183337310176,73534.0
97080,3,3,24,0.125,21.699280067447926,48411.0
94403,3528,3534,32755,0.10770874675622043,5.788711747133523,43276.0
92677,6324,6363,52742,0.11990444048386485,16.497828022196046,64139.0
96387,0,0,1,0.0,,
90042,2343,2367,35615,0.06578688754738173,4.551796409214507,56835.0
90079,2,2,10,0.2,0.009878409282231744,0.0
92424,0,0,1,0.0,,
99633,0,0,1,0.0,85.14969396024327,522.0
95639,11,11,221,0.049773755656108594,5.1174645861178165,317.0
99336,1,1,24,0.041666666666666664,14.61735927138403,50735.0
92649,2519,2546,29482,0.08544196458856251,6.42210279810543,35346.0
92581,11,11,1196,0.00919732441471572,,
93207,4,4,218,0.01834862385321101,52.39180140444275,269.0
90643,0,0,0,,,
91356,3132,3146,21548,0.14534991646556525,7.333293856319778,30942.0
94083,17,17,383,0.044386422976501305,,
92805,2617,2659,52365,0.0499761290938604,6.225207980661471,74661.0
91700,0,0,3,0.0,,
90027,2679,2697,25802,0.10382916053019146,8.228589687934969,46558.0
94696,0,0,0,,,
94422,0,0,2,0.0,,
91374,0,0,1,0.0,,
95125,4862,4887,40348,0.12050163576881134,7.284637968258917,54419.0
98064,0,0,1,0.0,,
90603,828,836,15890,0.05210824417872876,3.163381627067714,21118.0
95650,773,774,12859,0.06011353915545532,23.531524386849874,13405.0
98408,0,0,5,0.0,3.442604184340918,21009.0
98311,1,1,35,0.02857142857142857,15.683129588300238,28168.0
98908,0,0,11,0.0,105.92720992842084,38060.0
96040,3,3,209,0.014354066985645933,51.57754907162524,57.0
91701,1876,1881,31639,0.059293909415594676,7.391659514013425,39287.0
90922,0,0,0,,,
92551,636,651,23303,0.027292623267390466,6.3144800332679125,37425.0
91016,2120,2154,30169,0.07027080778282342,8.526340130174162,41140.0
90278,3736,3766,29860,0.12511721366376424,3.6709474074578012,42423.0
94926,0,0,2,0.0,,
92961,0,0,1,0.0,,
91962,67,67,2519,0.026597856292179436,58.67368919464711,2574.0
94107,3490,3499,16651,0.20959702119992793,2.108581188166382,31823.0
95595,0,0,162,0.0,552.810673118781,133.0
92568,0,0,3,0.0,,
90269,1,1,1,1.0,,
90990,0,0,0,,,
92536,101,101,2856,0.035364145658263305,107.57031153175494,2970.0
99833,0,0,4,0.0,3653.2929315291117,3409.0
93497,0,0,1,0.0,,
99004,0,0,10,0.0,338.96147311090226,22871.0
95756,0,0,1,0.0,,
94534,2715,2726,35804,0.07582951625516703,78.80018754053526,41203.0
97475,0,0,2,0.0,,
95558,6,6,366,0.01639344262295082,168.73912519943312,230.0
91606,1817,1838,29344,0.061920665212649946,3.332445695191822,43559.0
92341,8,8,326,0.024539877300613498,10.016986528864859,406.0
91949,0,0,0,,,
97603,1,1,49,0.02040816326530612,345.65888541586867,33222.0
95234,1,1,183,0.00546448087431694,,
92052,14,14,663,0.021116138763197588,,
90720,1813,1826,18676,0.09707646176911544,6.141248744098536,23805.0
92423,11,11,551,0.019963702359346643,,
94234,0,0,2,0.0,,
96130,39,39,12226,0.0031899231146736463,547.174416723579,20173.0
94929,14,14,159,0.0880503144654088,0.9451345520804952,293.0
92340,12,12,1475,0.008135593220338983,,
90748,8,9,441,0.018140589569160998,,
97148,0,0,1,0.0,91.63995518217307,2738.0
95638,57,57,2113,0.026975863700899196,80.81483965710113,2517.0
96725,0,0,5,0.0,96.2405536981379,5009.0
91381,3108,3113,17063,0.1821485084686163,39.541687206681054,22582.0
99206,2,2,34,0.058823529411764705,23.456987189297823,41089.0
98335,3,3,55,0.05454545454545454,32.75154170048977,27773.0
93618,227,227,22237,0.010208211539326347,66.90202347272349,32267.0
94142,1,1,135,0.007407407407407408,,
94608,1646,1656,17142,0.09602146774005367,3.5576620104295844,34395.0
90087,0,0,28,0.0,,
93010,2156,2161,36425,0.0591901166781057,21.988887402154752,46748.0
91608,7,7,143,0.04895104895104895,0.6081195831883222,38.0
98239,0,0,13,0.0,44.917541140366346,7656.0
94063,1555,1570,28474,0.05461122427477699,7.160950632530298,34433.0
95865,10,10,282,0.03546099290780142,,
95702,0,0,3,0.0,,
95810,0,0,11,0.0,,
90020,1266,1286,18341,0.06902568017011068,1.1119011793379259,38994.0
91146,0,0,2,0.0,,
97378,0,0,5,0.0,116.81419493235418,9178.0
91124,2,2,5,0.4,,
90907,0,0,0,,,
95962,27,27,1260,0.02142857142857143,38.72874812890393,1110.0
93106,58,58,587,0.09880749574105621,0.6295593520750752,5418.0
96123,0,0,88,0.0,338.2656149854474,45.0
96038,2,2,661,0.0030257186081694403,18.296577771012238,504.0
92803,8,8,490,0.0163265306122449,,
94005,452,452,4107,0.11005600194789383,4.755677879063686,4692.0
95679,3,3,102,0.029411764705882353,6.120753507891225,80.0
95237,43,43,3046,0.014116874589625739,7.424171169579367,3639.0
92831,1712,1730,23662,0.07235229481869665,5.948877918013772,35618.0
93130,16,16,481,0.033264033264033266,,
91942,1311,1316,29313,0.0447241838092314,5.770171406775749,41424.0
91113,0,0,1,0.0,,
95110,988,999,14773,0.06687876531510188,4.545703362165688,19963.0
94566,4974,4994,35452,0.1403023806837414,20.829363144157934,44222.0
98409,0,0,21,0.0,7.1482310881284015,27843.0
96693,0,0,1,0.0,,
92020,1728,1741,43889,0.0393720522226526,11.116084404084537,57842.0
95138,2878,2893,15023,0.19157292152033548,26.038092632949013,18960.0
92652,26,27,447,0.058165548098434,,
96115,0,0,132,0.0,157.37906026423968,125.0
94649,0,0,1,0.0,,
92067,1840,1843,10725,0.17156177156177158,22.470579141723068,7938.0
99341,0,0,2,0.0,346.9888199532757,765.0
98331,0,0,2,0.0,978.0400703779154,5826.0
95512,0,0,1,0.0,,
92033,6,6,567,0.010582010582010581,,
95112,2536,2572,39419,0.0643344580024861,7.269787427536421,57373.0
92324,865,875,41995,0.02059769020121443,28.19767171468268,57365.0
95066,1172,1174,12987,0.09024409024409025,18.724312204491593,15135.0
98592,0,0,1,0.0,21.604122809423238,2059.0
94580,1118,1127,22232,0.05028787333573228,3.322331777887635,29420.0
93025,0,0,1,0.0,,
91748,3345,3389,35763,0.09353242177669659,14.25495859215955,42463.0
98126,5,5,51,0.09803921568627451,3.3619810338143634,22975.0
95257,7,7,570,0.012280701754385965,11.82409813686886,569.0
95468,57,57,1378,0.041364296081277216,63.631469643664346,2037.0
91308,9,10,206,0.043689320388349516,,
92382,118,119,3971,0.029715436917652983,20.427869088862202,5215.0
98325,0,0,2,0.0,27.909516863190056,1775.0
00OOS,29469,29539,549585,0.053620459073664674,,
94151,1,1,1,1.0,,
92429,0,0,1,0.0,,
94585,746,748,22354,0.03337210342667979,114.25706919286735,29357.0
95193,0,0,1,0.0,,
94567,21,21,494,0.04251012145748988,74.9697027704617,668.0
91908,7,7,436,0.016055045871559634,,
91661,0,0,1,0.0,,
98022,0,0,5,0.0,731.9427868546503,22418.0
95830,40,40,762,0.05249343832020997,13.078935289170229,695.0
92287,0,0,1,0.0,,
92651,3195,3216,21042,0.15183917878528658,24.851958836946146,23557.0
93004,1125,1129,25357,0.04436644713491344,7.29463323158944,30698.0
93249,19,19,1937,0.00980898296334538,203.77246269575716,2243.0
93558,0,0,38,0.0,40.42454600263349,0.0
95382,1042,1042,27059,0.0385084445101445,10.972081502836346,39083.0
92312,6,6,643,0.00933125972006221,,
90245,1350,1363,13999,0.09643545967569112,5.349349912944399,16769.0
95161,37,38,761,0.04862023653088042,,
95145,0,0,0,,,
91761,3248,3267,55752,0.05825799971301478,28.500476185317137,62935.0
97022,0,0,1,0.0,23.628665545544916,3319.0
92564,21,21,679,0.030927835051546393,,
92516,7,7,297,0.02356902356902357,,
98270,1,1,21,0.047619047619047616,14.459225829715228,55049.0
90055,1,1,21,0.047619047619047616,,
95378,21,21,648,0.032407407407407406,,
94808,1,1,21,0.047619047619047616,,
90560,1,1,1,1.0,,
97413,0,0,2,0.0,478.20499578013204,818.0
92247,16,16,518,0.03088803088803089,,
96777,0,0,2,0.0,97.18717322655104,1822.0
94710,522,525,5225,0.09990430622009569,4.424187155255106,8380.0
95061,11,11,661,0.01664145234493192,,
90795,0,0,1,0.0,,
96663,0,0,1,0.0,,
97266,0,0,24,0.0,6.078634224193235,35423.0
97730,0,0,1,0.0,25.781120094861013,319.0
95276,0,0,2,0.0,,
93294,0,0,1,0.0,,
94307,0,0,1,0.0,,
90901,0,0,0,,,
92188,0,0,3,0.0,,
90275,4974,5014,33705,0.1475745438362261,16.767528254485146,40945.0
96822,4,4,54,0.07407407407407407,8.032621889897536,43747.0
92615,19,19,408,0.04656862745098039,,
90924,0,0,0,,,
94591,2315,2323,42542,0.054416811621456444,21.15175417112695,58193.0
97367,1,1,14,0.07142857142857142,47.06057969017217,11158.0
95463,8,8,125,0.064,7.230234613792815,14.0
