zip_code,ev_vehicles,zev_vehicles,light_duty_vehicles,ev_share_light_duty
96816,5,5,76,0.06578947368421052
99338,0,0,13,0.0
92253,1741,1741,28909,0.060223459822200696
92226,4,4,729,0.0054869684499314125
96817,3,3,38,0.07894736842105263
91612,1,1,1,1.0
97449,0,0,1,0.0
91945,678,682,21554,0.031455878259255825
92870,3069,3124,39953,0.07681525792806548
95031,37,37,802,0.046134663341645885
94054,0,0,1,0.0
95967,4,4,931,0.004296455424274973
94700,0,0,1,0.0
96630,0,0,1,0.0
93350,0,0,4,0.0
91060,0,0,0,
95762,4314,4317,42299,0.10198822667202534
94964,16,16,248,0.06451612903225806
96008,17,17,1442,0.011789181692094313
90680,1006,1029,21539,0.046705975207762665
95841,474,477,13807,0.034330412109799376
98933,0,0,1,0.0
92411,167,169,17990,0.009282934963868816
97035,6,6,62,0.0967741935483871
90755,763,773,9940,0.07676056338028169
95347,1,1,91,0.01098901098901099
97391,0,0,2,0.0
94544,3631,3657,57737,0.0628886156191004
92761,0,0,1,0.0
93667,21,21,1822,0.011525795828759604
93771,2,2,62,0.03225806451612903
90232,1436,1438,11584,0.12396408839779005
96710,0,0,5,0.0
98145,0,0,2,0.0
96913,0,0,9,0.0
90043,1631,1656,27487,0.05933714119401899
93590,9,9,549,0.01639344262295082
95246,23,23,1912,0.01202928870292887
93282,0,0,1,0.0
91730,2846,2865,51389,0.05538150187783378
97882,0,0,3,0.0
93717,0,0,36,0.0
96784,0,0,1,0.0
91746,753,770,23351,0.03224701297588968
94025,5409,5417,30690,0.17624633431085043
93220,3,3,194,0.015463917525773196
93906,839,840,45575,0.0184092155787164
95801,0,0,1,0.0
95556,3,3,365,0.00821917808219178
95204,450,450,19452,0.02313386798272671
94445,0,0,1,0.0
92744,0,0,1,0.0
93327,0,0,1,0.0
96023,1,1,802,0.0012468827930174563
94521,1913,1925,31877,0.06001192082065439
93608,2,2,734,0.0027247956403269754
95465,141,141,2209,0.06382978723404255
98683,2,2,27,0.07407407407407407
91771,0,0,1,0.0
95436,272,272,6061,0.044877082989605674
98204,1,1,42,0.023809523809523808
90906,0,0,2,0.0
95990,0,0,1,0.0
95258,95,95,3718,0.02555137170521786
96105,2,2,451,0.004434589800443459
93603,2,2,125,0.016
97703,7,7,79,0.08860759493670886
98294,0,0,5,0.0
91145,0,0,1,0.0
96126,3,3,354,0.00847457627118644
94350,0,0,1,0.0
90247,1248,1271,32479,0.03842482835062656
99027,1,1,3,0.3333333333333333
95692,81,81,4094,0.01978505129457743
90260,865,879,22697,0.03811076353703133
97692,0,0,1,0.0
96821,6,6,60,0.1
94208,0,0,1,0.0
95722,243,243,4784,0.050794314381270904
92006,0,0,0,
98237,0,0,1,0.0
94598,2487,2493,21203,0.11729472244493704
98383,2,2,47,0.0425531914893617
90961,0,0,0,
92345,1129,1133,63886,0.017672103434242244
92861,719,725,5378,0.13369282261063592
90794,0,0,0,
90241,1512,1525,31724,0.04766107678729038
90779,0,0,0,
94454,0,0,1,0.0
96833,0,0,1,0.0
91361,2436,2446,17647,0.13804046013486712
98027,4,4,35,0.11428571428571428
92110,1271,1274,20922,0.0607494503393557
98125,3,3,49,0.061224489795918366
93616,27,27,1782,0.015151515151515152
97038,0,0,5,0.0
94702,1111,1115,9851,0.11278042838290529
93656,29,31,4865,0.005960945529290853
92017,0,0,1,0.0
92410,395,399,32156,0.012283866152506531
93204,55,58,6511,0.00844724312701582
92928,0,0,1,0.0
95673,298,300,12519,0.023803818196341562
99509,0,0,2,0.0
90082,1,1,60,0.016666666666666666
91202,1624,1638,15874,0.10230565704926295
93411,0,0,1,0.0
93536,2175,2182,50846,0.04277622625181922
93605,14,14,161,0.08695652173913043
92642,0,0,6,0.0
98303,0,0,6,0.0
90242,1009,1023,28830,0.034998265695456124
95766,0,0,1,0.0
93726,328,330,23592,0.013903017972193964
94904,1544,1549,9753,0.158310263508664
95253,6,6,405,0.014814814814814815
94003,0,0,9,0.0
95701,19,19,865,0.021965317919075144
95938,77,77,3757,0.020495075858397657
93017,0,0,0,
98232,0,0,5,0.0
96156,0,0,2,0.0
98250,5,5,24,0.20833333333333334
95025,0,0,2,0.0
95006,413,415,7409,0.05574301525172088
95077,8,8,2142,0.003734827264239029
91517,0,0,1,0.0
96013,15,15,3042,0.004930966469428008
98588,0,0,1,0.0
95014,7981,8061,42292,0.1887118131088622
96122,29,29,3842,0.0075481520041644976
98585,0,0,1,0.0
95759,7,7,592,0.011824324324324325
93320,0,0,1,0.0
94677,0,0,3,0.0
98856,0,0,1,0.0
94939,798,798,5419,0.14725964200036906
93253,0,0,1,0.0
93272,20,20,2784,0.007183908045977011
90050,2,2,132,0.015151515151515152
98401,0,0,8,0.0
91348,0,0,1,0.0
91791,2139,2164,26487,0.08075659757616944
93388,2,2,228,0.008771929824561403
96595,0,0,1,0.0
91991,0,0,1,0.0
94156,0,0,0,
91903,8,8,662,0.012084592145015106
92678,25,25,349,0.07163323782234957
93774,0,0,78,0.0
92200,0,0,3,0.0
93042,0,0,52,0.0
97457,0,0,7,0.0
96720,3,4,49,0.061224489795918366
96748,0,0,9,0.0
93348,0,0,1,0.0
94517,721,723,10688,0.06745883233532934
92557,1347,1355,37910,0.0355315220258507
91340,627,636,25052,0.025027941880887753
95833,1104,1117,26359,0.041883227740050835
95060,2604,2606,30985,0.08404066483782476
95907,0,0,1,0.0
98327,1,1,34,0.029411764705882353
97115,0,0,1,0.0
90833,0,0,0,
98228,0,0,1,0.0
91651,0,0,0,
93631,280,280,13552,0.02066115702479339
94599,129,129,2111,0.0611084793936523
94451,0,0,1,0.0
96737,0,0,5,0.0
91766,1853,1882,49942,0.037103039525849986
99708,0,0,2,0.0
97532,0,0,8,0.0
95085,0,1,3,0.0
91377,1629,1641,11004,0.1480370774263904
98101,6,6,68,0.08823529411764706
94053,0,0,1,0.0
94102,674,680,7578,0.08894167326471364
96713,0,0,5,0.0
93940,1406,1406,22381,0.06282114293373844
96017,3,3,109,0.027522935779816515
90026,2504,2523,34484,0.07261338591810695
91355,2303,2311,26833,0.08582715313233705
98651,0,0,1,0.0
95387,9,9,863,0.010428736964078795
94945,1239,1241,15970,0.0775829680651221
94557,1,2,101,0.009900990099009901
99514,0,0,1,0.0
98055,1,1,21,0.047619047619047616
91341,1,1,153,0.006535947712418301
95431,2,2,51,0.0392156862745098
97031,0,0,17,0.0
95086,0,0,1,0.0
93436,890,891,39750,0.02238993710691824
95428,12,12,2115,0.005673758865248227
93915,5,5,1233,0.0040551500405515
95173,15,15,318,0.04716981132075472
90463,0,0,1,0.0
97076,0,0,1,0.0
95758,2720,2732,47579,0.057168078353895625
94213,0,0,1,0.0
90774,0,0,0,
98020,2,2,29,0.06896551724137931
95501,375,375,16119,0.023264470500651405
98225,3,3,29,0.10344827586206896
97062,3,3,53,0.05660377358490566
91672,0,0,2,0.0
91799,0,0,2,0.0
92604,2365,2414,19858,0.11909557860811763
95375,3,3,41,0.07317073170731707
93306,914,916,47023,0.019437296642068776
90952,0,0,0,
93555,449,450,23528,0.019083645018701124
94593,0,0,1,0.0
98812,0,0,2,0.0
98230,3,3,35,0.08571428571428572
96706,5,5,88,0.056818181818181816
98356,0,0,3,0.0
92255,13,13,805,0.016149068322981366
92406,2,2,330,0.006060606060606061
94822,0,0,1,0.0
91244,0,0,1,0.0
95706,0,0,2,0.0
90808,2246,2275,30332,0.07404721086641171
91552,0,0,1,0.0
95319,8,8,1396,0.0057306590257879654
92663,1799,1807,15871,0.11335139562724467
93485,0,0,1,0.0
93534,613,626,23853,0.025699073491803965
90798,0,0,0,
95662,856,861,25700,0.03330739299610895
94604,14,14,562,0.02491103202846975
90502,737,746,13916,0.052960620868065536
96088,41,41,3980,0.010301507537688442
92046,16,17,735,0.021768707482993196
98564,0,0,2,0.0
97625,0,0,0,
92167,8,8,286,0.027972027972027972
92549,93,93,3276,0.028388278388278388
95497,73,73,573,0.1273996509598604
94528,148,148,965,0.1533678756476684
96068,0,0,65,0.0
95526,2,2,400,0.005
95364,5,5,317,0.015772870662460567
93285,25,26,1926,0.012980269989615784
92176,14,14,384,0.036458333333333336
95658,325,325,6565,0.04950495049504951
95154,12,12,368,0.03260869565217391
92522,0,0,107,0.0
94473,0,0,1,0.0
97452,1,1,2,0.5
98729,0,0,1,0.0
95461,71,71,3906,0.01817716333845366
91406,2345,2370,38363,0.061126606365508436
93308,557,558,34626,0.01608617801651938
95563,5,5,497,0.01006036217303823
95034,0,0,4,0.0
97720,0,0,1,0.0
90403,2156,2181,15862,0.13592233009708737
90902,0,0,0,
99003,0,0,2,0.0
94288,0,0,0,
98367,0,0,31,0.0
95914,8,8,685,0.01167883211678832
96019,94,94,7156,0.013135830072666294
94966,14,14,437,0.032036613272311214
91176,0,0,1,0.0
95311,18,18,2411,0.007465781833264205
94809,0,0,3,0.0
99508,0,0,11,0.0
94555,3857,3874,24844,0.1552487522138142
98848,0,0,2,0.0
96132,0,0,20,0.0
93392,0,0,0,
98682,0,0,39,0.0
90233,1,1,2,0.5
91970,0,0,4,0.0
94426,0,0,0,
92664,0,0,1,0.0
92018,28,28,1169,0.023952095808383235
91610,3,3,149,0.020134228187919462
91804,1,1,2,0.5
93945,0,0,0,
97850,0,0,4,0.0
94999,1,1,4,0.25
98375,1,1,32,0.03125
92480,0,0,0,
98321,0,0,9,0.0
94572,324,324,7223,0.04485670773916655
91732,1699,1744,39524,0.04298653982390446
93602,39,39,2768,0.014089595375722543
94081,0,0,3,0.0
92042,0,0,1,0.0
95605,415,422,14740,0.028154681139755767
99688,0,0,1,0.0
94624,1,1,44,0.022727272727272728
95384,0,0,2,0.0
91648,0,0,1,0.0
95140,38,39,335,0.11343283582089553
94032,0,0,4,0.0
92555,1579,1588,32716,0.04826384643599462
96346,0,0,3,0.0
93642,0,0,3,0.0
90737,0,0,1,0.0
96338,0,0,4,0.0
98568,0,0,1,0.0
92440,0,0,3,0.0
95368,260,260,11363,0.022881281351755697
96031,1,1,102,0.00980392156862745
96756,1,1,39,0.02564102564102564
91035,0,0,1,0.0
95861,0,0,1,0.0
90796,0,0,1,0.0
98520,1,1,8,0.125
92384,1,1,40,0.025
90037,533,550,33070,0.01611732688237073
91985,0,0,1,0.0
95105,0,0,1,0.0
95583,0,0,1,0.0
94564,943,945,15258,0.061803643990038015
92856,7,7,175,0.04
96557,0,0,1,0.0
91913,3868,3874,43360,0.08920664206642066
93041,443,447,14926,0.029679753450355086
91019,0,0,0,
90303,438,445,15653,0.027981856513128473
92379,0,0,1,0.0
93513,19,19,1695,0.011209439528023599
98611,0,0,4,0.0
90723,707,720,35483,0.01992503452357467
96362,0,0,2,0.0
92888,0,0,0,
98387,0,0,28,0.0
91367,4153,4184,31967,0.12991522507585948
98240,0,0,1,0.0
92417,0,0,1,0.0
90976,0,0,1,0.0
98082,0,0,1,0.0
95553,5,5,741,0.006747638326585695
97702,5,5,243,0.0205761316872428
97015,0,0,26,0.0
91354,3295,3304,24624,0.13381254061078623
93453,89,89,2546,0.034956794972505895
92585,1204,1210,21888,0.05500730994152047
91879,0,0,1,0.0
92104,2499,2503,30158,0.08286358511837655
90804,836,851,20406,0.040968342644320296
93432,49,49,1407,0.03482587064676617
93247,128,128,12464,0.010269576379974325
95617,22,22,824,0.02669902912621359
95345,9,9,684,0.013157894736842105
90929,0,0,1,0.0
93527,22,22,1857,0.011847065158858373
93374,0,0,2,0.0
91435,0,0,0,
91111,0,0,14,0.0
90965,0,0,0,
90943,0,0,1,0.0
92924,0,0,1,0.0
91380,29,29,685,0.042335766423357665
92305,5,5,457,0.010940919037199124
96643,0,0,4,0.0
92810,0,0,1,0.0
92227,201,201,23761,0.008459239930979336
92203,1369,1369,24832,0.05513047680412371
94630,0,0,1,0.0
99520,0,0,1,0.0
92370,0,0,7,0.0
98395,0,0,1,0.0
90277,3075,3085,27081,0.11354824415641963
94582,7203,7240,33036,0.2180348710497639
92735,4,4,140,0.02857142857142857
94141,4,4,199,0.020100502512562814
94965,1044,1049,8344,0.12511984659635667
91337,8,8,258,0.031007751937984496
97709,0,0,2,0.0
95372,41,41,2329,0.017604121940747102
95136,3343,3374,35044,0.09539436137427235
98507,0,0,4,0.0
98031,1,1,29,0.034482758620689655
90306,0,0,46,0.0
92207,0,0,1,0.0
92008,2003,2008,23902,0.08380051878503891
97068,1,1,34,0.029411764705882353
94148,0,0,1,0.0
96076,0,0,147,0.0
97526,0,0,38,0.0
93412,13,13,359,0.036211699164345405
95377,3267,3273,31114,0.10500096419618178
98922,0,0,3,0.0
95671,1,1,49,0.02040816326530612
96929,0,0,14,0.0
91704,0,0,1,0.0
98117,2,2,45,0.044444444444444446
90837,0,0,0,
93290,19,19,851,0.022326674500587545
94119,8,8,196,0.04081632653061224
98570,0,0,6,0.0
94080,7874,7905,86782,0.09073310133437809
95498,0,0,2,0.0
97739,0,0,11,0.0
96755,0,0,7,0.0
93332,0,0,1,0.0
90667,0,0,0,
99588,0,0,3,0.0
98247,0,0,3,0.0
90227,0,0,1,0.0
92593,13,13,761,0.017082785808147174
93200,0,0,3,0.0
98828,0,0,1,0.0
97434,0,0,1,0.0
93741,0,0,1,0.0
97217,2,2,74,0.02702702702702703
95918,44,44,2187,0.020118884316415182
95373,2,2,227,0.00881057268722467
98166,0,0,20,0.0
95481,5,5,710,0.007042253521126761
92901,0,0,3,0.0
97451,0,0,2,0.0
90036,2844,2865,22289,0.1275965723002378
91309,2,2,204,0.00980392156862745
90638,2202,2226,35399,0.062205147038051925
95654,0,0,4,0.0
91545,0,0,1,0.0
98524,0,0,6,0.0
94622,0,0,3,0.0
92051,7,7,499,0.014028056112224449
92143,11,11,1396,0.007879656160458453
96921,0,0,5,0.0
96053,0,0,0,
95812,29,29,730,0.03972602739726028
94237,0,0,0,
95254,21,21,807,0.026022304832713755
90625,0,0,2,0.0
90936,0,0,0,
96635,0,0,1,0.0
90033,415,425,23135,0.017938188891290254
96050,3,3,320,0.009375
91550,0,0,1,0.0
92685,12,12,404,0.0297029702970297
97211,1,1,54,0.018518518518518517
91768,675,686,22418,0.03010973325006691
98403,1,1,14,0.07142857142857142
90807,1682,1707,23454,0.07171484608169182
91405,2514,2537,37843,0.06643236529873424
95480,5,5,105,0.047619047619047616
92613,0,0,0,
92326,1,1,11,0.09090909090909091
98948,0,0,4,0.0
93938,0,0,1,0.0
90073,1,1,65,0.015384615384615385
95484,0,0,1,0.0
94511,91,91,1836,0.049564270152505446
95439,14,14,795,0.01761006289308176
97818,0,0,2,0.0
96202,1,1,2,0.5
95078,0,0,1,0.0
95521,500,500,12717,0.03931744908390344
93907,594,594,20211,0.029389936173370938
96021,106,106,13139,0.008067585052134866
96675,0,0,4,0.0
97373,0,0,1,0.0
92024,4795,4800,42578,0.11261684437972662
97321,0,0,28,0.0
95800,0,0,66,0.0
92809,9,9,233,0.03862660944206009
94988,0,0,1,0.0
91978,456,458,8272,0.0551257253384913
91386,5,6,314,0.01592356687898089
92862,0,0,3,0.0
93293,0,0,1,0.0
96125,7,7,410,0.01707317073170732
93628,0,0,141,0.0
92908,0,0,0,
92519,4,4,352,0.011363636363636364
94033,0,0,1,0.0
93900,0,0,4,0.0
93926,82,82,7539,0.01087677410797188
91426,23,23,226,0.10176991150442478
97067,0,0,2,0.0
94001,0,0,3,0.0
90705,0,0,1,0.0
93026,0,0,0,
94524,8,8,575,0.01391304347826087
91716,0,0,64,0.0
94548,13,13,570,0.02280701754385965
93912,17,17,2544,0.0066823899371069185
90276,0,0,1,0.0
92634,0,0,2,0.0
90071,38,38,573,0.06631762652705062
90743,50,50,335,0.14925373134328357
98043,1,1,23,0.043478260869565216
92875,0,0,1,0.0
92863,15,16,732,0.020491803278688523
94651,0,0,1,0.0
96679,0,0,2,0.0
95992,23,23,1296,0.017746913580246913
98623,0,0,1,0.0
95098,0,0,2,0.0
92212,0,0,3,0.0
93003,2014,2019,40898,0.04924446183187442
92824,0,0,2,0.0
92079,11,11,760,0.014473684210526316
98009,1,1,4,0.25
95931,0,0,4,0.0
90718,0,0,2,0.0
93541,13,13,504,0.025793650793650792
93291,1292,1293,44878,0.028789161727349702
91303,997,1012,19163,0.05202734436153003
93725,227,227,19291,0.011767145300917527
95391,3717,3731,17277,0.2151415176245876
90975,0,0,1,0.0
93563,3,3,93,0.03225806451612903
93712,1,1,36,0.027777777777777776
94706,1374,1380,11235,0.12229639519359145
92673,3066,3076,24706,0.1240994090504331
95635,18,18,1073,0.016775396085740912
90707,7,8,542,0.012915129151291513
96795,0,0,8,0.0
92329,36,36,3810,0.009448818897637795
92956,0,0,3,0.0
92562,2873,2881,49002,0.058630259989388187
91006,3371,3403,25055,0.13454400319297546
92470,0,0,2,0.0
91921,18,18,510,0.03529411764705882
95442,216,216,2642,0.0817562452687358
92880,4958,4991,43349,0.1143740340030912
98124,1,1,2,0.5
90914,0,0,1,0.0
96084,8,8,415,0.01927710843373494
90677,0,0,0,
92218,0,0,1,0.0
96760,0,0,1,0.0
97503,0,0,20,0.0
97003,0,0,22,0.0
93721,156,157,3680,0.042391304347826085
98028,3,3,24,0.125
98620,0,0,5,0.0
98662,0,0,29,0.0
95264,0,0,1,0.0
90895,1,1,14,0.07142857142857142
94177,0,0,3,0.0
93703,156,156,19722,0.007909948281107393
95827,637,643,17976,0.03543613707165109
92865,1146,1178,18143,0.06316485696963016
91170,0,0,1,0.0
99163,0,0,20,0.0
92142,7,7,374,0.01871657754010695
97051,0,0,5,0.0
96051,19,19,1017,0.018682399213372666
93434,102,102,6391,0.015959943670787045
93190,4,4,200,0.02
92139,784,786,26345,0.029758967546023914
96785,0,0,5,0.0
95243,0,0,1,0.0
94124,1764,1788,27013,0.06530189168178284
91118,19,19,168,0.1130952380952381
90201,1009,1024,57508,0.017545384989914446
93601,28,28,1594,0.01756587202007528
92715,0,0,8,0.0
98226,2,2,29,0.06896551724137931
92802,1209,1241,27895,0.043341100555655133
95064,63,63,825,0.07636363636363637
97601,0,0,43,0.0
99005,0,0,13,0.0
95224,7,7,599,0.011686143572621035
90666,0,0,0,
92038,43,43,606,0.07095709570957096
92571,1160,1165,42105,0.02755017218857618
93407,13,13,223,0.05829596412556054
97298,0,0,1,0.0
98112,3,3,59,0.05084745762711865
96150,425,426,17181,0.024736627670100694
95782,0,0,3,0.0
92882,3028,3066,51271,0.059058727155702054
95817,412,415,8130,0.05067650676506765
95991,503,504,29116,0.01727572468745707
91346,3,3,160,0.01875
95410,44,44,970,0.04536082474226804
93274,772,772,54277,0.01422333585128139
90646,0,0,1,0.0
90658,0,0,0,
98136,1,1,17,0.058823529411764705
92609,12,14,391,0.030690537084398978
94048,0,0,1,0.0
96087,8,8,676,0.011834319526627219
92395,727,729,29030,0.02504305890458147
94609,980,990,11279,0.08688713538434259
90857,0,0,0,
92016,0,0,2,0.0
91544,0,0,2,0.0
90640,1599,1625,43469,0.036784835169891186
94953,17,17,570,0.02982456140350877
90966,0,0,0,
94502,1441,1447,10420,0.13829174664107485
99502,0,0,8,0.0
97530,0,0,19,0.0
92706,1105,1127,24215,0.045632872186661164
94109,1654,1666,17481,0.09461701275670728
92709,0,0,1,0.0
90732,1149,1163,15964,0.07197444249561513
97478,1,1,33,0.030303030303030304
94085,2403,2428,18894,0.12718323277230867
90017,1083,1089,11818,0.09163987138263666
94540,19,20,494,0.038461538461538464
91246,0,0,1,0.0
91358,1,1,128,0.0078125
90660,1127,1139,44304,0.0254378837125316
95613,16,16,338,0.047337278106508875
95819,1163,1165,13095,0.08881252386407025
96074,0,0,104,0.0
90209,37,37,373,0.09919571045576407
93778,0,0,67,0.0
95619,62,62,4457,0.013910702266098272
92800,0,0,1,0.0
93387,6,6,584,0.010273972602739725
94927,11,11,515,0.021359223300970873
91331,1711,1751,70786,0.024171446331195435
92708,4946,5018,48468,0.10204671123215317
90925,0,0,0,
92245,1,1,2,0.5
95024,12,12,1236,0.009708737864077669
94100,0,0,52,0.0
91000,0,0,1,0.0
98015,0,0,1,0.0
93660,25,25,2949,0.0084774499830451
95158,10,10,366,0.0273224043715847
92301,411,412,22558,0.018219700328043265
99827,0,0,6,0.0
95655,194,197,3559,0.054509693734195
96160,37,37,2157,0.017153453871117292
92317,75,75,2348,0.031942078364565585
94139,0,0,1,0.0
95268,0,0,1,0.0
95056,7,7,243,0.02880658436213992
95316,136,136,5704,0.023842917251051893
94801,705,709,22556,0.03125554176272389
94800,0,0,2,0.0
92754,0,0,2,0.0
98601,0,0,1,0.0
96108,2,2,138,0.014492753623188406
95717,2,2,200,0.01
93457,8,8,599,0.01335559265442404
92558,0,0,1,0.0
92661,257,258,2523,0.10186286167261197
91033,0,0,0,
93410,2,2,45,0.044444444444444446
98416,0,0,1,0.0
96722,1,1,27,0.037037037037037035
99111,0,0,1,0.0
96170,0,0,1,0.0
94508,127,127,2111,0.060161061108479394
93621,8,8,370,0.021621621621621623
90681,0,0,0,
98642,2,2,30,0.06666666666666667
94217,0,0,1,0.0
95127,2480,2505,47970,0.05169897852824682
96836,0,0,2,0.0
90221,489,509,33756,0.014486313544258798
91615,4,4,172,0.023255813953488372
90762,0,0,2,0.0
93557,0,0,1,0.0
95460,147,147,2846,0.05165144061841181
92221,0,0,1,0.0
90928,0,0,1,0.0
90719,0,0,0,
95166,0,0,1,0.0
90053,5,5,280,0.017857142857142856
91943,3,3,162,0.018518518518518517
92575,1,1,1,1.0
95855,0,0,1,0.0
92358,26,26,697,0.03730272596843615
94583,3907,3937,31325,0.12472466081404629
93187,0,0,2,0.0
98138,0,0,1,0.0
91762,2387,2402,49523,0.048199826343315225
99180,0,0,3,0.0
96687,0,0,1,0.0
95815,339,344,16036,0.021139935145921676
96151,17,17,4224,0.004024621212121212
98675,0,0,1,0.0
93935,0,0,1,0.0
94529,0,0,4,0.0
92389,0,0,82,0.0
96086,0,0,266,0.0
96000,0,0,3,0.0
95339,0,0,3,0.0
92407,1499,1511,46133,0.03249300934255305
95212,975,978,22982,0.042424506135236274
95353,4,4,861,0.004645760743321719
94931,410,410,8004,0.05122438780609695
90746,1043,1054,21753,0.04794740955270537
96444,0,0,1,0.0
90853,1,1,169,0.005917159763313609
90851,0,0,0,
98467,1,1,9,0.1111111111111111
95324,96,96,6014,0.015962753574991686
93262,2,2,32,0.0625
93271,50,50,1770,0.02824858757062147
91923,0,0,1,0.0
95228,152,152,5905,0.025740897544453852
94588,3453,3470,26415,0.13072118114707554
98433,2,2,79,0.02531645569620253
94975,15,15,508,0.02952755905511811
92533,1,1,3,0.3333333333333333
96764,1,1,3,0.3333333333333333
95095,0,0,1,0.0
99201,1,1,8,0.125
95840,0,0,2,0.0
96009,0,0,562,0.0
95344,8,8,671,0.011922503725782414
97820,0,0,1,0.0
96107,4,4,754,0.005305039787798408
95743,0,0,1,0.0
96097,48,48,8930,0.005375139977603583
94336,0,0,1,0.0
97459,1,1,20,0.05
92095,0,0,1,0.0
93300,0,0,3,0.0
90815,2103,2126,29326,0.07171110959558072
94043,6669,6694,26577,0.2509312563494751
94123,1615,1619,13114,0.12315083117279244
95807,0,0,1,0.0
91347,0,0,1,0.0
96768,0,0,27,0.0
91336,0,0,3,0.0
98245,0,0,15,0.0
91433,0,0,1,0.0
93223,55,55,7560,0.007275132275132275
92136,16,16,900,0.017777777777777778
93208,0,0,4,0.0
91979,4,4,445,0.008988764044943821
92665,0,0,6,0.0
90234,0,0,1,0.0
90714,5,6,429,0.011655011655011656
94450,1,1,1,1.0
96627,0,0,1,0.0
97008,1,1,43,0.023255813953488372
98569,0,0,8,0.0
95438,0,0,1,0.0
96423,0,0,0,
97034,3,3,43,0.06976744186046512
97439,0,0,29,0.0
92186,0,0,27,0.0
92241,138,138,6554,0.02105584375953616
93517,11,11,895,0.012290502793296089
93233,0,0,2,0.0
94938,38,38,563,0.0674955595026643
93430,152,153,2625,0.0579047619047619
96533,0,0,2,0.0
95020,3636,3647,53262,0.0682663061845218
95926,574,574,22469,0.025546308246917976
94595,1314,1317,13483,0.09745605577393755
98264,1,1,18,0.05555555555555555
92003,364,364,5134,0.07089988313206078
94611,4620,4633,26764,0.17261993722911373
99202,0,0,22,0.0
95857,0,0,1,0.0
98368,1,1,21,0.047619047619047616
98252,1,1,2,0.5
98464,0,0,1,0.0
97873,0,0,1,0.0
91436,2867,2874,12882,0.22255860891165968
90606,623,640,22993,0.02709520288783543
92022,11,11,547,0.02010968921389397
91755,1541,1564,20253,0.07608749321088233
92007,914,915,8927,0.10238601993950935
92349,0,0,1,0.0
95245,29,29,2198,0.013193812556869881
93553,48,48,1376,0.03488372093023256
98936,0,0,3,0.0
90892,0,0,1,0.0
92296,0,0,1,0.0
92332,1,1,42,0.023809523809523808
95733,0,0,0,
95680,3,3,111,0.02702702702702703
90711,0,0,93,0.0
97352,0,0,2,0.0
95300,0,0,3,0.0
92355,0,0,5,0.0
94589,615,619,22352,0.027514316392269148
94614,4,4,125,0.032
91330,8,8,120,0.06666666666666667
92674,10,10,556,0.017985611510791366
97539,0,0,2,0.0
95322,111,111,7887,0.01407379231647014
97231,0,0,3,0.0
91255,0,0,1,0.0
90670,712,718,16978,0.04193662386617976
90029,799,813,17743,0.04503184354393282
91359,22,23,633,0.03475513428120063
90302,705,717,17717,0.03979228989106508
97401,0,0,102,0.0
97089,0,0,3,0.0
93032,1,1,461,0.0021691973969631237
93649,3,3,93,0.03225806451612903
94274,0,0,1,0.0
93202,27,27,3057,0.008832188420019628
98111,0,0,3,0.0
90985,0,0,0,
95747,6085,6096,69091,0.08807225253650983
94652,0,0,1,0.0
93222,79,79,1636,0.04828850855745721
90778,0,0,0,
93437,92,92,1012,0.09090909090909091
95829,1916,1920,26720,0.0717065868263473
93280,160,160,16017,0.009989386277080603
95106,1,1,115,0.008695652173913044
90078,9,10,252,0.03571428571428571
92592,4634,4637,59278,0.07817402746381456
95626,150,151,5041,0.029756000793493356
92823,774,775,4405,0.1757094211123723
92055,13,13,1327,0.009796533534287867
95624,3072,3079,52786,0.05819724927063994
92675,2575,2596,30770,0.08368540786480339
95118,2557,2571,23922,0.10688905609898838
95714,4,4,289,0.01384083044982699
95016,0,0,2,0.0
95403,1885,1885,35836,0.05260073668936265
95660,472,479,23818,0.01981694516752036
95039,29,29,1475,0.01966101694915254
99710,0,0,0,
96797,0,0,49,0.0
94164,2,2,97,0.020618556701030927
94301,2536,2542,11431,0.22185285626804305
94623,8,8,436,0.01834862385321101
96301,0,0,1,0.0
95554,2,2,359,0.005571030640668524
95172,1,2,60,0.016666666666666666
92966,0,0,1,0.0
95312,0,0,236,0.0
94068,0,0,1,0.0
90951,0,0,0,
95925,2,2,213,0.009389671361502348
95108,1,1,61,0.01639344262295082
91920,0,0,4,0.0
95511,0,0,156,0.0
98122,7,7,73,0.0958904109589041
99353,0,0,2,0.0
91751,0,0,1,0.0
90931,0,0,0,
90908,0,0,1,0.0
92554,1,1,126,0.007936507936507936
96148,32,32,876,0.0365296803652968
98360,0,0,4,0.0
91108,1924,1932,10217,0.18831359498874425
92572,10,10,1142,0.008756567425569177
92266,0,0,288,0.0
93655,0,0,0,
95192,0,0,25,0.0
91632,0,0,1,0.0
92691,3224,3262,38891,0.0828983569463372
97901,0,0,1,0.0
98312,2,2,63,0.031746031746031744
94155,0,0,1,0.0
93242,18,18,2313,0.007782101167315175
95357,206,207,10374,0.019857335646809332
99623,0,0,4,0.0
92113,478,482,34410,0.013891310665504215
94039,10,10,280,0.03571428571428571
97109,0,0,1,0.0
97448,0,0,7,0.0
95763,23,23,812,0.02832512315270936
95964,0,0,2,0.0
91333,2,2,326,0.006134969325153374
97538,0,0,8,0.0
94607,1063,1072,12808,0.0829950031230481
94527,1,1,3,0.3333333333333333
98648,0,0,2,0.0
92028,2489,2493,44541,0.055881098313913025
91369,0,0,2,0.0
92050,0,0,15,0.0
95477,0,0,1,0.0
97455,0,0,1,0.0
97019,0,0,2,0.0
95405,1105,1106,16804,0.06575815282075696
93260,1,1,172,0.005813953488372093
97214,3,3,54,0.05555555555555555
93140,12,13,757,0.015852047556142668
92251,409,409,22223,0.018404355847545337
95335,8,8,571,0.014010507880910683
99611,0,0,3,0.0
93235,24,24,3122,0.007687379884689302
91601,1934,1957,25275,0.07651829871414441
96096,8,8,669,0.01195814648729447
90706,1682,1709,52005,0.03234304393808288
95631,110,110,5732,0.019190509420795535
92762,0,0,2,0.0
96578,0,0,2,0.0
94766,0,0,1,0.0
90899,0,0,0,
92622,0,0,2,0.0
92441,0,0,2,0.0
99731,0,0,1,0.0
91409,11,11,493,0.02231237322515213
91931,10,10,533,0.01876172607879925
90486,0,0,1,0.0
90620,2158,2192,35895,0.06011979384315364
92782,3804,3852,22556,0.1686469232133357
96562,0,0,1,0.0
96337,0,0,0,
97622,0,0,2,0.0
91110,0,0,1,0.0
97325,0,0,1,0.0
96035,20,20,2613,0.007654037504783774
93311,2094,2098,39259,0.053338088081713746
90097,0,0,1,0.0
94922,21,21,529,0.03969754253308128
91297,0,0,1,0.0
97443,0,0,1,0.0
90871,0,0,0,
94358,0,0,1,0.0
93646,39,39,7167,0.0054416073670992045
95406,13,13,554,0.023465703971119134
92710,0,0,1,0.0
91320,3373,3389,37184,0.09071105851979346
93694,0,0,1,0.0
93942,24,24,953,0.025183630640083946
98508,0,0,1,0.0
92627,2826,2855,44550,0.06343434343434344
90919,0,0,0,
95607,9,9,278,0.03237410071942446
95248,4,4,460,0.008695652173913044
91705,0,0,2,0.0
98504,0,0,1,0.0
92885,9,9,304,0.029605263157894735
97504,6,6,109,0.05504587155963303
93905,457,459,46701,0.009785657694696045
96757,1,1,3,0.3333333333333333
99302,0,0,1,0.0
91504,1897,1919,19083,0.09940784991877587
92584,3272,3276,47019,0.06958888959782215
96310,0,0,13,0.0
92635,0,0,3,0.0
90226,0,0,1,0.0
98595,0,0,1,0.0
98577,0,0,3,0.0
94577,2116,2129,36112,0.05859548072662827
95924,4,4,768,0.005208333333333333
92513,5,6,686,0.007288629737609329
96158,21,21,2262,0.009283819628647215
90775,0,0,1,0.0
98144,2,2,57,0.03508771929824561
93447,33,33,2467,0.013376570733684636
90749,6,6,421,0.014251781472684086
95035,7826,7873,59330,0.13190628687004888
93648,84,84,10584,0.007936507936507936
93383,1,1,169,0.005917159763313609
93110,1072,1078,13045,0.08217707934074359
91046,6,6,166,0.03614457831325301
95241,20,20,1406,0.01422475106685633
93021,2334,2342,31030,0.07521753142120528
94041,1707,1718,11200,0.1524107142857143
93765,0,0,3,0.0
96673,0,0,1,0.0
92510,0,0,2,0.0
95672,180,181,4485,0.04013377926421405
96803,0,0,1,0.0
90626,0,0,2,0.0
95917,29,29,2739,0.01058780576852866
95809,0,0,2,0.0
94269,0,0,1,0.0
97186,0,0,1,0.0
95912,49,49,4720,0.01038135593220339
92697,19,19,248,0.07661290322580645
95467,196,196,5659,0.03463509453967132
93450,5,5,523,0.009560229445506692
95271,0,0,1,0.0
92784,0,0,1,0.0
96093,44,44,4151,0.010599855456516502
90409,10,10,128,0.078125
99212,0,0,7,0.0
93615,17,17,3714,0.0045772751750134625
90207,0,0,1,0.0
91513,0,0,0,
92506,2092,2104,35698,0.05860272284161578
98418,0,0,7,0.0
90856,0,0,0,
95448,1130,1130,18505,0.06106457714131316
92108,1727,1733,18408,0.09381790525858323
94120,0,0,11,0.0
92011,2395,2396,19893,0.12039410848036998
92521,8,8,171,0.04678362573099415
95953,136,136,8728,0.015582034830430797
90839,0,0,0,
97267,1,1,21,0.047619047619047616
91222,1,1,84,0.011904761904761904
91345,644,660,15088,0.042682926829268296
95642,112,112,8180,0.013691931540342298
98213,0,0,2,0.0
94117,1899,1906,16114,0.11784783418145711
92257,12,12,1315,0.009125475285171103
95126,2407,2436,25443,0.09460362378650317
94082,0,0,1,0.0
95974,2,2,360,0.005555555555555556
95216,0,0,0,
98007,2,2,33,0.06060606060606061
93236,0,0,2,0.0
90060,1,1,110,0.00909090909090909
95600,0,0,0,
99019,0,0,13,0.0
90916,0,0,0,
96085,1,1,47,0.02127659574468085
92114,1429,1440,52572,0.027181769763372138
95927,20,20,2059,0.009713453132588635
92002,0,0,1,0.0
92362,0,0,1,0.0
92884,0,0,1,0.0
94410,0,0,3,0.0
92256,72,72,2775,0.025945945945945945
91015,0,0,0,
92827,0,0,2,0.0
90828,0,0,0,
99574,0,0,4,0.0
93755,7,7,405,0.01728395061728395
97127,0,0,2,0.0
92822,32,32,658,0.0486322188449848
94056,1,1,1,1.0
91236,0,0,2,0.0
95466,35,35,1344,0.026041666666666668
95560,27,27,1909,0.014143530644316397
96799,0,0,2,0.0
97403,1,1,13,0.07692307692307693
91024,917,923,8579,0.1068889147919338
93643,46,46,2636,0.017450682852807285
91306,1975,1995,33831,0.058378410333717594
90608,11,12,264,0.041666666666666664
90847,0,0,0,
93772,1,1,55,0.01818181818181818
94601,920,928,28529,0.032247888113849064
98002,1,1,18,0.05555555555555555
92834,12,13,419,0.028639618138424822
93402,674,675,12167,0.055395742582395005
92204,0,0,8,0.0
94094,0,0,1,0.0
96140,51,51,1285,0.03968871595330739
90363,0,0,1,0.0
98279,0,0,2,0.0
90051,6,6,136,0.04411764705882353
98629,0,0,5,0.0
94619,1481,1487,15839,0.0935033777384936
96155,6,6,648,0.009259259259259259
99176,0,0,1,0.0
99211,0,0,1,0.0
90005,1452,1464,18131,0.08008383431691578
90687,0,0,0,
99026,0,0,7,0.0
96534,0,0,6,0.0
94024,4414,4427,19054,0.23165739477275113
96039,2,2,851,0.0023501762632197414
97453,0,0,3,0.0
91362,3766,3783,32313,0.11654751957416519
95365,31,31,3249,0.009541397353031703
90887,0,0,0,
99559,0,0,1,0.0
90691,0,0,0,
97621,0,0,2,0.0
96665,0,0,3,0.0
93464,6,6,509,0.011787819253438114
94212,0,0,1,0.0
99119,0,0,2,0.0
93256,31,31,3931,0.007886034088018317
92154,2304,2313,73806,0.031216974229737418
92029,1768,1770,21117,0.08372401382772174
95611,7,7,513,0.01364522417153996
93131,0,0,1,0.0
94538,10704,10754,54928,0.1948732886688028
95327,68,68,5973,0.011384563870751716
93111,1084,1088,15488,0.0699896694214876
98123,0,0,1,0.0
93040,49,50,1859,0.026358257127487898
90025,3524,3546,27996,0.1258751250178597
98943,0,0,1,0.0
92730,0,0,1,0.0
98536,0,0,1,0.0
94283,0,0,120,0.0
98862,0,0,1,0.0
90410,0,0,1,0.0
93263,362,362,17902,0.020221204334711206
95052,11,11,266,0.041353383458646614
95645,16,16,1248,0.01282051282051282
90500,0,0,1,0.0
93275,2,2,1115,0.0017937219730941704
95100,0,0,19,0.0
92591,2348,2349,32768,0.0716552734375
98038,0,0,31,0.0
98107,1,1,43,0.023255813953488372
92242,3,3,605,0.0049586776859504135
90633,2,2,236,0.00847457627118644
99203,0,0,15,0.0
92906,0,0,1,0.0
92672,2450,2462,29186,0.08394435688343727
90263,12,12,249,0.04819277108433735
91416,12,12,278,0.04316546762589928
92162,0,0,1,0.0
93146,0,0,1,0.0
99999,0,0,3,0.0
90911,0,0,1,0.0
96701,1,1,31,0.03225806451612903
94074,11,11,209,0.05263157894736842
96749,1,1,28,0.03571428571428571
93284,0,0,1,0.0
92111,2051,2056,38150,0.05376146788990826
98391,4,4,64,0.0625
97388,0,0,3,0.0
98249,1,1,8,0.125
94452,1,1,1,1.0
98010,1,1,11,0.09090909090909091
90686,0,0,0,
95054,2777,2801,19314,0.14378171274722998
95036,17,17,462,0.0367965367965368
91233,0,0,2,0.0
93551,2431,2441,43044,0.056477093206951025
93007,4,4,247,0.016194331983805668
92333,18,18,437,0.041189931350114416
95454,28,28,2249,0.012449977767896843
93943,2,2,63,0.031746031746031744
91777,0,0,2,0.0
91743,3,3,109,0.027522935779816515
98668,0,0,1,0.0
90212,1468,1475,9230,0.1590465872156013
93715,0,0,41,0.0
93969,0,1,1,0.0
92692,4153,4190,38128,0.10892257658413765
93666,4,4,505,0.007920792079207921
98282,1,1,16,0.0625
91810,0,0,1,0.0
96319,0,0,5,0.0
97110,0,0,1,0.0
95301,583,583,29392,0.019835329341317365
92039,10,10,176,0.056818181818181816
92921,0,0,2,0.0
92469,0,0,1,0.0
93371,0,0,1,0.0
92404,695,701,38683,0.017966548613085852
95114,0,0,1,0.0
97205,1,1,20,0.05
91503,7,7,176,0.03977272727272727
93740,3,3,132,0.022727272727272728
90297,0,0,2,0.0
91344,4056,4107,42285,0.09592053919829727
92381,0,0,2,0.0
94194,0,0,1,0.0
95177,0,0,1,0.0
94819,0,0,2,0.0
95922,5,5,465,0.010752688172043012
92375,27,27,903,0.029900332225913623
92005,0,0,0,
95273,0,0,1,0.0
97759,1,1,18,0.05555555555555555
91126,1,1,14,0.07142857142857142
98610,0,0,2,0.0
90941,0,0,0,
90301,5800,5812,55531,0.10444616520502062
97009,0,0,7,0.0
99133,0,0,1,0.0
97133,0,0,1,0.0
98935,0,0,2,0.0
92400,0,0,3,0.0
91408,1,1,111,0.009009009009009009
96782,0,0,40,0.0
98926,0,0,10,0.0
90034,3192,3215,33592,0.09502262443438914
90014,442,443,3277,0.13487946292340555
96015,5,5,292,0.017123287671232876
96001,678,678,25342,0.026754005208744377
92871,7,7,345,0.020289855072463767
94556,1770,1778,12193,0.14516525875502337
95471,6,6,243,0.024691358024691357
91797,0,0,0,
94978,9,9,253,0.03557312252964427
98392,0,0,1,0.0
97695,0,0,1,0.0
96754,0,0,21,0.0
99664,1,1,5,0.2
95928,727,727,24084,0.03018601561202458
94617,0,0,1,0.0
91916,48,48,2455,0.019551934826883912
91080,0,0,1,0.0
98231,0,0,4,0.0
99661,0,0,1,0.0
92174,2,2,444,0.0045045045045045045
94932,0,0,1,0.0
98266,1,1,3,0.3333333333333333
90622,5,5,271,0.01845018450184502
95915,0,0,19,0.0
96091,3,3,819,0.003663003663003663
93992,0,0,1,0.0
92878,649,653,14584,0.04450082281952825
96104,2,2,668,0.0029940119760479044
91401,2586,2614,27705,0.09334055224688684
93116,7,7,415,0.016867469879518072
94576,10,10,142,0.07042253521126761
94944,0,0,1,0.0
90863,0,0,0,
96033,1,1,296,0.0033783783783783786
95318,12,12,403,0.02977667493796526
94066,2304,2311,32810,0.07022249314233465
90917,0,0,0,
98295,0,0,4,0.0
93719,0,0,1,0.0
95352,15,15,663,0.02262443438914027
93428,333,333,5858,0.05684533970638443
96069,17,17,698,0.024355300859598854
94076,0,0,3,0.0
91901,604,606,14250,0.0423859649122807
92811,3,3,121,0.024793388429752067
92049,6,6,228,0.02631578947368421
97218,0,0,10,0.0
91055,0,0,0,
90171,0,0,1,0.0
98139,0,0,3,0.0
95559,2,2,113,0.017699115044247787
98315,2,2,27,0.07407407407407407
92383,0,0,13,0.0
92770,0,0,0,
94134,1682,1693,23819,0.07061589487384021
95361,589,589,27433,0.021470491743520576
92442,0,0,1,0.0
95843,1655,1668,34544,0.04790991199629458
95354,335,335,17779,0.018842454581247538
92276,135,137,7345,0.018379850238257316
99115,0,0,2,0.0
92236,339,339,30512,0.011110382800209753
97426,0,0,4,0.0
91722,1126,1147,27062,0.041608159042199395
91946,4,4,352,0.011363636363636364
96311,0,0,2,0.0
94132,1349,1352,14049,0.09602106911523951
95203,159,159,9881,0.016091488715717032
92671,0,0,2,0.0
98133,3,3,66,0.045454545454545456
97027,0,0,7,0.0
98113,0,0,1,0.0
94389,0,0,1,0.0
98813,0,0,1,0.0
94704,405,409,5440,0.0744485294117647
94587,4739,4769,51383,0.09222894731720609
90002,396,410,29509,0.01341963468772239
93652,1,1,414,0.0024154589371980675
95818,1480,1485,15522,0.09534853755959284
94153,0,0,1,0.0
93132,0,0,1,0.0
94383,0,0,1,0.0
92129,4967,4988,41663,0.119218491227228
92595,1123,1123,27908,0.04023935789021069
91034,0,0,1,0.0
90739,0,0,0,
97146,0,0,8,0.0
93429,0,0,121,0.0
93662,249,249,22936,0.010856295779560517
95703,43,43,1758,0.024459613196814563
91391,0,0,1,0.0
94951,257,257,3936,0.06529471544715447
94104,127,128,1325,0.09584905660377359
95686,13,13,912,0.01425438596491228
96789,0,0,46,0.0
95616,2306,2315,26963,0.08552460779586842
93136,0,0,1,0.0
96572,0,0,1,0.0
92344,590,591,18043,0.03269966191874965
94091,0,0,1,0.0
97121,0,0,1,0.0
95519,561,561,14609,0.03840098569375043
95741,18,18,668,0.02694610778443114
94413,0,0,1,0.0
90632,6,6,288,0.020833333333333332
92843,1656,1695,33201,0.049878015722418
97420,0,0,31,0.0
90030,2,2,76,0.02631578947368421
92080,0,0,2,0.0
93472,0,0,1,0.0
90470,0,0,1,0.0
95205,327,329,27382,0.011942151778540647
95010,404,406,7640,0.05287958115183246
96649,0,0,9,0.0
91784,2191,2197,24157,0.09069834830483918
94023,42,42,392,0.10714285714285714
90735,0,0,1,0.0
93013,671,672,13597,0.04934912112966095
96379,2,2,13,0.15384615384615385
94516,21,21,196,0.10714285714285714
93455,1206,1206,37512,0.032149712092130515
92299,0,0,1,0.0
91831,0,0,1,0.0
94584,0,0,1,0.0
99181,0,0,1,0.0
94972,14,14,286,0.04895104895104895
90657,0,0,0,
98516,1,1,36,0.027777777777777776
94087,6304,6363,39507,0.15956665907307566
93142,0,0,2,0.0
91782,0,0,12,0.0
97016,0,0,5,0.0
93535,1060,1064,50007,0.021197032415461836
94804,1584,1601,30634,0.051707253378598945
95986,0,0,114,0.0
91026,0,0,0,
90728,1,1,2,0.5
92508,1906,1919,27161,0.07017414675453776
93108,1368,1371,9217,0.14842139524791148
93710,396,396,17516,0.022607901347339577
97389,0,0,2,0.0
98275,1,1,30,0.03333333333333333
92514,3,3,214,0.014018691588785047
95232,1,1,290,0.0034482758620689655
94535,65,65,1455,0.044673539518900345
97222,3,3,19,0.15789473684210525
99114,0,0,5,0.0
90998,0,0,0,
93762,0,0,1,0.0
99624,0,0,1,0.0
91713,1,1,1,1.0
94401,1512,1517,25305,0.05975103734439834
97330,2,2,52,0.038461538461538464
95573,30,30,1473,0.020366598778004074
92814,4,4,223,0.017937219730941704
91054,0,0,0,
93520,0,0,3,0.0
90821,0,0,0,
95426,47,47,1883,0.02496016994158258
95939,0,0,256,0.0
97324,0,0,1,0.0
93954,2,2,213,0.009389671361502348
97417,0,0,6,0.0
95202,137,138,4221,0.03245676380004738
98840,0,0,3,0.0
90441,0,0,1,0.0
92001,1,1,4,0.25
95966,233,234,22148,0.0105201372584432
92758,0,0,1,0.0
92804,2667,2724,57500,0.046382608695652174
94040,4106,4136,25371,0.16183831934097986
94004,2,2,2,1.0
93617,0,0,1,0.0
90772,0,0,0,
99516,0,0,11,0.0
97365,0,0,13,0.0
92683,4530,4623,69124,0.06553440194433192
91101,1297,1307,14164,0.09157017791584299
95504,0,0,1,0.0
90254,2101,2113,14424,0.14566001109262341
95683,354,356,5897,0.06003052399525182
96823,1,1,2,0.5
93711,1189,1190,29275,0.040614859094790776
93855,0,0,1,0.0
90846,0,0,0,
91930,0,0,2,0.0
95404,2266,2267,30674,0.07387363891243398
95473,26,26,865,0.03005780346820809
92879,1672,1686,35999,0.04644573460373899
95058,0,0,1,0.0
92107,1257,1259,19452,0.06462060456508328
94605,2000,2008,26935,0.07425283088917765
95910,1,1,95,0.010526315789473684
90791,0,0,0,
92617,840,907,5116,0.1641907740422205
99901,0,0,6,0.0
96728,0,0,2,0.0
95685,136,136,4813,0.02825680448784542
95459,26,26,519,0.05009633911368015
92262,1657,1659,19195,0.08632456368846053
91423,3025,3042,22339,0.1354134025694973
96622,0,0,1,0.0
94086,4305,4375,34196,0.1258919171832963
90671,0,0,1,0.0
93305,165,166,18234,0.009049029285949325
92815,9,9,439,0.02050113895216401
92848,0,0,4,0.0
90740,1536,1557,19883,0.07725192375396067
94121,2256,2264,20931,0.10778271463379677
91221,5,5,187,0.026737967914438502
95987,37,38,5545,0.006672678088367899
96144,0,0,1,0.0
92636,1,1,3,0.3333333333333333
96689,0,0,1,0.0
93604,13,13,517,0.025145067698259187
95307,646,647,34153,0.018914883026381283
94518,1232,1243,20374,0.06046922548345931
93295,0,0,2,0.0
94947,1389,1394,20405,0.06807155109041901
95825,803,811,19903,0.040345676531176204
94539,8551,8603,41768,0.20472610610994063
93701,58,59,5462,0.010618820944708897
93016,4,4,550,0.007272727272727273
98857,0,0,3,0.0
95156,4,4,460,0.008695652173913044
93001,1328,1333,26297,0.05050005704072708
92821,3287,3310,33491,0.09814577050550895
96814,6,6,43,0.13953488372093023
92769,0,0,2,0.0
92377,624,629,18441,0.033837644379372055
90981,0,0,0,
94952,2196,2197,28035,0.078330658105939
90699,0,0,0,
92060,13,13,470,0.027659574468085105
90443,0,0,1,0.0
90064,3192,3210,20044,0.15924965076830971
97322,0,0,27,0.0
92211,1456,1456,22287,0.06532956432000718
92086,33,34,1575,0.02095238095238095
94338,0,0,1,0.0
93102,9,9,466,0.019313304721030045
97630,0,0,11,0.0
91776,1992,2018,27141,0.07339449541284404
99505,0,0,3,0.0
99803,0,0,2,0.0
90842,0,0,1,0.0
93458,408,408,42900,0.00951048951048951
93941,0,0,8,0.0
90685,0,0,0,
94551,2248,2257,35454,0.06340610368364641
94059,0,0,1,0.0
93955,763,764,24946,0.030586065902349073
90773,0,0,0,
92092,59,59,825,0.07151515151515152
90312,0,0,1,0.0
94682,0,0,1,0.0
91935,524,525,8609,0.060866535021489136
95659,7,7,634,0.011041009463722398
90832,4,4,68,0.058823529411764705
90744,549,574,34951,0.015707705072816228
90068,2484,2501,15303,0.16232111350715547
95303,15,15,773,0.019404915912031046
91841,0,0,1,0.0
91706,1867,1913,55363,0.03372288351426043
90831,2,2,79,0.02531645569620253
95331,0,0,2,0.0
93424,118,118,1182,0.09983079526226735
95670,1915,1925,43188,0.04434102065388534
95851,4,4,247,0.016194331983805668
96143,42,42,2839,0.014793941528707291
90213,23,23,264,0.08712121212121213
95956,3,3,408,0.007352941176470588
91719,0,0,9,0.0
90019,2527,2549,36168,0.06986839194868392
96644,0,0,1,0.0
93063,3027,3047,46533,0.0650506092450519
95732,0,0,4,0.0
92078,3929,3939,38184,0.1028965011523151
95397,0,0,1,0.0
94901,2901,2912,33709,0.08606010264321101
94560,4491,4515,38230,0.11747318859534397
98103,7,7,94,0.07446808510638298
96260,0,0,5,0.0
96791,0,0,9,0.0
92119,1107,1107,18661,0.05932157976528589
99006,1,1,9,0.1111111111111111
95002,115,117,1645,0.06990881458966565
97385,0,0,3,0.0
93650,99,99,2783,0.03557312252964427
95858,0,0,2,0.0
93514,232,232,13487,0.017201749833172686
96073,101,101,4449,0.022701730726005846
95122,1575,1608,40611,0.03878259584841545
91837,0,0,1,0.0
98385,0,0,1,0.0
92886,5068,5119,41497,0.12212931055257006
92282,26,26,864,0.03009259259259259
98201,0,0,29,0.0
92330,0,0,19,0.0
95937,11,11,1299,0.008468052347959968
95981,0,0,58,0.0
93052,0,0,1,0.0
98333,0,0,11,0.0
91796,0,0,1,0.0
92891,0,0,1,0.0
95543,14,14,617,0.022690437601296597
93793,0,0,41,0.0
95850,1,1,1,1.0
99654,0,0,7,0.0
98336,0,0,1,0.0
94404,3735,3757,26685,0.1399662731871838
95170,6,6,82,0.07317073170731707
90088,0,0,2,0.0
91690,0,0,1,0.0
93100,0,0,8,0.0
92583,400,400,22269,0.017962189590911132
97437,0,0,2,0.0
91744,1866,1905,60070,0.031063758947894125
96730,0,0,2,0.0
92387,0,0,3,0.0
90896,0,0,0,
95117,1637,1665,20931,0.07820935454588887
93028,0,0,1,0.0
93444,945,945,20228,0.04671742139608463
92752,0,0,2,0.0
95872,0,0,1,0.0
90305,637,642,9865,0.06457171819564116
90267,17,17,271,0.06273062730627306
92076,0,0,3,0.0
98944,0,0,9,0.0
93851,0,0,1,0.0
91718,0,0,4,0.0
95980,0,0,15,0.0
92224,0,0,4,0.0
95532,0,0,5,0.0
96931,1,1,4,0.25
98001,0,0,19,0.0
96111,0,0,67,0.0
93718,1,1,19,0.05263157894736842
92250,38,38,7845,0.004843849585723391
96793,0,0,35,0.0
93651,27,27,1559,0.01731879409878127
95308,0,0,1,0.0
92847,0,0,2,0.0
99352,1,1,19,0.05263157894736842
95700,0,0,0,
93265,80,80,3500,0.022857142857142857
98528,0,0,4,0.0
90180,0,0,1,0.0
90756,0,0,1,0.0
91209,11,11,282,0.03900709219858156
93449,588,588,7110,0.08270042194092828
96161,944,945,13754,0.06863457903155445
90148,1,1,1,1.0
91350,3663,3681,33815,0.10832470796983587
98446,0,0,9,0.0
96032,16,16,2360,0.006779661016949152
91105,1655,1664,10459,0.1582369251362463
92248,15,15,839,0.017878426698450536
91604,3618,3636,21536,0.16799777117384845
95503,523,523,18783,0.027844327317254964
98244,0,0,2,0.0
95950,3,3,441,0.006802721088435374
90891,0,0,0,
91402,1487,1518,43618,0.03409143014351873
95476,1820,1822,27655,0.06581088410775628
90506,2,2,45,0.044444444444444446
92645,1,1,1,1.0
93531,26,26,546,0.047619047619047616
93560,361,362,15723,0.022959994911912484
90979,0,0,0,
91052,0,0,0,
92866,528,545,10322,0.0511528773493509
98404,1,1,20,0.05
98065,3,3,13,0.23076923076923078
95690,55,55,2016,0.027281746031746032
91057,0,0,0,
92559,0,0,2,0.0
90049,5044,5066,24854,0.20294519996781202
95958,0,0,76,0.0
97446,0,0,1,0.0
99301,0,0,26,0.0
90145,0,0,1,0.0
90121,0,0,1,0.0
92676,169,169,1868,0.0904710920770878
95310,38,38,2300,0.01652173913043478
92543,428,430,24799,0.017258760433888465
91056,0,0,0,
90870,0,0,0,
95437,318,318,13127,0.024224880018282928
93445,122,122,5078,0.024025206774320598
92872,1,1,4,0.25
92838,0,0,131,0.0
96815,4,4,77,0.05194805194805195
90722,0,0,1,0.0
90090,0,0,0,
90850,0,0,1,0.0
90683,0,0,0,
90938,0,0,0,
99260,0,0,1,0.0
95823,1078,1088,49322,0.021856372409877946
94976,9,9,192,0.046875
95949,473,474,18222,0.02595763362967841
95916,4,4,562,0.0071174377224199285
97106,0,0,4,0.0
98837,0,0,13,0.0
95211,5,5,61,0.08196721311475409
92284,412,412,16876,0.02441336809670538
97541,0,0,8,0.0
90802,1478,1492,21093,0.07007063954866544
98019,0,0,6,0.0
92087,0,0,3,0.0
98354,0,0,4,0.0
90736,0,0,1,0.0
93686,0,0,2,0.0
94335,0,0,1,0.0
91093,0,0,1,0.0
95496,0,0,1,0.0
93310,0,0,1,0.0
95342,0,0,5,0.0
90402,1744,1758,7799,0.2236184126170022
93466,0,0,1,0.0
95738,0,0,1,0.0
93304,288,289,28249,0.010195051152253177
95409,1517,1517,21276,0.07130099642789998
92388,0,0,10,0.0
92991,0,0,1,0.0
92538,0,0,2,0.0
92275,6,6,2009,0.0029865604778496766
95129,4070,4118,28347,0.1435778036476523
93546,173,173,8562,0.020205559448726932
92589,35,35,1199,0.029190992493744787
91003,5,5,151,0.033112582781456956
91403,2771,2794,17836,0.15535994617627272
95411,0,0,1,0.0
93519,1,1,44,0.022727272727272728
92365,12,12,1332,0.009009009009009009
90994,0,0,0,
97018,0,0,1,0.0
98118,5,5,65,0.07692307692307693
95546,10,10,2028,0.004930966469428008
92509,1656,1677,62224,0.026613525327847776
97633,0,0,9,0.0
93267,32,32,4259,0.0075135008217891526
91351,1493,1499,26448,0.05645039322444041
95320,183,183,10689,0.017120404153802976
91780,2635,2671,26858,0.09810857100305309
97049,0,0,1,0.0
95930,1,1,276,0.0036231884057971015
93627,0,0,148,0.0
96734,8,8,159,0.050314465408805034
90009,21,21,821,0.025578562728380026
99835,0,0,10,0.0
90885,0,0,0,
92696,0,0,1,0.0
97844,0,0,1,0.0
92561,66,66,1407,0.046908315565031986
99208,0,0,37,0.0
91305,1,1,62,0.016129032258064516
90320,0,0,3,0.0
94304,410,411,2361,0.17365523083439222
99223,0,0,20,0.0
93053,0,0,1,0.0
91117,3,3,178,0.016853932584269662
90022,618,630,40038,0.015435336430391128
94925,1091,1096,7764,0.14052035033487892
94118,2131,2140,18955,0.11242416249010816
95309,3,3,261,0.011494252873563218
95678,1468,1470,33015,0.04446463728608208
90225,0,0,1,0.0
93118,3,3,200,0.015
94143,6,6,119,0.05042016806722689
93844,0,0,0,
93203,114,114,13247,0.008605722050275533
94060,36,36,1372,0.026239067055393587
90258,0,0,1,0.0
94615,0,0,17,0.0
90893,0,0,0,
97147,0,0,1,0.0
95591,0,0,1,0.0
90045,16532,16562,94383,0.1751586620471907
96740,12,12,127,0.09448818897637795
91412,3,3,178,0.016853932584269662
92126,4398,4417,57482,0.07651090776242998
93960,217,217,15614,0.013897784039964134
95944,0,0,79,0.0
91754,2060,2091,25033,0.08229137538449247
91134,0,0,1,0.0
90605,941,953,29957,0.03141169008912775
90059,443,454,24701,0.017934496579085867
92590,302,304,5185,0.05824493731918997
94606,1000,1019,19673,0.05083108829360036
92537,0,0,0,
98042,0,0,34,0.0
93349,0,0,1,0.0
90024,2780,2800,17073,0.16283019973056873
95453,178,178,11471,0.01551739168337547
97206,2,2,45,0.044444444444444446
94214,2,2,2,1.0
95699,3,3,129,0.023255813953488372
90054,3,3,348,0.008620689655172414
95606,10,10,354,0.02824858757062147
92728,20,20,403,0.04962779156327544
94513,4119,4128,53833,0.07651440566195457
99929,0,0,1,0.0
96860,0,0,2,0.0
90855,0,0,0,
92168,11,11,292,0.03767123287671233
92149,2,2,185,0.010810810810810811
92338,0,0,13,0.0
93435,1,1,38,0.02631578947368421
98501,3,3,30,0.1
91335,2759,2791,52935,0.05212052517238122
93307,476,476,54131,0.008793482477693003
98248,1,1,10,0.1
92045,0,0,3,0.0
94581,14,14,494,0.02834008097165992
97224,3,3,36,0.08333333333333333
92357,0,0,4,0.0
92932,0,0,1,0.0
92505,1145,1157,35388,0.03235560076862213
92930,0,0,2,0.0
98290,0,0,208,0.0
94016,0,0,39,0.0
97131,0,0,2,0.0
93668,6,6,843,0.0071174377224199285
96694,0,0,2,0.0
97212,0,0,29,0.0
92161,0,0,2,0.0
94188,17,17,428,0.0397196261682243
92030,13,13,536,0.024253731343283583
90504,1669,1699,24697,0.06757905818520468
94805,698,703,10401,0.06710893183347755
94592,97,97,821,0.11814859926918392
90028,1604,1625,16535,0.09700635016631388
95113,280,285,1699,0.164802825191289
90072,0,0,25,0.0
93060,636,636,26643,0.023871185677288593
97221,1,1,15,0.06666666666666667
92116,1561,1565,22212,0.07027732757068252
95677,1418,1420,24314,0.05832030928683063
92497,0,0,2,0.0
91933,5,5,422,0.011848341232227487
98847,0,0,2,0.0
92539,50,50,3291,0.015192950470981464
91642,0,0,1,0.0
98402,3,3,29,0.10344827586206896
95641,29,29,1561,0.018577834721332478
92816,7,7,165,0.04242424242424243
97477,0,0,23,0.0
92314,117,117,7031,0.01664059166548144
91691,0,0,1,0.0
92056,2477,2487,43328,0.05716857459379616
90834,0,0,0,
96771,0,0,5,0.0
93367,0,0,1,0.0
93526,9,9,789,0.011406844106463879
90601,1286,1308,24377,0.052754645772654554
90243,0,0,1,0.0
95798,3,3,227,0.013215859030837005
91180,0,0,1,0.0
99339,1,1,1,1.0
92339,25,25,892,0.028026905829596414
97862,0,0,6,0.0
95432,16,16,394,0.04060913705583756
94578,1259,1270,26148,0.04814899801132018
91769,7,7,799,0.008760951188986232
93670,0,0,108,0.0
92310,93,93,2282,0.04075372480280456
96067,158,158,7866,0.02008644800406814
98272,0,0,13,0.0
93584,2,2,232,0.008620689655172414
94140,3,3,157,0.01910828025477707
97496,0,0,6,0.0
94803,1405,1414,20155,0.06970974944182586
92267,2,2,82,0.024390243902439025
98087,1,1,41,0.024390243902439025
96517,1,1,4,0.25
94923,120,121,1570,0.07643312101910828
90882,0,0,0,
94512,2,2,109,0.01834862385321101
94553,2343,2362,40780,0.057454634624816085
96773,0,0,1,0.0
90077,1674,1683,6987,0.23958780592528983
93675,37,37,2830,0.013074204946996466
98004,22,22,138,0.15942028985507245
90829,0,0,0,
92641,1,1,3,0.3333333333333333
95562,32,32,2630,0.012167300380228136
95972,1,1,145,0.006896551724137931
91031,23,25,423,0.054373522458628844
92360,0,0,2,0.0
90889,0,0,0,
93309,649,649,36364,0.017847321526784733
92666,0,0,19,0.0
98053,3,3,26,0.11538461538461539
92380,0,0,0,
94440,0,0,1,0.0
94373,0,0,2,0.0
92065,1239,1240,32223,0.038450796015268594
91300,0,0,4,0.0
91789,4620,4656,34712,0.13309518322194053
92535,0,0,3,0.0
96733,0,0,4,0.0
96765,0,0,1,0.0
91774,0,0,2,0.0
90293,1008,1018,8505,0.11851851851851852
99362,1,1,24,0.041666666666666664
94625,0,0,3,0.0
92502,26,38,456,0.05701754385964912
93515,5,5,725,0.006896551724137931
97499,0,0,1,0.0
92504,1514,1530,44552,0.033982761716645715
91515,0,0,1,0.0
95007,22,22,512,0.04296875
99224,1,1,21,0.047619047619047616
90785,0,0,0,
98253,0,0,4,0.0
92397,151,151,4246,0.03556288271314178
95251,5,5,716,0.006983240223463687
97458,0,0,1,0.0
93612,397,397,22801,0.01741151703872637
98684,2,2,26,0.07692307692307693
96820,0,0,1,0.0
96168,0,0,1,0.0
92205,0,0,1,0.0
97498,0,0,8,0.0
98072,3,3,41,0.07317073170731707
93303,8,8,388,0.020618556701030927
96705,0,0,2,0.0
98444,0,0,23,0.0
94913,17,17,350,0.04857142857142857
92670,0,0,13,0.0
97113,0,0,7,0.0
92328,1,1,196,0.00510204081632653
93446,1194,1194,38279,0.031192037409545705
95219,1262,1262,21429,0.05889215549022353
92741,0,0,1,0.0
98831,0,0,1,0.0
94937,126,126,964,0.13070539419087138
94958,0,0,1,0.0
92813,0,0,1,0.0
97490,0,0,0,
96609,0,0,1,0.0
91675,0,0,1,0.0
97371,0,0,0,
97203,0,0,29,0.0
92577,0,0,3,0.0
97447,0,0,1,0.0
97140,1,1,18,0.05555555555555555
90964,0,0,0,
92767,0,0,1,0.0
91976,2,2,186,0.010752688172043012
92193,6,6,311,0.01929260450160772
99518,2,2,7,0.2857142857142857
92910,0,0,0,
90701,628,636,11150,0.05632286995515695
95651,26,26,828,0.03140096618357488
92278,4,4,253,0.015810276679841896
97523,0,0,18,0.0
90860,0,0,1,0.0
96266,0,0,6,0.0
96540,1,1,1,1.0
90018,1130,1145,28721,0.03934403398210369
93168,0,0,0,
90824,0,0,0,
99615,0,0,11,0.0
90868,0,0,0,
90665,0,0,0,
91736,0,0,4,0.0
92105,1495,1504,46747,0.03198066186065416
95757,4170,4184,42698,0.09766265398847722
98555,0,0,1,0.0
95873,0,0,1,0.0
96950,0,0,1,0.0
91058,0,0,0,
92669,0,0,3,0.0
90840,1,1,74,0.013513513513513514
94090,0,0,1,0.0
91711,2454,2460,24569,0.09988196507794375
97306,1,1,26,0.038461538461538464
98011,3,3,36,0.08333333333333333
90811,0,0,1,0.0
92849,0,0,1,0.0
95629,24,24,1258,0.019077901430842606
95325,1,1,142,0.007042253521126761
94549,3582,3593,22979,0.15588145698246225
95152,13,13,307,0.04234527687296417
92244,11,11,1492,0.007372654155495978
94713,0,0,1,0.0
96434,0,0,1,0.0
92208,0,0,1,0.0
91314,0,0,1,0.0
93720,1614,1615,33423,0.04829009963198995
93903,0,0,2,0.0
97331,0,0,2,0.0
93006,12,12,644,0.018633540372670808
93201,1,1,708,0.0014124293785310734
93251,0,0,221,0.0
91607,2108,2119,20076,0.10500099621438534
92321,26,26,1049,0.02478551000953289
92170,2,3,485,0.004123711340206186
94239,0,0,2,0.0
90012,2202,2219,25483,0.08641054820860966
90231,13,13,312,0.041666666666666664
93401,2058,2058,25094,0.08201163624770862
98178,0,0,16,0.0
96095,0,0,10,0.0
92501,553,559,15555,0.03555126968820315
98580,0,0,6,0.0
96792,0,0,30,0.0
97423,0,0,7,0.0
91614,9,9,197,0.04568527918781726
96103,12,12,1816,0.006607929515418502
94928,1490,1493,36748,0.04054642429519974
90202,0,0,178,0.0
93729,17,17,974,0.017453798767967144
90008,1248,1258,17762,0.07026235784258529
95630,6075,6096,62390,0.09737137361756691
90244,0,0,2,0.0
95775,1,1,1,1.0
92254,52,52,8628,0.00602688919796013
92044,0,0,2,0.0
90814,961,965,12134,0.07919894511290589
90442,0,0,1,0.0
93516,26,26,1275,0.0203921568627451
93226,1,1,223,0.004484304932735426
95739,0,0,1,0.0
90859,0,0,0,
97635,0,0,79,0.0
95746,1940,1946,19966,0.09716518080737253
95852,8,8,257,0.0311284046692607
94007,0,0,1,0.0
95752,0,0,1,0.0
97636,0,0,1,0.0
96632,0,0,10,0.0
96022,173,174,12976,0.013332305795314426
93227,2,2,452,0.004424778761061947
97269,0,0,26,0.0
93641,5,5,303,0.0165016501650165
90684,0,0,1,0.0
93747,8,8,425,0.018823529411764704
93030,998,1003,43334,0.023030414916693588
94813,0,0,1,0.0
92124,1546,1551,18350,0.08425068119891008
93107,0,0,23,0.0
90822,0,0,9,0.0
90013,619,626,4383,0.1412274697695642
95213,12,12,546,0.02197802197802198
91950,843,850,42528,0.019822234762979684
95153,17,18,423,0.04018912529550828
91725,0,0,3,0.0
90752,0,0,1,0.0
90316,0,0,1,0.0
90781,0,0,0,
97639,0,0,2,0.0
92026,2276,2285,41311,0.055094284815182394
97444,0,0,15,0.0
94532,0,0,1,0.0
91007,2682,2706,22425,0.11959866220735786
96746,1,1,40,0.025
91321,1384,1396,25169,0.05498827923238905
98148,0,0,6,0.0
97213,2,2,32,0.0625
95451,176,176,11679,0.015069783371864029
90955,0,0,0,
94545,1765,1778,28168,0.06265975575120704
95620,736,737,19749,0.03726770975745607
95326,225,225,8550,0.02631578947368421
95579,0,0,1,0.0
92413,4,4,372,0.010752688172043012
90806,1018,1035,25895,0.0393126086117011
90203,0,0,5,0.0
91729,33,34,1280,0.02578125
99669,0,0,9,0.0
90230,2074,2088,21618,0.0959385697104265
95592,0,0,1,0.0
94920,1909,1915,10184,0.18745090337784762
96541,0,0,1,0.0
92546,7,7,595,0.011764705882352941
98596,0,1,6,0.0
92191,5,5,76,0.06578947368421052
93506,0,0,3,0.0
94998,0,0,1,0.0
92101,3860,3923,39024,0.09891348913489136
92390,0,0,1,0.0
95209,1111,1114,31040,0.035792525773195874
96767,0,0,1,0.0
98014,0,0,4,0.0
96683,0,0,2,0.0
91919,0,0,1,0.0
92040,1050,1051,34848,0.030130853994490357
97486,0,0,3,0.0
91911,1729,1733,69219,0.024978690821884166
90809,5,7,390,0.01282051282051282
99328,0,0,4,0.0
95419,14,14,307,0.04560260586319218
94160,0,0,1,0.0
90725,0,0,6,0.0
95734,0,0,3,0.0
98077,1,1,11,0.09090909090909091
92372,103,103,4424,0.02328209764918626
91997,0,0,2,0.0
92290,0,0,1,0.0
99214,0,0,1,0.0
95968,6,6,1556,0.0038560411311053984
97627,0,0,0,
93015,509,509,15536,0.032762615859938206
98003,0,0,37,0.0
95693,291,293,6769,0.04299010193529325
91343,2339,2366,42049,0.05562557968084853
95842,629,642,21620,0.029093432007400555
90404,1361,1380,14003,0.09719345854459759
97075,0,0,2,0.0
95893,0,0,1,0.0
92066,3,3,484,0.006198347107438017
93539,5,5,1189,0.004205214465937763
97132,1,1,23,0.043478260869565216
90721,0,0,14,0.0
92868,1082,1116,20743,0.05216217519163091
93524,1,1,116,0.008620689655172414
94554,0,0,2,0.0
90888,0,0,0,
90290,782,786,4826,0.1620389556568587
97114,0,0,1,0.0
96678,0,0,2,0.0
93105,1721,1730,19623,0.08770320542220864
92225,87,87,10104,0.0086104513064133
96071,0,0,114,0.0
93735,0,0,1,0.0
92644,0,0,3,0.0
92179,0,0,21,0.0
91980,14,14,3837,0.0036486838676048996
92036,108,108,4543,0.023772837332159368
93624,2,3,611,0.0032733224222585926
95589,19,19,1228,0.015472312703583062
92718,0,0,1,0.0
95868,0,0,1,0.0
95413,1,1,8,0.125
98092,3,3,36,0.08333333333333333
92283,2,2,815,0.00245398773006135
95332,0,0,1,0.0
95306,19,19,1132,0.01678445229681979
92566,0,0,1,0.0
98546,0,0,3,0.0
93639,7,7,573,0.012216404886561954
98073,0,0,1,0.0
94044,2401,2403,29224,0.08215849986312619
97414,0,0,2,0.0
97377,0,0,1,0.0
92169,15,15,564,0.026595744680851064
93014,8,8,600,0.013333333333333334
98292,0,0,20,0.0
98183,0,0,1,0.0
92393,13,13,1624,0.008004926108374385
91710,3844,3886,64971,0.05916485816749011
94510,1609,1615,23663,0.06799645015424925
93522,1,1,49,0.02040816326530612
90803,2128,2151,22082,0.09636808260121366
97141,0,0,5,0.0
92134,2,2,88,0.022727272727272728
97634,0,0,4,0.0
93586,0,0,9,0.0
98930,0,0,4,0.0
96436,0,0,1,0.0
96752,0,0,6,0.0
92428,0,0,1,0.0
92023,35,35,921,0.038002171552660155
92599,0,0,7,0.0
95895,0,0,0,
98632,0,0,19,0.0
96779,0,0,14,0.0
94586,81,81,975,0.08307692307692308
93707,0,0,47,0.0
92750,0,0,2,0.0
95082,0,0,0,
94254,0,0,1,0.0
97623,1,1,4,0.25
99185,0,0,1,0.0
95637,13,13,322,0.040372670807453416
92012,0,0,4,0.0
95897,0,0,1,0.0
95057,0,0,2,0.0
98645,0,0,0,
92837,6,6,209,0.028708133971291867
93009,0,0,24,0.0
92854,0,0,1,0.0
98324,0,0,3,0.0
91311,3034,3069,32177,0.0942909531653044
93270,36,36,4424,0.0081374321880651
92680,0,0,37,0.0
96058,3,3,606,0.0049504950495049506
92820,0,0,1,0.0
95528,16,16,897,0.017837235228539576
93923,1060,1060,10013,0.10586237890742035
95123,4585,4643,49542,0.09254773727342457
96704,1,1,26,0.038461538461538464
92217,0,0,1,0.0
97333,1,1,21,0.047619047619047616
90709,0,0,2,0.0
92826,0,0,2,0.0
96783,0,0,0,
94002,3272,3282,21671,0.15098518757786905
95355,1304,1305,42461,0.030710534372718496
91572,0,0,1,0.0
95333,17,17,2221,0.00765420981539847
92260,1232,1233,23123,0.05328028370021191
92705,3528,3583,39379,0.08959089870235405
96124,2,2,421,0.004750593824228029
90700,0,0,2,0.0
95400,0,0,1,0.0
92569,0,0,2,0.0
90697,0,0,0,
94612,853,865,9114,0.09359227561992539
96003,630,630,32946,0.019122199963576763
93427,280,280,5692,0.049191848208011243
90656,0,0,0,
95015,36,37,495,0.07272727272727272
95941,6,6,352,0.017045454545454544
92553,973,976,50267,0.019356635566077147
90240,1184,1192,19637,0.0602943423129806
91395,0,0,67,0.0
93591,81,82,5056,0.016020569620253163
96129,3,3,253,0.011857707509881422
94203,2,2,7,0.2857142857142857
92948,0,0,1,0.0
92252,156,158,5223,0.02986789201608271
95538,1,1,12,0.08333333333333333
91116,9,9,73,0.1232876712328767
90062,546,556,19620,0.02782874617737003
98030,0,0,13,0.0
93217,0,0,3,0.0
93737,305,305,5991,0.050909697880153565
94573,38,38,544,0.06985294117647059
92121,682,683,7070,0.09646393210749646
95001,58,58,1073,0.05405405405405406
90405,2612,2634,18444,0.14161787031012796
93213,0,0,1,0.0
90879,0,0,0,
97136,0,0,5,0.0
95338,166,166,11697,0.014191673078567155
93550,1111,1118,52044,0.02134732149719468
95664,52,52,1328,0.0391566265060241
95534,0,0,244,0.0
90537,0,0,1,0.0
96490,0,0,1,0.0
91066,21,21,381,0.05511811023622047
90702,3,3,179,0.01675977653631285
91242,0,0,3,0.0
95567,19,19,1725,0.011014492753623189
98257,0,0,8,0.0
95633,50,51,2983,0.016761649346295676
92467,0,0,1,0.0
97488,0,0,1,0.0
96116,0,0,194,0.0
93510,314,315,6845,0.04587289992695398
92075,1282,1282,10357,0.12378101766920924
91175,0,0,1,0.0
92144,0,0,1,0.0
93727,1623,1624,58261,0.027857400319253017
91637,0,0,2,0.0
94613,1,1,60,0.016666666666666666
92306,0,0,3,0.0
94146,2,2,72,0.027777777777777776
96453,0,0,1,0.0
97502,0,0,49,0.0
92151,0,0,1,0.0
96028,8,8,1191,0.006717044500419815
95691,1662,1683,29852,0.055674661664210104
93031,12,12,1390,0.008633093525179856
99036,0,0,1,0.0
98310,1,1,33,0.030303030303030304
96717,0,0,9,0.0
91702,1920,1945,42508,0.04516796838242213
98032,1,1,57,0.017543859649122806
98439,0,0,16,0.0
98807,0,0,1,0.0
93933,1081,1082,19418,0.055669996910083425
96064,25,25,4201,0.005950964056177101
93552,885,894,30433,0.029080274701803962
91372,23,23,217,0.10599078341013825
99001,0,0,7,0.0
96136,0,0,103,0.0
95255,10,10,2075,0.004819277108433735
90039,2122,2134,19541,0.10859219077836343
90923,0,0,0,
96741,1,1,22,0.045454545454545456
95043,11,11,487,0.022587268993839837
95047,0,0,1,0.0
95160,12,14,282,0.0425531914893617
98338,1,1,15,0.06666666666666667
92100,0,0,43,0.0
91703,0,0,4,0.0
95223,93,93,4947,0.01879927228623408
95940,0,0,23,0.0
91742,0,0,1,0.0
91226,6,6,175,0.03428571428571429
93567,0,0,2,0.0
95540,222,222,11599,0.019139580998361928
95493,4,4,229,0.017467248908296942
90546,0,0,1,0.0
90021,311,316,2836,0.10966149506346967
90086,6,6,140,0.04285714285714286
90777,0,0,1,0.0
92565,0,0,3,0.0
90063,998,1003,39349,0.025362779232000813
92137,5,5,187,0.026737967914438502
96043,0,0,1,0.0
98056,3,3,47,0.06382978723404255
95367,446,446,19133,0.0233105106360738
91785,11,11,719,0.015299026425591099
93433,354,354,9860,0.0359026369168357
95155,7,7,176,0.03977272727272727
99840,0,0,1,0.0
96776,1,1,1,1.0
92500,0,0,9,0.0
92689,0,0,5,0.0
95665,56,56,4986,0.011231448054552748
90047,1100,1118,31472,0.034951703101169296
98801,0,0,16,0.0
96099,14,14,927,0.015102481121898598
95139,558,561,5203,0.10724581971939266
98075,6,6,37,0.16216216216216217
94537,11,11,510,0.021568627450980392
90065,2488,2506,29842,0.08337242812143958
91104,2066,2082,24009,0.08605106418426424
98005,8,8,50,0.16
91834,0,0,1,0.0
99037,0,0,13,0.0
91413,32,34,490,0.0653061224489796
95041,26,26,465,0.05591397849462366
98119,8,8,70,0.11428571428571428
92574,0,0,1,0.0
95469,22,22,1798,0.012235817575083427
99320,0,0,1,0.0
98635,0,0,1,0.0
94105,1170,1173,5630,0.20781527531083482
97078,0,0,7,0.0
94658,0,0,1,0.0
94017,5,5,310,0.016129032258064516
91534,0,0,1,0.0
95832,184,188,7420,0.024797843665768194
91001,2789,2808,27340,0.10201170446232626
91208,1599,1607,12883,0.124117053481332
94106,0,0,0,
91649,0,0,1,0.0
92398,16,16,905,0.017679558011049725
95267,8,8,484,0.01652892561983471
90239,9,9,242,0.0371900826446281
93292,617,618,32521,0.018972356323606287
98074,3,3,35,0.08571428571428572
98271,1,1,19,0.05263157894736842
94503,1160,1163,18412,0.06300238974581794
95615,11,11,772,0.014248704663212436
93925,13,13,1343,0.00967982129560685
95250,0,0,2,0.0
93944,6,6,225,0.02666666666666667
92374,1451,1455,30908,0.04694577455674906
95417,0,0,143,0.0
98548,0,0,4,0.0
95653,0,0,466,0.0
95889,0,0,1,0.0
93996,0,0,1,0.0
91424,1,1,1,1.0
98062,1,1,1,1.0
99801,1,1,28,0.03571428571428571
92064,4199,4204,42577,0.0986213213706931
95847,0,0,3,0.0
98406,0,0,18,0.0
95531,183,183,16141,0.01133758751006753
95604,28,28,1903,0.014713610089332634
91091,0,0,1,0.0
93600,0,0,1,0.0
92178,14,14,513,0.02729044834307992
98108,0,0,17,0.0
95838,552,557,27254,0.02025390768327585
91370,0,0,1,0.0
93483,15,15,535,0.028037383177570093
95269,10,10,837,0.011947431302270013
96044,6,6,908,0.006607929515418502
91010,966,981,19406,0.04977841904565598
99644,0,0,1,0.0
93314,1162,1163,27894,0.041657704165770415
91752,1682,1695,31410,0.05354982489652977
90004,2241,2263,31005,0.07227866473149493
96075,3,3,194,0.015463917525773196
92311,254,255,18539,0.013700846863369113
95358,323,324,25344,0.012744633838383838
90408,6,6,98,0.061224489795918366
90007,571,579,15287,0.03735199843003859
97846,0,0,1,0.0
95222,107,107,4685,0.022838847385272146
92842,15,16,717,0.02092050209205021
91211,0,0,1,0.0
97348,0,0,2,0.0
95657,0,0,2,0.0
92391,36,37,1659,0.0216998191681736
94823,0,0,3,0.0
90854,0,0,0,
93794,4,4,223,0.017937219730941704
96826,1,1,21,0.047619047619047616
93240,45,45,4242,0.010608203677510608
95643,0,0,3,0.0
90224,3,3,277,0.010830324909747292
95362,0,0,3,0.0
90066,4638,4662,36461,0.1272044101917117
99217,0,0,8,0.0
94036,0,0,27,0.0
97030,0,0,27,0.0
93599,11,11,170,0.06470588235294118
93723,510,510,10982,0.04643962848297214
94536,6011,6052,48891,0.12294696365384222
95688,1373,1376,32709,0.041976214497538904
90228,0,0,1,0.0
90765,0,0,0,
95132,3075,3112,31123,0.09880152941554478
90099,0,0,2,0.0
96063,1,1,94,0.010638297872340425
90872,0,0,0,
92681,0,0,1,0.0
92083,875,884,28811,0.030370344660025684
93215,324,324,30684,0.010559249120062574
90291,2360,2381,16191,0.14575999011796678
92099,0,0,2,0.0
94477,0,0,1,0.0
95676,2,2,380,0.005263157894736842
93716,0,0,23,0.0
92790,0,0,1,0.0
95681,14,14,1169,0.011976047904191617
99153,0,0,1,0.0
98537,0,0,1,0.0
90649,0,0,0,
95385,2,2,256,0.0078125
93443,13,13,577,0.022530329289428077
90249,905,919,20550,0.04403892944038929
95121,2456,2484,29167,0.08420475194569205
95621,795,806,30141,0.026376032646561163
91934,13,13,829,0.015681544028950542
93011,32,32,1018,0.03143418467583497
96377,1,1,14,0.07142857142857142
93663,0,0,1,0.0
98206,0,0,2,0.0
95806,0,0,3,0.0
98046,0,0,41,0.0
92808,2160,2175,16256,0.1328740157480315
93384,10,10,1003,0.009970089730807577
95715,2,2,86,0.023255813953488372
90032,1235,1257,27451,0.044989253579104584
92195,8,8,343,0.023323615160349854
90271,0,0,2,0.0
92106,1293,1298,14786,0.08744758555390234
90910,0,0,0,
90760,0,0,1,0.0
94402,2818,2822,21401,0.131676089902341
90710,925,945,18939,0.04884101589313058
93380,8,8,1501,0.005329780146568954
90913,0,0,0,
98663,1,1,13,0.07692307692307693
93421,22,22,891,0.024691358024691357
93928,3,3,117,0.02564102564102564
96045,0,0,1,0.0
92315,110,110,5443,0.020209443321697593
95130,1205,1226,9877,0.12200060747190443
98589,0,0,5,0.0
95551,24,24,1318,0.018209408194233688
98850,0,0,2,0.0
97002,0,0,6,0.0
97436,0,0,4,0.0
95029,0,0,1,0.0
93523,65,65,1285,0.05058365758754864
95018,377,379,6564,0.057434491163924434
90406,17,17,294,0.05782312925170068
94960,1616,1619,11716,0.13793103448275862
97308,0,0,2,0.0
99216,1,1,12,0.08333333333333333
91551,0,0,1,0.0
91756,1,1,5,0.2
95427,12,12,433,0.02771362586605081
95527,4,4,276,0.014492753623188406
92323,0,0,19,0.0
92443,0,0,3,0.0
98576,1,1,5,0.2
96682,0,0,1,0.0
92713,0,0,12,0.0
98531,1,1,16,0.0625
98320,0,0,2,0.0
90724,0,0,2,0.0
91941,1705,1709,25439,0.06702307480639963
91324,1717,1728,21574,0.07958653935292481
90001,449,470,32620,0.013764561618638873
92845,799,806,12999,0.06146626663589507
97366,0,0,1,0.0
95640,154,154,9494,0.01622077101327154
91307,2611,2637,19808,0.1318154281098546
96079,0,0,37,0.0
91013,0,0,1,0.0
91707,0,0,3,0.0
96206,0,0,1,0.0
96321,0,0,1,0.0
94034,0,0,5,0.0
92668,0,0,8,0.0
92764,0,0,2,0.0
90250,2825,2867,61727,0.04576603431237546
97004,0,0,3,0.0
92503,2827,2855,68113,0.041504558601148094
94541,2359,2388,46965,0.05022889385712765
92687,0,0,7,0.0
92576,0,0,4,0.0
91605,1986,2015,38913,0.05103692853288104
93966,0,0,1,0.0
93776,0,0,121,0.0
93554,1,1,27,0.037037037037037035
95694,308,308,8895,0.03462619449128724
92415,22,22,3602,0.006107717934480844
92732,0,0,1,0.0
92518,327,327,2113,0.15475627070515854
96766,0,0,27,0.0
97361,0,0,7,0.0
91745,3500,3548,42747,0.08187709078999696
94297,3,3,86,0.03488372093023256
90862,0,0,0,
95434,0,0,1,0.0
95011,12,12,516,0.023255813953488372
90820,0,0,2,0.0
92202,8,8,1606,0.0049813200498132005
92525,0,0,1,0.0
95093,0,0,1,0.0
90575,0,0,1,0.0
95698,5,5,262,0.019083969465648856
94570,5,5,146,0.03424657534246575
92304,0,0,10,0.0
92534,0,0,2,0.0
90655,0,0,1,0.0
98374,1,1,43,0.023255813953488372
99210,0,0,2,0.0
90933,0,0,1,0.0
95103,2,2,99,0.020202020202020204
92240,587,588,27493,0.021350889317280762
92851,0,0,1,0.0
95050,2664,2695,28466,0.09358532986721001
94300,0,0,1,0.0
91065,0,0,0,
93512,2,2,202,0.009900990099009901
99504,0,0,14,0.0
95993,759,759,29086,0.026095028536065462
91915,2309,2314,26748,0.08632421115597427
95321,119,119,4463,0.0266636791395922
98685,2,2,29,0.06896551724137931
95305,2,2,377,0.005305039787798408
90915,0,0,0,
98083,2,2,11,0.18181818181818182
99143,0,0,1,0.0
90095,110,110,636,0.17295597484276728
92616,15,15,184,0.08152173913043478
90200,0,0,3,0.0
92316,345,348,25426,0.013568787854951624
97410,0,0,3,0.0
91918,0,0,1,0.0
98008,7,7,38,0.18421052631578946
92610,1534,1543,10700,0.1433644859813084
92171,1,1,306,0.0032679738562091504
92507,1643,1655,37596,0.04370145760187254
93024,21,21,453,0.046357615894039736
92690,17,17,459,0.037037037037037035
91315,0,0,2,0.0
92220,699,702,25317,0.02760990638701268
91239,0,0,1,0.0
96825,2,2,68,0.029411764705882353
99686,0,0,2,0.0
97292,0,0,2,0.0
91077,4,4,118,0.03389830508474576
92318,2,2,160,0.0125
90609,6,6,141,0.0425531914893617
91478,0,0,1,0.0
94610,2157,2166,17446,0.12363865642554167
91387,2802,2818,33520,0.08359188544152744
97071,1,1,15,0.06666666666666667
90905,0,0,2,0.0
94057,0,0,1,0.0
93067,59,59,923,0.06392199349945829
93012,2435,2442,30812,0.07902765156432559
99701,0,0,9,0.0
92702,3,3,378,0.007936507936507936
97007,3,3,60,0.05
94542,1343,1346,10762,0.12479093105370749
97064,0,0,4,0.0
95836,0,0,16,0.0
94125,1,1,19,0.05263157894736842
94400,0,0,13,0.0
93438,7,7,617,0.011345218800648298
96349,3,3,23,0.13043478260869565
92145,10,11,556,0.017985611510791366
99323,0,0,3,0.0
91798,0,0,1,0.0
97209,5,5,66,0.07575757575757576
94089,1809,1833,17225,0.10502177068214805
97918,0,0,2,0.0
97442,0,0,1,0.0
98346,0,0,8,0.0
91709,7609,7654,63118,0.12055198200196457
95561,0,0,1,0.0
93654,324,324,22319,0.014516779425601506
93216,8,8,1357,0.0058953574060427415
94341,0,0,1,0.0
96057,12,12,1449,0.008281573498964804
92638,1,1,2,0.5
95337,2311,2315,38823,0.0595265693017026
95689,26,26,1810,0.014364640883977901
90799,0,0,0,
92062,0,0,5,0.0
93255,6,6,421,0.014251781472684086
92403,0,0,25,0.0
92982,0,0,1,0.0
99928,0,0,1,0.0
97544,0,0,4,0.0
98146,1,1,20,0.05
93953,473,473,4204,0.11251189343482398
95447,0,0,1,0.0
93022,214,214,5389,0.03971052143254778
91673,0,0,1,0.0
92889,0,0,1,0.0
94144,0,0,1,0.0
93420,1432,1432,26439,0.05416241158894058
96224,0,0,1,0.0
90954,0,0,0,
95618,1833,1839,18935,0.09680485872722472
92799,5,5,341,0.01466275659824047
96131,0,0,1,0.0
90703,4255,4288,41326,0.1029618158060301
92788,0,0,3,0.0
98233,0,0,9,0.0
90674,0,0,0,
95900,0,0,1,0.0
99009,0,0,1,0.0
93537,0,0,2,0.0
93045,0,0,2,0.0
95038,16,16,1011,0.01582591493570722
93930,159,159,12765,0.01245593419506463
92335,1052,1064,71441,0.014725437773827354
92625,1729,1738,10439,0.1656288916562889
98134,0,0,6,0.0
91390,1276,1279,16051,0.0794966045729238
95137,0,0,1,0.0
99156,0,0,7,0.0
92626,3204,3247,39451,0.08121467136447745
92427,6,6,571,0.010507880910683012
90208,0,0,0,
98823,0,0,2,0.0
91107,2838,2866,25482,0.11137273369437249
98071,0,0,6,0.0
92159,5,5,225,0.022222222222222223
95976,0,0,1,0.0
97351,0,0,5,0.0
93441,75,75,1219,0.06152584085315833
99709,1,1,16,0.0625
93722,1325,1325,58158,0.022782764194091955
90771,0,0,0,
90747,2,2,45,0.044444444444444446
94905,0,0,0,
92409,0,0,3,0.0
93276,0,0,128,0.0
96763,0,0,3,0.0
93211,0,0,1,0.0
93592,1,1,232,0.004310344827586207
95585,3,3,346,0.008670520231213872
92631,0,0,4,0.0
94075,0,0,1,0.0
91618,0,0,1,0.0
93002,15,16,884,0.016968325791855202
95834,2488,2509,29798,0.08349553661319552
96703,0,0,7,0.0
95695,698,702,28065,0.02487083556030643
90509,5,5,39,0.1282051282051282
95767,0,0,2,0.0
95870,0,0,1,0.0
90092,0,0,1,0.0
91106,1586,1601,16166,0.0981071384386985
96029,1,1,145,0.006896551724137931
98405,1,1,12,0.08333333333333333
96761,2,2,57,0.03508771929824561
93237,0,0,5,0.0
96154,0,0,5,0.0
95730,0,0,3,0.0
97130,0,0,1,0.0
95646,8,8,169,0.047337278106508875
92445,0,0,2,0.0
95430,4,4,197,0.02030456852791878
92494,0,0,1,0.0
93673,5,5,656,0.007621951219512195
93902,6,6,1462,0.004103967168262654
92091,271,271,1574,0.1721728081321474
95004,173,173,3946,0.043841865179929045
92173,522,525,33639,0.015517702666547757
97376,0,0,2,0.0
90205,0,0,1,0.0
97302,0,0,37,0.0
97741,1,1,3,0.3333333333333333
95348,516,516,22469,0.022964973964128353
98047,0,0,11,0.0
90111,0,0,1,0.0
92926,0,0,2,0.0
94956,97,97,1292,0.07507739938080496
96014,1,1,229,0.004366812227074236
90672,0,0,0,
92037,4188,4197,29422,0.14234246482224186
95652,230,232,2821,0.0815313718539525
97032,0,0,1,0.0
96080,252,252,22454,0.011222944686915471
92014,1954,1957,12047,0.16219805760770317
90058,203,203,3547,0.05723146320834508
94415,0,0,1,0.0
90874,0,0,0,
98106,2,2,25,0.08
95721,0,0,4,0.0
93640,52,52,9767,0.005324050373707382
91510,18,19,540,0.03333333333333333
91910,2324,2329,60901,0.03816029293443458
93562,9,9,821,0.010962241169305725
93409,0,0,33,0.0
90057,611,626,17788,0.0343489993253879
92405,317,321,19604,0.016170169353193226
91927,0,0,0,
99692,0,0,6,0.0
95520,0,0,1,0.0
90296,3,3,57,0.05263157894736842
98817,0,0,1,0.0
91735,0,0,2,0.0
96714,0,0,19,0.0
92077,0,0,3,0.0
92629,2207,2223,22292,0.09900412704109098
93020,3,3,272,0.011029411764705883
95487,10,10,283,0.0353356890459364
90664,0,0,0,
90300,0,0,5,0.0
92072,7,7,629,0.011128775834658187
94618,1956,1960,10783,0.18139664286376703
94232,1,1,8,0.125
93622,88,88,7872,0.011178861788617886
93633,0,0,26,0.0
97210,3,3,64,0.046875
92582,495,497,15877,0.031177174529193174
97201,1,1,47,0.02127659574468085
97528,0,0,4,0.0
96811,0,0,1,0.0
98672,1,1,4,0.25
90816,0,0,2,0.0
95524,124,124,1845,0.06720867208672086
93629,0,0,1,0.0
90031,987,1007,21806,0.045262771714207096
95975,53,53,1592,0.03329145728643216
95013,3,3,132,0.022727272727272728
93626,156,156,2111,0.0738986262434865
95402,41,42,1373,0.02986161689730517
92109,2183,2188,29951,0.07288571333177524
98571,0,0,2,0.0
96054,0,0,323,0.0
95955,8,8,1294,0.0061823802163833074
98363,0,0,9,0.0
98362,1,1,22,0.045454545454545456
97734,0,0,1,0.0
92353,0,0,2,0.0
90942,0,0,0,
95371,0,0,1,0.0
98116,3,3,56,0.05357142857142857
95450,26,26,415,0.06265060240963856
92835,2397,2415,19678,0.12181115967069824
95977,32,32,1453,0.02202339986235375
92526,0,0,2,0.0
97124,0,0,67,0.0
90729,0,0,0,
96603,0,0,1,0.0
91032,0,0,0,
98036,1,1,44,0.022727272727272728
93277,676,677,35056,0.01928343222272935
90061,310,314,16990,0.018246027074749854
93283,18,18,1437,0.012526096033402923
95821,898,906,24762,0.03626524513367256
93623,1,1,169,0.005917159763313609
90673,0,0,0,
91041,4,4,153,0.026143790849673203
98816,1,1,10,0.1
91357,19,19,334,0.05688622754491018
90873,0,0,0,
90861,0,0,0,
93529,10,10,735,0.013605442176870748
90639,2,2,118,0.01694915254237288
93302,4,4,453,0.008830022075055188
92686,0,0,9,0.0
93205,8,8,1487,0.005379959650302623
93286,67,67,7205,0.00929909784871617
94900,0,0,16,0.0
97229,7,7,77,0.09090909090909091
95005,279,280,5391,0.05175292153589316
91044,0,0,0,
95470,126,126,5836,0.021590130226182315
95957,7,7,622,0.011254019292604502
92844,1085,1108,17381,0.06242448650825614
95971,52,52,6108,0.008513425016371971
92392,1237,1240,44545,0.02776967111909305
92703,1057,1093,42490,0.02487644151565074
93791,4,4,63,0.06349206349206349
94977,10,10,186,0.053763440860215055
96778,1,1,35,0.02857142857142857
95441,101,101,2704,0.03735207100591716
95282,0,0,0,
94574,494,494,7113,0.06945030226346127
95135,2930,2942,16122,0.18173923830790226
95570,147,147,2314,0.06352636127917027
95625,3,3,242,0.012396694214876033
93389,10,10,1098,0.009107468123861567
90631,3002,3038,51903,0.0578386605783866
92828,0,0,6,0.0
92628,10,11,388,0.02577319587628866
95134,3009,3052,18543,0.1622714771072642
94600,0,0,1,0.0
91018,0,0,1,0.0
97048,1,1,2,0.5
91763,947,961,28791,0.03289222326421451
92133,0,0,2,0.0
97293,0,0,3,0.0
94515,310,310,5638,0.054984036892515076
90659,0,0,0,
92667,2,2,41,0.04878048780487805
99403,0,0,12,0.0
98902,1,1,11,0.09090909090909091
92414,0,0,2,0.0
96671,0,0,1,0.0
91061,0,0,0,
92115,1737,1748,35190,0.04936061381074169
90083,1,1,86,0.011627906976744186
97760,0,0,5,0.0
93683,0,0,1,0.0
92234,1478,1480,40906,0.03613161883342297
98901,0,0,24,0.0
92552,10,10,1109,0.009017132551848512
91794,0,0,1,0.0
95091,0,0,1,0.0
96041,10,10,2141,0.004670714619336758
94946,91,91,628,0.1449044585987261
98261,0,0,3,0.0
95019,69,69,6068,0.011371127224785761
92015,0,0,2,0.0
94320,0,0,2,0.0
95247,128,128,4681,0.027344584490493484
90075,2,2,78,0.02564102564102564
90510,8,8,394,0.02030456852791878
93732,0,0,1,0.0
97535,0,0,8,0.0
97119,0,0,2,0.0
95252,231,232,15930,0.014500941619585688
92354,969,973,15518,0.062443613867766465
90689,0,0,0,
90751,0,0,1,0.0
90754,0,0,3,0.0
96744,1,1,54,0.018518518518518517
92653,2556,2582,24828,0.10294828419526342
95055,17,19,418,0.04066985645933014
95151,15,15,799,0.01877346683354193
97524,0,0,28,0.0
94712,8,8,44,0.18181818181818182
98513,1,1,43,0.023255813953488372
95969,162,162,9083,0.017835516899702742
95494,9,9,302,0.029801324503311258
92836,0,0,143,0.0
97055,0,0,6,0.0
93609,62,62,4599,0.013481191563383343
94949,1324,1326,14885,0.08894860597917366
90963,0,0,0,
91759,13,13,355,0.036619718309859155
93442,421,421,9362,0.04496902371288186
95697,2,2,552,0.0036231884057971015
93033,1082,1088,60324,0.01793647636098402
91906,76,76,4916,0.015459723352318959
98606,0,0,9,0.0
95828,1567,1584,49380,0.031733495342243824
97045,1,1,25,0.04
91025,10,10,232,0.04310344827586207
92883,3117,3133,29711,0.1049106391572145
94626,1,1,1,1.0
98251,0,0,4,0.0
93921,209,209,2654,0.07874905802562171
93548,1,1,3,0.3333333333333333
90878,0,0,0,
91502,609,616,8144,0.07477897838899804
91252,0,0,1,0.0
93634,1,1,30,0.03333333333333333
98639,0,0,1,0.0
92587,732,734,14252,0.05136121246140893
91168,0,0,1,0.0
90270,235,238,16176,0.014527695351137487
90900,0,0,0,
90647,0,0,0,
90742,88,88,921,0.09554831704668838
95552,2,2,378,0.005291005291005291
98168,3,3,86,0.03488372093023256
93254,7,7,588,0.011904761904761904
94021,8,8,142,0.056338028169014086
91954,0,0,1,0.0
95634,35,35,2908,0.012035763411279229
92840,2078,2122,40393,0.051444557225261804
97404,1,1,20,0.05
94019,1101,1103,13490,0.08161601186063751
93728,166,166,9415,0.017631439192777484
95951,22,22,2092,0.010516252390057362
93403,15,15,584,0.025684931506849314
92352,194,195,3887,0.04990995626447131
96731,1,1,6,0.16666666666666666
96813,7,7,52,0.1346153846153846
91472,0,0,0,
90056,709,716,6341,0.11181201703201388
94028,1361,1363,5950,0.22873949579831931
95334,264,264,12535,0.02106102911846829
95201,6,6,532,0.011278195488721804
92177,7,7,339,0.02064896755162242
98229,3,3,34,0.08823529411764706
93645,5,5,346,0.014450867052023121
91723,710,724,14354,0.04946356416329943
92612,2944,2999,20519,0.14347677762074176
99348,0,0,2,0.0
97024,1,1,16,0.0625
96827,0,0,0,
95913,2,2,385,0.005194805194805195
93962,14,14,837,0.016726403823178016
92334,8,8,860,0.009302325581395349
91521,4,4,58,0.06896551724137931
96629,0,0,14,0.0
98407,1,1,26,0.038461538461538464
90978,0,0,0,
91790,1929,1964,34086,0.05659214926949481
96002,473,473,24972,0.01894121415985904
94006,0,0,2,0.0
97303,1,1,22,0.045454545454545456
93607,0,0,32,0.0
95350,763,763,35513,0.021485089967054317
98343,0,0,2,0.0
93109,740,744,8120,0.09113300492610837
99645,0,0,10,0.0
94835,0,0,1,0.0
95317,7,7,703,0.00995732574679943
91864,0,0,1,0.0
94127,1981,1985,13182,0.15028068578364437
95141,5,5,88,0.056818181818181816
98353,0,0,1,0.0
96790,2,2,15,0.13333333333333333
93530,0,0,61,0.0
95802,0,0,10,0.0
92004,67,67,4431,0.015120740239223652
92336,5623,5639,84556,0.06650030748852831
95462,56,56,1182,0.047377326565143825
97914,0,0,5,0.0
96061,1,1,27,0.037037037037037035
95822,1173,1182,31827,0.03685550004712979
90323,2,2,6,0.3333333333333333
92307,788,789,30752,0.025624349635796045
95492,1215,1215,22265,0.0545699528407815
94114,2662,2671,16356,0.16275372951821962
99577,0,0,20,0.0
93647,52,52,7864,0.006612410986775178
97202,4,4,86,0.046511627906976744
92258,12,12,629,0.019077901430842606
96120,27,27,888,0.030405405405405407
90637,9,9,265,0.033962264150943396
95457,50,50,3815,0.01310615989515072
96707,3,3,59,0.05084745762711865
95420,27,27,258,0.10465116279069768
94520,979,991,29292,0.033422094769903044
95894,0,0,3,0.0
91043,5,5,92,0.05434782608695652
98666,0,0,1,0.0
94322,0,0,1,0.0
96667,0,0,4,0.0
91100,0,0,2,0.0
90813,523,531,25262,0.02070303222231019
90958,0,0,0,
95602,590,590,15782,0.037384361931314156
97534,0,0,4,0.0
92160,9,9,363,0.024793388429752067
92081,1468,1469,23312,0.06297185998627317
91312,0,0,2,0.0
94396,0,0,1,0.0
95548,9,9,956,0.009414225941422594
94018,254,255,2963,0.08572392845089437
90768,0,0,0,
92041,0,0,9,0.0
91392,5,6,490,0.01020408163265306
93061,4,4,418,0.009569377990430622
93596,1,1,100,0.01
97543,0,0,1,0.0
90003,507,529,39491,0.012838368235800562
94252,0,0,8,0.0
98012,5,5,51,0.09803921568627451
95849,1,1,1,1.0
98506,1,1,12,0.08333333333333333
92650,1,1,21,0.047619047619047616
92876,0,0,1,0.0
98376,0,0,1,0.0
94035,2,2,99,0.020202020202020204
94122,3024,3036,29332,0.10309559525432974
91816,1,1,2,0.5
98605,0,0,2,0.0
92057,2386,2397,43199,0.055232760017593
93113,0,0,2,0.0
90957,0,0,0,
94050,0,0,1,0.0
95946,294,294,8777,0.03349663894269112
91876,0,0,1,0.0
92131,4114,4118,30188,0.1362793162846164
93278,2,2,600,0.0033333333333333335
95190,1,1,1,1.0
98855,0,0,6,0.0
93103,860,865,15138,0.05681067512220901
93385,2,2,306,0.006535947712418301
92386,25,25,1584,0.015782828282828284
92931,0,0,1,0.0
91204,1102,1113,11788,0.09348489989820156
99204,0,0,9,0.0
94112,3321,3340,43793,0.07583403740323796
91394,12,12,227,0.05286343612334802
92032,0,0,4,0.0
90215,0,0,1,0.0
95778,0,0,1,0.0
92877,15,15,617,0.024311183144246355
91778,11,12,303,0.036303630363036306
90089,23,23,411,0.05596107055961071
95864,1488,1491,18552,0.08020698576972833
92774,0,0,2,0.0
95030,2206,2215,11446,0.19273108509522976
90222,313,330,19175,0.016323337679269884
92356,43,43,4336,0.009916974169741697
92231,421,422,41218,0.010213984181668204
91505,1927,1945,23655,0.08146269287677024
95233,2,2,404,0.0049504950495049506
96318,0,0,1,0.0
98844,0,0,2,0.0
92596,2262,2264,28293,0.07994910401866186
98207,0,0,3,0.0
95065,534,534,6867,0.07776321537789428
97138,0,0,7,0.0
99519,0,0,1,0.0
91115,4,4,80,0.05
99603,0,0,6,0.0
96351,0,0,1,0.0
93465,450,450,9572,0.047012118679481824
92545,830,832,31241,0.026567651483627285
94703,1008,1013,9880,0.1020242914979757
91215,0,0,1,0.0
93313,1252,1254,43547,0.02875054538774198
91760,0,0,31,0.0
91787,0,0,3,0.0
93704,569,570,18175,0.03130674002751031
99706,0,0,2,0.0
92243,572,572,44136,0.01295994199746239
93137,0,0,1,0.0
97370,0,0,5,0.0
98665,1,1,23,0.043478260869565216
95608,2171,2190,44098,0.04923125765340832
90641,0,0,0,
95612,35,35,1189,0.02943650126156434
92235,8,8,815,0.0098159509202454
96889,0,0,1,0.0
91322,1,1,258,0.003875968992248062
92633,0,0,12,0.0
98923,0,0,1,0.0
91379,0,0,1,0.0
96274,0,0,1,0.0
93244,5,5,408,0.012254901960784314
91500,0,0,9,0.0
97450,0,0,1,0.0
93117,1643,1656,28337,0.05798073190528284
95164,9,9,151,0.059602649006622516
96727,0,0,6,0.0
95068,0,0,1,0.0
93768,0,0,1,0.0
95045,241,245,3952,0.06098178137651822
91245,0,0,1,0.0
90695,0,0,0,
94569,5,5,195,0.02564102564102564
91977,1615,1620,47013,0.034352200455193244
95374,16,17,1421,0.011259676284306826
93845,0,0,1,0.0
93390,12,12,1099,0.01091901728844404
93561,631,632,25031,0.025208741160960408
93736,0,0,1,0.0
98584,1,1,25,0.04
95040,0,0,1,0.0
93790,1,1,166,0.006024096385542169
93709,0,0,73,0.0
90365,0,0,2,0.0
95485,16,16,2475,0.006464646464646465
95923,0,0,118,0.0
92887,2048,2063,17539,0.11676834483151834
91371,4,4,32,0.125
92368,12,12,695,0.017266187050359712
95860,4,4,219,0.0182648401826484
99344,1,1,6,0.16666666666666666
99523,0,0,4,0.0
96384,0,0,3,0.0
90266,4814,4824,26284,0.18315324912494294
96712,0,0,27,0.0
97411,1,1,25,0.04
98826,0,0,5,0.0
96405,0,0,1,0.0
99687,0,0,3,0.0
95824,343,347,19299,0.017772941603191875
98586,0,0,5,0.0
97341,0,0,6,0.0
92881,1985,1997,24914,0.07967407883117926
91802,37,37,1106,0.03345388788426763
90274,3630,3647,22555,0.16093992462868545
91733,1136,1168,29824,0.038090128755364806
96062,18,18,986,0.018255578093306288
96016,0,0,324,0.0
92658,64,65,918,0.06971677559912855
92573,0,0,1,0.0
96309,0,0,1,0.0
94047,0,0,1,0.0
95208,11,11,589,0.01867572156196944
93246,3,3,374,0.008021390374331552
95696,10,10,1023,0.009775171065493646
93273,0,0,1,0.0
90800,0,0,4,0.0
98541,0,0,6,0.0
98361,0,0,1,0.0
92550,0,0,1,0.0
92637,842,860,13645,0.061707585196042504
95287,0,0,1,0.0
94010,5375,5384,34824,0.15434757638410293
94820,5,5,358,0.013966480446927373
95131,2726,2751,25712,0.10602053515868078
91773,1865,1881,27064,0.06891073012119421
94519,687,692,14204,0.04836665727963954
91747,7,7,546,0.01282051282051282
92027,1691,1699,43215,0.03912993173666551
95666,78,78,6283,0.012414451695050135
95525,54,54,1690,0.03195266272189349
90257,0,0,1,0.0
95797,0,0,1,0.0
95157,12,14,335,0.03582089552238806
91912,22,22,1742,0.012629161882893225
98499,1,1,25,0.04
92130,8832,8858,45812,0.19278791582991356
91081,0,0,2,0.0
92364,0,0,72,0.0
91139,0,0,1,0.0
94509,1383,1394,46495,0.029745133885364018
95811,488,492,8146,0.05990670267616008
92412,0,0,6,0.0
91327,14,14,206,0.06796116504854369
92464,0,0,5,0.0
97913,0,0,2,0.0
98937,0,0,3,0.0
90726,0,0,0,
95336,962,966,37389,0.02572949263152264
96113,1,1,642,0.001557632398753894
91241,0,0,1,0.0
91749,1,1,40,0.025
97223,0,0,40,0.0
92952,0,0,1,0.0
94915,12,12,412,0.02912621359223301
95104,0,0,1,0.0
92165,5,5,328,0.01524390243902439
93160,6,6,330,0.01818181818181818
90880,0,0,0,
92468,0,0,1,0.0
93502,1,1,166,0.006024096385542169
94971,24,24,311,0.07717041800643087
92660,4235,4267,33514,0.12636510115175748
95003,1666,1667,20416,0.08160266457680251
91630,0,0,3,0.0
93234,50,60,4387,0.01139731023478459
96146,62,62,1497,0.041416165664662656
94172,2,2,36,0.05555555555555555
99507,0,0,20,0.0
97006,0,1,43,0.0
91953,0,0,1,0.0
90016,1669,1686,29402,0.056764845928848374
93528,0,0,131,0.0
92394,713,718,24122,0.02955807976121383
99610,0,0,3,0.0
97327,0,0,3,0.0
97435,0,0,1,0.0
95051,5800,5859,44639,0.1299312260579314
96273,0,0,8,0.0
94973,142,142,1277,0.11119812059514488
99021,0,0,2,0.0
91203,1105,1115,10859,0.1017589096601897
96037,3,3,393,0.007633587786259542
96662,0,0,5,0.0
91411,1140,1152,15735,0.07244995233555768
93920,30,30,1059,0.028328611898016998
98604,1,1,28,0.03571428571428571
90937,0,0,0,
95429,2,2,79,0.02531645569620253
94523,2210,2226,26346,0.08388370151066575
91353,2,2,199,0.010050251256281407
95564,12,12,332,0.03614457831325301
97042,0,0,0,
98227,0,0,1,0.0
92937,0,0,1,0.0
97305,0,0,22,0.0
98422,0,0,14,0.0
95862,0,0,4,0.0
91757,0,0,1,0.0
96386,0,0,5,0.0
94531,2302,2311,35836,0.06423708003125349
94061,2512,2522,27145,0.09254006262663474
90780,0,0,0,
90150,0,0,1,0.0
94414,0,0,1,0.0
96251,2,2,3,0.6666666666666666
96106,7,7,592,0.011824324324324325
92150,29,29,628,0.04617834394904458
92068,6,6,216,0.027777777777777776
92214,0,0,2,0.0
98337,1,1,9,0.1111111111111111
92198,17,17,397,0.042821158690176324
95475,0,0,2,0.0
98971,0,0,1,0.0
93219,28,28,6276,0.004461440407903123
94113,1,1,3,0.3333333333333333
97756,1,1,41,0.024390243902439025
93706,241,242,26381,0.009135362571547704
97386,0,0,12,0.0
91772,1,1,4,0.25
93386,5,5,438,0.01141552511415525
91382,0,0,1,0.0
92704,2054,2129,58535,0.035090117024002734
92801,1754,1796,43940,0.03991807009558489
90730,1,1,1,1.0
95988,65,65,7188,0.009042849193099611
95346,21,21,1277,0.01644479248238058
98547,0,0,3,0.0
96092,3,3,412,0.007281553398058253
95726,120,120,7287,0.016467682173734045
97814,0,0,5,0.0
98199,3,3,43,0.06976744186046512
97845,0,0,1,0.0
94889,0,0,1,0.0
98640,0,0,6,0.0
90935,0,0,0,
94115,1613,1620,15028,0.10733297844024488
94162,0,0,1,0.0
96007,157,157,17986,0.008729011453352607
95012,130,130,9615,0.013520540821632865
91803,1505,1528,21376,0.0704060628742515
92053,0,0,2,0.0
91212,0,0,2,0.0
95490,206,206,12036,0.017115320704553006
94062,3665,3670,22524,0.16271532587462262
90272,3732,3751,17212,0.21682547060190566
95225,8,8,888,0.009009009009009009
90945,0,0,2,0.0
95609,9,9,760,0.011842105263157895
96052,18,18,1365,0.013186813186813187
90875,0,0,0,
94921,0,0,3,0.0
92152,0,0,3,0.0
92274,92,93,15623,0.005888753760481342
96743,0,0,26,0.0
99357,0,0,1,0.0
95148,3715,3747,36682,0.10127583010740963
99025,0,0,2,0.0
98841,0,0,4,0.0
91715,19,19,359,0.052924791086350974
90204,0,0,3,0.0
92102,870,873,28604,0.030415326527758354
96750,0,0,3,0.0
94078,0,0,1,0.0
98223,3,3,37,0.08108108108108109
91365,14,14,351,0.039886039886039885
95959,649,649,16366,0.039655383111328366
98382,0,0,49,0.0
92619,60,64,652,0.09202453987730061
95356,1138,1140,26668,0.04267286635668217
97801,0,0,5,0.0
99350,0,0,3,0.0
98339,1,1,1,1.0
92021,1513,1535,50596,0.02990354968772235
93764,0,0,1,0.0
94720,5,5,69,0.07246376811594203
98366,0,0,40,0.0
95302,0,0,2,0.0
90956,0,0,0,
93225,138,138,3782,0.03648863035430989
95954,57,57,6505,0.00876249039200615
90131,0,0,1,0.0
90717,739,748,15458,0.04780696079699832
91410,0,0,4,0.0
92261,10,10,613,0.01631321370309951
98160,0,0,1,0.0
93034,16,16,467,0.034261241970021415
97824,0,0,1,0.0
98607,2,2,51,0.0392156862745098
98045,1,1,8,0.125
92817,13,13,377,0.034482758620689655
91617,2,2,93,0.021505376344086023
95315,148,148,9993,0.014810367257079956
99343,0,0,1,0.0
97107,0,0,1,0.0
92712,0,0,2,0.0
95768,0,0,3,0.0
92867,2656,2708,34607,0.07674747883376196
91650,0,0,1,0.0
97429,0,0,2,0.0
90845,0,0,0,
97339,0,0,3,0.0
92620,8238,8332,42451,0.19405903276719041
92532,2179,2196,22187,0.09821066390228513
93101,1027,1037,21794,0.04712306139304396
95379,40,40,3810,0.010498687664041995
90400,0,0,3,0.0
99330,0,0,2,0.0
95380,654,655,29850,0.02190954773869347
99011,0,0,11,0.0
90485,1,1,1,1.0
98221,2,2,27,0.07407407407407407
92600,0,0,4,0.0
92325,185,185,7243,0.025541902526577384
90715,606,618,13907,0.04357517796792982
96708,0,0,28,0.0
92789,0,0,3,0.0
90883,0,0,0,
94287,0,0,1,0.0
96109,0,0,728,0.0
96350,0,0,3,0.0
95793,0,0,1,0.0
91114,3,3,117,0.02564102564102564
91017,13,13,462,0.02813852813852814
93637,512,513,29802,0.017180055029863767
92034,0,0,2,0.0
93714,0,0,39,0.0
90694,0,0,0,
92859,13,16,164,0.07926829268292683
99925,0,0,1,0.0
91021,8,8,121,0.06611570247933884
98034,9,9,82,0.10975609756097561
95210,500,500,24708,0.02023636069289299
91987,0,0,24,0.0
97522,0,0,0,
91940,0,0,2,0.0
90280,1181,1209,60713,0.019452176634328727
94911,0,0,1,0.0
92632,0,0,16,0.0
95542,29,29,2004,0.014471057884231538
90792,0,0,0,
98357,0,0,2,0.0
98390,1,1,27,0.037037037037037035
96219,0,0,0,
93665,0,0,423,0.0
98860,0,0,1,0.0
91254,0,0,1,0.0
96145,133,133,4143,0.032102341298575914
97462,0,0,2,0.0
93505,177,177,8046,0.021998508575689784
92000,0,0,5,0.0
94013,0,0,4,0.0
92951,0,0,1,0.0
96721,0,0,8,0.0
92839,0,0,1,0.0
91020,468,480,5799,0.08070356958096224
94259,0,0,1,0.0
97317,0,0,21,0.0
95369,10,10,722,0.013850415512465374
98365,0,0,10,0.0
92122,2815,2822,26496,0.10624245169082126
98104,4,4,38,0.10526315789473684
95724,4,4,76,0.05263157894736842
95159,4,4,519,0.007707129094412331
92295,0,0,1,0.0
92213,1,1,5,0.2
92621,0,0,20,0.0
90501,2296,2330,34240,0.06705607476635514
95963,110,111,13535,0.008127077946065755
94126,3,3,57,0.05263157894736842
97624,0,0,15,0.0
98084,0,0,1,0.0
93937,0,0,3,0.0
94930,665,665,6628,0.10033192516596258
97280,0,0,1,0.0
92694,4921,4943,27991,0.1758065092351113
90011,703,724,54687,0.012854974674054163
95826,879,885,25784,0.03409090909090909
92019,2079,2083,34517,0.06023119042790509
92061,87,87,2475,0.03515151515151515
94108,254,255,2997,0.08475141808475142
90292,2773,2789,17444,0.158965833524421
90761,0,0,0,
90663,0,0,1,0.0
90610,2,3,68,0.029411764705882353
99540,0,0,2,0.0
97215,1,1,26,0.038461538461538464
92163,18,18,468,0.038461538461538464
92350,9,9,258,0.03488372093023256
95313,16,16,1136,0.014084507042253521
90252,0,0,1,0.0
99576,0,0,1,0.0
95530,0,0,1,0.0
94661,6,6,74,0.08108108108108109
93206,4,4,1634,0.0024479804161566705
98057,1,1,15,0.06666666666666667
94806,1659,1670,43670,0.03798946645294252
92199,0,0,5,0.0
94579,1093,1102,16869,0.06479340802655759
90570,0,0,1,0.0
97383,0,0,2,0.0
98859,0,0,2,0.0
92112,11,11,623,0.01765650080256822
97128,0,0,25,0.0
97431,0,0,1,0.0
99506,0,0,5,0.0
94530,2018,2030,17961,0.11235454596069261
95814,664,671,8662,0.07665666127915031
96412,0,0,1,0.0
90953,0,0,0,
98445,0,0,18,0.0
90852,0,0,0,
95488,6,6,184,0.03260869565217391
98644,0,0,2,0.0
90006,992,1010,27604,0.035936820750615855
91201,1500,1517,16040,0.09351620947630923
90983,0,0,1,0.0
94230,0,0,1,0.0
91793,14,15,421,0.0332541567695962
93005,5,5,258,0.01937984496124031
94500,0,0,3,0.0
90801,11,11,544,0.02022058823529412
96322,1,1,2,0.5
94546,2694,2714,34331,0.07847135242200927
95537,4,4,287,0.013937282229965157
95351,400,400,32500,0.012307692307692308
94365,0,0,1,0.0
92192,18,18,436,0.04128440366972477
90540,0,0,1,0.0
92273,10,10,1447,0.006910850034554251
92920,0,0,1,0.0
92166,5,5,277,0.018050541516245487
93950,766,767,10989,0.06970606970606971
93688,0,0,1,0.0
92175,3,3,239,0.012552301255230125
90236,0,0,0,
92264,1391,1391,15309,0.09086158468874518
98121,12,12,88,0.13636363636363635
90010,656,658,7634,0.08593135970657584
97227,0,0,14,0.0
95472,2097,2098,23964,0.08750625938908363
92071,2139,2141,44329,0.04825283674344109
92830,0,0,3,0.0
91045,0,0,1,0.0
96561,0,0,1,0.0
95111,2467,2513,43749,0.05638986033966491
95947,7,7,1223,0.005723630417007359
94240,0,0,0,
97415,1,1,68,0.014705882352941176
94029,0,0,1,0.0
93700,0,0,16,0.0
99501,0,0,13,0.0
97304,0,0,26,0.0
97641,0,0,2,0.0
95942,33,33,1338,0.02466367713004484
90805,1512,1535,57152,0.02645576707726764
96065,2,2,290,0.006896551724137931
91507,2,2,90,0.022222222222222223
91807,0,0,1,0.0
94807,11,11,148,0.07432432432432433
92963,0,0,1,0.0
93422,1039,1039,26706,0.038905114955440724
96781,1,1,4,0.25
97137,0,0,2,0.0
99737,0,0,3,0.0
98512,1,1,20,0.05
90974,0,0,0,
92765,0,0,1,0.0
96094,74,74,6148,0.012036434612882238
97701,1,1,57,0.017543859649122806
93544,22,22,907,0.024255788313120176
96026,0,0,1,0.0
92594,0,0,1,0.0
98329,1,1,14,0.07142857142857142
90654,0,0,0,
92869,2260,2291,28941,0.07808990705227878
95366,532,532,14740,0.03609226594301221
92401,12,12,1058,0.011342155009451797
98033,6,6,99,0.06060606060606061
90940,0,0,0,
90927,0,0,0,
91625,0,0,1,0.0
94963,57,57,486,0.11728395061728394
98618,0,0,1,0.0
93738,0,0,1,0.0
92210,394,394,4155,0.09482551143200962
99629,0,0,3,0.0
94656,1,1,1,1.0
97347,0,0,1,0.0
90731,1499,1525,38238,0.03920184110047597
98105,4,4,67,0.05970149253731343
91543,0,0,1,0.0
94088,13,14,363,0.03581267217630854
97402,2,2,52,0.038461538461538464
91786,1737,1746,38974,0.044568173654231026
91316,2644,2658,19851,0.13319228250465973
97056,0,0,3,0.0
94933,52,52,730,0.07123287671232877
98236,1,1,12,0.08333333333333333
95389,23,23,781,0.029449423815621
95443,3,3,240,0.0125
99337,0,0,6,0.0
96089,2,2,422,0.004739336492890996
94327,0,0,1,0.0
95587,2,2,153,0.013071895424836602
92528,0,0,1,0.0
90411,0,0,1,0.0
92138,16,16,885,0.01807909604519774
92980,0,0,2,0.0
95887,0,0,1,0.0
96114,11,11,2836,0.0038787023977433005
96162,21,21,1406,0.014935988620199146
92962,0,0,1,0.0
94293,0,0,0,
93261,7,7,1622,0.004315659679408138
94027,1376,1377,6104,0.2254259501965924
99016,1,1,12,0.08333333333333333
99207,0,0,16,0.0
98332,7,7,44,0.1590909090909091
98612,0,0,3,0.0
92367,0,0,0,
91432,0,0,2,0.0
95891,1,1,1,1.0
95903,29,29,643,0.04510108864696734
91519,0,0,1,0.0
93127,0,0,1,0.0
98394,0,0,2,0.0
95816,1997,2033,17444,0.11448062371015823
92544,677,680,34011,0.019905324747875687
92063,0,0,1,0.0
93257,618,621,51761,0.011939491122659917
97419,0,0,0,
94305,638,642,4051,0.15749197728955813
91383,0,0,8,0.0
90969,0,0,0,
95533,1,1,1,1.0
98647,0,0,1,0.0
94501,3975,3994,40093,0.09914448906292869
94309,12,12,117,0.10256410256410256
92117,2586,2589,40166,0.06438281133296818
91609,3,3,122,0.02459016393442623
90950,0,0,0,
90810,609,628,24602,0.024754085033737095
97754,0,0,9,0.0
90652,1,1,63,0.015873015873015872
90336,0,0,1,0.0
91125,5,5,108,0.046296296296296294
94022,3936,3942,16803,0.23424388502053206
91364,3140,3166,21223,0.14795269283324694
91027,0,0,0,
90650,2312,2357,71896,0.03215756092133081
97408,1,1,16,0.0625
94525,121,122,2551,0.047432379459035674
92524,0,0,1,0.0
92707,1103,1156,40885,0.026978109331050507
90035,2235,2258,17029,0.13124669681132187
91302,4028,4040,21037,0.19147216808480297
94828,0,0,2,0.0
92648,3673,3690,37343,0.09835846075569718
92308,718,718,30891,0.02324301576510958
90503,2900,2947,33124,0.0875498128245381
98502,2,2,37,0.05405405405405406
98603,0,0,3,0.0
97494,0,0,2,0.0
94026,27,27,576,0.046875
99702,0,0,4,0.0
92614,3123,3164,23805,0.13119092627599244
94705,1457,1459,8665,0.16814772071552223
90000,0,0,97,0.0
93540,0,0,3,0.0
95479,0,0,1,0.0
93556,3,3,597,0.005025125628140704
97230,1,1,27,0.037037037037037035
92647,2661,2699,44730,0.05949027498323273
94129,255,259,1765,0.14447592067988668
93400,0,0,7,0.0
96587,0,0,1,0.0
90946,0,0,0,
94620,2,2,99,0.020202020202020204
98208,2,2,54,0.037037037037037035
98535,0,0,1,0.0
93243,24,25,1254,0.019138755980861243
95545,3,3,141,0.02127659574468085
94522,10,10,356,0.028089887640449437
95009,7,8,258,0.027131782945736434
96049,11,11,1921,0.005726184279021343
94550,3357,3369,40028,0.08386629359448386
95230,13,13,643,0.02021772939346812
91384,1282,1290,18577,0.06901006621090595
95675,3,3,417,0.007194244604316547
90621,2126,2159,26815,0.07928398284542233
98597,0,0,28,0.0
97343,0,0,1,0.0
95207,659,660,29078,0.022663181786917945
97204,0,0,10,0.0
92531,10,10,558,0.017921146953405017
95363,891,892,23172,0.03845157949249094
95340,633,633,24483,0.02585467467222154
95565,8,8,703,0.011379800853485065
94455,0,0,1,0.0
92780,2199,2263,39802,0.05524847997588061
94147,10,10,136,0.07352941176470588
95217,0,0,1,0.0
93669,1,1,212,0.0047169811320754715
90635,0,0,1,0.0
90295,24,24,334,0.0718562874251497
98058,5,5,42,0.11904761904761904
94565,2869,2896,71916,0.03989376494799488
92646,3632,3654,45648,0.07956536978618997
97374,0,0,4,0.0
97405,6,6,61,0.09836065573770492
98660,2,2,28,0.07142857142857142
95214,0,0,1,0.0
98102,7,7,53,0.1320754716981132
95934,3,3,247,0.012145748987854251
96660,0,0,2,0.0
97836,0,0,1,0.0
94590,831,836,25098,0.03311020798469998
90669,0,0,1,0.0
96133,2,2,94,0.02127659574468085
94707,1714,1716,9259,0.18511718328113186
98021,4,4,33,0.12121212121212122
99218,0,0,16,0.0
92259,3,3,743,0.004037685060565276
97711,0,0,1,0.0
93568,0,0,0,
96788,0,0,2,0.0
91750,1676,1691,26572,0.06307391238898089
93638,331,331,34026,0.009727855169576206
95965,159,159,15037,0.010573917669747955
93460,271,271,5566,0.04868846568451311
92153,12,12,897,0.013377926421404682
91360,2558,2573,34313,0.07454900475038614
97440,0,0,9,0.0
90070,0,0,26,0.0
91004,0,0,3,0.0
90909,0,0,1,0.0
95415,34,34,1517,0.02241265655899802
97338,0,0,13,0.0
92059,41,41,2294,0.017872711421098517
98822,0,0,1,0.0
91560,0,0,1,0.0
91724,1198,1215,20487,0.05847610679943379
90251,7,8,444,0.015765765765765764
91770,3587,3666,46530,0.07709004943047497
91206,2359,2381,22364,0.10548202468252549
97060,1,1,10,0.1
94306,3681,3699,19126,0.19246052493987242
98280,0,0,3,0.0
92720,0,0,2,0.0
93705,266,266,21183,0.012557239295661616
98558,0,0,2,0.0
97207,0,0,1,0.0
93475,2,2,407,0.004914004914004914
94970,47,47,525,0.08952380952380952
96048,8,8,630,0.012698412698412698
92662,228,229,2101,0.10851975249881009
95514,0,0,175,0.0
95632,666,667,26190,0.02542955326460481
93452,9,9,511,0.01761252446183953
93139,0,0,1,0.0
92608,1,1,3,0.3333333333333333
95071,4,4,106,0.03773584905660377
93507,0,0,1,0.0
94224,0,0,2,0.0
94158,627,630,3457,0.18137113103847266
98953,0,0,1,0.0
98466,0,0,24,0.0
91012,12,13,297,0.04040404040404041
94833,0,0,1,0.0
98291,0,0,2,0.0
93221,220,220,11482,0.019160425013063927
95115,0,0,4,0.0
96082,0,0,1,0.0
98579,0,0,8,0.0
92128,3902,3913,37456,0.10417556599743699
97838,0,0,14,0.0
92701,799,835,31556,0.025320065914564583
99723,0,0,5,0.0
92486,0,0,0,
95452,116,116,1258,0.09220985691573927
90081,0,0,33,0.0
95330,2616,2623,27352,0.09564200058496636
96118,8,8,1479,0.005409060175794456
90505,2460,2479,28474,0.08639460560511343
90918,0,0,0,
90069,2167,2176,13952,0.15531823394495411
93730,1066,1066,11061,0.09637464967001175
95329,35,35,3053,0.011464133639043564
92979,0,0,2,0.0
94110,2998,3013,29782,0.1006648311060372
96674,0,0,1,0.0
93210,142,148,9678,0.014672452986154164
94042,11,11,344,0.03197674418604651
90713,1051,1064,21580,0.04870250231696015
98591,0,0,3,0.0
95084,0,0,1,0.0
92222,0,0,69,0.0
96770,0,0,3,0.0
90444,0,0,1,0.0
93218,8,8,644,0.012422360248447204
98041,0,0,1,0.0
99109,0,0,3,0.0
92073,0,0,5,0.0
93405,924,924,11741,0.07869857763393237
93191,0,0,1,0.0
93224,3,3,362,0.008287292817679558
91442,0,0,1,0.0
92723,0,0,1,0.0
91103,1301,1316,17694,0.07352774951961116
94030,2077,2082,17709,0.11728499632954995
95076,1646,1647,65043,0.025306335808618914
96010,1,1,151,0.006622516556291391
91764,1144,1162,39527,0.02894224201178941
94458,0,0,1,0.0
95226,1,1,96,0.010416666666666666
98371,0,0,16,0.0
93120,8,8,215,0.037209302325581395
91400,0,0,1,0.0
96510,0,0,1,0.0
95647,0,0,2,0.0
96271,0,0,1,0.0
95982,27,27,2871,0.009404388714733543
90308,4,4,122,0.03278688524590164
96915,1,1,14,0.07142857142857142
92853,0,0,2,0.0
92841,1625,1656,26422,0.06150177882067974
96650,0,0,1,0.0
98277,3,4,98,0.030612244897959183
93423,8,8,1270,0.006299212598425197
94046,0,0,2,0.0
97489,0,0,1,0.0
92806,1427,1459,32791,0.04351803848616999
96306,0,0,8,0.0
93939,0,0,2,0.0
95063,28,28,904,0.030973451327433628
97233,0,0,17,0.0
96738,0,0,19,0.0
98155,2,2,31,0.06451612903225806
98942,0,0,7,0.0
98631,0,0,3,0.0
90970,0,0,0,
93661,0,0,34,0.0
92655,301,307,6255,0.04812150279776179
95735,4,4,95,0.042105263157894736
95547,22,22,1250,0.0176
94294,0,0,6,0.0
92277,265,266,11752,0.02254935330156569
92359,178,178,6657,0.026738771218266486
92233,12,12,3459,0.003469210754553339
92717,0,1,7,0.0
94943,0,0,1,0.0
93085,0,0,1,0.0
95444,72,72,911,0.07903402854006586
98110,4,4,52,0.07692307692307693
95603,945,945,23910,0.039523212045169384
91396,3,4,223,0.013452914798206279
90074,0,0,5,0.0
92346,1518,1528,42424,0.03578163303790308
97301,1,1,34,0.029411764705882353
91758,0,0,3,0.0
91708,2035,2049,12593,0.16159771301516715
90830,0,0,0,
97392,0,0,3,0.0
99712,0,0,6,0.0
95848,0,0,3,0.0
93630,195,195,15628,0.012477604299974404
92740,0,0,4,0.0
90690,0,0,0,
93777,0,0,125,0.0
92182,3,3,238,0.012605042016806723
99921,0,0,2,0.0
96677,0,0,3,0.0
91072,0,0,1,0.0
97537,0,0,14,0.0
94295,1,1,1,1.0
95422,116,116,12964,0.008947855600123419
94064,9,9,510,0.01764705882352941
97469,0,0,1,0.0
93066,191,191,3331,0.057340138096667666
96230,0,0,3,0.0
95750,0,0,1,0.0
94912,16,16,834,0.019184652278177457
92483,0,0,1,0.0
91042,1796,1809,21098,0.08512655227983695
92013,23,23,362,0.06353591160220995
96796,0,0,4,0.0
95486,5,5,110,0.045454545454545456
95839,0,0,3,0.0
94562,21,21,250,0.084
99556,0,0,3,0.0
93773,0,0,64,0.0
90819,0,0,0,
95760,0,0,1,0.0
97236,1,1,15,0.06666666666666667
97149,0,0,3,0.0
99830,0,0,1,0.0
92860,778,785,20221,0.038474852875723255
91944,6,7,493,0.012170385395537525
90333,0,0,1,0.0
96374,0,0,1,0.0
94000,0,0,20,0.0
90844,0,0,0,
95663,153,153,2823,0.05419766206163656
94460,0,0,1,0.0
97467,0,0,7,0.0
94308,0,0,0,
93678,0,0,1,0.0
96127,1,1,413,0.002421307506053269
95550,3,3,288,0.010416666666666666
90023,414,425,26103,0.015860245948741525
98372,0,0,22,0.0
94864,0,0,1,0.0
95628,1780,1786,34114,0.052177991440464325
91224,2,2,111,0.018018018018018018
95571,6,6,201,0.029850746268656716
96786,1,1,33,0.030303030303030304
96137,22,22,3404,0.006462984723854289
93775,0,0,81,0.0
95026,0,0,4,0.0
97540,1,1,28,0.03571428571428571
90261,0,0,2,0.0
93161,0,0,0,
91932,446,450,17143,0.02601644986291781
94073,0,0,1,0.0
91011,3044,3066,17189,0.17708999941823259
95412,10,10,329,0.030395136778115502
90096,0,0,1,0.0
94903,2443,2447,24009,0.10175350910075388
95323,17,17,1041,0.01633045148895293
90848,0,0,0,
93619,2826,2826,40441,0.06987957765633887
94647,0,0,1,0.0
94137,0,0,1,0.0
92618,12089,12179,51771,0.23350910741534836
90980,0,0,0,
90248,592,604,11554,0.051237666608966594
93901,492,493,21835,0.022532631096862835
90984,0,0,0,
95456,39,39,708,0.05508474576271186
90886,0,0,0,
91313,9,9,308,0.02922077922077922
99205,0,0,16,0.0
91039,0,0,0,
92418,0,0,8,0.0
93614,203,203,9508,0.02135044173327724
92363,28,28,3245,0.008628659476117103
97101,0,0,1,0.0
95555,5,5,232,0.021551724137931036
98281,0,0,3,0.0
92320,387,387,9341,0.04143025372015844
96772,0,0,7,0.0
94351,0,0,0,
95229,1,1,28,0.03571428571428571
92074,12,12,408,0.029411764705882353
97394,1,1,8,0.125
98947,0,0,2,0.0
96134,4,4,1610,0.002484472049689441
92286,7,7,863,0.008111239860950173
92781,23,24,604,0.0380794701986755
91404,2,2,41,0.04878048780487805
93037,0,0,1,0.0
91616,1,1,36,0.027777777777777776
90093,8,8,126,0.06349206349206349
95000,0,0,0,
98625,0,0,4,0.0
93044,10,10,435,0.022988505747126436
97111,0,0,4,0.0
92643,0,0,13,0.0
96117,2,2,290,0.006896551724137931
96830,0,0,2,0.0
97225,4,4,41,0.0975609756097561
99122,0,0,3,0.0
93232,5,5,868,0.00576036866359447
97471,0,0,28,0.0
91005,0,0,1,0.0
98284,0,0,13,0.0
93570,0,0,2,0.0
92833,3864,3905,38831,0.09950812495171384
95423,50,50,4019,0.01244090569793481
95242,857,857,22393,0.03827088822399857
94065,1645,1652,9298,0.17691976769197676
90698,0,0,0,
98217,0,0,1,0.0
95163,0,0,1,0.0
93724,1,1,9,0.1111111111111111
91765,4845,4919,36745,0.13185467410532045
91739,3467,3483,33071,0.10483505185812343
90712,1358,1376,24344,0.05578376602037463
98380,0,0,1,0.0
95116,1235,1253,34246,0.03606260585177831
95401,1078,1078,28459,0.037879054077796126
91301,2731,2742,20522,0.13307669817756554
91304,2582,2601,35350,0.07304101838755304
92763,1,1,1,1.0
95455,0,0,4,0.0
90644,0,0,1,0.0
93750,0,0,1,0.0
92408,257,261,11102,0.023148982165375608
90675,0,0,0,
95622,0,0,3,0.0
92693,4,4,282,0.014184397163120567
92829,0,0,1,0.0
95627,42,42,3212,0.013075965130759652
90763,0,0,0,
97013,0,0,12,0.0
95636,7,7,501,0.013972055888223553
95614,118,118,3734,0.03160149973219068
91917,19,19,950,0.02
95853,0,0,125,0.0
92343,0,0,21,0.0
92309,2,2,361,0.00554016620498615
90930,0,0,0,
94902,0,0,1,0.0
91230,1,1,1,1.0
91328,7,7,141,0.04964539007092199
94621,466,471,21469,0.021705715217290047
94979,4,4,239,0.016736401673640166
92156,0,0,1,0.0
99567,0,0,3,0.0
92313,313,314,9659,0.032405010870690545
93238,14,14,1277,0.01096319498825372
93501,64,64,3443,0.01858844031367993
98328,0,0,1,0.0
91040,1576,1587,17159,0.09184684422169125
92777,0,0,1,0.0
92607,28,28,475,0.05894736842105263
91393,2,2,111,0.018018018018018018
90322,0,0,1,0.0
90696,0,0,0,
92654,12,13,356,0.033707865168539325
97005,0,0,42,0.0
95343,9,9,85,0.10588235294117647
97021,0,0,1,0.0
93406,20,20,823,0.024301336573511544
94526,3280,3290,27641,0.11866430302811042
94504,0,0,5,0.0
98127,0,0,1,0.0
92714,0,0,3,0.0
90934,0,0,1,0.0
92812,8,8,274,0.029197080291970802
90682,0,0,0,
93585,0,0,1,0.0
92371,202,202,9508,0.02124526714345814
95805,0,0,0,
90786,0,0,1,0.0
99190,0,0,1,0.0
94603,457,462,22602,0.020219449606229536
95929,0,0,82,0.0
90602,818,829,17077,0.047900685132048954
94543,3,3,130,0.023076923076923078
95568,0,0,115,0.0
98278,0,0,3,0.0
90460,0,0,1,0.0
95445,141,141,2941,0.047942876572594356
91830,0,0,1,0.0
90508,2,2,66,0.030303030303030304
90764,0,0,0,
94954,1702,1705,31734,0.05363332703094473
90507,0,0,39,0.0
94568,9252,9295,48316,0.19148936170212766
95150,12,12,516,0.023255813953488372
96716,0,0,4,0.0
92232,9,9,4561,0.0019732514799386098
93241,61,61,9345,0.006527554842161584
97216,0,0,14,0.0
96401,0,0,1,0.0
94547,1876,1882,20646,0.09086505860699409
95022,0,0,2,0.0
93504,8,8,267,0.0299625468164794
95128,2266,2286,24656,0.09190460739779364
95709,109,109,4382,0.02487448653582839
95231,39,39,2996,0.0130173564753004
92515,0,0,1,0.0
96025,13,13,1981,0.006562342251388188
95601,19,19,325,0.05846153846153846
95748,0,0,1,0.0
92832,1005,1019,17387,0.057801805946971874
90741,0,0,1,0.0
96709,0,0,4,0.0
96932,0,0,6,0.0
97360,0,0,1,0.0
92923,0,0,1,0.0
92794,0,0,1,0.0
94303,3731,3752,34487,0.10818569315974136
99705,0,0,8,0.0
93581,16,16,1090,0.014678899082568808
94133,782,787,9245,0.08458626284478096
99354,1,1,17,0.058823529411764705
90968,0,0,0,
93343,0,0,0,
91430,0,0,0,
95425,352,352,11852,0.029699628754640568
93231,0,0,0,
95053,3,3,42,0.07142857142857142
97753,0,0,4,0.0
93792,2,2,55,0.03636363636363636
94130,65,67,868,0.0748847926267281
91781,0,0,2,0.0
94533,2247,2254,57563,0.03903549154839046
92567,161,161,8613,0.018692673865087658
95044,7,7,167,0.041916167664670656
90407,0,0,2,0.0
95885,0,0,2,0.0
95386,129,129,7933,0.016261187444850625
98465,0,0,10,0.0
92563,4128,4133,53375,0.07733957845433255
93924,522,522,5931,0.08801213960546282
98059,4,4,38,0.10526315789473684
99707,0,0,1,0.0
92850,0,0,0,
95062,1607,1610,27134,0.05922458907643547
91596,0,0,1,0.0
95032,3861,3887,22059,0.17503059975520197
92120,1959,1964,24702,0.07930531940733544
90264,21,21,212,0.09905660377358491
94296,5,5,93,0.053763440860215055
93440,68,68,1604,0.04239401496259352
95720,2,2,91,0.02197802197802198
93230,950,951,49676,0.019123923021177228
92624,461,465,6178,0.07461961799935254
95541,0,0,2,0.0
90897,0,0,0,
98373,4,4,39,0.10256410256410256
98532,1,1,15,0.06666666666666667
90044,822,855,50341,0.016328638684173932
93846,0,0,1,0.0
94014,1889,1900,30617,0.06169774961622628
94802,2,2,506,0.003952569169960474
95165,0,0,1,0.0
96818,4,4,78,0.05128205128205128
95682,1062,1063,26393,0.040237941878528395
90989,0,0,0,
94907,0,0,6,0.0
95017,27,27,617,0.04376012965964344
96112,1,1,175,0.005714285714285714
98503,2,2,45,0.044444444444444446
90668,0,0,0,
90894,0,0,0,
96837,0,0,4,0.0
92123,1963,1966,27206,0.0721532014996692
92796,0,0,1,0.0
95684,62,62,2578,0.02404965089216447
96537,0,0,1,0.0
95033,1127,1132,8069,0.13967034328913125
94552,1728,1739,12452,0.13877288788949566
95435,1,1,371,0.0026954177897574125
92369,8,8,230,0.034782608695652174
95464,27,27,2110,0.012796208530805687
91023,0,0,8,0.0
96027,8,8,2111,0.0037896731406916154
93582,0,0,1,0.0
94906,1,1,2,0.5
92196,13,13,475,0.02736842105263158
93693,0,0,1,0.0
93518,10,10,813,0.012300123001230012
99173,0,0,1,0.0
91801,2503,2538,34938,0.07164119297040472
92656,4496,4542,39054,0.11512265068878988
91806,0,0,1,0.0
97345,0,0,1,0.0
90623,1220,1227,12307,0.09913057609490533
94038,218,218,2510,0.08685258964143426
93212,71,71,9733,0.007294770368848248
92009,4573,4577,35372,0.1292830487391157
98340,0,0,5,0.0
92280,0,0,14,0.0
96119,1,1,74,0.013513513513513514
93167,0,0,1,0.0
93744,1,1,240,0.004166666666666667
93606,3,3,1024,0.0029296875
97470,0,0,16,0.0
92695,0,0,2,0.0
98260,0,0,7,0.0
90986,0,0,0,
98388,0,0,11,0.0
91960,0,0,1,0.0
92679,3954,3976,26467,0.14939358446367174
94468,0,0,0,
92230,26,26,2505,0.010379241516966068
98006,4,4,80,0.05
92058,1000,1002,23489,0.04257311933245349
93151,0,0,1,0.0
96138,0,0,1,0.0
95008,4115,4164,36885,0.11156296597532872
99103,0,0,0,
91225,4,4,127,0.031496062992125984
91726,0,0,1,0.0
90294,15,15,162,0.09259259259259259
90273,1,1,2,0.5
91210,40,41,245,0.16326530612244897
93565,0,0,1,0.0
94012,0,0,1,0.0
92088,10,10,1000,0.01
95978,1,1,195,0.005128205128205128
98177,3,3,24,0.125
92376,1099,1114,61431,0.01788999039572854
96121,0,0,368,0.0
95502,31,31,1837,0.016875340228633642
95424,3,3,322,0.009316770186335404
91352,1553,1569,36244,0.04284847147114005
93043,2,2,85,0.023529411764705882
97040,0,0,1,0.0
90881,0,0,0,
95742,1813,1820,17737,0.10221570727857023
93702,229,230,27193,0.00842128488949362
90734,9,9,136,0.0661764705882353
94209,0,0,3,0.0
92586,483,486,18015,0.026810990840965863
91325,2067,2086,24074,0.08586026418542826
90651,6,6,361,0.01662049861495845
93908,714,714,11726,0.06089032918301211
92639,0,0,2,0.0
96218,0,0,3,0.0
91741,1641,1654,21016,0.07808336505519604
96726,0,0,2,0.0
93766,0,0,2,0.0
91205,1732,1772,21906,0.07906509632064275
91833,0,0,1,0.0
95021,13,13,1418,0.009167842031029619
92402,2,2,455,0.004395604395604396
96745,1,1,16,0.0625
93352,0,0,3,0.0
93932,8,8,520,0.015384615384615385
96006,2,2,583,0.003430531732418525
90708,0,0,3,0.0
91740,1015,1032,19738,0.05142364981254433
95304,699,701,12613,0.05541901213034171
92085,7,7,1042,0.0067178502879078695
91753,0,0,0,
92263,46,46,1293,0.03557617942768755
97023,0,0,9,0.0
93583,0,0,1,0.0
98349,1,1,7,0.14285714285714285
95945,478,479,20878,0.02289491330587221
90091,1,1,111,0.009009009009009009
98063,0,0,2,0.0
95899,15,16,179,0.08379888268156424
90211,1091,1102,7076,0.1541831543244771
93094,2,3,319,0.006269592476489028
97220,0,0,44,0.0
91376,21,21,319,0.06583072100313479
98274,1,1,10,0.1
94989,0,0,1,0.0
97501,2,2,90,0.022222222222222223
90494,0,0,0,
95073,626,627,9792,0.0639297385620915
93545,34,34,1880,0.018085106382978722
92542,0,0,1,0.0
98626,0,0,3,0.0
92716,0,0,3,0.0
95215,261,262,18505,0.01410429613617941
92775,0,0,0,
91686,0,0,1,0.0
91522,0,0,12,0.0
96090,3,3,363,0.008264462809917356
93549,2,2,332,0.006024096385542169
95240,765,767,33626,0.02275025278058645
97456,0,0,2,0.0
92964,0,0,1,0.0
95023,2040,2044,49944,0.04084574723690534
91385,7,7,100,0.07
92047,0,0,1,0.0
93036,1355,1361,35400,0.03827683615819209
95736,21,22,989,0.021233569261880688
92896,0,0,1,0.0
97103,1,1,15,0.06666666666666667
94942,21,23,551,0.038112522686025406
94037,288,288,2371,0.12146773513285533
93426,29,29,1068,0.027153558052434457
95433,9,9,511,0.01761252446183953
93559,0,0,1,0.0
95381,19,19,1637,0.011606597434331093
94246,0,0,0,
91842,0,0,1,0.0
92219,0,0,1,0.0
94955,6,6,422,0.014218009478672985
93543,149,151,11074,0.013454939497923063
91008,145,145,999,0.14514514514514515
90826,0,0,0,
92096,0,0,22,0.0
92164,0,0,2,0.0
92611,0,0,1,0.0
93657,488,490,27794,0.017557746276174714
93812,0,0,1,0.0
91064,0,0,0,
93019,0,0,1,0.0
94594,0,0,3,0.0
90693,0,0,0,
95712,8,8,448,0.017857142857142856
90040,300,301,10106,0.02968533544429052
95919,7,7,978,0.007157464212678937
92031,0,0,1,0.0
95446,215,216,4874,0.04411161263848995
92751,0,0,2,0.0
92155,6,6,95,0.06315789473684211
99703,0,0,6,0.0
90041,1571,1587,17583,0.089347665358585
95776,1069,1076,23202,0.04607361434359107
98188,2,2,18,0.1111111111111111
95901,392,393,24437,0.016041248925809225
92864,0,0,6,0.0
94384,0,0,0,
92084,1619,1629,38765,0.041764478266477494
93620,81,81,7764,0.010432766615146832
90401,1493,1506,5877,0.25404117747149907
93910,0,0,1,0.0
93000,0,0,6,0.0
92640,0,0,48,0.0
92852,0,0,1,0.0
91501,1539,1559,14383,0.10700132100396301
94262,0,0,1,0.0
99515,1,1,14,0.07142857142857142
95728,28,28,449,0.062360801781737196
92319,0,0,2,0.0
90904,0,0,1,0.0
96601,0,0,0,
91737,1615,1618,19432,0.08311033347056401
91214,2740,2771,24200,0.11322314049586776
95765,2774,2789,33024,0.08399951550387597
93827,0,0,0,
95674,10,10,738,0.013550135501355014
94101,0,0,2,0.0
92054,1316,1319,27798,0.04734153536225628
95070,5832,5874,27265,0.21390060517146525
94302,18,18,266,0.06766917293233082
92172,20,20,336,0.05952380952380952
98858,0,0,1,0.0
98198,2,2,42,0.047619047619047616
95109,8,8,250,0.032
92698,0,0,1,0.0
98267,0,0,1,0.0
94683,0,0,1,0.0
96812,0,0,2,0.0
91419,0,0,1,0.0
91938,0,0,1,0.0
90704,37,37,1793,0.02063580591187953
98556,0,0,1,0.0
94666,0,0,3,0.0
95961,717,719,23552,0.03044327445652174
90048,2037,2052,13855,0.1470227354745579
90769,0,0,0,
95407,930,931,33958,0.027386771894693445
95383,79,80,4806,0.01643778610070745
93653,19,19,871,0.021814006888633754
98424,0,0,10,0.0
92722,0,0,1,0.0
98951,0,0,1,0.0
91696,0,0,1,0.0
93542,0,0,14,0.0
90310,1,1,15,0.06666666666666667
95067,12,12,485,0.024742268041237112
91660,0,0,1,0.0
95831,1840,1845,30136,0.06105654366870188
95648,2824,2830,47717,0.059182262086887275
97479,0,0,4,0.0
92700,0,0,51,0.0
91002,0,0,1,0.0
95421,59,59,1570,0.0375796178343949
99587,0,0,3,0.0
90307,0,0,31,0.0
92373,1784,1786,25716,0.06937315290091772
93613,18,18,1331,0.013523666416228399
95042,3,3,38,0.07894736842105263
92454,0,0,1,0.0
94103,1445,1448,11896,0.1214694014794889
90210,3332,3349,16255,0.20498308212857583
93287,3,3,146,0.02054794520547945
97525,0,0,10,0.0
94382,0,0,1,0.0
95376,1545,1548,40317,0.03832130366842771
99324,0,0,16,0.0
94020,105,105,1342,0.07824143070044709
97355,0,0,18,0.0
90015,1273,1278,12806,0.09940652818991098
96070,0,0,0,
90962,0,0,0,
97828,0,0,1,0.0
94376,0,0,1,0.0
96142,17,17,829,0.020506634499396863
91508,0,0,27,0.0
92025,1661,1669,39356,0.04220449232645594
92511,0,0,1,0.0
94116,2773,2785,25749,0.1076935026602975
98370,2,2,44,0.045454545454545456
93023,1151,1151,16756,0.06869181188827883
95948,83,83,9149,0.00907202973002514
97733,0,0,0,
90884,0,0,0,
91161,0,0,1,0.0
90080,1,1,2,0.5
95495,0,0,1,0.0
90046,4086,4122,30310,0.13480699439129
91963,14,14,2393,0.0058503969912244045
97708,0,0,23,0.0
95669,62,62,3271,0.018954448180984407
92228,0,0,1,0.0
98037,1,1,17,0.058823529411764705
93351,1,1,4,0.25
92093,68,68,656,0.10365853658536585
90788,0,0,0,
95935,7,7,645,0.010852713178294573
95984,0,0,92,0.0
94701,3,3,102,0.029411764705882353
90864,0,0,0,
96047,11,11,668,0.016467065868263474
90750,0,0,3,0.0
95943,5,5,866,0.005773672055427252
98296,1,1,18,0.05555555555555555
91731,849,865,19998,0.04245424542454245
95803,0,0,1,0.0
95360,200,200,10436,0.019164430816404752
95124,4950,4995,37351,0.13252657224706166
97497,0,0,1,0.0
96762,0,0,1,0.0
90604,1099,1111,28443,0.038638680870512955
96060,0,0,1,0.0
95291,0,0,1,0.0
96375,1,1,6,0.16666666666666666
95804,0,0,0,
95536,44,44,2643,0.01664774877033674
91188,0,0,1,0.0
92281,5,5,1856,0.0026939655172413795
95569,2,2,190,0.010526315789473684
93674,0,0,1,0.0
94559,1260,1262,22014,0.05723630417007359
94914,6,6,140,0.04285714285714286
92035,0,0,5,0.0
98687,0,0,5,0.0
95458,28,28,2525,0.011089108910891089
95491,0,0,1,0.0
92010,1539,1545,14985,0.10270270270270271
95046,335,336,6454,0.05190579485590332
95731,0,0,1,0.0
92118,1132,1135,12037,0.09404336628728088
92127,6561,6581,36611,0.17920843462347383
97827,0,0,1,0.0
93239,6,6,898,0.0066815144766146995
95755,1,1,1,1.0
97381,0,0,6,0.0
98068,0,0,2,0.0
92995,1,1,1,1.0
94011,13,13,410,0.03170731707317073
92090,0,0,1,0.0
92342,163,163,4951,0.03292264189052717
93245,406,409,23271,0.0174466073653904
91030,2247,2269,17718,0.12682018286488317
98029,4,4,35,0.11428571428571428
95280,0,0,1,0.0
94575,2,2,58,0.034482758620689655
94558,2995,2998,54479,0.05497531158795132
90630,3438,3492,38898,0.08838500694123091
94280,0,0,1,0.0
93264,0,0,0,
95623,97,97,4199,0.02310073827101691
90727,1,1,1,1.0
97885,0,0,1,0.0
91207,932,940,7826,0.11909021211346793
95882,0,0,2,0.0
98563,0,0,5,0.0
95960,18,18,1184,0.015202702702702704
97834,0,0,1,0.0
90282,0,0,1,0.0
98903,0,0,7,0.0
92291,0,0,5,0.0
97135,0,0,1,0.0
92147,0,0,23,0.0
96839,0,0,1,0.0
97232,1,1,49,0.02040816326530612
90523,0,0,1,0.0
92711,13,13,501,0.02594810379241517
95813,2,2,127,0.015748031496062992
96753,4,4,108,0.037037037037037035
96034,3,3,298,0.010067114093959731
98851,0,0,2,0.0
90253,0,0,1,0.0
95687,1941,1945,48831,0.03974933955888677
90642,0,0,0,
94111,267,268,2283,0.11695137976346912
95656,11,11,490,0.022448979591836733
94506,3689,3707,20776,0.17756064690026954
95119,1061,1066,8839,0.12003620319040616
97520,2,2,112,0.017857142857142856
95482,626,626,26925,0.023249767873723307
94627,0,0,0,
98498,1,1,34,0.029411764705882353
94602,2030,2039,18711,0.10849233071455294
92560,0,0,1,0.0
98243,0,0,2,0.0
93927,137,137,14466,0.00947048251071478
92548,154,154,6251,0.02463605823068309
97058,0,0,7,0.0
90304,386,393,17077,0.02260350178602799
95236,81,81,4666,0.017359622803257608
94858,0,0,0,
95075,20,20,590,0.03389830508474576
99503,0,0,62,0.0
93268,80,82,10583,0.007559293206085231
92347,4,4,484,0.008264462809917356
95392,0,0,1,0.0
93454,473,474,31194,0.01516317240494967
92270,1825,1830,16349,0.11162762248455563
96367,0,0,16,0.0
96819,5,5,42,0.11904761904761904
93451,83,83,4166,0.019923187710033607
90692,0,0,0,
92337,877,880,28204,0.03109488015884272
96012,1,1,2,0.5
91951,3,3,768,0.00390625
95866,6,6,269,0.022304832713754646
98674,2,2,8,0.25
92825,0,0,8,0.0
97493,1,1,3,0.3333333333333333
90076,0,0,38,0.0
91326,5289,5317,31112,0.16999871432244792
98815,0,0,1,0.0
95328,70,70,3308,0.021160822249093107
96046,3,3,220,0.013636363636363636
97465,0,0,3,0.0
91971,0,0,3,0.0
95101,0,0,9,0.0
95983,7,7,512,0.013671875
96141,16,16,764,0.020942408376963352
95220,159,159,6213,0.02559150169000483
92322,10,10,476,0.02100840336134454
90661,0,0,52,0.0
94342,0,0,0,
96640,0,0,1,0.0
90265,1928,1937,11808,0.1632791327913279
95028,0,0,2,0.0
94070,4047,4055,25946,0.1559778000462499
90849,0,0,0,
93039,0,0,0,
95835,2625,2639,29891,0.0878190759760463
92327,1,1,266,0.0037593984962406013
95266,0,0,1,0.0
91767,1159,1181,34411,0.033681090349016306
91102,7,7,178,0.03932584269662921
92623,39,39,556,0.07014388489208633
92135,1,1,132,0.007575757575757576
91721,0,0,1,0.0
91602,1614,1626,13525,0.11933456561922366
95808,0,0,2,0.0
98438,0,0,6,0.0
97070,3,3,37,0.08108108108108109
91323,0,0,4,0.0
98258,4,4,51,0.0784313725490196
91276,0,0,1,0.0
97054,1,1,2,0.5
90648,0,0,2,0.0
99141,0,0,1,0.0
96011,1,1,90,0.011111111111111112
95440,0,0,5,0.0
95478,0,0,2,0.0
92069,2230,2233,38228,0.0583342052945485
93779,0,0,56,0.0
96719,0,0,5,0.0
93250,89,89,9922,0.008969965732715178
91319,7,7,230,0.030434782608695653
91539,0,0,1,0.0
93664,11,11,550,0.02
90745,1659,1688,42424,0.03910522345841976
97531,0,0,1,0.0
92846,2,2,127,0.015748031496062992
93922,43,43,1050,0.040952380952380955
96248,0,0,1,0.0
92605,3,4,209,0.014354066985645933
94015,2910,2931,41771,0.06966555744415982
92517,13,13,902,0.014412416851441241
95754,0,0,1,0.0
90617,0,0,1,0.0
95881,0,0,1,0.0
91792,1250,1264,20449,0.06112768350530588
99033,1,1,1,1.0
91009,5,5,205,0.024390243902439025
91506,1218,1229,14507,0.08395946784311022
92378,11,11,499,0.022044088176352707
94709,425,428,4702,0.09038706933219906
93252,4,4,899,0.004449388209121246
94244,16,16,583,0.0274442538593482
90067,821,823,3771,0.2177141341819146
94236,0,0,113,0.0
95341,271,272,22505,0.012041768495889803
92857,0,0,57,0.0
90653,0,0,0,
92601,0,0,1,0.0
91775,1797,1829,17082,0.10519845451352301
94207,0,0,1,0.0
96863,0,0,2,0.0
93635,829,830,38262,0.02166640531075218
92530,1551,1556,44029,0.03522678234799791
91948,2,2,178,0.011235955056179775
94708,1587,1591,8090,0.196168108776267
95244,0,0,1,0.0
92688,3234,3253,34817,0.09288565930436281
94924,81,81,1069,0.07577174929840973
98342,0,0,2,0.0
91720,2,2,32,0.0625
90838,0,0,0,
92331,13,13,616,0.021103896103896104
95416,10,10,1023,0.009775171065493646
93318,0,0,1,0.0
95418,3,3,488,0.006147540983606557
96059,4,4,457,0.0087527352297593
91936,0,0,0,
96661,0,0,3,0.0
92969,0,0,1,0.0
96128,2,2,581,0.0034423407917383822
92249,78,78,6944,0.011232718894009217
98052,15,15,109,0.13761467889908258
95952,0,0,4,0.0
94387,0,0,1,0.0
92684,12,13,274,0.043795620437956206
95388,109,109,10071,0.010823155595273557
94505,870,874,12645,0.06880189798339265
95227,17,17,782,0.021739130434782608
98671,3,3,35,0.08571428571428572
91603,5,5,160,0.03125
98661,23,23,99,0.23232323232323232
93341,0,0,1,0.0
95449,36,36,1559,0.023091725465041693
96056,8,8,1553,0.0051513200257566
90255,668,684,41397,0.016136435007367684
95221,4,4,1137,0.003518029903254178
94646,0,0,2,0.0
91310,2,2,117,0.017094017094017096
97239,4,4,43,0.09302325581395349
99762,0,0,5,0.0
95837,24,24,451,0.05321507760532151
92556,2,2,356,0.0056179775280898875
94561,1842,1851,35912,0.0512920472265538
90600,0,0,0,
93134,0,0,1,0.0
95668,17,17,953,0.017838405036726127
96066,0,0,1,0.0
97707,2,2,18,0.1111111111111111
92606,2471,2515,17219,0.14350426854056567
98384,0,0,2,0.0
92132,0,0,10,0.0
92285,37,37,1509,0.024519549370444003
93448,18,18,781,0.023047375160051217
96732,1,1,17,0.058823529411764705
92237,0,0,2,0.0
99725,0,0,1,0.0
96555,0,0,1,0.0
99755,0,0,1,0.0
90959,0,0,0,
93121,4,5,221,0.01809954751131222
94757,0,0,1,0.0
90716,188,196,8991,0.020909798687576465
92201,937,937,43112,0.021734087956949342
90797,0,0,0,
92570,948,956,45520,0.020826010544815466
92140,1,1,87,0.011494252873563218
98802,0,0,15,0.0
93611,1345,1345,36033,0.037326894790886134
90662,1,1,88,0.011363636363636364
96634,0,0,2,0.0
96024,15,15,927,0.016181229773462782
96201,0,0,1,0.0
97086,2,2,37,0.05405405405405406
90967,0,0,0,
96910,0,0,3,0.0
93644,117,117,6969,0.016788635385277657
93150,32,32,417,0.07673860911270983
97886,0,0,1,0.0
90733,9,9,327,0.027522935779816515
98202,0,0,1,0.0
96164,0,0,1,0.0
95314,0,0,2,0.0
94775,0,0,0,
93708,0,0,31,0.0
96101,14,14,4820,0.002904564315352697
95200,0,0,4,0.0
94597,1572,1578,16924,0.09288584259040417
90678,0,0,0,
91925,0,0,1,0.0
90903,1,1,2,0.5
95820,626,629,23059,0.027147751420269744
90361,0,0,1,0.0
90220,629,645,32773,0.01919262807799103
90858,0,0,0,
94571,409,409,9399,0.04351526758165762
95037,4755,4765,44336,0.10724918801876579
91050,0,0,0,
91531,0,0,1,0.0
95549,42,42,772,0.054404145077720206
98572,0,0,1,0.0
90094,1350,1353,6041,0.2234729349445456
98040,9,9,66,0.13636363636363635
91109,30,30,864,0.034722222222222224
90262,632,645,41973,0.015057298739665976
95092,0,0,2,0.0
91788,27,27,416,0.06490384615384616
97116,0,0,15,0.0
95970,3,3,531,0.005649717514124294
91200,0,0,1,0.0
92351,0,0,2,0.0
98115,7,7,74,0.0945945945945946
93408,10,10,141,0.07092198581560284
95904,0,0,1,0.0
96135,0,0,100,0.0
92292,0,0,1,0.0
90766,0,0,1,0.0
94948,13,13,743,0.017496635262449527
94131,2509,2525,16120,0.15564516129032258
92399,1394,1397,43048,0.03238245679241777
94940,20,20,159,0.12578616352201258
99517,0,0,12,0.0
98039,2,2,13,0.15384615384615385
92070,18,18,1705,0.010557184750733138
99521,1,1,1,1.0
92523,0,0,1,0.0
96110,0,0,102,0.0
93301,225,225,11251,0.01999822238023287
98664,0,0,17,0.0
94159,3,3,129,0.023255813953488372
92048,0,0,4,0.0
93625,190,190,7012,0.027096406160867084
95133,2050,2065,22573,0.09081646214504054
96326,0,0,3,0.0
92659,21,24,569,0.03690685413005272
94941,3912,3928,23520,0.1663265306122449
95932,47,47,6840,0.006871345029239766
91914,1425,1426,14423,0.09880052693614366
92361,0,0,0,
91734,5,6,830,0.006024096385542169
90052,0,0,5,0.0
94662,14,14,295,0.04745762711864407
98686,0,0,20,0.0
92268,18,18,491,0.03665987780040733
93258,10,10,2429,0.004116920543433511
99228,0,0,2,0.0
94128,10,10,506,0.019762845849802372
92097,0,0,1,0.0
90676,0,0,0,
90309,2,2,82,0.024390243902439025
99326,0,0,2,0.0
93055,0,0,1,0.0
96020,11,11,2716,0.004050073637702504
95936,4,4,554,0.007220216606498195
98070,3,3,19,0.15789473684210525
90825,0,0,1,0.0
93090,0,0,1,0.0
97487,0,0,4,0.0
96303,0,0,1,0.0
93035,1120,1121,22288,0.05025125628140704
92602,4945,4985,23306,0.21217712177121772
90038,1077,1088,14942,0.07207870432338374
90869,0,0,1,0.0
95973,766,766,29375,0.026076595744680853
92783,0,0,1,0.0
96472,0,0,1,0.0
95661,1596,1603,25984,0.061422413793103446
90645,0,0,1,0.0
90223,3,3,119,0.025210084033613446
93064,1,1,35,0.02857142857142857
92657,2164,2168,9390,0.23045793397231096
95575,0,0,1,0.0
95518,24,24,932,0.02575107296137339
92603,3160,3183,15363,0.20568899303521448
97527,3,3,65,0.046153846153846156
94957,391,391,1906,0.20514165792235048
95370,406,406,26584,0.015272344267228408
94507,2026,2030,13934,0.14539974163915603
95920,4,4,204,0.0196078431372549
94984,0,0,0,
93358,0,0,1,0.0
96430,0,0,1,0.0
94910,0,0,1,0.0
96421,0,0,1,0.0
98203,2,2,33,0.06060606060606061
93697,0,0,1,0.0
91909,4,4,405,0.009876543209876543
93461,16,16,1255,0.012749003984063745
92103,2375,2384,24285,0.09779699402923615
92239,3,3,182,0.016483516483516484
92082,1056,1057,20696,0.05102435253189022
91334,1,1,76,0.013157894736842105
95705,0,0,4,0.0
93745,3,3,350,0.008571428571428572
96180,0,0,1,0.0
93279,11,11,756,0.01455026455026455
95713,196,197,7118,0.02753582466985108
95979,3,3,417,0.007194244604316547
91634,0,0,1,0.0
95120,5646,5688,31152,0.18124036979969183
96928,0,0,1,0.0
98026,1,1,30,0.03333333333333333
94596,1838,1848,17303,0.10622435415823846
91407,0,0,20,0.0
90466,0,0,1,0.0
93532,87,87,2021,0.043047996041563584
95206,1021,1026,48436,0.02107936245767611
93062,8,8,448,0.017857142857142856
93456,20,20,2814,0.007107320540156361
97424,0,0,13,0.0
95249,43,43,4060,0.010591133004926109
94514,19,19,1237,0.015359741309620048
96078,1,1,224,0.004464285714285714
92630,5681,5746,55399,0.10254697738226322
92366,0,0,53,0.0
97632,0,0,14,0.0
98273,0,0,11,0.0
98550,0,0,2,0.0
93463,403,403,6795,0.05930831493745401
98158,0,0,1,0.0
98941,0,0,2,0.0
97219,3,3,55,0.05454545454545454
96077,0,0,0,
95667,831,833,32690,0.025420617925971244
95143,0,0,1,0.0
91342,3065,3107,71567,0.04282700127153576
90256,1,1,1,1.0
92385,16,16,412,0.038834951456310676
90237,1,1,1,1.0
91905,26,26,2327,0.0111731843575419
94950,10,10,85,0.11764705882352941
90688,0,0,0,
96055,29,29,3234,0.008967223252937539
92089,0,0,1,0.0
97123,0,0,39,0.0
96620,0,0,2,0.0
92223,2589,2595,48985,0.05285291415739512
91902,972,976,16080,0.06044776119402985
94563,3130,3131,16523,0.18943291169884405
93636,811,811,16400,0.049451219512195124
90876,0,0,0,
90318,0,0,1,0.0
92807,3285,3329,32081,0.10239705744833391
94084,0,0,1,0.0
90679,0,0,1,0.0
93266,8,8,1179,0.006785411365564037
93312,1351,1352,41196,0.03279444606272454
98109,20,20,132,0.15151515151515152
90607,8,8,241,0.03319502074688797
93610,235,235,12910,0.01820294345468629
95610,1034,1049,32322,0.031990594641420705
98023,1,1,36,0.027777777777777776
97368,0,0,1,0.0
93065,4408,4426,62430,0.07060707992952106
97080,3,3,24,0.125
94403,3528,3534,32755,0.10770874675622043
92677,6324,6363,52742,0.11990444048386485
96387,0,0,1,0.0
90042,2343,2367,35615,0.06578688754738173
90079,2,2,10,0.2
92424,0,0,1,0.0
99633,0,0,1,0.0
95639,11,11,221,0.049773755656108594
99336,1,1,24,0.041666666666666664
92649,2519,2546,29482,0.08544196458856251
92581,11,11,1196,0.00919732441471572
93207,4,4,218,0.01834862385321101
90643,0,0,0,
91356,3132,3146,21548,0.14534991646556525
94083,17,17,383,0.044386422976501305
92805,2617,2659,52365,0.0499761290938604
91700,0,0,3,0.0
90027,2679,2697,25802,0.10382916053019146
94696,0,0,0,
94422,0,0,2,0.0
91374,0,0,1,0.0
95125,4862,4887,40348,0.12050163576881134
98064,0,0,1,0.0
90603,828,836,15890,0.05210824417872876
95650,773,774,12859,0.06011353915545532
98408,0,0,5,0.0
98311,1,1,35,0.02857142857142857
98908,0,0,11,0.0
96040,3,3,209,0.014354066985645933
91701,1876,1881,31639,0.059293909415594676
90922,0,0,0,
92551,636,651,23303,0.027292623267390466
91016,2120,2154,30169,0.07027080778282342
90278,3736,3766,29860,0.12511721366376424
94926,0,0,2,0.0
92961,0,0,1,0.0
91962,67,67,2519,0.026597856292179436
94107,3490,3499,16651,0.20959702119992793
95595,0,0,162,0.0
92568,0,0,3,0.0
90269,1,1,1,1.0
90990,0,0,0,
92536,101,101,2856,0.035364145658263305
99833,0,0,4,0.0
93497,0,0,1,0.0
99004,0,0,10,0.0
95756,0,0,1,0.0
94534,2715,2726,35804,0.07582951625516703
97475,0,0,2,0.0
95558,6,6,366,0.01639344262295082
91606,1817,1838,29344,0.061920665212649946
92341,8,8,326,0.024539877300613498
91949,0,0,0,
97603,1,1,49,0.02040816326530612
95234,1,1,183,0.00546448087431694
92052,14,14,663,0.021116138763197588
90720,1813,1826,18676,0.09707646176911544
92423,11,11,551,0.019963702359346643
94234,0,0,2,0.0
96130,39,39,12226,0.0031899231146736463
94929,14,14,159,0.0880503144654088
92340,12,12,1475,0.008135593220338983
90748,8,9,441,0.018140589569160998
97148,0,0,1,0.0
95638,57,57,2113,0.026975863700899196
96725,0,0,5,0.0
91381,3108,3113,17063,0.1821485084686163
99206,2,2,34,0.058823529411764705
98335,3,3,55,0.05454545454545454
93618,227,227,22237,0.010208211539326347
94142,1,1,135,0.007407407407407408
94608,1646,1656,17142,0.09602146774005367
90087,0,0,28,0.0
93010,2156,2161,36425,0.0591901166781057
91608,7,7,143,0.04895104895104895
98239,0,0,13,0.0
94063,1555,1570,28474,0.05461122427477699
95865,10,10,282,0.03546099290780142
95702,0,0,3,0.0
95810,0,0,11,0.0
90020,1266,1286,18341,0.06902568017011068
91146,0,0,2,0.0
97378,0,0,5,0.0
91124,2,2,5,0.4
90907,0,0,0,
95962,27,27,1260,0.02142857142857143
93106,58,58,587,0.09880749574105621
96123,0,0,88,0.0
96038,2,2,661,0.0030257186081694403
92803,8,8,490,0.0163265306122449
94005,452,452,4107,0.11005600194789383
95679,3,3,102,0.029411764705882353
95237,43,43,3046,0.014116874589625739
92831,1712,1730,23662,0.07235229481869665
93130,16,16,481,0.033264033264033266
91942,1311,1316,29313,0.0447241838092314
91113,0,0,1,0.0
95110,988,999,14773,0.06687876531510188
94566,4974,4994,35452,0.1403023806837414
98409,0,0,21,0.0
96693,0,0,1,0.0
92020,1728,1741,43889,0.0393720522226526
95138,2878,2893,15023,0.19157292152033548
92652,26,27,447,0.058165548098434
96115,0,0,132,0.0
94649,0,0,1,0.0
92067,1840,1843,10725,0.17156177156177158
99341,0,0,2,0.0
98331,0,0,2,0.0
95512,0,0,1,0.0
92033,6,6,567,0.010582010582010581
95112,2536,2572,39419,0.0643344580024861
92324,865,875,41995,0.02059769020121443
95066,1172,1174,12987,0.09024409024409025
98592,0,0,1,0.0
94580,1118,1127,22232,0.05028787333573228
93025,0,0,1,0.0
91748,3345,3389,35763,0.09353242177669659
98126,5,5,51,0.09803921568627451
95257,7,7,570,0.012280701754385965
95468,57,57,1378,0.041364296081277216
91308,9,10,206,0.043689320388349516
92382,118,119,3971,0.029715436917652983
98325,0,0,2,0.0
00OOS,29469,29539,549585,0.053620459073664674
94151,1,1,1,1.0
92429,0,0,1,0.0
94585,746,748,22354,0.03337210342667979
95193,0,0,1,0.0
94567,21,21,494,0.04251012145748988
91908,7,7,436,0.016055045871559634
91661,0,0,1,0.0
98022,0,0,5,0.0
95830,40,40,762,0.05249343832020997
92287,0,0,1,0.0
92651,3195,3216,21042,0.15183917878528658
93004,1125,1129,25357,0.04436644713491344
93249,19,19,1937,0.00980898296334538
93558,0,0,38,0.0
95382,1042,1042,27059,0.0385084445101445
92312,6,6,643,0.00933125972006221
90245,1350,1363,13999,0.09643545967569112
95161,37,38,761,0.04862023653088042
95145,0,0,0,
91761,3248,3267,55752,0.05825799971301478
97022,0,0,1,0.0
92564,21,21,679,0.030927835051546393
92516,7,7,297,0.02356902356902357
98270,1,1,21,0.047619047619047616
90055,1,1,21,0.047619047619047616
95378,21,21,648,0.032407407407407406
94808,1,1,21,0.047619047619047616
90560,1,1,1,1.0
97413,0,0,2,0.0
92247,16,16,518,0.03088803088803089
96777,0,0,2,0.0
94710,522,525,5225,0.09990430622009569
95061,11,11,661,0.01664145234493192
90795,0,0,1,0.0
96663,0,0,1,0.0
97266,0,0,24,0.0
97730,0,0,1,0.0
95276,0,0,2,0.0
93294,0,0,1,0.0
94307,0,0,1,0.0
90901,0,0,0,
92188,0,0,3,0.0
90275,4974,5014,33705,0.1475745438362261
96822,4,4,54,0.07407407407407407
92615,19,19,408,0.04656862745098039
90924,0,0,0,
94591,2315,2323,42542,0.054416811621456444
97367,1,1,14,0.07142857142857142
95463,8,8,125,0.064
